document_index,document,topic,probability
0,To see how accurate the students can be with each of the graphs and if they do better at looking at the screen and guessing or in person.,topic_0,0.08470557044178
1,I think the purpose was to determine is we could imagine the depth online.,topic_0,2.1162661711676017e-308
2,The purpose of the experiment was to determine how different people read graphs.,topic_0,0.11334709311621402
3,I think the purpose of the experiment was to see how our eyes could judge certain sizes or percentages with our naked eye. It was to find statistics on how well we could make an educated guess on the size of the blocks.,topic_0,0.1264401283848801
4,The purpose of the experiment is to see if random individuals can estimate percentages in the same pattern as previous years.,topic_0,1.0
5,To see whether participants could accurately measure ratio differences using 3D bar charts better or worse than 2D rendered charts knowing that visual depth plays a role.,topic_0,6.6628367499288e-309
6,To do a statistical study on the different results students got from each bag and to see where students chose a different option or not.,topic_0,1.0
7,I believe the purpose of this experiment was to test whether or not having a physical model of the bar charts allow people to better estimate their size.,topic_0,1.2828756224715083e-308
8,"I think the purpose of this experiment was to compare how people interpret different graphs in different ways with using 2D graphs along with 3D graphs and combining the results to see how the results differed. The purpose of this experiment was to also try and replicate the experiment that Cleaveland and McGill had done previously, but they had to tweak some things in the experiment.",topic_0,0.05009768446555234
9,I think that the purpose of the experiment was to collect data of students from the same course over a period of time and see how results compare and differ.,topic_0,0.6177643315447044
10,To see the difference in how people interpret an online graph versus a physical copy of one.,topic_0,1.262269766601436e-308
11,To determine is students in the introduction to stats class at UNL were better/preferred reading 3D printed graphs compared to digital 2D graphs.,topic_0,0.06840788414107009
12,Probably to find an average on our ability to estimate sizing and percentages based on other things.,topic_0,0.187016572172265
13,To gain a better understanding of how visual representation plays a role in understanding the data it presents.,topic_0,0.16626025417804935
14,The purpose was to understand if 2D graphs are easier to interpret than 3D graphs.,topic_0,0.0903706056511056
15,To gauge depth perception of a physical object vs a object on the screen.,topic_0,0.16406424475473477
16,It was likely to investigate how different types of graphs affect student observations by comparing students' comprehension across various graph formats.,topic_0,1.1626747752650797e-308
17,To determine which model (2D or 3D) is easier to more accurately read and to see if the data was similar to the one they are recreating,topic_0,0.16004969312965583
18,Determine students' of stats 218 understanding of statistics through an in person graphing experiment.,topic_0,0.1600809397116254
19,The purpose is to see whether students can estimate the percentage of bar height when compared to others. We had limited tools. I used me own personal judgement or “gut feeling” to find percentages.,topic_0,1.573831972491881e-308
20,I think the purpose of this experiment was to find if this study would help or not and if it was giving good information as well.,topic_0,1.0
21,I believe the purpose of the experiment was to see how a person reading a bar graph can be influenced by neigboring numbers or stats.,topic_0,0.057132904960198114
22,I think that the purpose of this was to look into the ability for college students estimate numerical ranges in correlation to its location on a graph with other various values.,topic_0,0.04087174097039123
23,I think the purpose of the experiment was to see how well we can perceive things.,topic_0,3.41995198796149e-308
24,I think the purpose of this experiment was to determine the accuracy of 3D charts to 2D charts.,topic_0,1.1651501526437593e-308
25,"I think the purpose of the experiment was to see how different versions of models affected how people analyzed those models, specifically how accurate they were when estimating the ratios of the bars.",topic_0,1.246616832740877e-308
26,To see how accurately people perceive heights.,topic_0,0.09146676665874566
27,The purpose of the experiment was to determine if it 2-D or 3-D figures and charts are easier to identify by the human eye.,topic_0,1.154225829017822e-308
28,I think it was to see if people could accurately guess the ration of the two bars in graphs.,topic_0,1.3971219679329824e-308
29,To see the perception of different college students,topic_0,1.0
30,I think the purpose of this experiment was to understand the difference between different shapes on a graph and compare which shape is bigger than the other. I think the purpose was to compare the results of hands-on visualization and online visualization.,topic_0,0.0748375652364804
31,I think the purpose of the experiment was to test how students perceived heights based on the closeness/ separation of another given height,topic_0,0.09164250156289712
32,To test the ability of students perception of estimating amounts,topic_0,1.0
33,"To see how we compare the different shapes and sizes to each other, so like a null and alternative hypothesis.",topic_0,0.295973291615108
34,I think the purpose was to evaluate how people see different quantities and estimate numbers.,topic_0,0.4873697354217659
35,The purpose of the experiment was to determine the proportion of students who could correctly guess the difference in bar graph size based on if it was done online or in person with materials,topic_0,0.06746715105200586
36,To determine which type of graph (2D or 3D) yielded a higher percentage of successful estimates by students.,topic_0,0.0816900275803763
37,I think the purpose of the experiment was to gauge how students perceived bar graph values or just bar values when the values aren't given. There is variability between the physical graphs and the digital graphs as well.,topic_0,0.047634279856290304
38,"I think the purpose of the experiment was to evaluate how easy different presentations of graphs are for people to read, to know which types are best to use when publishing studies.",topic_0,0.11628971963823348
39,To see if participants could accurately/semi-accurately understand the graphs,topic_0,1.3369905104458893e-308
40,To see how the color of the blocks changed the perspective of how tall certain peaks of blocks were.,topic_0,0.13083922174210397
41,I think it was to test how everyone responds to an experiment like the one we took,topic_0,1.0
42,I think the purpose of the experiment was to see how people perceive objects compared to one another with potential other distractions.,topic_0,3.039834187170519e-308
43,I think the purpose of the experiment was to see if people can identify a difference in size on the computer vs in person holding the blocks.,topic_0,0.12519131681942153
44,I think the purpose of this experiment was to try and survey lots of peoples perceptions of size of things.,topic_0,0.11482709735196814
45,To see how bar graphs can affect someones perspective on the percentages being shown.,topic_0,0.10760320814423985
46,To see if people are capable of accurately determining a size difference of objects based strictly on visuals.,topic_0,0.22043496986436364
47,to see if students can correctly measure the proportions of the blocks,topic_0,0.1274824659576325
48,I think the purpose of this experiment was to see how individuals answers will vary/how they see and distinguish different proportions of bar graphs in different arrangements.,topic_0,1.1868760308753514e-308
49,To see if we would more accurately predict the percentages of the bars with a 3D model or on a 2D model.,topic_0,1.482688537182264e-308
50,I think the purpose of this experiment was to see how well participants could interpret graphs and if having a statistical background via taking a stats class may impact their interpretation skills.,topic_0,0.13213198920299435
51,I think the purpose is to look at how people interpret the difference in the magnitude of data depending on the form it is viewed in,topic_0,0.1987848327311862
52,To determine if people could accurately judge the difference in height with the blocks of different colors.,topic_0,0.1314442512555252
53,Find how accurate people's perception of size and scale is.,topic_0,1.693451818410279e-308
54,To see how different people interpret bar graphs and how they compare sizes based off of purely look given the percentage of the size compared to the other graph.,topic_0,0.10539826160150742
55,I think the experiment was to see what we have learned but also to see each persons outtake on the different shapes.,topic_0,2.3382817345070393e-308
56,I think the purpose was to find tendencies in how people select their answers and to pair them with a reason.,topic_0,0.2296817372557345
57,To see how certain people would think in different ways and how they pay attention to detail.,topic_0,0.23495551066470835
58,To see how well people are able to read graphs.,topic_0,1.358979047535823e-308
59,to see what we can observe compared to the actual reading,topic_0,0.1895344878780505
60,I think the purpose of the experiment was to see how students compare values (bars) in data sets (histogram) when viewing the histogram in 3-D vs a picture on the computer.,topic_0,1.1608280104131594e-308
61,The purpose was to compare how the general public sees data and how researchers see data.,topic_0,0.24047057168638733
62,Determine if we can approximate the differences in sizes of objects,topic_0,1.7091567610828205e-308
63,To see if we could notice the difference of the charts that we were looking at.,topic_0,0.07592695065937524
64,To show how looking at a flat graph (2D) can change perception and values when looking at a physical graph (3D).,topic_0,0.09165223058817484
65,I think the purpose of this experiment was to show us how experiments are conducted and generally how they look.,topic_0,1.0
66,to see how answers can differentiate from different viewers,topic_0,0.10698245844639719
67,This was to help us find and determine how to read graphs virtually and in a 3D form.,topic_0,0.09006074866105682
68,to investigate people's differing perceptions on graph reading,topic_0,1.1517856278444353e-308
69,I think the purpose of this experiment was to test the accuracy of 3D and 2D graphs,topic_0,1.1926630901584715e-308
70,"Truthfully, I'm not sure what the purpose of the experiment was. However, if I was to guess, I'd say it was like an experiment to see how well people can differentiate two things from one another.",topic_0,3.763427528305786e-308
71,To see how we interpret unlabeled graphs,topic_0,1.1476906542985373e-308
72,To learn how people comprehend graphs on a 3d and 2d scale.,topic_0,0.0995086716988812
73,I think the purpose of the experiment was to see how people interpreted graphs differently based on if they were 2D or 3D.,topic_0,1.1648570386771706e-308
74,I think the purpose of the experiment was to measure how well the average statistics student can estimate differences in the size of data from visual data sets/graphs.,topic_0,0.14560561918093334
75,I think the purpose of the experiment was to determine how the choices used when creating graphics of data affect the understanding of the data.,topic_0,0.14950496421920872
76,To identify which age groups could recognize percentage differentiation in different images and models of charts,topic_0,0.08439662903724984
77,"I think the purpose was to attempt estimating percentages in a bar graph. I also thought it was a way to see how close we can get to the right answer. I found myself making educated guesses more than probably getting the right answer, but it made me think critically. I think this was another goal as well, critically thing of the graphs we normally see.",topic_0,0.08592236855587189
78,To determine how different types of statistical charts are used and understood,topic_0,0.14126748987441348
79,To test the depth of perception of each person as they estimated the distance between the shortest set of units and the tallest set of units in the set.,topic_0,0.09433306955585544
80,"Figure out how well people can read graphics made online or if real world examples work better

 

 

 

I DONT KNOW WHERE TO PUT THE CODE SO HERE IT is 

project id 22579

complettion code is like 20 digits but the last is 22895",topic_0,0.0692400162616647
81,To determine whether people can “eyeball” the correct proportion.,topic_0,0.20148959382787693
82,To see how accurately people can determine dimensions based on different angles.,topic_0,0.19737692417582547
83,"I think the purpose of this experiment is to determine whether or not people with knowledge/experience with statistics are ""better"" at estimating ratios by observing graphs and models.",topic_0,1.0
84,To see how different students estimate reading bar graphs with no units on the side to help them figure it out.,topic_0,0.09731493127623159
85,To be able to judge and estimate the size of the the different columns an estimate how much smaller the short was was compared the bigger 100 sized one.,topic_0,0.17376162341948306
86,To figure out if college students can accurately estimate the difference between two bars.,topic_0,0.08768897042325928
87,I think it was to look at bar graphs in a way.,topic_0,1.399769158669713e-308
88,I think the purpose of the experiment was to determine how a student interprets the size of a bar within a 3D graph model.,topic_0,1.144945341625109e-308
89,I guess just to figure out how well people were at interpreting data that wasn't given to you based on what we had. Like how we were able to approximate how tall one of the towers was based on the other.,topic_0,0.0983785536139319
90,I think the purpose was to determine how people interpret different charts and different percentages in relation to each other.,topic_0,0.2975969235672037
91,To see if people understand 2D or 3D graphs better,topic_0,0.0934026313985257
92,I think that I couldn't really find a true purpose other than collecting random data. The data was from different classes so it somehow connects with that.,topic_0,0.48250533558996
93,To replicate partial results from Cleveland and Mcgill and to extend their study.,topic_0,1.0
94,see if people perceive graphs differently if online or in person. Also if 2d or 3d have effect on how it’s perceived.,topic_0,1.194620000232787e-308
95,"The experiment aimed to see how well people can compare bar heights in different types of charts—2D digital, 3D digital, and 3D printed. The researchers wanted to find out if using physical 3D charts could help people make more accurate judgments, especially compared to the often-criticized 3D graphs on screens. They were testing whether hands-on, printed visuals might actually make understanding data easier.",topic_0,7.15141841366115e-309
96,I think the purpose of the experiment was to investigate how well individuals can replicate models coming from two platforms (physical model to online model).,topic_0,0.4848150662758629
97,I think the purpose of the experiment was to see the difference between how someone can read a 2D or 3D graph.,topic_0,1.2714085081852847e-308
98,The purpose of the experiment was to analyze how accurate my perception of 3D graphics is and analyze and study this data to find the best ways to convey data accurately.,topic_0,0.06715373005119112
99,"At the beginning of the experiment, I was completely lost and did not know what the purpose of the experiment was. During around the middle of answering the questions, I thought it would be about if a person can identify the correct images from the printed models to the 3d images as well as the 2d images. Now, I think the purpose of the experiment is to see what different mediums of data visualization can be more accurately portrayed.",topic_0,1.18398966278722e-308
100,To depict whether a participant will be able to tell how small one part of the blocks are compared to the others in 2D vs 3D.,topic_0,0.16101742551596146
101,The purpose of the experiment was to understand why we did this experiment and what we learned from it.,topic_0,0.9046828583448003
102,To determine whether physical 3D graphs are easier for people to correctly read than digital 3D graphs.,topic_0,0.07348784184832012
103,I think that the purpose of the experiment was to see whether or not we could identify different graphs when they look different.,topic_0,0.08059304893237494
104,I think the purpose of this experiment was for us participants to determine how the depth of objects without any clear indications. To be able to estimate lengths and heights of different objects.,topic_0,2.0629712511612483e-308
105,Figuring out which medium allowed the most accurate judging of difference in the length of the bars.,topic_0,1.229991888913185e-308
106,To determine whether people interpret 3D graphs better than 2D ones.,topic_0,0.09505533807810142
107,to see the amount of hours that a student slept. I and I was comparing different values given to me.,topic_0,0.0819790276995099
108,To see how viewing a two-dimensional object and a dimensional object can skew our perception.,topic_0,1.41399799174926e-308
109,The experiment tests how easy one can identify the target in the graph.,topic_0,0.08232547663491126
110,I think the purpose of the experiment was to identify whether or not 3D graphs are easier to read compared to other types of graphs.,topic_0,1.1872734803320305e-308
111,The purpose of this experiment was to see which graph had a great value between graph A and graph B.,topic_0,0.079944761352918
112,I think the purpose of the experiment was to see how people were able to understand graphs and 3d data. How people are able to visualize differences,topic_0,1.356684997719435e-308
113,To see if people could identify 2d online or 3d printed bar graphs better.,topic_0,0.09424573417675093
114,I thought the purpose of the experiment was to see if people could accurately guess the difference in height/ length between two objects.,topic_0,0.09979527110990521
115,"If I were to wager a guess, it was to replicate a past study examining the effect of visual depth on perceiving three dimensional data visualization.",topic_0,1.1810618731034725e-308
116,The purpose of this experiment was to determine how well people could perceive and compare data using 3D printed bar charts compared to 2D versions. Aiming to explore whether the depth in 3D formats improved or hindered the accuracy in interpreting visual data.,topic_0,6.635762328995867e-309
117,"To allow for the researchers to make a conclusion about which type of graph (2d, 3d, or 3d printed) is better for conveying information.",topic_0,0.10341531644989992
118,I think the purpose of this experiment was to better understand how to get students to recognize information/data better. It was to figure out whether 2D or 3D graphs work better for students understanding.,topic_0,1.3211413484078343e-308
119,The purpose of the experiment was to identify perceptual differences in how 3D and 2D data models are presented.,topic_0,0.06558554824440344
120,To see how different people visualize numbers.,topic_0,0.27704950359224356
121,To see how well people can guess or estimate the height of things.,topic_0,0.0971670232303971
122,I think the purpose was to compare the effectiveness of 3d printed bar charts to digital charts.,topic_0,0.021204732913671535
123,I think the purpose of this experiment was to identify the percentage of correctly guessing the distance between two graphs and the average guesses on the percentages.,topic_0,0.08434446369173451
124,to gather statistical data about how people viewed the graphs,topic_0,1.281735709626774e-308
125,To determine if it is more accurate to determine size and ratio from a 2d perspective compared to a 3d perspective.,topic_0,0.18652498209932328
126,I think the purpose of the experiment was to see the difference between how someone can read a 2D or 3D graph.,topic_0,1.2114208461740883e-308
127,To replicate partial results from Cleveland and Mcgill and to extend their study.,topic_0,1.0
128,I think that the purpose of the experiment was to see whether or not we could identify different graphs when they look different.,topic_0,0.08376815911933494
129,I think the purpose of the experiment was to investigate how well individuals can replicate models coming from two platforms (physical model to online model).,topic_0,0.48241578044897965
130,To determine whether physical 3D graphs are easier for people to correctly read than digital 3D graphs.,topic_0,0.07326907182771082
131,"At the beginning of the experiment, I was completely lost and did not know what the purpose of the experiment was. During around the middle of answering the questions, I thought it would be about if a person can identify the correct images from the printed models to the 3d images as well as the 2d images. Now, I think the purpose of the experiment is to see what different mediums of data visualization can be more accurately portrayed.",topic_0,1.1838233206371533e-308
132,"The experiment aimed to see how well people can compare bar heights in different types of charts—2D digital, 3D digital, and 3D printed. The researchers wanted to find out if using physical 3D charts could help people make more accurate judgments, especially compared to the often-criticized 3D graphs on screens. They were testing whether hands-on, printed visuals might actually make understanding data easier.",topic_0,7.37081789134373e-309
133,I think that I couldn't really find a true purpose other than collecting random data. The data was from different classes so it somehow connects with that.,topic_0,0.49578253221297613
134,The purpose of the experiment was to analyze how accurate my perception of 3D graphics is and analyze and study this data to find the best ways to convey data accurately.,topic_0,0.06683058629857301
135,To see if people understand 2D or 3D graphs better,topic_0,0.09380548287979112
136,I guess just to figure out how well people were at interpreting data that wasn't given to you based on what we had. Like how we were able to approximate how tall one of the towers was based on the other.,topic_0,0.09828639176161298
137,The purpose of the experiment was to understand why we did this experiment and what we learned from it.,topic_0,1.0
138,I think the purpose was to determine how people interpret different charts and different percentages in relation to each other.,topic_0,0.3036946327883695
139,see if people perceive graphs differently if online or in person. Also if 2d or 3d have effect on how it’s perceived.,topic_0,0.008876511373747798
140,To depict whether a participant will be able to tell how small one part of the blocks are compared to the others in 2D vs 3D.,topic_0,0.15969222034175606
141,I think the purpose of this experiment was to see if students taking STAT 218 can understand scale and proportion when reading graphs.,topic_0,0.13257309349916488
142,"I think that the purpose of this experiment is a continuation/expansion of an experiment that has previously occurred. More data is being collected in order to further the knowledge and statistical evidence that has already been collected. As a participant in this experiment, I can identify the component of the population of interest, being students enrolled in STAT218 (and there may be an age requirement of 19 and older). I am not sure of the duration of this experiment, but I know that we have given permission for our data to be in the UNL records for 3 years, so this experiment is most likely on-going for longer, yet.",topic_0,0.5436150157103086
143,"*

expirement .docx",topic_0,0.4366168498080955
144,"The purpose of this experiment was to see how well people can compare data in different types of bar charts—specifically 2D charts, 3D digital charts, and 3D printed charts. The researchers wanted to find out if physically holding and viewing a chart in real 3D space helped people make more accurate judgments compared to looking at a flat or screen-based version. Overall, they were testing whether 3D printed visuals could improve how we understand and interpret data.",topic_0,6.854525092863377e-309
145,I think that the purpose of this experiment was to determine how undergraduate students interpret data that is presented graphically.,topic_0,0.1479226020543923
146,To see if we are understand what graphs have more data entries,topic_0,1.1471372017021725e-308
147,To decide what type of graphs are a more effective way to display data for people to understand. Whether humans better interpret a graph based on the way it is presented to them.,topic_0,1.205784917568441e-308
148,To better understand how students perceive different heights.,topic_0,0.08923170470102323
149,To gather statistics on if the triangle or circle bar was taller and we repeated multiple times to see if the triangle or circle bar was taller more of the times.,topic_0,1.4097773304590886e-308
150,I think it does help you with estimating your percentage in how things can be larger and smaller than one another.,topic_0,0.12712776710175266
151,To test are abilities to identify different percentages.,topic_0,1.0
152,I think the purpose of the experiment was see the persepective of other students and how they look at graphs.,topic_0,0.11335318645236502
153,To gain insight on how students can mentally measure.,topic_0,1.0
154,I believe that the purpose of the experiment is to understand how people read graphs and understand what they are looking at. The purpose is to see what amount people think of when they see bar graphs.,topic_0,0.06345667207143028
155,"I think the purpose of the experiment was to see how people perceive and estimate numerical values in relation to visual representations, like bar heights, and how accurate those estimations are.",topic_0,0.05325574433493931
156,The purpose of the experiment was to see  different people see and visualize bar graphs and data.,topic_0,0.06788457076582757
157,The purpose of this experiment was to evaluate people's ability to observe and compare the size and scaling of objects.,topic_0,1.6722928510808225e-308
158,I think the purpose was to identify differences in bar sizes in graphs.,topic_0,1.41717792359099e-308
159,how good people are at guessing the difference between objects,topic_0,1.558617620672939e-308
160,I think the purpose of the experiment was to see how the height of the towers next to the ones we were guessing the height of influenced how tall we thought it was. To see how we analyzed the whole situation.,topic_0,0.0944917069599365
161,To compare old studies to new studies. I think the big idea was to perform a nearly identical experiment to one done in the past and compare the results.,topic_0,1.0
162,I think the purpose of the experiment was to see how people on average perceive proportions without any reference numbers. It could also be to see which age group seems to guess proportions more effectively as well.,topic_0,1.0
163,to see if students can tell the difference between online charts and physical charts,topic_0,0.13458519733510185
164,Determining the accuracy of students' observations.,topic_0,1.0
165,I think that the purpose of the experiment was to evaluate how individuals perceive size of the different lengths of the block towers.,topic_0,0.12460559897594796
166,To determine if people could determine the difference between graphs.,topic_0,0.07342093564481207
167,To see how well students are at makes educated guesses about the height of the bars.,topic_0,1.5408901983309794e-308
168,The purpose of the experiment was to see how different students can perceive different heights.,topic_0,0.08867778728268694
169,To gather information about a certain thing.,topic_0,0.22493534174796107
170,Too evaluate how people perceive things differently.,topic_0,0.2467393863270955
171,I think the purpose of the experiment was to see how accurately we can estimate the percentages and heights of the bars/blocks based on each other's heights. I also think it is testing how differently each of us sees the heights and how our answers may change throughout the experiment.,topic_0,1.306166833698142e-308
172,I think that the purpose of the experiment was to familiarize ourselves with the context of how we can see statistics in real life.,topic_0,0.5699136913630637
173,To interpret how people view graphs.,topic_0,1.258530705862345e-308
174,I think it was to see how college students who are taking statistics can estimate percentages compared to those who are not taking statistics.,topic_0,0.3292556914314435
175,to understand how people interpret statistical graphics and how accurately the information can be represented.,topic_0,0.14645294068797365
176,"To evaluate the accuracy between people to be able to make perceptual judgements. For example, comparing bar heights pf 2D and 3D charts.",topic_0,0.09913048176198604
177,To test peoples height judgement,topic_0,0.09395948200700714
178,"The goal of the experiment was to see how people understand and compare data when it's shown in different types of bar charts—like regular 2D charts, 3D charts on a screen, and even 3D printed charts you can touch.",topic_0,7.51922373780886e-309
179,to gather students thoughts.,topic_0,1.0
180,"I really think the purpose of this experiment was to see how accurately different people can judge the difference between bar heights, depending on how the graph is set up and how the graph is shown for an example whether the graph is a 3-D or a 2D or physically printed in 3-D they wanted to see if certain types of different graphs make it easier or harder to understand the data that is set before you just by looking at it. It looks like they were testing whether the information that was represented affects how the different people interpret it, especially when comparing the numbers on a visual basis.",topic_0,1.2707090557267004e-308
181,na,topic_0,0.22019164264079077
182,"The purpose was to see how well people can understand and compare numbers when they are shown in different kinds of bar graphs. There were comparing regular 2D digital, 3D bar graphs on the screen, and 3D bar graphs printed. Ultimately, they are trying to figure out if the way the data is presented affects how accurately people can read and understand it.",topic_0,0.03903776844493838
183,To see if people could tell a difference in the way a graph looked online vs in person,topic_0,1.200633154805335e-308
184,"I think the purpose of the design was to tell perception and how that differs between different people. Having a representative block to base one's perception of another block off is something that can be variable between people. Although we all have a general sense and idea of perception, guessing can only be so precise.",topic_0,0.1264115663517508
185,To gain an understanding on how bar graphs can be interpreted by different minds,topic_0,0.10877443493653137
186,Improve people‘s perception of space and proportion,topic_0,1.6832756996794774e-308
187,"The purpose of the experiment was to evaluate and compare the accuracy of perceptual judgments in interpreting data from 2D bar charts, 3D digital bar charts, and 3D printed bar charts, replicating and extending Cleveland and McGill’s position-length experiment.",topic_0,6.952944698068723e-309
188,I think the purpose of this experiment was to depict how others view perceptions of others and see how accurately we differ heights in 3D bar graphs.,topic_0,0.04781256263215194
189,To analyze if 2D or 3D graphs are easier to understand.,topic_0,0.0896607325266648
190,I think the point of the experiment was to see if 3D graphs have gotten better over time and if they are useful for data measurement.,topic_0,1.169400868668419e-308
191,To engage us and learn more about the research. To help us understand how people interpret 2D and 3D printed graphs.,topic_0,0.09934985566408575
192,To see if the general population over or underestimates quantities,topic_0,1.0
193,I think the purpose of the experiment was to challenge students thinking on a deeper level.,topic_0,0.918864821368446
194,I think the purpose of the experiment was to see if we could interpret data better in a 3D way or 2D.,topic_0,1.8200625513892336e-308
195,"I think this experiment aimed to help us (stats 218 students) understand how different variables in a 3D scatterplot, such as shape and color, affect perception and interpretation of multidimensional data in visuals.",topic_0,1.208016700318283e-308
196,"To better understand statistical concepts such as writing hypothesis, probability, p values, and standardized statistics.",topic_0,0.15073885168470508
197,"The purpose of this experiment was comparing how accurately people judge data using 2D, digital 3D, and 3D printed bar charts.",topic_0,6.92123187802143e-309
198,"The purpose of the experiment was to see how well people could compare bar heights in 2D, digital 3D, and 3D printed graphs. The researchers wanted to know if 3D printed graphs help people understand the data better.",topic_0,7.52862525383861e-309
199,"To understand/test our vision/perception of bar graphs, but I didn't understand why they chose bar graphs.",topic_0,1.4416802134361936e-308
200,"The purpose of this experiment is to see how well people are able to examine 2D and 3D models. There was some previous data showing that people have a harder time examining 3D models, so this study is trying to replicate these results or see if they are different.",topic_0,1.3595845295799e-308
201,"This study aimed to:

*

Replicate and extend the foundational work by Cleveland and McGill on graphical perception.

*

Determine whether 3D printed charts could improve perceptual accuracy compared to 2D or digital 3D charts.

*

Assess how well participants could judge which bar was smaller and estimate the ratio between bar heights across the different formats.",topic_0,6.84963475879977e-309
202,"To clarify the differences between 2D printed bar charts in relation to their heights, and 3D bar charts.",topic_0,0.02664088835831009
203,"to evaluate how accurately people can interpret and compare data using different types of bar charts, specifically 2D graphs, 3D digital graphs, and 3D printed graphs. It aimed to determine whether 3D printed charts offered perceptual advantages or disadvantages compared to their 2D counterparts, especially with how well participants could judge and compare bar heights representing numerical values.",topic_0,6.75018712164563e-309
204,"The purpose of the experiment was to estimate the percentage of students who understand statistical differences by being presented 3D models, versus typical 2D models.",topic_0,0.08423214549403742
205,To determine the long run proportion of how many successes students produce in the perceptual ability test.,topic_0,1.0
206,The purpose of this experiment was to gather data on how students interpret different types of charts and graphs. As well as to see how accurate students can interpret different type of charts and graphs.,topic_0,0.13595953987629286
207,"To determine how accurately visual, statistical information is perceived across multiple mediums of presentation (2D, 3D, and 3D printed).",topic_0,0.06748298602550636
208,To determine how people view 2D and 3D differently.,topic_0,0.15122644473532168
209,The purpose of this could have been to understand human estimation and its accuracy or inaccuracy without the aid of tools.,topic_0,1.0
210,I think the experiment was trying to see how people act or think when something changes. The researchers wanted to know if doing one thing would make people react a certain way.,topic_0,1.0
211,I think the purpose of the experiment was to analyze how people respond to percentages given different size pillars.,topic_0,0.13911218977231127
212,To test a hypothesis or investigate a research question.,topic_0,1.0
213,"I think the purpose of the experiement was to see how many people could identify different proportions and shapes between graphs, etc. With little to no information provided. Just based on observations",topic_0,0.07772376014313136
214,"The experiment was testing which type of graph 2D, 3D on a screen, or 3D printed helps people compare bars more accurately. It was to see if 3D printed graphs work better than screen versions.",topic_0,0.01661455199972348
215,"I think the purpose was to see which kind of graph2D, 3D on screen, or 3D printedhelps people understand data the best.",topic_0,0.09244705911220365
216,"To examine how accurately subjects perceive the size of bars in a 2D, 3D, and a 3D printed chart not only for size but dimension as well.",topic_0,6.97563911654736e-309
217,I think the purpose of this experiment was to show that 3D experiments that are printed allow you to get better data compared to ones that are digital.,topic_0,1.174654834441817e-308
218,The purpose of the experiment was to see if people can better determine the size difference between two bars better with a 3D model or a computer model.,topic_0,1.208777625458274e-308
219,To determine how different demographics of people understand statistical charts and how they perceive statistical differences.,topic_0,0.15980099475193707
220,"To see which age group has the sharpest/most accurate approximations of visual scaling and/or which graph display (physical, 2-D, 3-D interactive) was the most effective in approximating accurate guesses. To see if the positioning of the irrelevant bars not asked about in each graph helped improve accuracy as references. Possibly also contrasted duration spent on each graph with accuracy and/or age.",topic_0,0.08666602698006201
221,I think the purpose of this experiment is to understand how accurately and effectively people interpret data from three-dimensional representations compared to traditional two dimensional representations.,topic_0,0.027546960689567898
222,To see how well we can eyes ball measurements and differences between heights,topic_0,0.10324039746065101
223,To see if the different visuals of the same graph have different outcomes of how tall the smaller bars are compared to one another.,topic_0,1.447405804319201e-308
224,To see which method of presenting graphs showed the most accurate depiction of the data.,topic_0,1.221140838740007e-308
225,to see if wed catch onto the repetition.,topic_0,0.21867396007748116
226,I think the purpose of the experiment was to see how students read bar graphs when they are presented differently.,topic_0,0.06309708324712358
227,To see the difference between how students picked what they picked for an estimation.,topic_0,1.0
228,to determine the statistics on how people judge comparative sizes.,topic_0,0.1858212543249936
229,The purpose of the experiment was to identify if men or women can interpret graphs.,topic_0,0.11482591262759222
230,I think the purpose is to see how much people can estimate size of graphs in a 3D space since generally they aren't presented to us like that.,topic_0,0.09058600147219176
231,To understand how our perception of what the hypothesis per block differed to the actual correct answer.,topic_0,0.5256473571209411
232,"to familiarize us with looking at and reading graphs, but I think the measured variable is how accurate we are at eyeballing heights and ratios.",topic_0,0.08635852729889024
233,I think the purpose was to see if people estimate numerical values better from 3D graphs in person or on a screen. This could help instructors when determining class curriculum to decide what form of graphs to provide their students with.,topic_0,0.0904449927422204
234,to view graphs in person or in different views on screen to trick your mind into thinking how big a graph was compared to another graph.,topic_0,1.2488805780880415e-308
235,To demonstrate that people see things differently and there isn't always one correct answer.,topic_0,0.22275431728460718
236,I genuinely have no idea.,topic_0,0.21940941361649494
237,I think the purpose of the experiment was to test what stats has taught us.,topic_0,0.5668259465614598
238,"If you're able to properly estimate based on a given data, compared to another data.",topic_0,1.0
239,I think the purpose of the experiment was to be able to determine if students were able to identify and understand and interpret statistical graphs.,topic_0,0.13186298664307303
240,I feel as though the purpose of the experiment was to determine our understanding on how we can view the differences in values given on the 3D printed objects.,topic_0,1.181286262651473e-308
241,I think the experiment was to examine whether people can better identify proportions based on a physical or digital model.,topic_0,0.5313802746537686
242,"The purpose of this study is a little unclear to me, but I think it was to potentially understand the strategies used amongst stats 218 students in choosing the ""taller"" figure. I would assume students' results from this study were compared to the grades of students.",topic_0,0.09781704306977487
243,The project aimed to investigate how students comprehend and analyze data given using visual tools such as block-based graphics or models. Its goal was to integrate statistical principles from Stat 218 to real-world visual representations and measure how well students understood them.,topic_0,0.1407088496056866
244,"I was pretty confused about what the goal of the experiment was, but perhaps it was for instructors to gain a better understanding of how students perceive objects.",topic_0,3.0065324517233212e-308
245,The purpose of the experiment was to demonstrate how estimation techniques are used to make inferences about a population and to explore whether an observed effect suggests a causal relationship.,topic_0,1.0
246,I think that the purpose of the experiment was to test how students perceive the height and percentages of different bar graphs.,topic_0,0.0554410814463709
247,I think the purpose of the experiment was to make you think critically about data analysis and proportions based on graphs/models.,topic_0,0.44288104017790686
248,"The purpose of the experiment was to investigate how accurately people perceive and compare data using different forms of bar charts—specifically traditional 2D charts, 3D digital visualizations, and physical 3D printed versions. By examining participants’ ability to judge which bar is smaller and estimate the ratio between bars, the researchers aimed to assess whether physical depth and tactile interaction in 3D printed charts improve perceptual accuracy compared to screen-based 3D and flat 2D representations.",topic_0,6.616036241679384e-309
249,I think the purpose of the experiment was to retest an old experiment to see if anything had shifted in society since the original experiment was conducted.,topic_0,1.0
250,To see if the results have changed through generations of students at UNL.,topic_0,0.5004233469286358
251,I think the purpose of the experiment was to see if different students would read the graphs differently.,topic_0,0.11762557093208903
252,"The purpose of the experiment seemed to be testing how individuals interact with or respond to different 3D model designs. It may have aimed to explore how certain features—like shape, clarity, or usability—affect perception or performance when using a model. Overall, the experiment likely intended to gather data to improve design effectiveness or learning outcomes.",topic_0,1.2361641041507307e-308
253,I think the purpose of the experiment was to see if people were more accurate with either 2-D charts or 3-D charts in terms of inputting data.,topic_0,1.179995575141972e-308
254,I think the purpose was to see if a 2D or a 3D was easier for people to understand and read.,topic_0,0.15954700633517832
255,I think the purpose of the experirment was to see the variations on peoples choices. It also showed how everyone thinks and chooses differently.,topic_0,1.0
256,I think the purpose of the experiment was to see how well are college students are able to interpret and estimate the values of bar graphs based off of pictures versus an in person model.,topic_0,0.058272455570511784
257,I was a little confused in the beginning of the experiment but I feel that the purpose was to see our perspective on how we saw the blocks we used. More specifically to see how people estimate proportions/ percentages and seeing how accurate they are.,topic_0,0.12590405037573582
258,how individuals analyze objects on a computer versus physical form.,topic_0,0.06415210329035043
259,I think the purpose of the experiment was to give students a hands-on experience with data collection and interpretation to reinforce concepts learned throughout the course,topic_0,0.5555554232518932
260,A purpose of the experiment is to test a hypothesis.,topic_0,1.0
261,To identify which object was larger/smaller and estimate how much larger and or smaller.,topic_0,0.05308294356853313
262,"I think the purpose of this experiment was to see which bar graph was smaller. You had to chose on, either the triangle or the circle. Another point would be to see how people interpret sizes, if people are more accurate or less.",topic_0,0.03907353228455224
263,"The purpose was to choose which column was smaller. The column associated with a triangle or with a dot next to it.

At least that's what it looked like on the surface.",topic_0,1.421532361972369e-308
264,I think that the purpose of this experiment was to test how students perceive the distance of the graphs after taking a stats course.,topic_0,0.08486459505536799
265,The purpose of the experiment was to see if you could see the shapes in the structures or not.,topic_0,1.98224838364955e-308
266,To determine how people view graphs and the most effective graph to show data.,topic_0,1.262422801671873e-308
267,I think the purpose of the experiment was to see if the person was paying attention to each question.,topic_0,1.0
268,The purpose was to test out if people can tell the difference in sizes from a 2D to a 3D model.,topic_0,0.15117171178937258
269,my iq,topic_0,0.2219621977933865
270,I thought that the purpose of the experiment may have been to study people's depth perception.,topic_0,2.3683665997262357e-308
271,The purpose of the experiment was to determine how surrounding influences and proximity affect how one perceives objects.,topic_0,2.6859125694026644e-308
272,I think the purpose of the experiment was to test our minds and see if it sees proportions the same when looking at them in different ways.,topic_0,0.10755487268981849
273,To see how well people can tell size differences in 2D vs 3D,topic_0,0.1647178299799543
274,The goal of this study is to comprehend how we interpret statistical graphics and how precisely we can decipher data from various types of charts.,topic_0,0.11952235421618315
275,I think they used this experiment to study how individuals see the different regions without a set of numerical data.,topic_0,0.04416275130778729
276,I believe that the purpose of this experiment was to grasp a better understanding of how we judge differences based on three-dimensional examples and two-dimensional examples.,topic_0,1.4067524105444135e-308
277,The purpose of the experiment was to see how people interpret 2D charts versus 3D charts.,topic_0,1.1525299067357774e-308
278,To see if people can accurately correlate relative distance with shades of colors.,topic_0,0.2195887394237765
279,I think the purpose of this experiment was to see how people perceive and interpret quantitative information presented in different visual formats.,topic_0,0.19367146651068287
280,To test our understanding.,topic_0,0.21705786889788656
281,"The purpose of the experiment was to gather information about how well people are able to interpret maps/graphs , specifically color coded maps. This helps researchers create graphs that are easier to understand to people who do not work with this kind of stuff every day.",topic_0,0.1549246539736491
282,I believe that the purpose of this experiment was to gauge our understanding of spacial and color awareness.,topic_0,2.872743162459026e-308
283,"The goal was to see how people read and interpret heat maps, specifically whether they could correctly figure out which letter on the grid represented the larger quantity. It was basically testing our ability to make quick, accurate judgments based on visual data.",topic_0,0.24321961866794586
284,To observe how accurately people can estimate differences in values from heat maps and 3-D block charts.,topic_0,0.24830504507576695
285,i think the purpose of the experiment was to work on depth perception and how well someone can tell whether one color on a depth scale is higher/lower than another,topic_0,2.5214948546102244e-308
286,"I think the purpose of the experiment was to see how well people can understand 3D graphs or charts, especially when they're shown on a screen. It probably also wanted to find out if having a physical 3D-printed version of the chart helps people understand the data better. Overall, it seemed like the experiment was about how different ways of showing data affect how people read and make sense of it.",topic_0,1.16940809587352e-308
287,The purpose seemed to be testing how accurately and quickly people can interpret and compare values represented visually in a heat map. It might have been aimed at understanding whether people can judge relative magnitudes from color intensity and spatial location without seeing the actual numeric values.,topic_0,0.24641688595260333
288,"I am not completely sure what the purpose was, I generally struggled with the information that was presented for us to make decisions off of. If I had to venture a guess, I would imagine that could be part of the experiment. The hypothesis was not stated, but could be inferred that given the heat variant maps, and limited data sets, students would incorrectly or correctly answer the questions. We, the students would be the experimental group. The controlled variable is that each student is taking the same ""quiz"" with the same questions and the same information. Variables would be that each student may answer the questions differently.",topic_0,0.3221024371603665
289,I think the experiments purpose was to use statistical evaluation and probability of which would have a higher amount based on its Heat color from the map. This can help identify differences.,topic_0,0.25999395120709
290,I think that the purpose of this experiment was to allow us to understand how different variables can be represented in data. We then could use our resources given to see which variable was bigger and by how much.,topic_0,0.41746868439935186
291,To identify which graph type is more accurately interpreted/ more clearly communicates the results to viewers.,topic_0,1.137735517841112e-308
292,I think the purpose of the experiment was to evaluate the ability for the human mind to successfully differentiate between color shade differences and 3-D height differences when analyzing a graph.,topic_0,1.428430640667851e-308
293,To test how we read graphs and statistical charts in different ways.,topic_0,1.379845762132457e-308
294,The purpose of the experiment was to compare our answers from the 2-D and 3-D designs. One design was easier to answer while the other one was more difficult. With comparing our answers it can show what model is easier to get accurate information from.,topic_0,1.354836643834207e-308
295,to read 3D plots and see how different things affect quantity,topic_0,0.0838173953776306
296,"I think the purpose is to determine what type of data visualization is most easily/accurately understood, or perhaps what type is most misleading.",topic_0,0.1529961979857031
297,"The purpose was to compare data in a visual way, which represented heights and colors.",topic_0,0.042162004139184965
298,To see which type of graph is easier to decipher.,topic_0,1.134756786038087e-308
299,I think the purpose of the experiment is to test people's perception of size when using different shapes.,topic_0,0.08862030425924759
300,To see how student interpret t the question and it there answers change even when the difference in space between bars is the same.,topic_0,1.4816074813440233e-308
301,To see if students got progressively inaccurate as the graphs went on,topic_0,0.09425247904095936
302,"Personally, i can identify that they are separating results based on different age groups, as far as the charts that were involved my only guess in the experiment is that they were studying aproximation within different age groups, the goal is to see how well different age groups can determine approximately how high a certain bar is in conjunction with another.",topic_0,0.0757860331246027
303,I think the purpose of this experiment was to determine how well we can differentiate smaller and larger bars on 3D bar graphs.,topic_0,1.123116154570951e-308
304,To determine how different mediums (3D vs 2D) affect the visualization of data.,topic_0,0.08201909873794912
305,I think the purpose of the experiment was to see whether your perception of the size of the graphs changed based on the size of the bars next to the bars.,topic_0,1.2212509530274933e-308
306,The purpose is to evaluate if different formats of presenting data affects people's accuracy in making comparisons and perceptual judgements based on bar charts.,topic_0,6.597397435034267e-309
307,To see how well the general population interprets data between 2-D graphs and 3-D graphs.,topic_0,0.10374471815493266
308,The purpose of this experiment was to measure perception judgement in a population currently in statistics.,topic_0,0.08452837870725498
309,I think this experiment was about understanding people perceptions based on size and understanding.,topic_0,0.12684115346585045
310,To see how humans are able to perceptualize different graphs,topic_0,1.17682493293579e-308
311,I believe the purpose of this experiment was to test vision/perception by asking the participant to see which bar is smaller and by how small it is from different perspectives (2D/3D).,topic_0,1.2240793918056505e-308
312,I think the purpose of this experiment was to see if people who are in a statistics class differ at all from others in this study. Also the study was able to get a larger sample size with people in STATS 218 participating in the study.,topic_0,0.5688643357230848
313,The purpose of the experiment was to see if 2D and 3D models can affect the perception of those who are currently looking at the graph. Will 3D graphs make the participant exaggerate the difference in two bars?,topic_0,7.504170824184243e-309
314,I think the purpose was explore how data is interpreted by students and what interpretations/conclusions we can make from graphs.,topic_0,0.14579251608300503
315,To gage students skills at estimating relative size ratios.,topic_0,1.0
316,test how accurately we could get the sliders,topic_0,0.03849564672581636
317,To see if we could identify which graph was smaller and by how much by looking at different graphs in different ways.,topic_0,0.08196177822494062
318,To gauge how visual distractions affect perception of size.,topic_0,1.6657781620718386e-308
319,To see how accurate one can assume the specific height of a ar is to another on the same graph,topic_0,0.04422201587967136
320,I think the purpose of this experiment was to be able to demonstrate how angles alter an individuals perception.,topic_0,2.256509405739204e-308
321,To measure the difference in how well participants analyze data presented in 2D graphs compared to 3D graphs.,topic_0,0.10511990103528929
322,I think the purpose of this experiment was to test if taking statistics makes a person able to differentiate and compare the two bars better than someone not taking stats 218.,topic_0,1.2993139106182367e-308
323,To test how someone measures two variable in front of them,topic_0,1.0
324,I think the purpose of the experiment was to study differences in size estimation between different visuals representations.,topic_0,1.9954564025710873e-308
325,I think the purpose of this experiment was to determine if bar graphs can be more correctly interpreted in either two-dimensions or three-dimensions.,topic_0,1.1515670709656567e-308
326,To test how much people perceive the percentage of something to smaller,topic_0,1.0
327,To see if there is a preference when displaying data. Is there a better route to be taking.,topic_0,0.0748344953241537
328,I think that the purpose of this study was to get a visual on what perspectives people see certain graphs.,topic_0,0.05956038840863413
329,I think the purpose of this experiment was to get a better understanding of where STAT218 students land.,topic_0,0.5543727882098659
330,To investigate how different forms of graphs are interpreted by individuals.,topic_0,1.1596072792825887e-308
331,"To see if we could accurately read the 3D printed, 3D, and 2D graphs",topic_0,1.1548972023301585e-308
332,To determine if 3D-printed bar charts were easier to interpret and/or affected judgement than 2D bar charts.,topic_0,6.61781935113985e-309
333,I think the purpose of this experiment was to explore whether or not participants could determine the size difference between the two bars.,topic_0,1.2410473895138478e-308
334,I think that the importance of this experiment was to determine if visual depths is a limiting factor in peoples ability to correctly distinguish between graphs with different values.,topic_0,1.3679655298211773e-308
335,"When evaluating the experiment in Stat 218, focus on key elements: clear research question, randomization, control group, treatment variables, sample size, data collection, experimental procedure, statistical analysis, ethical considerations, and meaningful conclusions. Assess these aspects to determine the experiment's validity and any potential limitations.",topic_0,1.0
336,To understand which bar graphs are easier to determine what is being shown on the graph.,topic_0,1.10170285517377e-308
337,To find out if students can identify heights of bars and comparisons in 2D and 3D / also if colors make a difference in what we see.,topic_0,1.5761382182536085e-308
338,Reading graphs,topic_0,1.1767841272146395e-308
339,The purpose of this experiment was to see if we can accurately guess how much taller or shorter one of the bars are compared to the other.,topic_0,1.2316319716118877e-308
340,To evaluate how students choose variation in shapes.,topic_0,0.6234720497718855
341,I think that the. purpose. of the experiment was to investigate how different groups of students both read and understand statistical graphs. I think they want to see what graphs allow for people to read information from charts and what the easiest way to present information via statistical charts.,topic_0,0.13606815227246766
342,The purpose of the experiment was to test if people could trust their eyes and estimations.,topic_0,3.887743316014691e-308
343,"The purpose of this experiment was likely to explore how effectively 3D-printed visualizations can help students understand and interpret statistical data. By providing students with physical 3D models, the experiment might have aimed to assess whether interacting with tangible representations of charts or graphs enhances comprehension of statistical concepts—particularly those related to evidence strength, effect estimation, confidence, causation, and comparison of proportions and means. Additionally, using the app to guide students through the steps ensured that each participant followed a standardized process, allowing for consistent data collection on how these 3D visuals impact learning outcomes.",topic_0,7.063297547752755e-309
344,To see how people view optical illusions and how it affects people ability to know the true size.,topic_0,0.18901823771488938
345,I believe the purpose of this experiment was to understand how accurately STAT218 students can perceive statistical graphics when asked questions related to comparisons of objects.,topic_0,0.13970270073995464
346,I think the purpose of the experiment was to see if there was a difference between 2D and 3D models when comparing two different sized objects. Essentially how the dimension of an object affects the perception of an object's height.,topic_0,1.9117704176882806e-308
347,The purpose of the experiment was likely to determine the difference in perceptive ability in 3D versus 2D models.,topic_0,1.40173235301556e-308
348,To see how people in stats perceived graphs.,topic_0,1.286205010407523e-308
349,It seemed like the experiment was trying to determine how well students could approximate height proprotions of blocks relative to one another in different formats.,topic_0,0.12492102265648558
350,The purpose of the experiment was to see how people perceived each graph to be a certain number. I think that as the experiment changed which graph was considered like the controlled variable to see how that changed what your judgement was towards the the sizing of the other graphs.,topic_0,0.04566569669667731
351,I think the purpose of this experiment was to count the graphs and the proportions.,topic_0,0.08777357853982688
352,To collect data on people’s brains,topic_0,0.22736197740244352
353,I think the purpose of the experiment was to see how different people see and analyze different sets of data,topic_0,0.6307649532342376
354,I think the purpose of this experiment was to show how people perceive different shapes and the size of them. I was used to compare sizes that someone sees with the naked eye.  They were also trying to see if a 2D or 3D look had an affect on the responses.,topic_0,1.9971810753323297e-308
355,To accumulate data while maintaining system structure and organization.,topic_0,0.09194665406461013
356,The purpose of this experiment was to gather data for a study.,topic_0,1.0
357,To explore how accurately we read data visualizations and understand the effectiveness of different statistical graphics.,topic_0,0.13264070401718941
358,"""The purpose of this experiment most likely was to explore the precision with which participants can compare the size of visual elements, like bars, when one acts as a reference. This present study can look at asking participants to make estimates regarding the height of a smaller bar in relation to a larger one.
perceptual biases, estimation accuracy, and how the visual context influences the ability to judge relative sizes. A finding such as this may help explain common errors made in visual perception and judgment.",topic_0,1.575374430205931e-308
359,I think that the purpose of this assignment is to see how students view data differently.,topic_0,0.1508134958298129
360,The purpose seems to be about whether or not people have a sense of interpreting graphs with confidence and accuracy. This study could help cut down on mistakes that might come from overanalyzing or getting lost in minor details to make it easier to interpret graphs where data visualization is used.,topic_0,0.08982203516969628
361,"The purpose of this experiment might have been to assess how well students can visually judge relative sizes, such as height or volume, and quantify them in proportion to a standard value. The experiment could also explore the cognitive processes or biases that affect visual estimations, especially in a statistical learning context.",topic_0,1.6266537103882373e-308
362,I think the point of the experiment was to test our common sense to a degree and see if we can tell the difference between different sizes by estimation.,topic_0,0.12510146396343658
363,I think the purpose of this experiment was to look deeper into how people read statistical data to further improve the way data is shared.,topic_0,0.3599838639479701
364,"To determine if the original study stayed true over time, or if we developed better technology for 3D rendering of graphs and the ratios they represent.",topic_0,0.09802866575289142
365,To gauge how people perceive bar charts based on whether they are 2D or 3D,topic_0,6.706021871085394e-309
366,This experiment was to investigate how the different data between the printed version and the digital one affect the guessing or accuracy participants made.,topic_0,0.500923820886579
367,"I think that the purpose of this experiment was to see whether our vision would be different compared to different models. We were given 3 different kinds of models, one that was flat, one that was physically 3d, and one that was a digital object you could move on your computer. By choosing which tower was larger, and what percentage that would be, how would it be different through out the 3 groups.",topic_0,0.050932180824850154
368,To explore how we interpret 3D graphs different than 2D.,topic_0,0.09553979694222707
369,I am still a little unsure what the purpose was because we did not get a hypothesis but I assume it was to see how well we could guess heights based on specific views. They did ask our favorite animal at the beginning as well as age and gender but I do not know how those questions affected the experiment.,topic_0,0.09984609278494992
370,The purpose of this experiment was to see if there was a difference in the way people read graphs.,topic_0,0.11736910343304743
371,For the researchers of this experiment to see what students observed in their judgement to 3D sizes,topic_0,1.4503890798911356e-308
372,"To compare the efficacy of 3D rendered models, 2D models, and 3D models on a 2D plane at identifying the scale of the data values.",topic_0,0.07309095030769226
373,The purpose of this experiment was to emphasize the connection between statistics and scientific research and to connect the information taught in Stat 218 to current scientific investigations in statistics. The purpose was also to understand how we perceive statistical graphics and how accurately we can read information from charts represented in different ways.,topic_0,0.14164664715486547
374,I think the purpose of the experiment was to see how students viewed different graphs and to see our perception of how much larger a bar graph is compared to one side by side.,topic_0,0.04572136954919938
375,Researchers can evaluate participants' understanding of data and interpretation by having them compare the heights of two bars and then estimate the height of one bar based on the information provided. This can include generating estimates based on insufficient data and comprehending statistical concepts like mean.,topic_0,0.05374712408643882
376,I think the purpose was to examine students' ability to correctly estimate size differences and proportions. There could be an added part of seeing if estimates are more accurate on computers or with the 3D models depending on if the research just wants to look at in person responses,topic_0,0.11509142654581453
377,I think the purpose of the experiment was to see how people perceive and judge relative sizes.,topic_0,0.10940837436192956
378,To judge if certain presentation styles made it harder to interpret data shown on the graph.,topic_0,0.0643353033747596
379,I think that the purpose of this experiment was to see if participants ability to estimate the height of the bar by comparing it to another bar with a known height is impacted by whether or not the bars are right next to each other or if there are bars in between.,topic_0,1.276787120700713e-308
380,"To determine the purpose of the experiment, I would need more specific details about the experiment itself, such as its design, hypothesis, and the variables involved.",topic_0,1.0
381,"The experiment likely aims to gather data on perception and estimation accuracy,",topic_0,3.9950369463208536e-308
382,i think that the purpose was to see how well students can infer the size of the smaller graph,topic_0,0.10674344941644634
383,To determine whether or not we can gauge the ratio of shapes based off images.,topic_0,0.22486822754192812
384,The purpose of the experiment could have been to determine how closely students can estimate using bar graphs.,topic_0,0.07100027367098823
385,The propose was to see if we can acccuretly guess the amount,topic_0,1.0
386,I think the purpose of the experiment was to see how well people can read information when they are shown in different forms.,topic_0,0.45761674007035624
387,I think the purpose of this experiment was to better determine how good people are at guessing percentages of bar graphs.,topic_0,0.05524292542110446
388,To determine how people interpret the size of bars on a bar graph.,topic_0,0.0905009414074113
389,How well the participant can identify the size difference between each bar.,topic_0,1.2071377191814735e-308
390,I'd imagine it was to determine if there is a correlation in the perception of size based on other objects around that said object and possibly by age and gender as well.,topic_0,0.11225154205670569
391,to test how we evaluate proportions when they are side by side vs apart vs 3D vs 2D and how the bars next to them can effect our answers,topic_0,1.516087411076304e-308
392,The purpose of this experiment was to see if people could identify the height of one of two different bars if given one of their heights,topic_0,1.290466355863678e-308
393,To see how close to accurate we got measuring sizes of the bars when they are apart or around other sized bars.,topic_0,1.43014697073998e-308
394,To observe how students view the height of the bar compared to another.,topic_0,1.533768158261429e-308
395,to get data and estimate how students will see graphs,topic_0,0.07246845408551604
396,"To categorize, based on demographics, who could reasonably tell the difference between the two structures.",topic_0,0.04502241486473656
397,Not very sure. Maybe to compare sizes of different bar graphs 2D and 3D.,topic_0,1.4393617713597113e-308
398,to see if people pay attention to the other bars instead of the bars that were indicated with the shapes,topic_0,1.4209714635151244e-308
399,"The purpose of the experiment likely aimed to investigate a specific research question or hypothesis within a particular field or domain. It may have sought to explore the effects of certain variables, test the efficacy of a new intervention or technology, or contribute new insights to existing knowledge. Overall, the experiment likely aimed to advance understanding within its respective field and potentially offer practical implications or applications based on its findings.",topic_0,1.0
400,To compare the two different bar graphs participants chose to see which graphs produced a more accurate answer from the participant.,topic_0,0.06643559919264422
401,"I would think that the purpose of the experiment was to see how changing the shape, length of the block, length apart from each other and perspective (3d or not) of the blocks affect how the blocks are perceived by the audience.",topic_0,0.1224008185847936
402,To test hypothesis and The purpose of an experiment is to gather data to determine if the results support or contradict the theory.,topic_0,1.0
403,To see which graph was longer.,topic_0,0.0777921929379564
404,Maybe understanding the perception of accuracy maybe the wanted to investigate how accurate individuals perceive and estimate the height of graphical representations. Or the purpose could of been understanding and assessing the graphical designs of the bar graphs they may have wanted to understand and evaluate the effectiveness of different graphical designs and how us viewers would convey them.,topic_0,0.04807482891695488
405,to get a statistic of what the average answer was for each question,topic_0,0.1812584804995454
406,I think it’s purpose was to to see how well people could gauge based on sight.,topic_0,0.09761196899145594
407,"I do not remember the question that the experiment was testing as I participated in the experiment a week or two prior to this questionnaire being posted. I believe it was something to do with testing whether gender played a role in if one can accurately guess the percentage of area. Object 1 compared to object 2, whichever is smaller, what percentage of area does the smaller object cover of the larger object.

 

Purpose was to see if gender had an effect on one’s accuracy to guess this.",topic_0,0.11256871801528581
408,I think that the purpose of the experiment was to see how accurate people can be at guessing somethings height/value.,topic_0,0.1025982316711467
409,"I think that the purpose of this experiment was to see how accurately people can identify the difference in heights of the bars in bar graphs. It shows how we can have a skewed perception of data shown on bar graphs, as we cannot tell how much different they are.",topic_0,1.3079607802950704e-308
410,To identify whether the naked human eye can detect skewed differentiations.,topic_0,0.22889626180316336
411,The purpose of the experiment was to test pattern recognition. To see the trends in problems and how to solve them.,topic_0,0.49718755243867396
412,I think the purpose of this experiment was to see how students in the statistcs class could estimate values and use problem solving.,topic_0,0.616952261432169
413,The possible purpose of the experiment could be to gauge the accuracy of a population's perception of ratios between objects.,topic_0,1.0
414,The purpose of the experiment was to determine how accurately students could estimate proportional relationships using 2D and 3D models.,topic_0,0.1206634480223866
415,To generalize an experimental unit.,topic_0,1.0
416,to determine students' ability to identify shape of samples and ability to calculate.,topic_0,1.0
417,To see the ability to make predictions.,topic_0,0.21051998188652804
418,the purpose of the experiment was to measure blocks and to see which variation was taller or shorter.,topic_0,0.12518616885230294
419,To see how well students in Stat 218 estimate the height of an unknown amount when given a height you can compare it to.,topic_0,0.09348426515943192
420,to measure how well people can measure the different in height between items,topic_0,0.095031195731524
421,To see how we judge sizes.,topic_0,0.18599544247192457
422,I think the purpose was to see how well each person can determine height differences.,topic_0,0.1010539508155731
423,I think the purpose of this experiment is to see how far people's perception of data could be. This is a good example of standard deviation.,topic_0,0.15074027636242457
424,Understand estimation skills and depth perception in participants.,topic_0,1.607223871884342e-308
425,To find how accurately people can read bar graphs,topic_0,0.10804196805849779
426,To see how accurately people can estimate the size of the graph.,topic_0,0.07059506154659106
427,I think the purpose was to see how the surrounding size of bars in a bar graph can make the chosen bar look smaller or larger than it actually is.,topic_0,0.03206081214107739
428,To determine the average person's ability to read and interpret graphs,topic_0,0.06873099188055257
429,See if technology makes it easier to identify heights or if in person models are better.,topic_0,0.09288321410051889
430,To see how most people read graphs and if most people are thinking the same distance for graphs.,topic_0,1.2715362307148064e-308
431,To evaluate whether or not people can read graphs with confidence and accuracy.,topic_0,1.321242085545813e-308
432,I think the purpose of this experiment is to see if people know how to guess the size of different bars if one bars measurement is given to you.,topic_0,1.231544525292055e-308
433,Visual perception,topic_0,1.5884654448971984e-308
434,To see if different people were able to determine the size difference between the blocks that they chose.,topic_0,0.13325448351839544
435,I think the purpose of the experiment was to take statistical charting on different students how the different types of statistical charts are used and understood.,topic_0,0.15895149481794646
436,To see how well students in Stats 218 can understand and visualize graphs.,topic_0,0.08747071096204004
437,To see how other people might view the bars differently.,topic_0,1.4281824334463874e-308
438,To better evaluate how the general public understands graphs.,topic_0,1.265123933720169e-308
439,"Figuring out our problem solving skills. Maybe testing our eyesight, how accurate we are when seeing things in real life as opposed to a 3d Model on the screen, or a 2d image on the screen.",topic_0,0.19920809635477835
440,Our observational skills.,topic_0,0.26989207771525026
441,I think the purpose is to compare how graphs look physically vs virtually. It probably has something to do with making sure graphs look accurate to the data.,topic_0,0.09278244701557031
442,to test if we could tell the difference between heights,topic_0,0.09043477555167213
443,to test if the other blocks affected how we perceive things right next to it,topic_0,0.12977999410327107
444,I think the purpose of the experiment was to determine how well people could determine the different heights when comparing two bar graphs and how they were different or similar.,topic_0,0.05321293362102833
445,I think that the purpose of this experiment was to see the average number of either the triangle or circle bar.,topic_0,0.03170202361304292
446,It can help us learn more knowledge about plane graphics and stereo graphics.,topic_0,0.09912205522497865
447,I think the purpose of this experiment was to evaluate our analytical abilities when concerning graphs.,topic_0,0.08074030237689782
448,"The purpose of the experiment was to catalogue how accurately people are able to read graphical representations of data depending on the medium in which this data is presented (digital 2D, digital 3D, digital 3D interactive, and real life 3D)",topic_0,0.06835788971203295
449,"The trick of a person's feeling. Following a 2D model, 3D model or a actually figure, the person would give different feelings of size.",topic_0,1.8189017726151337e-308
450,My guess is that it was either about graph reading ability or fatigue in estimation over long periods of test taking.,topic_0,0.12240651525909271
451,i think that the purpose of this experiment was to see our sense of perception while also testing our cognition about thought processes.,topic_0,3.196323068137323e-308
452,"The purpose of the experiment was to identify which type of graph people can interpret more accurately (e.g. the 2D graph, the 3D adjustable graph, or the physical 3D printed graph).",topic_0,0.05244620137519427
453,To gather data about what method of communicating data to others is best for comprehension.,topic_0,0.1070992310126019
454,To see how well a 3d model did vs a 2d graph on a screen to convey information/data to people.,topic_0,0.11149650560808963
455,To see how a person and gauges differences.,topic_0,0.2425437695483458
456,It was to see how well people can judge proportions off sight alone.,topic_0,0.15120678374012048
457,I think the purpose of the experiment is to find how students accurately predict a percentage of a bar graph.,topic_0,0.05589563801115771
458,I think the purpose is to se how college students correctly tell where the bars are at compared to each other.,topic_0,1.452305261703314e-308
459,I believe the purpose of this experiment was likely to investigate how people perceive and make judgements about three-dimensional objects when presented with two-dimensional representations.,topic_0,1.396446872176434e-308
460,To learn more about students,topic_0,1.0
461,Recognizing how perspectives and conclusions can change with context/additional data.,topic_0,0.1504993855397746
462,The purpose of the experiment was to compare the results of this study to a replica of a study conducted in the past.,topic_0,1.0
463,To determine the efficacy of different graphical representations of data in conveying the intended information.,topic_0,0.12987774377825195
464,To see if a specific group of people are better able to visually identify numerical difference over another group of people,topic_0,1.0
465,"I think the purpose was to find out if what different students thought the amount was based on a picture and then what it was based on the corresponding 3-D model lined up. If they have a bar graph and one value is 100, it would then ask what our perception of the value was of a graph with a different size next to it.",topic_0,0.05998446855627045
466,Finding the stats of how people perceived different heights.,topic_0,0.08766720080110331
467,"I think the purpose of the experiment could have been the see the different ways data could be visualized (2D graphs and 3D printed graphs, and 3D digital graphs). 

They wanted to replicate the findings of Clevland and McGill's work and are trying their best to replicate it as best as possible.",topic_0,1.1872705774736556e-308
468,"I am not sure to be honest, but to see who gets the most right, maybe even by sex.",topic_0,0.2175511734051085
469,To identify how people visualize graph heights off of other hieghts.,topic_0,0.04586398428501259
470,"To find out if the person had a different vision as other people, meaning that the shapes were different seeing if people with dyslexia could figure out the shapes.",topic_0,2.1700956738479475e-308
471,To determine how well students can evaluate the height of bar graphs when looking at physical models compared to pictures on the screen.,topic_0,1.578265136949026e-308
472,To determine how well stats students can interpret physical distributions.,topic_0,0.15645654780205914
473,"determine whether people can more acurrately estimate the height of a bar in a bar graph if the graph is Physcial (4d?), 3d or 2d.

 

iv: physical graphs vs 3d graphs, vs 2d graphs 

dv: accuracy of bar height estimation when compaired to another bar on the graph",topic_0,0.02412895904203079
474,To see how well students can read and differentiate graphs.,topic_0,0.07688227873830991
475,I think that the purpose of the experiment was to estimate to the closest value possible.,topic_0,0.5355879177385344
476,To allow students to analyze the differences in heights of the blocks in the experimental design,topic_0,0.12686145463576728
477,To gain a understanding of how one may assume and estimate a quantity.,topic_0,1.0
478,I think the purpose of the experiment was to see what colors and what shapes students picked out first.,topic_0,2.721238033244318e-308
479,I think that the purpose of the experiment was to compare different individuals' answers to the questions.,topic_0,1.0
480,To determine which method of interpreting graphs provided more accurate results.,topic_0,1.1333575150990187e-308
481,I think the purpose of the experiment was to see how 3D models would affect spatial calculations and estimations,topic_0,0.017889287498449577
482,Determining the population's ability to determine proportion in comparison to actual proportions,topic_0,1.0
483,To test perception based on a physical diagram vs a visual,topic_0,1.432869640236813e-308
484,"I think the purpose of this experiment was to have as many outcomes as possible, allowing the researcher to be able to repeat it as many times as they would like. Given this, experimental probabilities of serval outcomes can be measured and calculated.",topic_0,1.0
485,To check how accurate students are at reading bars. The experiments might also have a hidden purpose because scientists sometimes hide the actual purpose until the experiment is over to avoid biases.,topic_0,0.05502312061023335
486,To see how each participants perception works,topic_0,0.24881990990862615
487,To measure how students or individuals perceive distances in bar graphs.,topic_0,0.03917977902772202
488,Experiment that I had in class is learning about how stat is really important in this world. purpose of the experiment was when you learned what you need to learn about.,topic_0,0.6634402784659621
489,To determine how people visualize the numerical amount of data on bar graphs,topic_0,0.10470063257309876
490,I think the purpose of the experiment was to determine if physical models make it easier for students to interpret values based on relative size of the bars of a bar graph.,topic_0,1.1956536833603864e-308
491,to see if we can acurately guess the height of the blocks,topic_0,0.1298288240498611
492,I think the purpose of the experiment was to test perspectives about the distribution of the bars.,topic_0,1.243300749446929e-308
493,I think the purpose of this experiment was to collect data on how participants interpreted the values of different bars in comparison to different lengths/heights.,topic_0,1.321762939613954e-308
494,To see how accurately people could guess the sizes,topic_0,0.184853538178266
495,I think the purpose of the experiment was to look at how we view graphs and how we can evaluate and estiamte results given a specific graph.,topic_0,0.08004721681391178
496,I think the purpose of the experiment was to see how individuals visualize data in real life 3D printed form versus how they view it in an online or 2D space and to see if there was any drastic differences between the two.,topic_0,1.1735874474798905e-308
497,I think the purpose was to see how we view an interpret the different shapes,topic_0,2.1673793984600453e-308
498,I think it could've been seeing how different people perceive things in different ways.,topic_0,1.0
499,I think the purpose was to investigate whether people can estimate quantitative values of 3D graphs and compare it to the values people estimate for 2D graphs.,topic_0,0.08863262330282798
500,To see how well our depth perception is/ spacial awareness.,topic_0,0.10227744607445753
501,To see how college students make assumptions based on comparison of size.,topic_0,1.0
502,the purpose of this experiment was to determine judgements between 2d and 3d printed bar charts,topic_0,6.695385053642017e-309
503,I think the purpose of this experiment was to test how people view different graphs. This is tested by graphs online and 3D printed graphs.,topic_0,1.1997866240386935e-308
504,To determine which type of bar graph people can better understand and what group can interpret the graphs better (statistic students or not statistic students).,topic_0,0.10361237370698015
505,"To see whether people were more easily able to identify the difference in height between two surfaces in 2D, electronic 3D, or physical 3D.",topic_0,0.16163247012299614
506,To compare the people's answers,topic_0,0.19178612594927438
507,To see if there is a statistically significant difference between the accuracy of interpreting 3D data visualizations rendered in a 2D environment versus 3D data charts rendered in a 3D environment.,topic_0,0.0723235513406291
508,"I think the purpose of the experiment was to determine our ability of approximation, and how extreme our eyes skew the truth of size.",topic_0,0.10359520935627603
509,"To determine the difference in perceived difference of 2 graphs from the actual difference, and if it differed between digital and physical graphs.",topic_0,0.07405929525811729
510,"I think the purpose of this experiment was to see how the answers varied between physical bar graphs, stationary and 2D, and 3D but located on a computer. Even though the graphs were the same, the perceptions were different.",topic_0,1.11224235974155e-308
511,To understand perception guesses of blocks between different 3D models.,topic_0,1.4907668935985747e-308
512,The purpose of the experiment was to use statistics students to determine a certain probability or statistic of guessing the heights of the bar graphs.,topic_0,0.05544637037212474
513,To evaluate how people interpret data from 3 different visuals.,topic_0,0.023904395957857885
514,To judge which graph is smaller or larger using 2d and 3d bar graphs.,topic_0,0.08589101130713628
515,The purpose of the experiment was to assess the effectiveness of 3D printed bar charts compared to traditional 2D and digital 3D charts in conveying information accurately. While also extending previous research on judgments in data visualization.,topic_0,6.60213060743337e-309
516,Possibly to see if a physical or online image serves best in physical length estimation.,topic_0,0.20588325162591747
517,I think the purpose of the experiment was to evaluate our Stats knowledge in comparing two different objects mathematically.,topic_0,0.4789655594843014
518,The purpose of this study was to replicate the results that were present in the Cleveland and McGill study from 1984. This study was to experiment perceptional judgement of different 3D graphs.,topic_0,0.02639975230559835
519,To find how accurate people were at guessing using different visuals.,topic_0,0.25441064935872737
520,"I think the purpose of the experiment was to find out how near to the actual value of the smaller bar on the graph people typically can guess, from different perspectives. The point of view, nearness to the taller bar, and other factors changes from question to question, so I assume the experiment is analyzing how that affects the choices of values.",topic_0,0.035739091366238415
0,To see how accurate the students can be with each of the graphs and if they do better at looking at the screen and guessing or in person.,topic_1,0.6083815138474449
1,I think the purpose was to determine is we could imagine the depth online.,topic_1,9.387726808817953e-309
2,The purpose of the experiment was to determine how different people read graphs.,topic_1,0.12328642507775485
3,I think the purpose of the experiment was to see how our eyes could judge certain sizes or percentages with our naked eye. It was to find statistics on how well we could make an educated guess on the size of the blocks.,topic_1,0.10204359763192782
4,The purpose of the experiment is to see if random individuals can estimate percentages in the same pattern as previous years.,topic_1,1.147252803978101e-308
5,To see whether participants could accurately measure ratio differences using 3D bar charts better or worse than 2D rendered charts knowing that visual depth plays a role.,topic_1,9.715257070195673e-309
6,To do a statistical study on the different results students got from each bag and to see where students chose a different option or not.,topic_1,1.553907210675785e-308
7,I believe the purpose of this experiment was to test whether or not having a physical model of the bar charts allow people to better estimate their size.,topic_1,2.7779431929451485e-308
8,"I think the purpose of this experiment was to compare how people interpret different graphs in different ways with using 2D graphs along with 3D graphs and combining the results to see how the results differed. The purpose of this experiment was to also try and replicate the experiment that Cleaveland and McGill had done previously, but they had to tweak some things in the experiment.",topic_1,0.05218315330707422
9,I think that the purpose of the experiment was to collect data of students from the same course over a period of time and see how results compare and differ.,topic_1,0.04649462164093695
10,To see the difference in how people interpret an online graph versus a physical copy of one.,topic_1,1.0
11,To determine is students in the introduction to stats class at UNL were better/preferred reading 3D printed graphs compared to digital 2D graphs.,topic_1,0.11934902441649188
12,Probably to find an average on our ability to estimate sizing and percentages based on other things.,topic_1,0.07219102977381006
13,To gain a better understanding of how visual representation plays a role in understanding the data it presents.,topic_1,0.32460979136207124
14,The purpose was to understand if 2D graphs are easier to interpret than 3D graphs.,topic_1,0.1919950414867829
15,To gauge depth perception of a physical object vs a object on the screen.,topic_1,0.1210662759046629
16,It was likely to investigate how different types of graphs affect student observations by comparing students' comprehension across various graph formats.,topic_1,1.0
17,To determine which model (2D or 3D) is easier to more accurately read and to see if the data was similar to the one they are recreating,topic_1,0.1258886511466513
18,Determine students' of stats 218 understanding of statistics through an in person graphing experiment.,topic_1,0.3122610897839401
19,The purpose is to see whether students can estimate the percentage of bar height when compared to others. We had limited tools. I used me own personal judgement or “gut feeling” to find percentages.,topic_1,1.0
20,I think the purpose of this experiment was to find if this study would help or not and if it was giving good information as well.,topic_1,7.636100765349204e-309
21,I believe the purpose of the experiment was to see how a person reading a bar graph can be influenced by neigboring numbers or stats.,topic_1,0.08913513305254983
22,I think that the purpose of this was to look into the ability for college students estimate numerical ranges in correlation to its location on a graph with other various values.,topic_1,0.07900046729532241
23,I think the purpose of the experiment was to see how well we can perceive things.,topic_1,8.57643901397821e-309
24,I think the purpose of this experiment was to determine the accuracy of 3D charts to 2D charts.,topic_1,1.3135378150163565e-308
25,"I think the purpose of the experiment was to see how different versions of models affected how people analyzed those models, specifically how accurate they were when estimating the ratios of the bars.",topic_1,2.41457450773868e-308
26,To see how accurately people perceive heights.,topic_1,0.08664757290054843
27,The purpose of the experiment was to determine if it 2-D or 3-D figures and charts are easier to identify by the human eye.,topic_1,1.287867558772223e-308
28,I think it was to see if people could accurately guess the ration of the two bars in graphs.,topic_1,1.0
29,To see the perception of different college students,topic_1,1.456192656855175e-308
30,I think the purpose of this experiment was to understand the difference between different shapes on a graph and compare which shape is bigger than the other. I think the purpose was to compare the results of hands-on visualization and online visualization.,topic_1,0.07690388996554783
31,I think the purpose of the experiment was to test how students perceived heights based on the closeness/ separation of another given height,topic_1,0.07666733785493754
32,To test the ability of students perception of estimating amounts,topic_1,1.47551677695914e-308
33,"To see how we compare the different shapes and sizes to each other, so like a null and alternative hypothesis.",topic_1,0.09343495149022273
34,I think the purpose was to evaluate how people see different quantities and estimate numbers.,topic_1,0.0689918959547785
35,The purpose of the experiment was to determine the proportion of students who could correctly guess the difference in bar graph size based on if it was done online or in person with materials,topic_1,0.09607729870864211
36,To determine which type of graph (2D or 3D) yielded a higher percentage of successful estimates by students.,topic_1,0.16081688593969073
37,I think the purpose of the experiment was to gauge how students perceived bar graph values or just bar values when the values aren't given. There is variability between the physical graphs and the digital graphs as well.,topic_1,0.0812203473145339
38,"I think the purpose of the experiment was to evaluate how easy different presentations of graphs are for people to read, to know which types are best to use when publishing studies.",topic_1,0.13209851154059524
39,To see if participants could accurately/semi-accurately understand the graphs,topic_1,1.0
40,To see how the color of the blocks changed the perspective of how tall certain peaks of blocks were.,topic_1,0.10432023850045345
41,I think it was to test how everyone responds to an experiment like the one we took,topic_1,7.69802046153609e-309
42,I think the purpose of the experiment was to see how people perceive objects compared to one another with potential other distractions.,topic_1,8.21328760210818e-309
43,I think the purpose of the experiment was to see if people can identify a difference in size on the computer vs in person holding the blocks.,topic_1,0.10294287152435762
44,I think the purpose of this experiment was to try and survey lots of peoples perceptions of size of things.,topic_1,0.04995246455174111
45,To see how bar graphs can affect someones perspective on the percentages being shown.,topic_1,0.43714608865178156
46,To see if people are capable of accurately determining a size difference of objects based strictly on visuals.,topic_1,0.10942407850974659
47,to see if students can correctly measure the proportions of the blocks,topic_1,0.10687298335107782
48,I think the purpose of this experiment was to see how individuals answers will vary/how they see and distinguish different proportions of bar graphs in different arrangements.,topic_1,2.426080239816472e-308
49,To see if we would more accurately predict the percentages of the bars with a 3D model or on a 2D model.,topic_1,1.0
50,I think the purpose of this experiment was to see how well participants could interpret graphs and if having a statistical background via taking a stats class may impact their interpretation skills.,topic_1,0.11944231166003808
51,I think the purpose is to look at how people interpret the difference in the magnitude of data depending on the form it is viewed in,topic_1,0.1017856249239314
52,To determine if people could accurately judge the difference in height with the blocks of different colors.,topic_1,0.10563453848027826
53,Find how accurate people's perception of size and scale is.,topic_1,1.2732475581235195e-308
54,To see how different people interpret bar graphs and how they compare sizes based off of purely look given the percentage of the size compared to the other graph.,topic_1,0.4432344381331933
55,I think the experiment was to see what we have learned but also to see each persons outtake on the different shapes.,topic_1,9.29531740691921e-309
56,I think the purpose was to find tendencies in how people select their answers and to pair them with a reason.,topic_1,0.09727496194889976
57,To see how certain people would think in different ways and how they pay attention to detail.,topic_1,0.08835400804258997
58,To see how well people are able to read graphs.,topic_1,1.0
59,to see what we can observe compared to the actual reading,topic_1,0.13942250731035713
60,I think the purpose of the experiment was to see how students compare values (bars) in data sets (histogram) when viewing the histogram in 3-D vs a picture on the computer.,topic_1,2.4678871283512204e-308
61,The purpose was to compare how the general public sees data and how researchers see data.,topic_1,0.06775179962748877
62,Determine if we can approximate the differences in sizes of objects,topic_1,1.2798244286084714e-308
63,To see if we could notice the difference of the charts that we were looking at.,topic_1,0.6154176055091423
64,To show how looking at a flat graph (2D) can change perception and values when looking at a physical graph (3D).,topic_1,0.18772574435003098
65,I think the purpose of this experiment was to show us how experiments are conducted and generally how they look.,topic_1,7.600372789419774e-309
66,to see how answers can differentiate from different viewers,topic_1,0.1298175117148263
67,This was to help us find and determine how to read graphs virtually and in a 3D form.,topic_1,0.17976221810832702
68,to investigate people's differing perceptions on graph reading,topic_1,1.0
69,I think the purpose of this experiment was to test the accuracy of 3D and 2D graphs,topic_1,1.302245427476592e-308
70,"Truthfully, I'm not sure what the purpose of the experiment was. However, if I was to guess, I'd say it was like an experiment to see how well people can differentiate two things from one another.",topic_1,8.342622855897574e-309
71,To see how we interpret unlabeled graphs,topic_1,1.0
72,To learn how people comprehend graphs on a 3d and 2d scale.,topic_1,0.24378857143402832
73,I think the purpose of the experiment was to see how people interpreted graphs differently based on if they were 2D or 3D.,topic_1,1.3351062610744964e-308
74,I think the purpose of the experiment was to measure how well the average statistics student can estimate differences in the size of data from visual data sets/graphs.,topic_1,0.10953833858793491
75,I think the purpose of the experiment was to determine how the choices used when creating graphics of data affect the understanding of the data.,topic_1,0.1134534656399621
76,To identify which age groups could recognize percentage differentiation in different images and models of charts,topic_1,0.3411137145335099
77,"I think the purpose was to attempt estimating percentages in a bar graph. I also thought it was a way to see how close we can get to the right answer. I found myself making educated guesses more than probably getting the right answer, but it made me think critically. I think this was another goal as well, critically thing of the graphs we normally see.",topic_1,0.42404419508502245
78,To determine how different types of statistical charts are used and understood,topic_1,0.34531069044784224
79,To test the depth of perception of each person as they estimated the distance between the shortest set of units and the tallest set of units in the set.,topic_1,0.06258299823845083
80,"Figure out how well people can read graphics made online or if real world examples work better

 

 

 

I DONT KNOW WHERE TO PUT THE CODE SO HERE IT is 

project id 22579

complettion code is like 20 digits but the last is 22895",topic_1,0.09955648506298326
81,To determine whether people can “eyeball” the correct proportion.,topic_1,0.043991014217380886
82,To see how accurately people can determine dimensions based on different angles.,topic_1,0.11847406760987851
83,"I think the purpose of this experiment is to determine whether or not people with knowledge/experience with statistics are ""better"" at estimating ratios by observing graphs and models.",topic_1,1.157373817582402e-308
84,To see how different students estimate reading bar graphs with no units on the side to help them figure it out.,topic_1,0.48489006132162626
85,To be able to judge and estimate the size of the the different columns an estimate how much smaller the short was was compared the bigger 100 sized one.,topic_1,0.07565192096540216
86,To figure out if college students can accurately estimate the difference between two bars.,topic_1,0.5404207105908306
87,I think it was to look at bar graphs in a way.,topic_1,1.0
88,I think the purpose of the experiment was to determine how a student interprets the size of a bar within a 3D graph model.,topic_1,2.5012482061753827e-308
89,I guess just to figure out how well people were at interpreting data that wasn't given to you based on what we had. Like how we were able to approximate how tall one of the towers was based on the other.,topic_1,0.08012627834949712
90,I think the purpose was to determine how people interpret different charts and different percentages in relation to each other.,topic_1,0.13531161758022534
91,To see if people understand 2D or 3D graphs better,topic_1,0.29895993581162417
92,I think that I couldn't really find a true purpose other than collecting random data. The data was from different classes so it somehow connects with that.,topic_1,0.06986782391222707
93,To replicate partial results from Cleveland and Mcgill and to extend their study.,topic_1,7.46278878410524e-309
94,see if people perceive graphs differently if online or in person. Also if 2d or 3d have effect on how it’s perceived.,topic_1,1.0
95,"The experiment aimed to see how well people can compare bar heights in different types of charts—2D digital, 3D digital, and 3D printed. The researchers wanted to find out if using physical 3D charts could help people make more accurate judgments, especially compared to the often-criticized 3D graphs on screens. They were testing whether hands-on, printed visuals might actually make understanding data easier.",topic_1,1.077049335569952e-308
96,I think the purpose of the experiment was to investigate how well individuals can replicate models coming from two platforms (physical model to online model).,topic_1,0.0553206489517541
97,I think the purpose of the experiment was to see the difference between how someone can read a 2D or 3D graph.,topic_1,1.371294068494211e-308
98,The purpose of the experiment was to analyze how accurate my perception of 3D graphics is and analyze and study this data to find the best ways to convey data accurately.,topic_1,0.09141182153347613
99,"At the beginning of the experiment, I was completely lost and did not know what the purpose of the experiment was. During around the middle of answering the questions, I thought it would be about if a person can identify the correct images from the printed models to the 3d images as well as the 2d images. Now, I think the purpose of the experiment is to see what different mediums of data visualization can be more accurately portrayed.",topic_1,1.0026149737910214e-308
100,To depict whether a participant will be able to tell how small one part of the blocks are compared to the others in 2D vs 3D.,topic_1,0.11821725741756348
101,The purpose of the experiment was to understand why we did this experiment and what we learned from it.,topic_1,0.00952182610350993
102,To determine whether physical 3D graphs are easier for people to correctly read than digital 3D graphs.,topic_1,0.12141789569008421
103,I think that the purpose of the experiment was to see whether or not we could identify different graphs when they look different.,topic_1,0.08486084882528354
104,I think the purpose of this experiment was for us participants to determine how the depth of objects without any clear indications. To be able to estimate lengths and heights of different objects.,topic_1,1.013837602143337e-308
105,Figuring out which medium allowed the most accurate judging of difference in the length of the bars.,topic_1,2.9949431427034534e-308
106,To determine whether people interpret 3D graphs better than 2D ones.,topic_1,0.2071564082044714
107,to see the amount of hours that a student slept. I and I was comparing different values given to me.,topic_1,0.6209265374188112
108,To see how viewing a two-dimensional object and a dimensional object can skew our perception.,topic_1,1.3387230143248914e-308
109,The experiment tests how easy one can identify the target in the graph.,topic_1,0.0866271448276277
110,I think the purpose of the experiment was to identify whether or not 3D graphs are easier to read compared to other types of graphs.,topic_1,1.389711701888014e-308
111,The purpose of this experiment was to see which graph had a great value between graph A and graph B.,topic_1,0.08614475196486863
112,I think the purpose of the experiment was to see how people were able to understand graphs and 3d data. How people are able to visualize differences,topic_1,1.3317465049022506e-308
113,To see if people could identify 2d online or 3d printed bar graphs better.,topic_1,0.2928090753476172
114,I thought the purpose of the experiment was to see if people could accurately guess the difference in height/ length between two objects.,topic_1,0.04177832034527156
115,"If I were to wager a guess, it was to replicate a past study examining the effect of visual depth on perceiving three dimensional data visualization.",topic_1,1.1131762900418653e-308
116,The purpose of this experiment was to determine how well people could perceive and compare data using 3D printed bar charts compared to 2D versions. Aiming to explore whether the depth in 3D formats improved or hindered the accuracy in interpreting visual data.,topic_1,9.598802674911484e-309
117,"To allow for the researchers to make a conclusion about which type of graph (2d, 3d, or 3d printed) is better for conveying information.",topic_1,0.3215934697370626
118,I think the purpose of this experiment was to better understand how to get students to recognize information/data better. It was to figure out whether 2D or 3D graphs work better for students understanding.,topic_1,1.3356816818695553e-308
119,The purpose of the experiment was to identify perceptual differences in how 3D and 2D data models are presented.,topic_1,0.08787929188319499
120,To see how different people visualize numbers.,topic_1,0.14693581998517238
121,To see how well people can guess or estimate the height of things.,topic_1,0.08575754238061763
122,I think the purpose was to compare the effectiveness of 3d printed bar charts to digital charts.,topic_1,0.0336496048233024
123,I think the purpose of this experiment was to identify the percentage of correctly guessing the distance between two graphs and the average guesses on the percentages.,topic_1,0.0868320268093221
124,to gather statistical data about how people viewed the graphs,topic_1,1.0
125,To determine if it is more accurate to determine size and ratio from a 2d perspective compared to a 3d perspective.,topic_1,0.11567816359798808
126,I think the purpose of the experiment was to see the difference between how someone can read a 2D or 3D graph.,topic_1,1.321151653580407e-308
127,To replicate partial results from Cleveland and Mcgill and to extend their study.,topic_1,7.447830898470303e-309
128,I think that the purpose of the experiment was to see whether or not we could identify different graphs when they look different.,topic_1,0.08754657662781791
129,I think the purpose of the experiment was to investigate how well individuals can replicate models coming from two platforms (physical model to online model).,topic_1,0.055274282247823416
130,To determine whether physical 3D graphs are easier for people to correctly read than digital 3D graphs.,topic_1,0.12133495300610707
131,"At the beginning of the experiment, I was completely lost and did not know what the purpose of the experiment was. During around the middle of answering the questions, I thought it would be about if a person can identify the correct images from the printed models to the 3d images as well as the 2d images. Now, I think the purpose of the experiment is to see what different mediums of data visualization can be more accurately portrayed.",topic_1,1.0042112640112623e-308
132,"The experiment aimed to see how well people can compare bar heights in different types of charts—2D digital, 3D digital, and 3D printed. The researchers wanted to find out if using physical 3D charts could help people make more accurate judgments, especially compared to the often-criticized 3D graphs on screens. They were testing whether hands-on, printed visuals might actually make understanding data easier.",topic_1,1.116969503799122e-308
133,I think that I couldn't really find a true purpose other than collecting random data. The data was from different classes so it somehow connects with that.,topic_1,0.06716570900335238
134,The purpose of the experiment was to analyze how accurate my perception of 3D graphics is and analyze and study this data to find the best ways to convey data accurately.,topic_1,0.09080738766977771
135,To see if people understand 2D or 3D graphs better,topic_1,0.28980608752111187
136,I guess just to figure out how well people were at interpreting data that wasn't given to you based on what we had. Like how we were able to approximate how tall one of the towers was based on the other.,topic_1,0.08016865016371656
137,The purpose of the experiment was to understand why we did this experiment and what we learned from it.,topic_1,7.409628810527363e-309
138,I think the purpose was to determine how people interpret different charts and different percentages in relation to each other.,topic_1,0.13219210782239907
139,see if people perceive graphs differently if online or in person. Also if 2d or 3d have effect on how it’s perceived.,topic_1,0.9506030346940894
140,To depict whether a participant will be able to tell how small one part of the blocks are compared to the others in 2D vs 3D.,topic_1,0.11883870877620499
141,I think the purpose of this experiment was to see if students taking STAT 218 can understand scale and proportion when reading graphs.,topic_1,0.11787632013160045
142,"I think that the purpose of this experiment is a continuation/expansion of an experiment that has previously occurred. More data is being collected in order to further the knowledge and statistical evidence that has already been collected. As a participant in this experiment, I can identify the component of the population of interest, being students enrolled in STAT218 (and there may be an age requirement of 19 and older). I am not sure of the duration of this experiment, but I know that we have given permission for our data to be in the UNL records for 3 years, so this experiment is most likely on-going for longer, yet.",topic_1,0.05820134064069847
143,"*

expirement .docx",topic_1,0.04536714455088478
144,"The purpose of this experiment was to see how well people can compare data in different types of bar charts—specifically 2D charts, 3D digital charts, and 3D printed charts. The researchers wanted to find out if physically holding and viewing a chart in real 3D space helped people make more accurate judgments compared to looking at a flat or screen-based version. Overall, they were testing whether 3D printed visuals could improve how we understand and interpret data.",topic_1,1.0074293057302316e-308
145,I think that the purpose of this experiment was to determine how undergraduate students interpret data that is presented graphically.,topic_1,0.11465180946193552
146,To see if we are understand what graphs have more data entries,topic_1,1.0
147,To decide what type of graphs are a more effective way to display data for people to understand. Whether humans better interpret a graph based on the way it is presented to them.,topic_1,1.0
148,To better understand how students perceive different heights.,topic_1,0.08552442516089846
149,To gather statistics on if the triangle or circle bar was taller and we repeated multiple times to see if the triangle or circle bar was taller more of the times.,topic_1,1.0
150,I think it does help you with estimating your percentage in how things can be larger and smaller than one another.,topic_1,0.048838391042578706
151,To test are abilities to identify different percentages.,topic_1,1.3212218731170996e-308
152,I think the purpose of the experiment was see the persepective of other students and how they look at graphs.,topic_1,0.10820234668656539
153,To gain insight on how students can mentally measure.,topic_1,1.500695302439006e-308
154,I believe that the purpose of the experiment is to understand how people read graphs and understand what they are looking at. The purpose is to see what amount people think of when they see bar graphs.,topic_1,0.09373428139788273
155,"I think the purpose of the experiment was to see how people perceive and estimate numerical values in relation to visual representations, like bar heights, and how accurate those estimations are.",topic_1,0.09302955391010112
156,The purpose of the experiment was to see  different people see and visualize bar graphs and data.,topic_1,0.09845916626966938
157,The purpose of this experiment was to evaluate people's ability to observe and compare the size and scaling of objects.,topic_1,1.2641033553033736e-308
158,I think the purpose was to identify differences in bar sizes in graphs.,topic_1,1.0
159,how good people are at guessing the difference between objects,topic_1,1.415209761862559e-308
160,I think the purpose of the experiment was to see how the height of the towers next to the ones we were guessing the height of influenced how tall we thought it was. To see how we analyzed the whole situation.,topic_1,0.07670947227282492
161,To compare old studies to new studies. I think the big idea was to perform a nearly identical experiment to one done in the past and compare the results.,topic_1,7.4872895870087e-309
162,I think the purpose of the experiment was to see how people on average perceive proportions without any reference numbers. It could also be to see which age group seems to guess proportions more effectively as well.,topic_1,1.1547696326876847e-308
163,to see if students can tell the difference between online charts and physical charts,topic_1,0.3620371776960175
164,Determining the accuracy of students' observations.,topic_1,1.647093857484637e-308
165,I think that the purpose of the experiment was to evaluate how individuals perceive size of the different lengths of the block towers.,topic_1,0.10514424993779753
166,To determine if people could determine the difference between graphs.,topic_1,0.6298207571887521
167,To see how well students are at makes educated guesses about the height of the bars.,topic_1,1.0
168,The purpose of the experiment was to see how different students can perceive different heights.,topic_1,0.08263690310388254
169,To gather information about a certain thing.,topic_1,0.09969012586526893
170,Too evaluate how people perceive things differently.,topic_1,0.0835278322135975
171,I think the purpose of the experiment was to see how accurately we can estimate the percentages and heights of the bars/blocks based on each other's heights. I also think it is testing how differently each of us sees the heights and how our answers may change throughout the experiment.,topic_1,2.8186795146391323e-308
172,I think that the purpose of the experiment was to familiarize ourselves with the context of how we can see statistics in real life.,topic_1,0.04629775792417987
173,To interpret how people view graphs.,topic_1,1.0
174,I think it was to see how college students who are taking statistics can estimate percentages compared to those who are not taking statistics.,topic_1,0.12125271641007276
175,to understand how people interpret statistical graphics and how accurately the information can be represented.,topic_1,0.3847720312990296
176,"To evaluate the accuracy between people to be able to make perceptual judgements. For example, comparing bar heights pf 2D and 3D charts.",topic_1,0.2332056066878995
177,To test peoples height judgement,topic_1,0.08602766175437153
178,"The goal of the experiment was to see how people understand and compare data when it's shown in different types of bar charts—like regular 2D charts, 3D charts on a screen, and even 3D printed charts you can touch.",topic_1,1.157327448750752e-308
179,to gather students thoughts.,topic_1,1.46781287245331e-308
180,"I really think the purpose of this experiment was to see how accurately different people can judge the difference between bar heights, depending on how the graph is set up and how the graph is shown for an example whether the graph is a 3-D or a 2D or physically printed in 3-D they wanted to see if certain types of different graphs make it easier or harder to understand the data that is set before you just by looking at it. It looks like they were testing whether the information that was represented affects how the different people interpret it, especially when comparing the numbers on a visual basis.",topic_1,2.5803944322096385e-308
181,na,topic_1,0.07446290359750624
182,"The purpose was to see how well people can understand and compare numbers when they are shown in different kinds of bar graphs. There were comparing regular 2D digital, 3D bar graphs on the screen, and 3D bar graphs printed. Ultimately, they are trying to figure out if the way the data is presented affects how accurately people can read and understand it.",topic_1,0.08565735220028689
183,To see if people could tell a difference in the way a graph looked online vs in person,topic_1,1.0
184,"I think the purpose of the design was to tell perception and how that differs between different people. Having a representative block to base one's perception of another block off is something that can be variable between people. Although we all have a general sense and idea of perception, guessing can only be so precise.",topic_1,0.10258353022188486
185,To gain an understanding on how bar graphs can be interpreted by different minds,topic_1,0.4265950504130019
186,Improve people‘s perception of space and proportion,topic_1,1.262956053574697e-308
187,"The purpose of the experiment was to evaluate and compare the accuracy of perceptual judgments in interpreting data from 2D bar charts, 3D digital bar charts, and 3D printed bar charts, replicating and extending Cleveland and McGill’s position-length experiment.",topic_1,9.98957241925118e-309
188,I think the purpose of this experiment was to depict how others view perceptions of others and see how accurately we differ heights in 3D bar graphs.,topic_1,0.08632358227900246
189,To analyze if 2D or 3D graphs are easier to understand.,topic_1,0.18832674832662744
190,I think the point of the experiment was to see if 3D graphs have gotten better over time and if they are useful for data measurement.,topic_1,1.2154596105582736e-308
191,To engage us and learn more about the research. To help us understand how people interpret 2D and 3D printed graphs.,topic_1,0.387226356666207
192,To see if the general population over or underestimates quantities,topic_1,1.345044017452923e-308
193,I think the purpose of the experiment was to challenge students thinking on a deeper level.,topic_1,0.008751575814744549
194,I think the purpose of the experiment was to see if we could interpret data better in a 3D way or 2D.,topic_1,9.667272307659577e-309
195,"I think this experiment aimed to help us (stats 218 students) understand how different variables in a 3D scatterplot, such as shape and color, affect perception and interpretation of multidimensional data in visuals.",topic_1,1.160886904076813e-308
196,"To better understand statistical concepts such as writing hypothesis, probability, p values, and standardized statistics.",topic_1,0.37993351227685984
197,"The purpose of this experiment was comparing how accurately people judge data using 2D, digital 3D, and 3D printed bar charts.",topic_1,9.97159494347792e-309
198,"The purpose of the experiment was to see how well people could compare bar heights in 2D, digital 3D, and 3D printed graphs. The researchers wanted to know if 3D printed graphs help people understand the data better.",topic_1,1.1487667039357333e-308
199,"To understand/test our vision/perception of bar graphs, but I didn't understand why they chose bar graphs.",topic_1,1.0
200,"The purpose of this experiment is to see how well people are able to examine 2D and 3D models. There was some previous data showing that people have a harder time examining 3D models, so this study is trying to replicate these results or see if they are different.",topic_1,1.3835248770774173e-308
201,"This study aimed to:

*

Replicate and extend the foundational work by Cleveland and McGill on graphical perception.

*

Determine whether 3D printed charts could improve perceptual accuracy compared to 2D or digital 3D charts.

*

Assess how well participants could judge which bar was smaller and estimate the ratio between bar heights across the different formats.",topic_1,9.819475775681197e-309
202,"To clarify the differences between 2D printed bar charts in relation to their heights, and 3D bar charts.",topic_1,0.04183497979386383
203,"to evaluate how accurately people can interpret and compare data using different types of bar charts, specifically 2D graphs, 3D digital graphs, and 3D printed graphs. It aimed to determine whether 3D printed charts offered perceptual advantages or disadvantages compared to their 2D counterparts, especially with how well participants could judge and compare bar heights representing numerical values.",topic_1,9.96816226480994e-309
204,"The purpose of the experiment was to estimate the percentage of students who understand statistical differences by being presented 3D models, versus typical 2D models.",topic_1,0.04912752068162174
205,To determine the long run proportion of how many successes students produce in the perceptual ability test.,topic_1,1.4700311458589293e-308
206,The purpose of this experiment was to gather data on how students interpret different types of charts and graphs. As well as to see how accurate students can interpret different type of charts and graphs.,topic_1,0.3484844428338799
207,"To determine how accurately visual, statistical information is perceived across multiple mediums of presentation (2D, 3D, and 3D printed).",topic_1,0.09932181342489778
208,To determine how people view 2D and 3D differently.,topic_1,0.12458162264113967
209,The purpose of this could have been to understand human estimation and its accuracy or inaccuracy without the aid of tools.,topic_1,1.506185871487439e-308
210,I think the experiment was trying to see how people act or think when something changes. The researchers wanted to know if doing one thing would make people react a certain way.,topic_1,7.709982897092017e-309
211,I think the purpose of the experiment was to analyze how people respond to percentages given different size pillars.,topic_1,0.057338297181211424
212,To test a hypothesis or investigate a research question.,topic_1,7.25337334911512e-309
213,"I think the purpose of the experiement was to see how many people could identify different proportions and shapes between graphs, etc. With little to no information provided. Just based on observations",topic_1,0.07756390452008327
214,"The experiment was testing which type of graph 2D, 3D on a screen, or 3D printed helps people compare bars more accurately. It was to see if 3D printed graphs work better than screen versions.",topic_1,0.025610911401347042
215,"I think the purpose was to see which kind of graph2D, 3D on screen, or 3D printedhelps people understand data the best.",topic_1,0.2251208666509724
216,"To examine how accurately subjects perceive the size of bars in a 2D, 3D, and a 3D printed chart not only for size but dimension as well.",topic_1,1.0470228880407006e-308
217,I think the purpose of this experiment was to show that 3D experiments that are printed allow you to get better data compared to ones that are digital.,topic_1,1.00361539211042e-308
218,The purpose of the experiment was to see if people can better determine the size difference between two bars better with a 3D model or a computer model.,topic_1,3.0161546007894085e-308
219,To determine how different demographics of people understand statistical charts and how they perceive statistical differences.,topic_1,0.3584408532199165
220,"To see which age group has the sharpest/most accurate approximations of visual scaling and/or which graph display (physical, 2-D, 3-D interactive) was the most effective in approximating accurate guesses. To see if the positioning of the irrelevant bars not asked about in each graph helped improve accuracy as references. Possibly also contrasted duration spent on each graph with accuracy and/or age.",topic_1,0.5257941678934247
221,I think the purpose of this experiment is to understand how accurately and effectively people interpret data from three-dimensional representations compared to traditional two dimensional representations.,topic_1,0.02688433189863932
222,To see how well we can eyes ball measurements and differences between heights,topic_1,0.08152925751402146
223,To see if the different visuals of the same graph have different outcomes of how tall the smaller bars are compared to one another.,topic_1,1.0
224,To see which method of presenting graphs showed the most accurate depiction of the data.,topic_1,1.0
225,to see if wed catch onto the repetition.,topic_1,0.08703077639515319
226,I think the purpose of the experiment was to see how students read bar graphs when they are presented differently.,topic_1,0.0917777937837748
227,To see the difference between how students picked what they picked for an estimation.,topic_1,1.4867147432928786e-308
228,to determine the statistics on how people judge comparative sizes.,topic_1,0.07226858597849477
229,The purpose of the experiment was to identify if men or women can interpret graphs.,topic_1,0.12307701308429789
230,I think the purpose is to see how much people can estimate size of graphs in a 3D space since generally they aren't presented to us like that.,topic_1,0.19458515938493784
231,To understand how our perception of what the hypothesis per block differed to the actual correct answer.,topic_1,0.0458564084420374
232,"to familiarize us with looking at and reading graphs, but I think the measured variable is how accurate we are at eyeballing heights and ratios.",topic_1,0.2742614593921497
233,I think the purpose was to see if people estimate numerical values better from 3D graphs in person or on a screen. This could help instructors when determining class curriculum to decide what form of graphs to provide their students with.,topic_1,0.20932895003463992
234,to view graphs in person or in different views on screen to trick your mind into thinking how big a graph was compared to another graph.,topic_1,1.0
235,To demonstrate that people see things differently and there isn't always one correct answer.,topic_1,0.08754755778841758
236,I genuinely have no idea.,topic_1,0.08555056097756589
237,I think the purpose of the experiment was to test what stats has taught us.,topic_1,0.043397830845177676
238,"If you're able to properly estimate based on a given data, compared to another data.",topic_1,1.459112238309969e-308
239,I think the purpose of the experiment was to be able to determine if students were able to identify and understand and interpret statistical graphs.,topic_1,0.11546438744591105
240,I feel as though the purpose of the experiment was to determine our understanding on how we can view the differences in values given on the 3D printed objects.,topic_1,9.982067245693736e-309
241,I think the experiment was to examine whether people can better identify proportions based on a physical or digital model.,topic_1,0.05131676014758511
242,"The purpose of this study is a little unclear to me, but I think it was to potentially understand the strategies used amongst stats 218 students in choosing the ""taller"" figure. I would assume students' results from this study were compared to the grades of students.",topic_1,0.06384849131678781
243,The project aimed to investigate how students comprehend and analyze data given using visual tools such as block-based graphics or models. Its goal was to integrate statistical principles from Stat 218 to real-world visual representations and measure how well students understood them.,topic_1,0.3472974035629415
244,"I was pretty confused about what the goal of the experiment was, but perhaps it was for instructors to gain a better understanding of how students perceive objects.",topic_1,8.345379921944684e-309
245,The purpose of the experiment was to demonstrate how estimation techniques are used to make inferences about a population and to explore whether an observed effect suggests a causal relationship.,topic_1,7.78631563555807e-309
246,I think that the purpose of the experiment was to test how students perceive the height and percentages of different bar graphs.,topic_1,0.08698004749184912
247,I think the purpose of the experiment was to make you think critically about data analysis and proportions based on graphs/models.,topic_1,0.062375370613218836
248,"The purpose of the experiment was to investigate how accurately people perceive and compare data using different forms of bar charts—specifically traditional 2D charts, 3D digital visualizations, and physical 3D printed versions. By examining participants’ ability to judge which bar is smaller and estimate the ratio between bars, the researchers aimed to assess whether physical depth and tactile interaction in 3D printed charts improve perceptual accuracy compared to screen-based 3D and flat 2D representations.",topic_1,9.638392893836886e-309
249,I think the purpose of the experiment was to retest an old experiment to see if anything had shifted in society since the original experiment was conducted.,topic_1,7.63701618545179e-309
250,To see if the results have changed through generations of students at UNL.,topic_1,0.0823758073343656
251,I think the purpose of the experiment was to see if different students would read the graphs differently.,topic_1,0.11521028640516079
252,"The purpose of the experiment seemed to be testing how individuals interact with or respond to different 3D model designs. It may have aimed to explore how certain features—like shape, clarity, or usability—affect perception or performance when using a model. Overall, the experiment likely intended to gather data to improve design effectiveness or learning outcomes.",topic_1,1.0340366220239e-308
253,I think the purpose of the experiment was to see if people were more accurate with either 2-D charts or 3-D charts in terms of inputting data.,topic_1,1.2688206237778314e-308
254,I think the purpose was to see if a 2D or a 3D was easier for people to understand and read.,topic_1,0.1223783273664216
255,I think the purpose of the experirment was to see the variations on peoples choices. It also showed how everyone thinks and chooses differently.,topic_1,7.503208138550945e-309
256,I think the purpose of the experiment was to see how well are college students are able to interpret and estimate the values of bar graphs based off of pictures versus an in person model.,topic_1,0.09235843402251917
257,I was a little confused in the beginning of the experiment but I feel that the purpose was to see our perspective on how we saw the blocks we used. More specifically to see how people estimate proportions/ percentages and seeing how accurate they are.,topic_1,0.10258813837131389
258,how individuals analyze objects on a computer versus physical form.,topic_1,0.08523318644990026
259,I think the purpose of the experiment was to give students a hands-on experience with data collection and interpretation to reinforce concepts learned throughout the course,topic_1,0.05658426389315274
260,A purpose of the experiment is to test a hypothesis.,topic_1,7.214623099001703e-309
261,To identify which object was larger/smaller and estimate how much larger and or smaller.,topic_1,0.03196882371196854
262,"I think the purpose of this experiment was to see which bar graph was smaller. You had to chose on, either the triangle or the circle. Another point would be to see how people interpret sizes, if people are more accurate or less.",topic_1,0.1306420382858281
263,"The purpose was to choose which column was smaller. The column associated with a triangle or with a dot next to it.

At least that's what it looked like on the surface.",topic_1,1.0
264,I think that the purpose of this experiment was to test how students perceive the distance of the graphs after taking a stats course.,topic_1,0.08775115310479911
265,The purpose of the experiment was to see if you could see the shapes in the structures or not.,topic_1,9.59496749310583e-309
266,To determine how people view graphs and the most effective graph to show data.,topic_1,1.0
267,I think the purpose of the experiment was to see if the person was paying attention to each question.,topic_1,8.13044262740376e-309
268,The purpose was to test out if people can tell the difference in sizes from a 2D to a 3D model.,topic_1,0.10574801693167572
269,my iq,topic_1,0.07863185062847626
270,I thought that the purpose of the experiment may have been to study people's depth perception.,topic_1,8.722131604470244e-309
271,The purpose of the experiment was to determine how surrounding influences and proximity affect how one perceives objects.,topic_1,8.254241120251107e-309
272,I think the purpose of the experiment was to test our minds and see if it sees proportions the same when looking at them in different ways.,topic_1,0.03624059610753921
273,To see how well people can tell size differences in 2D vs 3D,topic_1,0.11523991527658263
274,The goal of this study is to comprehend how we interpret statistical graphics and how precisely we can decipher data from various types of charts.,topic_1,0.4208826196498258
275,I think they used this experiment to study how individuals see the different regions without a set of numerical data.,topic_1,0.02259092232073534
276,I believe that the purpose of this experiment was to grasp a better understanding of how we judge differences based on three-dimensional examples and two-dimensional examples.,topic_1,1.3257530685510887e-308
277,The purpose of the experiment was to see how people interpret 2D charts versus 3D charts.,topic_1,1.301218200085541e-308
278,To see if people can accurately correlate relative distance with shades of colors.,topic_1,0.11184170327169947
279,I think the purpose of this experiment was to see how people perceive and interpret quantitative information presented in different visual formats.,topic_1,0.09861263810601252
280,To test our understanding.,topic_1,0.08482547366552584
281,"The purpose of the experiment was to gather information about how well people are able to interpret maps/graphs , specifically color coded maps. This helps researchers create graphs that are easier to understand to people who do not work with this kind of stuff every day.",topic_1,0.10920949896786285
282,I believe that the purpose of this experiment was to gauge our understanding of spacial and color awareness.,topic_1,8.283042758859794e-309
283,"The goal was to see how people read and interpret heat maps, specifically whether they could correctly figure out which letter on the grid represented the larger quantity. It was basically testing our ability to make quick, accurate judgments based on visual data.",topic_1,0.10770945502074007
284,To observe how accurately people can estimate differences in values from heat maps and 3-D block charts.,topic_1,0.1076876063302508
285,i think the purpose of the experiment was to work on depth perception and how well someone can tell whether one color on a depth scale is higher/lower than another,topic_1,8.414361815002283e-309
286,"I think the purpose of the experiment was to see how well people can understand 3D graphs or charts, especially when they're shown on a screen. It probably also wanted to find out if having a physical 3D-printed version of the chart helps people understand the data better. Overall, it seemed like the experiment was about how different ways of showing data affect how people read and make sense of it.",topic_1,1.161409096051617e-308
287,The purpose seemed to be testing how accurately and quickly people can interpret and compare values represented visually in a heat map. It might have been aimed at understanding whether people can judge relative magnitudes from color intensity and spatial location without seeing the actual numeric values.,topic_1,0.1119981890371668
288,"I am not completely sure what the purpose was, I generally struggled with the information that was presented for us to make decisions off of. If I had to venture a guess, I would imagine that could be part of the experiment. The hypothesis was not stated, but could be inferred that given the heat variant maps, and limited data sets, students would incorrectly or correctly answer the questions. We, the students would be the experimental group. The controlled variable is that each student is taking the same ""quiz"" with the same questions and the same information. Variables would be that each student may answer the questions differently.",topic_1,0.0859372878856711
289,I think the experiments purpose was to use statistical evaluation and probability of which would have a higher amount based on its Heat color from the map. This can help identify differences.,topic_1,0.10126065329012883
290,I think that the purpose of this experiment was to allow us to understand how different variables can be represented in data. We then could use our resources given to see which variable was bigger and by how much.,topic_1,0.054186139657386306
291,To identify which graph type is more accurately interpreted/ more clearly communicates the results to viewers.,topic_1,1.0
292,I think the purpose of the experiment was to evaluate the ability for the human mind to successfully differentiate between color shade differences and 3-D height differences when analyzing a graph.,topic_1,1.336157022571341e-308
293,To test how we read graphs and statistical charts in different ways.,topic_1,1.0
294,The purpose of the experiment was to compare our answers from the 2-D and 3-D designs. One design was easier to answer while the other one was more difficult. With comparing our answers it can show what model is easier to get accurate information from.,topic_1,1.323872017395414e-308
295,to read 3D plots and see how different things affect quantity,topic_1,0.14714924476452626
296,"I think the purpose is to determine what type of data visualization is most easily/accurately understood, or perhaps what type is most misleading.",topic_1,0.3548589220612795
297,"The purpose was to compare data in a visual way, which represented heights and colors.",topic_1,0.094006128430435
298,To see which type of graph is easier to decipher.,topic_1,1.0
299,I think the purpose of the experiment is to test people's perception of size when using different shapes.,topic_1,0.04416404714273078
300,To see how student interpret t the question and it there answers change even when the difference in space between bars is the same.,topic_1,1.0
301,To see if students got progressively inaccurate as the graphs went on,topic_1,0.5708609273510872
302,"Personally, i can identify that they are separating results based on different age groups, as far as the charts that were involved my only guess in the experiment is that they were studying aproximation within different age groups, the goal is to see how well different age groups can determine approximately how high a certain bar is in conjunction with another.",topic_1,0.0965845808401737
303,I think the purpose of this experiment was to determine how well we can differentiate smaller and larger bars on 3D bar graphs.,topic_1,2.4627697198713303e-308
304,To determine how different mediums (3D vs 2D) affect the visualization of data.,topic_1,0.13335040556062477
305,I think the purpose of the experiment was to see whether your perception of the size of the graphs changed based on the size of the bars next to the bars.,topic_1,2.80186302011245e-308
306,The purpose is to evaluate if different formats of presenting data affects people's accuracy in making comparisons and perceptual judgements based on bar charts.,topic_1,9.648482910953045e-309
307,To see how well the general population interprets data between 2-D graphs and 3-D graphs.,topic_1,0.262502786080122
308,The purpose of this experiment was to measure perception judgement in a population currently in statistics.,topic_1,0.024546478562335064
309,I think this experiment was about understanding people perceptions based on size and understanding.,topic_1,0.0528357643496944
310,To see how humans are able to perceptualize different graphs,topic_1,1.0
311,I believe the purpose of this experiment was to test vision/perception by asking the participant to see which bar is smaller and by how small it is from different perspectives (2D/3D).,topic_1,2.727060268087493e-308
312,I think the purpose of this experiment was to see if people who are in a statistics class differ at all from others in this study. Also the study was able to get a larger sample size with people in STATS 218 participating in the study.,topic_1,0.05518114820935507
313,The purpose of the experiment was to see if 2D and 3D models can affect the perception of those who are currently looking at the graph. Will 3D graphs make the participant exaggerate the difference in two bars?,topic_1,1.136137870412453e-308
314,I think the purpose was explore how data is interpreted by students and what interpretations/conclusions we can make from graphs.,topic_1,0.13017034752458476
315,To gage students skills at estimating relative size ratios.,topic_1,1.5509857803741735e-308
316,test how accurately we could get the sliders,topic_1,0.0749536287812831
317,To see if we could identify which graph was smaller and by how much by looking at different graphs in different ways.,topic_1,0.578298004444312
318,To gauge how visual distractions affect perception of size.,topic_1,1.2567700033599657e-308
319,To see how accurate one can assume the specific height of a ar is to another on the same graph,topic_1,0.08667836194052934
320,I think the purpose of this experiment was to be able to demonstrate how angles alter an individuals perception.,topic_1,8.77599655947704e-309
321,To measure the difference in how well participants analyze data presented in 2D graphs compared to 3D graphs.,topic_1,0.22594498876931768
322,I think the purpose of this experiment was to test if taking statistics makes a person able to differentiate and compare the two bars better than someone not taking stats 218.,topic_1,2.794526261289066e-308
323,To test how someone measures two variable in front of them,topic_1,1.333680251485984e-308
324,I think the purpose of the experiment was to study differences in size estimation between different visuals representations.,topic_1,1.023612654660331e-308
325,I think the purpose of this experiment was to determine if bar graphs can be more correctly interpreted in either two-dimensions or three-dimensions.,topic_1,2.5076857542936775e-308
326,To test how much people perceive the percentage of something to smaller,topic_1,1.2252675421255967e-308
327,To see if there is a preference when displaying data. Is there a better route to be taking.,topic_1,0.6337967867715317
328,I think that the purpose of this study was to get a visual on what perspectives people see certain graphs.,topic_1,0.6887836914829045
329,I think the purpose of this experiment was to get a better understanding of where STAT218 students land.,topic_1,0.05714836482193906
330,To investigate how different forms of graphs are interpreted by individuals.,topic_1,1.0
331,"To see if we could accurately read the 3D printed, 3D, and 2D graphs",topic_1,1.205455785885759e-308
332,To determine if 3D-printed bar charts were easier to interpret and/or affected judgement than 2D bar charts.,topic_1,9.52378250689713e-309
333,I think the purpose of this experiment was to explore whether or not participants could determine the size difference between the two bars.,topic_1,2.782123537255446e-308
334,I think that the importance of this experiment was to determine if visual depths is a limiting factor in peoples ability to correctly distinguish between graphs with different values.,topic_1,1.3435295576562584e-308
335,"When evaluating the experiment in Stat 218, focus on key elements: clear research question, randomization, control group, treatment variables, sample size, data collection, experimental procedure, statistical analysis, ethical considerations, and meaningful conclusions. Assess these aspects to determine the experiment's validity and any potential limitations.",topic_1,7.298180027758336e-309
336,To understand which bar graphs are easier to determine what is being shown on the graph.,topic_1,1.0
337,To find out if students can identify heights of bars and comparisons in 2D and 3D / also if colors make a difference in what we see.,topic_1,1.0
338,Reading graphs,topic_1,1.0
339,The purpose of this experiment was to see if we can accurately guess how much taller or shorter one of the bars are compared to the other.,topic_1,2.933708694117931e-308
340,To evaluate how students choose variation in shapes.,topic_1,0.04727347931032954
341,I think that the. purpose. of the experiment was to investigate how different groups of students both read and understand statistical graphs. I think they want to see what graphs allow for people to read information from charts and what the easiest way to present information via statistical charts.,topic_1,0.12864209246704797
342,The purpose of the experiment was to test if people could trust their eyes and estimations.,topic_1,8.71875848096471e-309
343,"The purpose of this experiment was likely to explore how effectively 3D-printed visualizations can help students understand and interpret statistical data. By providing students with physical 3D models, the experiment might have aimed to assess whether interacting with tangible representations of charts or graphs enhances comprehension of statistical concepts—particularly those related to evidence strength, effect estimation, confidence, causation, and comparison of proportions and means. Additionally, using the app to guide students through the steps ensured that each participant followed a standardized process, allowing for consistent data collection on how these 3D visuals impact learning outcomes.",topic_1,1.0584191154236755e-308
344,To see how people view optical illusions and how it affects people ability to know the true size.,topic_1,0.10691257846636062
345,I believe the purpose of this experiment was to understand how accurately STAT218 students can perceive statistical graphics when asked questions related to comparisons of objects.,topic_1,0.11663789409865427
346,I think the purpose of the experiment was to see if there was a difference between 2D and 3D models when comparing two different sized objects. Essentially how the dimension of an object affects the perception of an object's height.,topic_1,1.028720714249803e-308
347,The purpose of the experiment was likely to determine the difference in perceptive ability in 3D versus 2D models.,topic_1,1.335134453869533e-308
348,To see how people in stats perceived graphs.,topic_1,1.0
349,It seemed like the experiment was trying to determine how well students could approximate height proprotions of blocks relative to one another in different formats.,topic_1,0.10718349395192471
350,The purpose of the experiment was to see how people perceived each graph to be a certain number. I think that as the experiment changed which graph was considered like the controlled variable to see how that changed what your judgement was towards the the sizing of the other graphs.,topic_1,0.06883919871588345
351,I think the purpose of this experiment was to count the graphs and the proportions.,topic_1,0.08759649531536409
352,To collect data on people’s brains,topic_1,0.09831011265701081
353,I think the purpose of the experiment was to see how different people see and analyze different sets of data,topic_1,0.04009915339712378
354,I think the purpose of this experiment was to show how people perceive different shapes and the size of them. I was used to compare sizes that someone sees with the naked eye.  They were also trying to see if a 2D or 3D look had an affect on the responses.,topic_1,1.023513960087225e-308
355,To accumulate data while maintaining system structure and organization.,topic_1,0.06964305601022813
356,The purpose of this experiment was to gather data for a study.,topic_1,7.397218776529366e-309
357,To explore how accurately we read data visualizations and understand the effectiveness of different statistical graphics.,topic_1,0.38560329625287276
358,"""The purpose of this experiment most likely was to explore the precision with which participants can compare the size of visual elements, like bars, when one acts as a reference. This present study can look at asking participants to make estimates regarding the height of a smaller bar in relation to a larger one.
perceptual biases, estimation accuracy, and how the visual context influences the ability to judge relative sizes. A finding such as this may help explain common errors made in visual perception and judgment.",topic_1,1.254071622610406e-308
359,I think that the purpose of this assignment is to see how students view data differently.,topic_1,0.13278197030260894
360,The purpose seems to be about whether or not people have a sense of interpreting graphs with confidence and accuracy. This study could help cut down on mistakes that might come from overanalyzing or getting lost in minor details to make it easier to interpret graphs where data visualization is used.,topic_1,0.5441695992948995
361,"The purpose of this experiment might have been to assess how well students can visually judge relative sizes, such as height or volume, and quantify them in proportion to a standard value. The experiment could also explore the cognitive processes or biases that affect visual estimations, especially in a statistical learning context.",topic_1,1.257940208999201e-308
362,I think the point of the experiment was to test our common sense to a degree and see if we can tell the difference between different sizes by estimation.,topic_1,0.046391585408826555
363,I think the purpose of this experiment was to look deeper into how people read statistical data to further improve the way data is shared.,topic_1,0.07823667727284347
364,"To determine if the original study stayed true over time, or if we developed better technology for 3D rendering of graphs and the ratios they represent.",topic_1,0.4360070765165602
365,To gauge how people perceive bar charts based on whether they are 2D or 3D,topic_1,9.76710927485006e-309
366,This experiment was to investigate how the different data between the printed version and the digital one affect the guessing or accuracy participants made.,topic_1,0.05442585577839986
367,"I think that the purpose of this experiment was to see whether our vision would be different compared to different models. We were given 3 different kinds of models, one that was flat, one that was physically 3d, and one that was a digital object you could move on your computer. By choosing which tower was larger, and what percentage that would be, how would it be different through out the 3 groups.",topic_1,0.028714815701755582
368,To explore how we interpret 3D graphs different than 2D.,topic_1,0.21127081605987402
369,I am still a little unsure what the purpose was because we did not get a hypothesis but I assume it was to see how well we could guess heights based on specific views. They did ask our favorite animal at the beginning as well as age and gender but I do not know how those questions affected the experiment.,topic_1,0.05036926825703297
370,The purpose of this experiment was to see if there was a difference in the way people read graphs.,topic_1,0.12806799034167832
371,For the researchers of this experiment to see what students observed in their judgement to 3D sizes,topic_1,1.322997714906226e-308
372,"To compare the efficacy of 3D rendered models, 2D models, and 3D models on a 2D plane at identifying the scale of the data values.",topic_1,0.1057544150893961
373,The purpose of this experiment was to emphasize the connection between statistics and scientific research and to connect the information taught in Stat 218 to current scientific investigations in statistics. The purpose was also to understand how we perceive statistical graphics and how accurately we can read information from charts represented in different ways.,topic_1,0.3368275049839238
374,I think the purpose of the experiment was to see how students viewed different graphs and to see our perception of how much larger a bar graph is compared to one side by side.,topic_1,0.07696389805729427
375,Researchers can evaluate participants' understanding of data and interpretation by having them compare the heights of two bars and then estimate the height of one bar based on the information provided. This can include generating estimates based on insufficient data and comprehending statistical concepts like mean.,topic_1,0.096952341803112
376,I think the purpose was to examine students' ability to correctly estimate size differences and proportions. There could be an added part of seeing if estimates are more accurate on computers or with the 3D models depending on if the research just wants to look at in person responses,topic_1,0.0603843372455783
377,I think the purpose of the experiment was to see how people perceive and judge relative sizes.,topic_1,0.04999923088638828
378,To judge if certain presentation styles made it harder to interpret data shown on the graph.,topic_1,0.6814999286982306
379,I think that the purpose of this experiment was to see if participants ability to estimate the height of the bar by comparing it to another bar with a known height is impacted by whether or not the bars are right next to each other or if there are bars in between.,topic_1,2.673287797186152e-308
380,"To determine the purpose of the experiment, I would need more specific details about the experiment itself, such as its design, hypothesis, and the variables involved.",topic_1,7.177335105526136e-309
381,"The experiment likely aims to gather data on perception and estimation accuracy,",topic_1,8.63702874359812e-309
382,i think that the purpose was to see how well students can infer the size of the smaller graph,topic_1,0.1191454933541432
383,To determine whether or not we can gauge the ratio of shapes based off images.,topic_1,0.1027528518591265
384,The purpose of the experiment could have been to determine how closely students can estimate using bar graphs.,topic_1,0.09767950634001987
385,The propose was to see if we can acccuretly guess the amount,topic_1,1.340396903095268e-308
386,I think the purpose of the experiment was to see how well people can read information when they are shown in different forms.,topic_1,0.05531213034696151
387,I think the purpose of this experiment was to better determine how good people are at guessing percentages of bar graphs.,topic_1,0.08506863775709914
388,To determine how people interpret the size of bars on a bar graph.,topic_1,0.5139307469359575
389,How well the participant can identify the size difference between each bar.,topic_1,2.8909518813274e-308
390,I'd imagine it was to determine if there is a correlation in the perception of size based on other objects around that said object and possibly by age and gender as well.,topic_1,0.05395556314826001
391,to test how we evaluate proportions when they are side by side vs apart vs 3D vs 2D and how the bars next to them can effect our answers,topic_1,1.0
392,The purpose of this experiment was to see if people could identify the height of one of two different bars if given one of their heights,topic_1,2.8912003448299527e-308
393,To see how close to accurate we got measuring sizes of the bars when they are apart or around other sized bars.,topic_1,1.0
394,To observe how students view the height of the bar compared to another.,topic_1,1.0
395,to get data and estimate how students will see graphs,topic_1,0.663185269997256
396,"To categorize, based on demographics, who could reasonably tell the difference between the two structures.",topic_1,0.09903306069183188
397,Not very sure. Maybe to compare sizes of different bar graphs 2D and 3D.,topic_1,1.0
398,to see if people pay attention to the other bars instead of the bars that were indicated with the shapes,topic_1,1.0
399,"The purpose of the experiment likely aimed to investigate a specific research question or hypothesis within a particular field or domain. It may have sought to explore the effects of certain variables, test the efficacy of a new intervention or technology, or contribute new insights to existing knowledge. Overall, the experiment likely aimed to advance understanding within its respective field and potentially offer practical implications or applications based on its findings.",topic_1,7.1669138303433e-309
400,To compare the two different bar graphs participants chose to see which graphs produced a more accurate answer from the participant.,topic_1,0.6433479208107081
401,"I would think that the purpose of the experiment was to see how changing the shape, length of the block, length apart from each other and perspective (3d or not) of the blocks affect how the blocks are perceived by the audience.",topic_1,0.10578487095969197
402,To test hypothesis and The purpose of an experiment is to gather data to determine if the results support or contradict the theory.,topic_1,7.037145267621184e-309
403,To see which graph was longer.,topic_1,0.6003899725651871
404,Maybe understanding the perception of accuracy maybe the wanted to investigate how accurate individuals perceive and estimate the height of graphical representations. Or the purpose could of been understanding and assessing the graphical designs of the bar graphs they may have wanted to understand and evaluate the effectiveness of different graphical designs and how us viewers would convey them.,topic_1,0.09444725750520375
405,to get a statistic of what the average answer was for each question,topic_1,0.15762533074818214
406,I think it’s purpose was to to see how well people could gauge based on sight.,topic_1,0.03263800650146365
407,"I do not remember the question that the experiment was testing as I participated in the experiment a week or two prior to this questionnaire being posted. I believe it was something to do with testing whether gender played a role in if one can accurately guess the percentage of area. Object 1 compared to object 2, whichever is smaller, what percentage of area does the smaller object cover of the larger object.

 

Purpose was to see if gender had an effect on one’s accuracy to guess this.",topic_1,0.05174332499862904
408,I think that the purpose of the experiment was to see how accurate people can be at guessing somethings height/value.,topic_1,0.05025488879443272
409,"I think that the purpose of this experiment was to see how accurately people can identify the difference in heights of the bars in bar graphs. It shows how we can have a skewed perception of data shown on bar graphs, as we cannot tell how much different they are.",topic_1,2.6006323573651824e-308
410,To identify whether the naked human eye can detect skewed differentiations.,topic_1,0.10100444210762868
411,The purpose of the experiment was to test pattern recognition. To see the trends in problems and how to solve them.,topic_1,0.04220252504890489
412,I think the purpose of this experiment was to see how students in the statistcs class could estimate values and use problem solving.,topic_1,0.046498873886694235
413,The possible purpose of the experiment could be to gauge the accuracy of a population's perception of ratios between objects.,topic_1,1.1928943829620246e-308
414,The purpose of the experiment was to determine how accurately students could estimate proportional relationships using 2D and 3D models.,topic_1,0.05804785082677043
415,To generalize an experimental unit.,topic_1,7.17927087746441e-309
416,to determine students' ability to identify shape of samples and ability to calculate.,topic_1,1.6357261049143134e-308
417,To see the ability to make predictions.,topic_1,0.09539334314309786
418,the purpose of the experiment was to measure blocks and to see which variation was taller or shorter.,topic_1,0.10511463104179994
419,To see how well students in Stat 218 estimate the height of an unknown amount when given a height you can compare it to.,topic_1,0.07868538621342475
420,to measure how well people can measure the different in height between items,topic_1,0.08867080440013167
421,To see how we judge sizes.,topic_1,0.07252073667853227
422,I think the purpose was to see how well each person can determine height differences.,topic_1,0.05396037034581836
423,I think the purpose of this experiment is to see how far people's perception of data could be. This is a good example of standard deviation.,topic_1,0.09151848858001746
424,Understand estimation skills and depth perception in participants.,topic_1,1.275186361844754e-308
425,To find how accurately people can read bar graphs,topic_1,0.43053933050277543
426,To see how accurately people can estimate the size of the graph.,topic_1,0.6255417623558656
427,I think the purpose was to see how the surrounding size of bars in a bar graph can make the chosen bar look smaller or larger than it actually is.,topic_1,0.09225251297563386
428,To determine the average person's ability to read and interpret graphs,topic_1,0.6393087944927909
429,See if technology makes it easier to identify heights or if in person models are better.,topic_1,0.08535155761837225
430,To see how most people read graphs and if most people are thinking the same distance for graphs.,topic_1,1.0
431,To evaluate whether or not people can read graphs with confidence and accuracy.,topic_1,1.0
432,I think the purpose of this experiment is to see if people know how to guess the size of different bars if one bars measurement is given to you.,topic_1,2.9147658868952694e-308
433,Visual perception,topic_1,1.353776727083258e-308
434,To see if different people were able to determine the size difference between the blocks that they chose.,topic_1,0.10367315651018776
435,I think the purpose of the experiment was to take statistical charting on different students how the different types of statistical charts are used and understood.,topic_1,0.25776854505607444
436,To see how well students in Stats 218 can understand and visualize graphs.,topic_1,0.6061674051823891
437,To see how other people might view the bars differently.,topic_1,1.0
438,To better evaluate how the general public understands graphs.,topic_1,1.0
439,"Figuring out our problem solving skills. Maybe testing our eyesight, how accurate we are when seeing things in real life as opposed to a 3d Model on the screen, or a 2d image on the screen.",topic_1,0.11682042778202632
440,Our observational skills.,topic_1,0.07158307849474987
441,I think the purpose is to compare how graphs look physically vs virtually. It probably has something to do with making sure graphs look accurate to the data.,topic_1,0.4825574141517176
442,to test if we could tell the difference between heights,topic_1,0.09587537849561507
443,to test if the other blocks affected how we perceive things right next to it,topic_1,0.10309016671853337
444,I think the purpose of the experiment was to determine how well people could determine the different heights when comparing two bar graphs and how they were different or similar.,topic_1,0.09865493838219898
445,I think that the purpose of this experiment was to see the average number of either the triangle or circle bar.,topic_1,0.12968843562377463
446,It can help us learn more knowledge about plane graphics and stereo graphics.,topic_1,0.19983534374793885
447,I think the purpose of this experiment was to evaluate our analytical abilities when concerning graphs.,topic_1,0.08504433495070529
448,"The purpose of the experiment was to catalogue how accurately people are able to read graphical representations of data depending on the medium in which this data is presented (digital 2D, digital 3D, digital 3D interactive, and real life 3D)",topic_1,0.09754204745938892
449,"The trick of a person's feeling. Following a 2D model, 3D model or a actually figure, the person would give different feelings of size.",topic_1,1.286047551859858e-308
450,My guess is that it was either about graph reading ability or fatigue in estimation over long periods of test taking.,topic_1,0.12323578640052234
451,i think that the purpose of this experiment was to see our sense of perception while also testing our cognition about thought processes.,topic_1,8.352603820541944e-309
452,"The purpose of the experiment was to identify which type of graph people can interpret more accurately (e.g. the 2D graph, the 3D adjustable graph, or the physical 3D printed graph).",topic_1,0.07800361589330411
453,To gather data about what method of communicating data to others is best for comprehension.,topic_1,0.09990921849085212
454,To see how well a 3d model did vs a 2d graph on a screen to convey information/data to people.,topic_1,0.23417351953595186
455,To see how a person and gauges differences.,topic_1,0.08782210557472402
456,It was to see how well people can judge proportions off sight alone.,topic_1,0.062393606206147485
457,I think the purpose of the experiment is to find how students accurately predict a percentage of a bar graph.,topic_1,0.08617735306895188
458,I think the purpose is to se how college students correctly tell where the bars are at compared to each other.,topic_1,1.0
459,I believe the purpose of this experiment was likely to investigate how people perceive and make judgements about three-dimensional objects when presented with two-dimensional representations.,topic_1,1.3245750629987687e-308
460,To learn more about students,topic_1,1.468242631547225e-308
461,Recognizing how perspectives and conclusions can change with context/additional data.,topic_1,0.13499980356891675
462,The purpose of the experiment was to compare the results of this study to a replica of a study conducted in the past.,topic_1,7.505844010231756e-309
463,To determine the efficacy of different graphical representations of data in conveying the intended information.,topic_1,0.3860400421706587
464,To see if a specific group of people are better able to visually identify numerical difference over another group of people,topic_1,1.412068275924589e-308
465,"I think the purpose was to find out if what different students thought the amount was based on a picture and then what it was based on the corresponding 3-D model lined up. If they have a bar graph and one value is 100, it would then ask what our perception of the value was of a graph with a different size next to it.",topic_1,0.09540078437283364
466,Finding the stats of how people perceived different heights.,topic_1,0.08466997390786735
467,"I think the purpose of the experiment could have been the see the different ways data could be visualized (2D graphs and 3D printed graphs, and 3D digital graphs). 

They wanted to replicate the findings of Clevland and McGill's work and are trying their best to replicate it as best as possible.",topic_1,1.1564505340164987e-308
468,"I am not sure to be honest, but to see who gets the most right, maybe even by sex.",topic_1,0.08613173535720929
469,To identify how people visualize graph heights off of other hieghts.,topic_1,0.11232849219672036
470,"To find out if the person had a different vision as other people, meaning that the shapes were different seeing if people with dyslexia could figure out the shapes.",topic_1,9.984979664996504e-309
471,To determine how well students can evaluate the height of bar graphs when looking at physical models compared to pictures on the screen.,topic_1,1.0
472,To determine how well stats students can interpret physical distributions.,topic_1,0.37035603447260845
473,"determine whether people can more acurrately estimate the height of a bar in a bar graph if the graph is Physcial (4d?), 3d or 2d.

 

iv: physical graphs vs 3d graphs, vs 2d graphs 

dv: accuracy of bar height estimation when compaired to another bar on the graph",topic_1,0.03805291004373127
474,To see how well students can read and differentiate graphs.,topic_1,0.6453198548145485
475,I think that the purpose of the experiment was to estimate to the closest value possible.,topic_1,0.04186393333078762
476,To allow students to analyze the differences in heights of the blocks in the experimental design,topic_1,0.10685506356581531
477,To gain a understanding of how one may assume and estimate a quantity.,topic_1,1.4832961150497947e-308
478,I think the purpose of the experiment was to see what colors and what shapes students picked out first.,topic_1,8.70960388107937e-309
479,I think that the purpose of the experiment was to compare different individuals' answers to the questions.,topic_1,8.2032275983613e-309
480,To determine which method of interpreting graphs provided more accurate results.,topic_1,1.0
481,I think the purpose of the experiment was to see how 3D models would affect spatial calculations and estimations,topic_1,0.0097026231284408
482,Determining the population's ability to determine proportion in comparison to actual proportions,topic_1,1.209294095758949e-308
483,To test perception based on a physical diagram vs a visual,topic_1,1.3349052789533417e-308
484,"I think the purpose of this experiment was to have as many outcomes as possible, allowing the researcher to be able to repeat it as many times as they would like. Given this, experimental probabilities of serval outcomes can be measured and calculated.",topic_1,7.69139750436231e-309
485,To check how accurate students are at reading bars. The experiments might also have a hidden purpose because scientists sometimes hide the actual purpose until the experiment is over to avoid biases.,topic_1,0.09126384075149427
486,To see how each participants perception works,topic_1,0.08465846536637482
487,To measure how students or individuals perceive distances in bar graphs.,topic_1,0.10176225437206562
488,Experiment that I had in class is learning about how stat is really important in this world. purpose of the experiment was when you learned what you need to learn about.,topic_1,0.041289841163407774
489,To determine how people visualize the numerical amount of data on bar graphs,topic_1,0.44290339334139894
490,I think the purpose of the experiment was to determine if physical models make it easier for students to interpret values based on relative size of the bars of a bar graph.,topic_1,2.3121207129137463e-308
491,to see if we can acurately guess the height of the blocks,topic_1,0.10507956166595941
492,I think the purpose of the experiment was to test perspectives about the distribution of the bars.,topic_1,2.5281633989712547e-308
493,I think the purpose of this experiment was to collect data on how participants interpreted the values of different bars in comparison to different lengths/heights.,topic_1,2.736057846488064e-308
494,To see how accurately people could guess the sizes,topic_1,0.0711024344973871
495,I think the purpose of the experiment was to look at how we view graphs and how we can evaluate and estiamte results given a specific graph.,topic_1,0.08368695351726525
496,I think the purpose of the experiment was to see how individuals visualize data in real life 3D printed form versus how they view it in an online or 2D space and to see if there was any drastic differences between the two.,topic_1,1.0325090306554394e-308
497,I think the purpose was to see how we view an interpret the different shapes,topic_1,9.82155104648989e-309
498,I think it could've been seeing how different people perceive things in different ways.,topic_1,7.5592279369878e-309
499,I think the purpose was to investigate whether people can estimate quantitative values of 3D graphs and compare it to the values people estimate for 2D graphs.,topic_1,0.18254877965667082
500,To see how well our depth perception is/ spacial awareness.,topic_1,0.042375824234102966
501,To see how college students make assumptions based on comparison of size.,topic_1,1.480539472164346e-308
502,the purpose of this experiment was to determine judgements between 2d and 3d printed bar charts,topic_1,9.59139119960934e-309
503,I think the purpose of this experiment was to test how people view different graphs. This is tested by graphs online and 3D printed graphs.,topic_1,1.4338678738892026e-308
504,To determine which type of bar graph people can better understand and what group can interpret the graphs better (statistic students or not statistic students).,topic_1,0.4676007842542429
505,"To see whether people were more easily able to identify the difference in height between two surfaces in 2D, electronic 3D, or physical 3D.",topic_1,0.12171885638926276
506,To compare the people's answers,topic_1,0.14386218702322995
507,To see if there is a statistically significant difference between the accuracy of interpreting 3D data visualizations rendered in a 2D environment versus 3D data charts rendered in a 3D environment.,topic_1,0.11832884166229152
508,"I think the purpose of the experiment was to determine our ability of approximation, and how extreme our eyes skew the truth of size.",topic_1,0.042218243652795605
509,"To determine the difference in perceived difference of 2 graphs from the actual difference, and if it differed between digital and physical graphs.",topic_1,0.1293394967932404
510,"I think the purpose of this experiment was to see how the answers varied between physical bar graphs, stationary and 2D, and 3D but located on a computer. Even though the graphs were the same, the perceptions were different.",topic_1,2.427086186550492e-308
511,To understand perception guesses of blocks between different 3D models.,topic_1,1.454981046273885e-308
512,The purpose of the experiment was to use statistics students to determine a certain probability or statistic of guessing the heights of the bar graphs.,topic_1,0.08651437041873593
513,To evaluate how people interpret data from 3 different visuals.,topic_1,0.034752751995424325
514,To judge which graph is smaller or larger using 2d and 3d bar graphs.,topic_1,0.1898351334233322
515,The purpose of the experiment was to assess the effectiveness of 3D printed bar charts compared to traditional 2D and digital 3D charts in conveying information accurately. While also extending previous research on judgments in data visualization.,topic_1,9.40730590112283e-309
516,Possibly to see if a physical or online image serves best in physical length estimation.,topic_1,0.11560064782146288
517,I think the purpose of the experiment was to evaluate our Stats knowledge in comparing two different objects mathematically.,topic_1,0.0498254622575044
518,The purpose of this study was to replicate the results that were present in the Cleveland and McGill study from 1984. This study was to experiment perceptional judgement of different 3D graphs.,topic_1,0.037620086326958416
519,To find how accurate people were at guessing using different visuals.,topic_1,0.1020228125986243
520,"I think the purpose of the experiment was to find out how near to the actual value of the smaller bar on the graph people typically can guess, from different perspectives. The point of view, nearness to the taller bar, and other factors changes from question to question, so I assume the experiment is analyzing how that affects the choices of values.",topic_1,0.07553558620468823
0,To see how accurate the students can be with each of the graphs and if they do better at looking at the screen and guessing or in person.,topic_2,0.04936034180138443
1,I think the purpose was to determine is we could imagine the depth online.,topic_2,1.0
2,The purpose of the experiment was to determine how different people read graphs.,topic_2,0.08279692588342714
3,I think the purpose of the experiment was to see how our eyes could judge certain sizes or percentages with our naked eye. It was to find statistics on how well we could make an educated guess on the size of the blocks.,topic_2,0.1065666582266329
4,The purpose of the experiment is to see if random individuals can estimate percentages in the same pattern as previous years.,topic_2,2.754745747386075e-308
5,To see whether participants could accurately measure ratio differences using 3D bar charts better or worse than 2D rendered charts knowing that visual depth plays a role.,topic_2,7.35342038315578e-309
6,To do a statistical study on the different results students got from each bag and to see where students chose a different option or not.,topic_2,1.688509200800876e-308
7,I believe the purpose of this experiment was to test whether or not having a physical model of the bar charts allow people to better estimate their size.,topic_2,9.44688717107577e-309
8,"I think the purpose of this experiment was to compare how people interpret different graphs in different ways with using 2D graphs along with 3D graphs and combining the results to see how the results differed. The purpose of this experiment was to also try and replicate the experiment that Cleaveland and McGill had done previously, but they had to tweak some things in the experiment.",topic_2,0.05696520325655758
9,I think that the purpose of the experiment was to collect data of students from the same course over a period of time and see how results compare and differ.,topic_2,0.13488548925143926
10,To see the difference in how people interpret an online graph versus a physical copy of one.,topic_2,8.13306150903098e-309
11,To determine is students in the introduction to stats class at UNL were better/preferred reading 3D printed graphs compared to digital 2D graphs.,topic_2,0.0692855981790585
12,Probably to find an average on our ability to estimate sizing and percentages based on other things.,topic_2,0.1851241999638723
13,To gain a better understanding of how visual representation plays a role in understanding the data it presents.,topic_2,0.08976832229219499
14,The purpose was to understand if 2D graphs are easier to interpret than 3D graphs.,topic_2,0.08053714654766923
15,To gauge depth perception of a physical object vs a object on the screen.,topic_2,0.11617458081721574
16,It was likely to investigate how different types of graphs affect student observations by comparing students' comprehension across various graph formats.,topic_2,7.87200796683346e-309
17,To determine which model (2D or 3D) is easier to more accurately read and to see if the data was similar to the one they are recreating,topic_2,0.11355842874563618
18,Determine students' of stats 218 understanding of statistics through an in person graphing experiment.,topic_2,0.08814925501350064
19,The purpose is to see whether students can estimate the percentage of bar height when compared to others. We had limited tools. I used me own personal judgement or “gut feeling” to find percentages.,topic_2,1.0584821592876636e-308
20,I think the purpose of this experiment was to find if this study would help or not and if it was giving good information as well.,topic_2,2.98123338379773e-308
21,I believe the purpose of the experiment was to see how a person reading a bar graph can be influenced by neigboring numbers or stats.,topic_2,0.03845701621743802
22,I think that the purpose of this was to look into the ability for college students estimate numerical ranges in correlation to its location on a graph with other various values.,topic_2,0.028585661273495676
23,I think the purpose of the experiment was to see how well we can perceive things.,topic_2,1.0
24,I think the purpose of this experiment was to determine the accuracy of 3D charts to 2D charts.,topic_2,1.398138847205894e-308
25,"I think the purpose of the experiment was to see how different versions of models affected how people analyzed those models, specifically how accurate they were when estimating the ratios of the bars.",topic_2,9.11903433174479e-309
26,To see how accurately people perceive heights.,topic_2,0.08095059414305622
27,The purpose of the experiment was to determine if it 2-D or 3-D figures and charts are easier to identify by the human eye.,topic_2,1.418961287511307e-308
28,I think it was to see if people could accurately guess the ration of the two bars in graphs.,topic_2,9.37149710356286e-309
29,To see the perception of different college students,topic_2,1.558447663316119e-308
30,I think the purpose of this experiment was to understand the difference between different shapes on a graph and compare which shape is bigger than the other. I think the purpose was to compare the results of hands-on visualization and online visualization.,topic_2,0.07515609135502714
31,I think the purpose of the experiment was to test how students perceived heights based on the closeness/ separation of another given height,topic_2,0.08931752693907825
32,To test the ability of students perception of estimating amounts,topic_2,1.881624314339147e-308
33,"To see how we compare the different shapes and sizes to each other, so like a null and alternative hypothesis.",topic_2,0.10345995522662803
34,I think the purpose was to evaluate how people see different quantities and estimate numbers.,topic_2,0.0687898571162083
35,The purpose of the experiment was to determine the proportion of students who could correctly guess the difference in bar graph size based on if it was done online or in person with materials,topic_2,0.043698774462880764
36,To determine which type of graph (2D or 3D) yielded a higher percentage of successful estimates by students.,topic_2,0.0765844502201693
37,I think the purpose of the experiment was to gauge how students perceived bar graph values or just bar values when the values aren't given. There is variability between the physical graphs and the digital graphs as well.,topic_2,0.03447058528325475
38,"I think the purpose of the experiment was to evaluate how easy different presentations of graphs are for people to read, to know which types are best to use when publishing studies.",topic_2,0.08126546002565502
39,To see if participants could accurately/semi-accurately understand the graphs,topic_2,8.415994271405346e-309
40,To see how the color of the blocks changed the perspective of how tall certain peaks of blocks were.,topic_2,0.10434223398109409
41,I think it was to test how everyone responds to an experiment like the one we took,topic_2,3.462423086834655e-308
42,I think the purpose of the experiment was to see how people perceive objects compared to one another with potential other distractions.,topic_2,1.0
43,I think the purpose of the experiment was to see if people can identify a difference in size on the computer vs in person holding the blocks.,topic_2,0.10632768801006473
44,I think the purpose of this experiment was to try and survey lots of peoples perceptions of size of things.,topic_2,0.31486593514480243
45,To see how bar graphs can affect someones perspective on the percentages being shown.,topic_2,0.06636524933930579
46,To see if people are capable of accurately determining a size difference of objects based strictly on visuals.,topic_2,0.11321454895477202
47,to see if students can correctly measure the proportions of the blocks,topic_2,0.1033962287650734
48,I think the purpose of this experiment was to see how individuals answers will vary/how they see and distinguish different proportions of bar graphs in different arrangements.,topic_2,8.72414009746823e-309
49,To see if we would more accurately predict the percentages of the bars with a 3D model or on a 2D model.,topic_2,1.0081090387110913e-308
50,I think the purpose of this experiment was to see how well participants could interpret graphs and if having a statistical background via taking a stats class may impact their interpretation skills.,topic_2,0.08909842011325361
51,I think the purpose is to look at how people interpret the difference in the magnitude of data depending on the form it is viewed in,topic_2,0.08615555653721782
52,To determine if people could accurately judge the difference in height with the blocks of different colors.,topic_2,0.1035663506982526
53,Find how accurate people's perception of size and scale is.,topic_2,4.0064845747303364e-308
54,To see how different people interpret bar graphs and how they compare sizes based off of purely look given the percentage of the size compared to the other graph.,topic_2,0.06561762111508423
55,I think the experiment was to see what we have learned but also to see each persons outtake on the different shapes.,topic_2,1.0
56,I think the purpose was to find tendencies in how people select their answers and to pair them with a reason.,topic_2,0.0803344515287225
57,To see how certain people would think in different ways and how they pay attention to detail.,topic_2,0.08440744932326999
58,To see how well people are able to read graphs.,topic_2,8.412370154923574e-309
59,to see what we can observe compared to the actual reading,topic_2,0.07516169386236224
60,I think the purpose of the experiment was to see how students compare values (bars) in data sets (histogram) when viewing the histogram in 3-D vs a picture on the computer.,topic_2,8.71051171334978e-309
61,The purpose was to compare how the general public sees data and how researchers see data.,topic_2,0.13740844327942858
62,Determine if we can approximate the differences in sizes of objects,topic_2,4.111718143699768e-308
63,To see if we could notice the difference of the charts that we were looking at.,topic_2,0.04836925266190848
64,To show how looking at a flat graph (2D) can change perception and values when looking at a physical graph (3D).,topic_2,0.08232654374293719
65,I think the purpose of this experiment was to show us how experiments are conducted and generally how they look.,topic_2,3.960873301162615e-308
66,to see how answers can differentiate from different viewers,topic_2,0.05033046336335801
67,This was to help us find and determine how to read graphs virtually and in a 3D form.,topic_2,0.08209532003813398
68,to investigate people's differing perceptions on graph reading,topic_2,7.722681103829284e-309
69,I think the purpose of this experiment was to test the accuracy of 3D and 2D graphs,topic_2,1.449807059338231e-308
70,"Truthfully, I'm not sure what the purpose of the experiment was. However, if I was to guess, I'd say it was like an experiment to see how well people can differentiate two things from one another.",topic_2,1.0
71,To see how we interpret unlabeled graphs,topic_2,7.66143462588001e-309
72,To learn how people comprehend graphs on a 3d and 2d scale.,topic_2,0.0823878939672655
73,I think the purpose of the experiment was to see how people interpreted graphs differently based on if they were 2D or 3D.,topic_2,1.375394303805627e-308
74,I think the purpose of the experiment was to measure how well the average statistics student can estimate differences in the size of data from visual data sets/graphs.,topic_2,0.10049983074340708
75,I think the purpose of the experiment was to determine how the choices used when creating graphics of data affect the understanding of the data.,topic_2,0.09991471443769538
76,To identify which age groups could recognize percentage differentiation in different images and models of charts,topic_2,0.05150946305899149
77,"I think the purpose was to attempt estimating percentages in a bar graph. I also thought it was a way to see how close we can get to the right answer. I found myself making educated guesses more than probably getting the right answer, but it made me think critically. I think this was another goal as well, critically thing of the graphs we normally see.",topic_2,0.05163045478651043
78,To determine how different types of statistical charts are used and understood,topic_2,0.08440468769048069
79,To test the depth of perception of each person as they estimated the distance between the shortest set of units and the tallest set of units in the set.,topic_2,0.1054443247720645
80,"Figure out how well people can read graphics made online or if real world examples work better

 

 

 

I DONT KNOW WHERE TO PUT THE CODE SO HERE IT is 

project id 22579

complettion code is like 20 digits but the last is 22895",topic_2,0.08108638153934361
81,To determine whether people can “eyeball” the correct proportion.,topic_2,0.08185223152092932
82,To see how accurately people can determine dimensions based on different angles.,topic_2,0.11371896137380394
83,"I think the purpose of this experiment is to determine whether or not people with knowledge/experience with statistics are ""better"" at estimating ratios by observing graphs and models.",topic_2,2.991510898410699e-308
84,To see how different students estimate reading bar graphs with no units on the side to help them figure it out.,topic_2,0.0612426506683901
85,To be able to judge and estimate the size of the the different columns an estimate how much smaller the short was was compared the bigger 100 sized one.,topic_2,0.1827489036357893
86,To figure out if college students can accurately estimate the difference between two bars.,topic_2,0.05366469344296793
87,I think it was to look at bar graphs in a way.,topic_2,9.38543002125725e-309
88,I think the purpose of the experiment was to determine how a student interprets the size of a bar within a 3D graph model.,topic_2,8.63923485332812e-309
89,I guess just to figure out how well people were at interpreting data that wasn't given to you based on what we had. Like how we were able to approximate how tall one of the towers was based on the other.,topic_2,0.08371888722315915
90,I think the purpose was to determine how people interpret different charts and different percentages in relation to each other.,topic_2,0.08916704034466158
91,To see if people understand 2D or 3D graphs better,topic_2,0.06917494181351408
92,I think that I couldn't really find a true purpose other than collecting random data. The data was from different classes so it somehow connects with that.,topic_2,0.16009393137963604
93,To replicate partial results from Cleveland and Mcgill and to extend their study.,topic_2,2.2819268909298373e-308
94,see if people perceive graphs differently if online or in person. Also if 2d or 3d have effect on how it’s perceived.,topic_2,8.05302550249472e-309
95,"The experiment aimed to see how well people can compare bar heights in different types of charts—2D digital, 3D digital, and 3D printed. The researchers wanted to find out if using physical 3D charts could help people make more accurate judgments, especially compared to the often-criticized 3D graphs on screens. They were testing whether hands-on, printed visuals might actually make understanding data easier.",topic_2,7.743359992927985e-309
96,I think the purpose of the experiment was to investigate how well individuals can replicate models coming from two platforms (physical model to online model).,topic_2,0.211220674132365
97,I think the purpose of the experiment was to see the difference between how someone can read a 2D or 3D graph.,topic_2,1.501732226399205e-308
98,The purpose of the experiment was to analyze how accurate my perception of 3D graphics is and analyze and study this data to find the best ways to convey data accurately.,topic_2,0.08201815076271797
99,"At the beginning of the experiment, I was completely lost and did not know what the purpose of the experiment was. During around the middle of answering the questions, I thought it would be about if a person can identify the correct images from the printed models to the 3d images as well as the 2d images. Now, I think the purpose of the experiment is to see what different mediums of data visualization can be more accurately portrayed.",topic_2,2.2257228341627e-308
100,To depict whether a participant will be able to tell how small one part of the blocks are compared to the others in 2D vs 3D.,topic_2,0.11963353310750338
101,The purpose of the experiment was to understand why we did this experiment and what we learned from it.,topic_2,0.04100993188739296
102,To determine whether physical 3D graphs are easier for people to correctly read than digital 3D graphs.,topic_2,0.07583835216766707
103,I think that the purpose of the experiment was to see whether or not we could identify different graphs when they look different.,topic_2,0.07745351135710851
104,I think the purpose of this experiment was for us participants to determine how the depth of objects without any clear indications. To be able to estimate lengths and heights of different objects.,topic_2,1.0
105,Figuring out which medium allowed the most accurate judging of difference in the length of the bars.,topic_2,9.67298054713921e-309
106,To determine whether people interpret 3D graphs better than 2D ones.,topic_2,0.08178302032621107
107,to see the amount of hours that a student slept. I and I was comparing different values given to me.,topic_2,0.04767210597770262
108,To see how viewing a two-dimensional object and a dimensional object can skew our perception.,topic_2,2.240321884660274e-308
109,The experiment tests how easy one can identify the target in the graph.,topic_2,0.07826444112290176
110,I think the purpose of the experiment was to identify whether or not 3D graphs are easier to read compared to other types of graphs.,topic_2,1.3548837317082214e-308
111,The purpose of this experiment was to see which graph had a great value between graph A and graph B.,topic_2,0.07654491015693604
112,I think the purpose of the experiment was to see how people were able to understand graphs and 3d data. How people are able to visualize differences,topic_2,1.664352588896372e-308
113,To see if people could identify 2d online or 3d printed bar graphs better.,topic_2,0.0696631394383226
114,I thought the purpose of the experiment was to see if people could accurately guess the difference in height/ length between two objects.,topic_2,0.3790901003908967
115,"If I were to wager a guess, it was to replicate a past study examining the effect of visual depth on perceiving three dimensional data visualization.",topic_2,1.852465829793364e-308
116,The purpose of this experiment was to determine how well people could perceive and compare data using 3D printed bar charts compared to 2D versions. Aiming to explore whether the depth in 3D formats improved or hindered the accuracy in interpreting visual data.,topic_2,7.381603867762024e-309
117,"To allow for the researchers to make a conclusion about which type of graph (2d, 3d, or 3d printed) is better for conveying information.",topic_2,0.07777119555944456
118,I think the purpose of this experiment was to better understand how to get students to recognize information/data better. It was to figure out whether 2D or 3D graphs work better for students understanding.,topic_2,1.609792831079068e-308
119,The purpose of the experiment was to identify perceptual differences in how 3D and 2D data models are presented.,topic_2,0.08084742938374082
120,To see how different people visualize numbers.,topic_2,0.08438907160832317
121,To see how well people can guess or estimate the height of things.,topic_2,0.08116387143182184
122,I think the purpose was to compare the effectiveness of 3d printed bar charts to digital charts.,topic_2,0.02250369174601089
123,I think the purpose of this experiment was to identify the percentage of correctly guessing the distance between two graphs and the average guesses on the percentages.,topic_2,0.07957191218854019
124,to gather statistical data about how people viewed the graphs,topic_2,8.086099966148596e-309
125,To determine if it is more accurate to determine size and ratio from a 2d perspective compared to a 3d perspective.,topic_2,0.11770371745698609
126,I think the purpose of the experiment was to see the difference between how someone can read a 2D or 3D graph.,topic_2,1.4656322967477864e-308
127,To replicate partial results from Cleveland and Mcgill and to extend their study.,topic_2,2.3205985774234554e-308
128,I think that the purpose of the experiment was to see whether or not we could identify different graphs when they look different.,topic_2,0.07977381683573694
129,I think the purpose of the experiment was to investigate how well individuals can replicate models coming from two platforms (physical model to online model).,topic_2,0.21352080721958533
130,To determine whether physical 3D graphs are easier for people to correctly read than digital 3D graphs.,topic_2,0.07591728491994594
131,"At the beginning of the experiment, I was completely lost and did not know what the purpose of the experiment was. During around the middle of answering the questions, I thought it would be about if a person can identify the correct images from the printed models to the 3d images as well as the 2d images. Now, I think the purpose of the experiment is to see what different mediums of data visualization can be more accurately portrayed.",topic_2,2.220021919029069e-308
132,"The experiment aimed to see how well people can compare bar heights in different types of charts—2D digital, 3D digital, and 3D printed. The researchers wanted to find out if using physical 3D charts could help people make more accurate judgments, especially compared to the often-criticized 3D graphs on screens. They were testing whether hands-on, printed visuals might actually make understanding data easier.",topic_2,7.96930612423707e-309
133,I think that I couldn't really find a true purpose other than collecting random data. The data was from different classes so it somehow connects with that.,topic_2,0.15871740437289472
134,The purpose of the experiment was to analyze how accurate my perception of 3D graphics is and analyze and study this data to find the best ways to convey data accurately.,topic_2,0.08187142980807625
135,To see if people understand 2D or 3D graphs better,topic_2,0.06988148961342468
136,I guess just to figure out how well people were at interpreting data that wasn't given to you based on what we had. Like how we were able to approximate how tall one of the towers was based on the other.,topic_2,0.08369743466470261
137,The purpose of the experiment was to understand why we did this experiment and what we learned from it.,topic_2,3.223547458176822e-308
138,I think the purpose was to determine how people interpret different charts and different percentages in relation to each other.,topic_2,0.08920942851414958
139,see if people perceive graphs differently if online or in person. Also if 2d or 3d have effect on how it’s perceived.,topic_2,0.006015224436417385
140,To depict whether a participant will be able to tell how small one part of the blocks are compared to the others in 2D vs 3D.,topic_2,0.11928169270273294
141,I think the purpose of this experiment was to see if students taking STAT 218 can understand scale and proportion when reading graphs.,topic_2,0.0908455923825631
142,"I think that the purpose of this experiment is a continuation/expansion of an experiment that has previously occurred. More data is being collected in order to further the knowledge and statistical evidence that has already been collected. As a participant in this experiment, I can identify the component of the population of interest, being students enrolled in STAT218 (and there may be an age requirement of 19 and older). I am not sure of the duration of this experiment, but I know that we have given permission for our data to be in the UNL records for 3 years, so this experiment is most likely on-going for longer, yet.",topic_2,0.1521470188602789
143,"*

expirement .docx",topic_2,0.17556846440308185
144,"The purpose of this experiment was to see how well people can compare data in different types of bar charts—specifically 2D charts, 3D digital charts, and 3D printed charts. The researchers wanted to find out if physically holding and viewing a chart in real 3D space helped people make more accurate judgments compared to looking at a flat or screen-based version. Overall, they were testing whether 3D printed visuals could improve how we understand and interpret data.",topic_2,7.542488108819235e-309
145,I think that the purpose of this experiment was to determine how undergraduate students interpret data that is presented graphically.,topic_2,0.09875759220214828
146,To see if we are understand what graphs have more data entries,topic_2,7.65549315151273e-309
147,To decide what type of graphs are a more effective way to display data for people to understand. Whether humans better interpret a graph based on the way it is presented to them.,topic_2,7.92709621076049e-309
148,To better understand how students perceive different heights.,topic_2,0.08170051208072426
149,To gather statistics on if the triangle or circle bar was taller and we repeated multiple times to see if the triangle or circle bar was taller more of the times.,topic_2,9.677998401080414e-309
150,I think it does help you with estimating your percentage in how things can be larger and smaller than one another.,topic_2,0.3193679627182134
151,To test are abilities to identify different percentages.,topic_2,2.2952704682529967e-308
152,I think the purpose of the experiment was see the persepective of other students and how they look at graphs.,topic_2,0.08633272795036144
153,To gain insight on how students can mentally measure.,topic_2,1.728303876645966e-308
154,I believe that the purpose of the experiment is to understand how people read graphs and understand what they are looking at. The purpose is to see what amount people think of when they see bar graphs.,topic_2,0.04299495615627013
155,"I think the purpose of the experiment was to see how people perceive and estimate numerical values in relation to visual representations, like bar heights, and how accurate those estimations are.",topic_2,0.03700655634653186
156,The purpose of the experiment was to see  different people see and visualize bar graphs and data.,topic_2,0.04430377919609992
157,The purpose of this experiment was to evaluate people's ability to observe and compare the size and scaling of objects.,topic_2,3.976400917101102e-308
158,I think the purpose was to identify differences in bar sizes in graphs.,topic_2,9.52069045039683e-309
159,how good people are at guessing the difference between objects,topic_2,2.369274142944227e-308
160,I think the purpose of the experiment was to see how the height of the towers next to the ones we were guessing the height of influenced how tall we thought it was. To see how we analyzed the whole situation.,topic_2,0.08003109851516232
161,To compare old studies to new studies. I think the big idea was to perform a nearly identical experiment to one done in the past and compare the results.,topic_2,2.7823962879526083e-308
162,I think the purpose of the experiment was to see how people on average perceive proportions without any reference numbers. It could also be to see which age group seems to guess proportions more effectively as well.,topic_2,2.9124102289462124e-308
163,to see if students can tell the difference between online charts and physical charts,topic_2,0.08065772125455128
164,Determining the accuracy of students' observations.,topic_2,1.708943919537941e-308
165,I think that the purpose of the experiment was to evaluate how individuals perceive size of the different lengths of the block towers.,topic_2,0.10507320641732179
166,To determine if people could determine the difference between graphs.,topic_2,0.04680645020395124
167,To see how well students are at makes educated guesses about the height of the bars.,topic_2,1.037962338562466e-308
168,The purpose of the experiment was to see how different students can perceive different heights.,topic_2,0.08390627911454386
169,To gather information about a certain thing.,topic_2,0.08062047300387261
170,Too evaluate how people perceive things differently.,topic_2,0.08418166321399805
171,I think the purpose of the experiment was to see how accurately we can estimate the percentages and heights of the bars/blocks based on each other's heights. I also think it is testing how differently each of us sees the heights and how our answers may change throughout the experiment.,topic_2,9.805381140113466e-309
172,I think that the purpose of the experiment was to familiarize ourselves with the context of how we can see statistics in real life.,topic_2,0.17111058236246207
173,To interpret how people view graphs.,topic_2,8.034764703525763e-309
174,I think it was to see how college students who are taking statistics can estimate percentages compared to those who are not taking statistics.,topic_2,0.08817970329361699
175,to understand how people interpret statistical graphics and how accurately the information can be represented.,topic_2,0.08043822111721168
176,"To evaluate the accuracy between people to be able to make perceptual judgements. For example, comparing bar heights pf 2D and 3D charts.",topic_2,0.07517957150091496
177,To test peoples height judgement,topic_2,0.08138915815377169
178,"The goal of the experiment was to see how people understand and compare data when it's shown in different types of bar charts—like regular 2D charts, 3D charts on a screen, and even 3D printed charts you can touch.",topic_2,8.09919941318449e-309
179,to gather students thoughts.,topic_2,1.540835517785923e-308
180,"I really think the purpose of this experiment was to see how accurately different people can judge the difference between bar heights, depending on how the graph is set up and how the graph is shown for an example whether the graph is a 3-D or a 2D or physically printed in 3-D they wanted to see if certain types of different graphs make it easier or harder to understand the data that is set before you just by looking at it. It looks like they were testing whether the information that was represented affects how the different people interpret it, especially when comparing the numbers on a visual basis.",topic_2,9.272336280378567e-309
181,na,topic_2,0.10088792879467388
182,"The purpose was to see how well people can understand and compare numbers when they are shown in different kinds of bar graphs. There were comparing regular 2D digital, 3D bar graphs on the screen, and 3D bar graphs printed. Ultimately, they are trying to figure out if the way the data is presented affects how accurately people can read and understand it.",topic_2,0.028425036233589693
183,To see if people could tell a difference in the way a graph looked online vs in person,topic_2,8.093784574654424e-309
184,"I think the purpose of the design was to tell perception and how that differs between different people. Having a representative block to base one's perception of another block off is something that can be variable between people. Although we all have a general sense and idea of perception, guessing can only be so precise.",topic_2,0.10616244327501749
185,To gain an understanding on how bar graphs can be interpreted by different minds,topic_2,0.06727033900606279
186,Improve people‘s perception of space and proportion,topic_2,4.0734004581166015e-308
187,"The purpose of the experiment was to evaluate and compare the accuracy of perceptual judgments in interpreting data from 2D bar charts, 3D digital bar charts, and 3D printed bar charts, replicating and extending Cleveland and McGill’s position-length experiment.",topic_2,7.789641539563724e-309
188,I think the purpose of this experiment was to depict how others view perceptions of others and see how accurately we differ heights in 3D bar graphs.,topic_2,0.03486434115402607
189,To analyze if 2D or 3D graphs are easier to understand.,topic_2,0.0805308490445948
190,I think the point of the experiment was to see if 3D graphs have gotten better over time and if they are useful for data measurement.,topic_2,1.527988065419721e-308
191,To engage us and learn more about the research. To help us understand how people interpret 2D and 3D printed graphs.,topic_2,0.07175489865210176
192,To see if the general population over or underestimates quantities,topic_2,2.152079946911679e-308
193,I think the purpose of the experiment was to challenge students thinking on a deeper level.,topic_2,0.03250665742774562
194,I think the purpose of the experiment was to see if we could interpret data better in a 3D way or 2D.,topic_2,1.0
195,"I think this experiment aimed to help us (stats 218 students) understand how different variables in a 3D scatterplot, such as shape and color, affect perception and interpretation of multidimensional data in visuals.",topic_2,1.790185871082967e-308
196,"To better understand statistical concepts such as writing hypothesis, probability, p values, and standardized statistics.",topic_2,0.08106924296861553
197,"The purpose of this experiment was comparing how accurately people judge data using 2D, digital 3D, and 3D printed bar charts.",topic_2,7.687952863211994e-309
198,"The purpose of the experiment was to see how well people could compare bar heights in 2D, digital 3D, and 3D printed graphs. The researchers wanted to know if 3D printed graphs help people understand the data better.",topic_2,8.070426990668736e-309
199,"To understand/test our vision/perception of bar graphs, but I didn't understand why they chose bar graphs.",topic_2,9.54098303078339e-309
200,"The purpose of this experiment is to see how well people are able to examine 2D and 3D models. There was some previous data showing that people have a harder time examining 3D models, so this study is trying to replicate these results or see if they are different.",topic_2,1.9103035394089444e-308
201,"This study aimed to:

*

Replicate and extend the foundational work by Cleveland and McGill on graphical perception.

*

Determine whether 3D printed charts could improve perceptual accuracy compared to 2D or digital 3D charts.

*

Assess how well participants could judge which bar was smaller and estimate the ratio between bar heights across the different formats.",topic_2,7.669770667904344e-309
202,"To clarify the differences between 2D printed bar charts in relation to their heights, and 3D bar charts.",topic_2,0.028443333072669552
203,"to evaluate how accurately people can interpret and compare data using different types of bar charts, specifically 2D graphs, 3D digital graphs, and 3D printed graphs. It aimed to determine whether 3D printed charts offered perceptual advantages or disadvantages compared to their 2D counterparts, especially with how well participants could judge and compare bar heights representing numerical values.",topic_2,7.40027385209758e-309
204,"The purpose of the experiment was to estimate the percentage of students who understand statistical differences by being presented 3D models, versus typical 2D models.",topic_2,0.12181263491379654
205,To determine the long run proportion of how many successes students produce in the perceptual ability test.,topic_2,1.8713760426991876e-308
206,The purpose of this experiment was to gather data on how students interpret different types of charts and graphs. As well as to see how accurate students can interpret different type of charts and graphs.,topic_2,0.08316650211371067
207,"To determine how accurately visual, statistical information is perceived across multiple mediums of presentation (2D, 3D, and 3D printed).",topic_2,0.07869921727706192
208,To determine how people view 2D and 3D differently.,topic_2,0.11095011595580519
209,The purpose of this could have been to understand human estimation and its accuracy or inaccuracy without the aid of tools.,topic_2,1.7922334515241203e-308
210,I think the experiment was trying to see how people act or think when something changes. The researchers wanted to know if doing one thing would make people react a certain way.,topic_2,3.4997787359833254e-308
211,I think the purpose of the experiment was to analyze how people respond to percentages given different size pillars.,topic_2,0.26671364734655667
212,To test a hypothesis or investigate a research question.,topic_2,2.5290621061004655e-308
213,"I think the purpose of the experiement was to see how many people could identify different proportions and shapes between graphs, etc. With little to no information provided. Just based on observations",topic_2,0.0761546581633997
214,"The experiment was testing which type of graph 2D, 3D on a screen, or 3D printed helps people compare bars more accurately. It was to see if 3D printed graphs work better than screen versions.",topic_2,0.017817152362934685
215,"I think the purpose was to see which kind of graph2D, 3D on screen, or 3D printedhelps people understand data the best.",topic_2,0.07385414268162206
216,"To examine how accurately subjects perceive the size of bars in a 2D, 3D, and a 3D printed chart not only for size but dimension as well.",topic_2,7.581182146182144e-309
217,I think the purpose of this experiment was to show that 3D experiments that are printed allow you to get better data compared to ones that are digital.,topic_2,2.1534128550992136e-308
218,The purpose of the experiment was to see if people can better determine the size difference between two bars better with a 3D model or a computer model.,topic_2,9.48300104088638e-309
219,To determine how different demographics of people understand statistical charts and how they perceive statistical differences.,topic_2,0.08378304990489573
220,"To see which age group has the sharpest/most accurate approximations of visual scaling and/or which graph display (physical, 2-D, 3-D interactive) was the most effective in approximating accurate guesses. To see if the positioning of the irrelevant bars not asked about in each graph helped improve accuracy as references. Possibly also contrasted duration spent on each graph with accuracy and/or age.",topic_2,0.05517708180696309
221,I think the purpose of this experiment is to understand how accurately and effectively people interpret data from three-dimensional representations compared to traditional two dimensional representations.,topic_2,0.04202356292313355
222,To see how well we can eyes ball measurements and differences between heights,topic_2,0.08327719500935274
223,To see if the different visuals of the same graph have different outcomes of how tall the smaller bars are compared to one another.,topic_2,9.71266978893711e-309
224,To see which method of presenting graphs showed the most accurate depiction of the data.,topic_2,7.919914721874554e-309
225,to see if wed catch onto the repetition.,topic_2,0.09113597629276515
226,I think the purpose of the experiment was to see how students read bar graphs when they are presented differently.,topic_2,0.043481285914137344
227,To see the difference between how students picked what they picked for an estimation.,topic_2,1.7925428583835746e-308
228,to determine the statistics on how people judge comparative sizes.,topic_2,0.18559549631316916
229,The purpose of the experiment was to identify if men or women can interpret graphs.,topic_2,0.08294949677205843
230,I think the purpose is to see how much people can estimate size of graphs in a 3D space since generally they aren't presented to us like that.,topic_2,0.07533533862019712
231,To understand how our perception of what the hypothesis per block differed to the actual correct answer.,topic_2,0.19357687474694674
232,"to familiarize us with looking at and reading graphs, but I think the measured variable is how accurate we are at eyeballing heights and ratios.",topic_2,0.06101837132105879
233,I think the purpose was to see if people estimate numerical values better from 3D graphs in person or on a screen. This could help instructors when determining class curriculum to decide what form of graphs to provide their students with.,topic_2,0.0739204082245627
234,to view graphs in person or in different views on screen to trick your mind into thinking how big a graph was compared to another graph.,topic_2,8.094710845181157e-309
235,To demonstrate that people see things differently and there isn't always one correct answer.,topic_2,0.08943019146803927
236,I genuinely have no idea.,topic_2,0.09199323719058099
237,I think the purpose of the experiment was to test what stats has taught us.,topic_2,0.1883042742031978
238,"If you're able to properly estimate based on a given data, compared to another data.",topic_2,1.829626175059318e-308
239,I think the purpose of the experiment was to be able to determine if students were able to identify and understand and interpret statistical graphs.,topic_2,0.09271180993262214
240,I feel as though the purpose of the experiment was to determine our understanding on how we can view the differences in values given on the 3D printed objects.,topic_2,2.2192221258742094e-308
241,I think the experiment was to examine whether people can better identify proportions based on a physical or digital model.,topic_2,0.18854471684310453
242,"The purpose of this study is a little unclear to me, but I think it was to potentially understand the strategies used amongst stats 218 students in choosing the ""taller"" figure. I would assume students' results from this study were compared to the grades of students.",topic_2,0.10369168425954549
243,The project aimed to investigate how students comprehend and analyze data given using visual tools such as block-based graphics or models. Its goal was to integrate statistical principles from Stat 218 to real-world visual representations and measure how well students understood them.,topic_2,0.08492498638334703
244,"I was pretty confused about what the goal of the experiment was, but perhaps it was for instructors to gain a better understanding of how students perceive objects.",topic_2,1.0
245,The purpose of the experiment was to demonstrate how estimation techniques are used to make inferences about a population and to explore whether an observed effect suggests a causal relationship.,topic_2,2.376480352939043e-308
246,I think that the purpose of the experiment was to test how students perceive the height and percentages of different bar graphs.,topic_2,0.03743184928706241
247,I think the purpose of the experiment was to make you think critically about data analysis and proportions based on graphs/models.,topic_2,0.2158487436621833
248,"The purpose of the experiment was to investigate how accurately people perceive and compare data using different forms of bar charts—specifically traditional 2D charts, 3D digital visualizations, and physical 3D printed versions. By examining participants’ ability to judge which bar is smaller and estimate the ratio between bars, the researchers aimed to assess whether physical depth and tactile interaction in 3D printed charts improve perceptual accuracy compared to screen-based 3D and flat 2D representations.",topic_2,7.316223932705377e-309
249,I think the purpose of the experiment was to retest an old experiment to see if anything had shifted in society since the original experiment was conducted.,topic_2,3.501304463979642e-308
250,To see if the results have changed through generations of students at UNL.,topic_2,0.07617065873762424
251,I think the purpose of the experiment was to see if different students would read the graphs differently.,topic_2,0.08552065654343848
252,"The purpose of the experiment seemed to be testing how individuals interact with or respond to different 3D model designs. It may have aimed to explore how certain features—like shape, clarity, or usability—affect perception or performance when using a model. Overall, the experiment likely intended to gather data to improve design effectiveness or learning outcomes.",topic_2,2.424424050792135e-308
253,I think the purpose of the experiment was to see if people were more accurate with either 2-D charts or 3-D charts in terms of inputting data.,topic_2,1.472072504439295e-308
254,I think the purpose was to see if a 2D or a 3D was easier for people to understand and read.,topic_2,0.11574945763178326
255,I think the purpose of the experirment was to see the variations on peoples choices. It also showed how everyone thinks and chooses differently.,topic_2,3.678669790672671e-308
256,I think the purpose of the experiment was to see how well are college students are able to interpret and estimate the values of bar graphs based off of pictures versus an in person model.,topic_2,0.04026966073747535
257,I was a little confused in the beginning of the experiment but I feel that the purpose was to see our perspective on how we saw the blocks we used. More specifically to see how people estimate proportions/ percentages and seeing how accurate they are.,topic_2,0.10619108258500193
258,how individuals analyze objects on a computer versus physical form.,topic_2,0.08032208368342873
259,I think the purpose of the experiment was to give students a hands-on experience with data collection and interpretation to reinforce concepts learned throughout the course,topic_2,0.1480807327606332
260,A purpose of the experiment is to test a hypothesis.,topic_2,2.403426110936456e-308
261,To identify which object was larger/smaller and estimate how much larger and or smaller.,topic_2,0.24431082945398078
262,"I think the purpose of this experiment was to see which bar graph was smaller. You had to chose on, either the triangle or the circle. Another point would be to see how people interpret sizes, if people are more accurate or less.",topic_2,0.028099997739081777
263,"The purpose was to choose which column was smaller. The column associated with a triangle or with a dot next to it.

At least that's what it looked like on the surface.",topic_2,9.733303097054506e-309
264,I think that the purpose of this experiment was to test how students perceive the distance of the graphs after taking a stats course.,topic_2,0.07938375294323477
265,The purpose of the experiment was to see if you could see the shapes in the structures or not.,topic_2,1.0
266,To determine how people view graphs and the most effective graph to show data.,topic_2,8.025312228001125e-309
267,I think the purpose of the experiment was to see if the person was paying attention to each question.,topic_2,3.266177793066598e-308
268,The purpose was to test out if people can tell the difference in sizes from a 2D to a 3D model.,topic_2,0.127226801985651
269,my iq,topic_2,0.09441701821970731
270,I thought that the purpose of the experiment may have been to study people's depth perception.,topic_2,1.0
271,The purpose of the experiment was to determine how surrounding influences and proximity affect how one perceives objects.,topic_2,1.0
272,I think the purpose of the experiment was to test our minds and see if it sees proportions the same when looking at them in different ways.,topic_2,0.41909988925329883
273,To see how well people can tell size differences in 2D vs 3D,topic_2,0.12046901179382798
274,The goal of this study is to comprehend how we interpret statistical graphics and how precisely we can decipher data from various types of charts.,topic_2,0.07408012708969226
275,I think they used this experiment to study how individuals see the different regions without a set of numerical data.,topic_2,0.7397730872872866
276,I believe that the purpose of this experiment was to grasp a better understanding of how we judge differences based on three-dimensional examples and two-dimensional examples.,topic_2,2.267497929173083e-308
277,The purpose of the experiment was to see how people interpret 2D charts versus 3D charts.,topic_2,1.3917865557158443e-308
278,To see if people can accurately correlate relative distance with shades of colors.,topic_2,0.11174206007006804
279,I think the purpose of this experiment was to see how people perceive and interpret quantitative information presented in different visual formats.,topic_2,0.11665891735997777
280,To test our understanding.,topic_2,0.09346366387884525
281,"The purpose of the experiment was to gather information about how well people are able to interpret maps/graphs , specifically color coded maps. This helps researchers create graphs that are easier to understand to people who do not work with this kind of stuff every day.",topic_2,0.1038688907132695
282,I believe that the purpose of this experiment was to gauge our understanding of spacial and color awareness.,topic_2,1.0
283,"The goal was to see how people read and interpret heat maps, specifically whether they could correctly figure out which letter on the grid represented the larger quantity. It was basically testing our ability to make quick, accurate judgments based on visual data.",topic_2,0.1611159714313488
284,To observe how accurately people can estimate differences in values from heat maps and 3-D block charts.,topic_2,0.13585851478336922
285,i think the purpose of the experiment was to work on depth perception and how well someone can tell whether one color on a depth scale is higher/lower than another,topic_2,1.0
286,"I think the purpose of the experiment was to see how well people can understand 3D graphs or charts, especially when they're shown on a screen. It probably also wanted to find out if having a physical 3D-printed version of the chart helps people understand the data better. Overall, it seemed like the experiment was about how different ways of showing data affect how people read and make sense of it.",topic_2,1.636590904489973e-308
287,The purpose seemed to be testing how accurately and quickly people can interpret and compare values represented visually in a heat map. It might have been aimed at understanding whether people can judge relative magnitudes from color intensity and spatial location without seeing the actual numeric values.,topic_2,0.1526591690821808
288,"I am not completely sure what the purpose was, I generally struggled with the information that was presented for us to make decisions off of. If I had to venture a guess, I would imagine that could be part of the experiment. The hypothesis was not stated, but could be inferred that given the heat variant maps, and limited data sets, students would incorrectly or correctly answer the questions. We, the students would be the experimental group. The controlled variable is that each student is taking the same ""quiz"" with the same questions and the same information. Variables would be that each student may answer the questions differently.",topic_2,0.17299628587390412
289,I think the experiments purpose was to use statistical evaluation and probability of which would have a higher amount based on its Heat color from the map. This can help identify differences.,topic_2,0.1653969373077142
290,I think that the purpose of this experiment was to allow us to understand how different variables can be represented in data. We then could use our resources given to see which variable was bigger and by how much.,topic_2,0.26924398190285365
291,To identify which graph type is more accurately interpreted/ more clearly communicates the results to viewers.,topic_2,7.612117211095543e-309
292,I think the purpose of the experiment was to evaluate the ability for the human mind to successfully differentiate between color shade differences and 3-D height differences when analyzing a graph.,topic_2,1.846855967530822e-308
293,To test how we read graphs and statistical charts in different ways.,topic_2,8.340942663449175e-309
294,The purpose of the experiment was to compare our answers from the 2-D and 3-D designs. One design was easier to answer while the other one was more difficult. With comparing our answers it can show what model is easier to get accurate information from.,topic_2,2.069141516382542e-308
295,to read 3D plots and see how different things affect quantity,topic_2,0.08193661394428346
296,"I think the purpose is to determine what type of data visualization is most easily/accurately understood, or perhaps what type is most misleading.",topic_2,0.08476784886351213
297,"The purpose was to compare data in a visual way, which represented heights and colors.",topic_2,0.027792771915359914
298,To see which type of graph is easier to decipher.,topic_2,7.6037667696179e-309
299,I think the purpose of the experiment is to test people's perception of size when using different shapes.,topic_2,0.35330572954018585
300,To see how student interpret t the question and it there answers change even when the difference in space between bars is the same.,topic_2,9.78431220688166e-309
301,To see if students got progressively inaccurate as the graphs went on,topic_2,0.054185528890219985
302,"Personally, i can identify that they are separating results based on different age groups, as far as the charts that were involved my only guess in the experiment is that they were studying aproximation within different age groups, the goal is to see how well different age groups can determine approximately how high a certain bar is in conjunction with another.",topic_2,0.0511949411439544
303,I think the purpose of this experiment was to determine how well we can differentiate smaller and larger bars on 3D bar graphs.,topic_2,8.595005879957287e-309
304,To determine how different mediums (3D vs 2D) affect the visualization of data.,topic_2,0.0842547988149039
305,I think the purpose of the experiment was to see whether your perception of the size of the graphs changed based on the size of the bars next to the bars.,topic_2,8.963733425108443e-309
306,The purpose is to evaluate if different formats of presenting data affects people's accuracy in making comparisons and perceptual judgements based on bar charts.,topic_2,7.213962244482426e-309
307,To see how well the general population interprets data between 2-D graphs and 3-D graphs.,topic_2,0.08290327548921134
308,The purpose of this experiment was to measure perception judgement in a population currently in statistics.,topic_2,0.05373375681435365
309,I think this experiment was about understanding people perceptions based on size and understanding.,topic_2,0.2942486167026544
310,To see how humans are able to perceptualize different graphs,topic_2,7.828644258976477e-309
311,I believe the purpose of this experiment was to test vision/perception by asking the participant to see which bar is smaller and by how small it is from different perspectives (2D/3D).,topic_2,9.32756023516446e-309
312,I think the purpose of this experiment was to see if people who are in a statistics class differ at all from others in this study. Also the study was able to get a larger sample size with people in STATS 218 participating in the study.,topic_2,0.1436958135821055
313,The purpose of the experiment was to see if 2D and 3D models can affect the perception of those who are currently looking at the graph. Will 3D graphs make the participant exaggerate the difference in two bars?,topic_2,8.079536579625873e-309
314,I think the purpose was explore how data is interpreted by students and what interpretations/conclusions we can make from graphs.,topic_2,0.09080006261613349
315,To gage students skills at estimating relative size ratios.,topic_2,1.9575283695503856e-308
316,test how accurately we could get the sliders,topic_2,0.03157037094725414
317,To see if we could identify which graph was smaller and by how much by looking at different graphs in different ways.,topic_2,0.05302266468601169
318,To gauge how visual distractions affect perception of size.,topic_2,3.8378438130659487e-308
319,To see how accurate one can assume the specific height of a ar is to another on the same graph,topic_2,0.03626963818777328
320,I think the purpose of this experiment was to be able to demonstrate how angles alter an individuals perception.,topic_2,1.0
321,To measure the difference in how well participants analyze data presented in 2D graphs compared to 3D graphs.,topic_2,0.0869718220797607
322,I think the purpose of this experiment was to test if taking statistics makes a person able to differentiate and compare the two bars better than someone not taking stats 218.,topic_2,9.29111518199175e-309
323,To test how someone measures two variable in front of them,topic_2,2.2515490385599763e-308
324,I think the purpose of the experiment was to study differences in size estimation between different visuals representations.,topic_2,1.0
325,I think the purpose of this experiment was to determine if bar graphs can be more correctly interpreted in either two-dimensions or three-dimensions.,topic_2,8.69024435223744e-309
326,To test how much people perceive the percentage of something to smaller,topic_2,2.6797149454671473e-308
327,To see if there is a preference when displaying data. Is there a better route to be taking.,topic_2,0.04666433650596156
328,I think that the purpose of this study was to get a visual on what perspectives people see certain graphs.,topic_2,0.03861097147404646
329,I think the purpose of this experiment was to get a better understanding of where STAT218 students land.,topic_2,0.1474294768429556
330,To investigate how different forms of graphs are interpreted by individuals.,topic_2,7.741274539487093e-309
331,"To see if we could accurately read the 3D printed, 3D, and 2D graphs",topic_2,1.506121347844527e-308
332,To determine if 3D-printed bar charts were easier to interpret and/or affected judgement than 2D bar charts.,topic_2,7.379376368312883e-309
333,I think the purpose of this experiment was to explore whether or not participants could determine the size difference between the two bars.,topic_2,9.34880489253712e-309
334,I think that the importance of this experiment was to determine if visual depths is a limiting factor in peoples ability to correctly distinguish between graphs with different values.,topic_2,1.641933662542224e-308
335,"When evaluating the experiment in Stat 218, focus on key elements: clear research question, randomization, control group, treatment variables, sample size, data collection, experimental procedure, statistical analysis, ethical considerations, and meaningful conclusions. Assess these aspects to determine the experiment's validity and any potential limitations.",topic_2,2.3605673505822037e-308
336,To understand which bar graphs are easier to determine what is being shown on the graph.,topic_2,7.549969448249256e-309
337,To find out if students can identify heights of bars and comparisons in 2D and 3D / also if colors make a difference in what we see.,topic_2,1.055009444837506e-308
338,Reading graphs,topic_2,7.838587063417965e-309
339,The purpose of this experiment was to see if we can accurately guess how much taller or shorter one of the bars are compared to the other.,topic_2,9.582683106545384e-309
340,To evaluate how students choose variation in shapes.,topic_2,0.05113752730732594
341,I think that the. purpose. of the experiment was to investigate how different groups of students both read and understand statistical graphs. I think they want to see what graphs allow for people to read information from charts and what the easiest way to present information via statistical charts.,topic_2,0.0884101020013834
342,The purpose of the experiment was to test if people could trust their eyes and estimations.,topic_2,1.0
343,"The purpose of this experiment was likely to explore how effectively 3D-printed visualizations can help students understand and interpret statistical data. By providing students with physical 3D models, the experiment might have aimed to assess whether interacting with tangible representations of charts or graphs enhances comprehension of statistical concepts—particularly those related to evidence strength, effect estimation, confidence, causation, and comparison of proportions and means. Additionally, using the app to guide students through the steps ensured that each participant followed a standardized process, allowing for consistent data collection on how these 3D visuals impact learning outcomes.",topic_2,7.67797872109306e-309
344,To see how people view optical illusions and how it affects people ability to know the true size.,topic_2,0.12306408387125087
345,I believe the purpose of this experiment was to understand how accurately STAT218 students can perceive statistical graphics when asked questions related to comparisons of objects.,topic_2,0.09616564920978979
346,I think the purpose of the experiment was to see if there was a difference between 2D and 3D models when comparing two different sized objects. Essentially how the dimension of an object affects the perception of an object's height.,topic_2,1.0
347,The purpose of the experiment was likely to determine the difference in perceptive ability in 3D versus 2D models.,topic_2,2.179722262122624e-308
348,To see how people in stats perceived graphs.,topic_2,8.151979884414765e-309
349,It seemed like the experiment was trying to determine how well students could approximate height proprotions of blocks relative to one another in different formats.,topic_2,0.1036402609400271
350,The purpose of the experiment was to see how people perceived each graph to be a certain number. I think that as the experiment changed which graph was considered like the controlled variable to see how that changed what your judgement was towards the the sizing of the other graphs.,topic_2,0.036010572555903765
351,I think the purpose of this experiment was to count the graphs and the proportions.,topic_2,0.08121107623678753
352,To collect data on people’s brains,topic_2,0.08022323121179308
353,I think the purpose of the experiment was to see how different people see and analyze different sets of data,topic_2,0.1452724529447012
354,I think the purpose of this experiment was to show how people perceive different shapes and the size of them. I was used to compare sizes that someone sees with the naked eye.  They were also trying to see if a 2D or 3D look had an affect on the responses.,topic_2,1.0
355,To accumulate data while maintaining system structure and organization.,topic_2,0.04081449322057294
356,The purpose of this experiment was to gather data for a study.,topic_2,2.3584039327595125e-308
357,To explore how accurately we read data visualizations and understand the effectiveness of different statistical graphics.,topic_2,0.07983600630256303
358,"""The purpose of this experiment most likely was to explore the precision with which participants can compare the size of visual elements, like bars, when one acts as a reference. This present study can look at asking participants to make estimates regarding the height of a smaller bar in relation to a larger one.
perceptual biases, estimation accuracy, and how the visual context influences the ability to judge relative sizes. A finding such as this may help explain common errors made in visual perception and judgment.",topic_2,3.3158575170662398e-308
359,I think that the purpose of this assignment is to see how students view data differently.,topic_2,0.08040070351637353
360,The purpose seems to be about whether or not people have a sense of interpreting graphs with confidence and accuracy. This study could help cut down on mistakes that might come from overanalyzing or getting lost in minor details to make it easier to interpret graphs where data visualization is used.,topic_2,0.05729739627176931
361,"The purpose of this experiment might have been to assess how well students can visually judge relative sizes, such as height or volume, and quantify them in proportion to a standard value. The experiment could also explore the cognitive processes or biases that affect visual estimations, especially in a statistical learning context.",topic_2,3.5815222716679595e-308
362,I think the point of the experiment was to test our common sense to a degree and see if we can tell the difference between different sizes by estimation.,topic_2,0.3343643128414394
363,I think the purpose of this experiment was to look deeper into how people read statistical data to further improve the way data is shared.,topic_2,0.17057084930999433
364,"To determine if the original study stayed true over time, or if we developed better technology for 3D rendering of graphs and the ratios they represent.",topic_2,0.06807636084622852
365,To gauge how people perceive bar charts based on whether they are 2D or 3D,topic_2,7.41424270917853e-309
366,This experiment was to investigate how the different data between the printed version and the digital one affect the guessing or accuracy participants made.,topic_2,0.2007343559670078
367,"I think that the purpose of this experiment was to see whether our vision would be different compared to different models. We were given 3 different kinds of models, one that was flat, one that was physically 3d, and one that was a digital object you could move on your computer. By choosing which tower was larger, and what percentage that would be, how would it be different through out the 3 groups.",topic_2,0.5361366581258128
368,To explore how we interpret 3D graphs different than 2D.,topic_2,0.08256852985610723
369,I am still a little unsure what the purpose was because we did not get a hypothesis but I assume it was to see how well we could guess heights based on specific views. They did ask our favorite animal at the beginning as well as age and gender but I do not know how those questions affected the experiment.,topic_2,0.31516560698657126
370,The purpose of this experiment was to see if there was a difference in the way people read graphs.,topic_2,0.0828516042078959
371,For the researchers of this experiment to see what students observed in their judgement to 3D sizes,topic_2,2.415750155456909e-308
372,"To compare the efficacy of 3D rendered models, 2D models, and 3D models on a 2D plane at identifying the scale of the data values.",topic_2,0.08283705983133619
373,The purpose of this experiment was to emphasize the connection between statistics and scientific research and to connect the information taught in Stat 218 to current scientific investigations in statistics. The purpose was also to understand how we perceive statistical graphics and how accurately we can read information from charts represented in different ways.,topic_2,0.08594776201400997
374,I think the purpose of the experiment was to see how students viewed different graphs and to see our perception of how much larger a bar graph is compared to one side by side.,topic_2,0.033647072702646594
375,Researchers can evaluate participants' understanding of data and interpretation by having them compare the heights of two bars and then estimate the height of one bar based on the information provided. This can include generating estimates based on insufficient data and comprehending statistical concepts like mean.,topic_2,0.03754975501761705
376,I think the purpose was to examine students' ability to correctly estimate size differences and proportions. There could be an added part of seeing if estimates are more accurate on computers or with the 3D models depending on if the research just wants to look at in person responses,topic_2,0.21863038056068249
377,I think the purpose of the experiment was to see how people perceive and judge relative sizes.,topic_2,0.3161221726760535
378,To judge if certain presentation styles made it harder to interpret data shown on the graph.,topic_2,0.03966981099333632
379,I think that the purpose of this experiment was to see if participants ability to estimate the height of the bar by comparing it to another bar with a known height is impacted by whether or not the bars are right next to each other or if there are bars in between.,topic_2,9.705181225671746e-309
380,"To determine the purpose of the experiment, I would need more specific details about the experiment itself, such as its design, hypothesis, and the variables involved.",topic_2,2.511726979631857e-308
381,"The experiment likely aims to gather data on perception and estimation accuracy,",topic_2,1.0
382,i think that the purpose was to see how well students can infer the size of the smaller graph,topic_2,0.07891425665355627
383,To determine whether or not we can gauge the ratio of shapes based off images.,topic_2,0.11852971475713525
384,The purpose of the experiment could have been to determine how closely students can estimate using bar graphs.,topic_2,0.04555246821139961
385,The propose was to see if we can acccuretly guess the amount,topic_2,2.3198300699970246e-308
386,I think the purpose of the experiment was to see how well people can read information when they are shown in different forms.,topic_2,0.22533750143468081
387,I think the purpose of this experiment was to better determine how good people are at guessing percentages of bar graphs.,topic_2,0.037917187480498465
388,To determine how people interpret the size of bars on a bar graph.,topic_2,0.05710954041478739
389,How well the participant can identify the size difference between each bar.,topic_2,9.485311436828354e-309
390,I'd imagine it was to determine if there is a correlation in the perception of size based on other objects around that said object and possibly by age and gender as well.,topic_2,0.28891908434728975
391,to test how we evaluate proportions when they are side by side vs apart vs 3D vs 2D and how the bars next to them can effect our answers,topic_2,1.032271264054568e-308
392,The purpose of this experiment was to see if people could identify the height of one of two different bars if given one of their heights,topic_2,9.858005298679824e-309
393,To see how close to accurate we got measuring sizes of the bars when they are apart or around other sized bars.,topic_2,9.919602807042784e-309
394,To observe how students view the height of the bar compared to another.,topic_2,1.0295248751572655e-308
395,to get data and estimate how students will see graphs,topic_2,0.04252288934083397
396,"To categorize, based on demographics, who could reasonably tell the difference between the two structures.",topic_2,0.026654078126705463
397,Not very sure. Maybe to compare sizes of different bar graphs 2D and 3D.,topic_2,9.811385513684455e-309
398,to see if people pay attention to the other bars instead of the bars that were indicated with the shapes,topic_2,9.660553398009894e-309
399,"The purpose of the experiment likely aimed to investigate a specific research question or hypothesis within a particular field or domain. It may have sought to explore the effects of certain variables, test the efficacy of a new intervention or technology, or contribute new insights to existing knowledge. Overall, the experiment likely aimed to advance understanding within its respective field and potentially offer practical implications or applications based on its findings.",topic_2,2.414287571335846e-308
400,To compare the two different bar graphs participants chose to see which graphs produced a more accurate answer from the participant.,topic_2,0.04334729349696515
401,"I would think that the purpose of the experiment was to see how changing the shape, length of the block, length apart from each other and perspective (3d or not) of the blocks affect how the blocks are perceived by the audience.",topic_2,0.1045403780246728
402,To test hypothesis and The purpose of an experiment is to gather data to determine if the results support or contradict the theory.,topic_2,2.436429703367609e-308
403,To see which graph was longer.,topic_2,0.05021735519046772
404,Maybe understanding the perception of accuracy maybe the wanted to investigate how accurate individuals perceive and estimate the height of graphical representations. Or the purpose could of been understanding and assessing the graphical designs of the bar graphs they may have wanted to understand and evaluate the effectiveness of different graphical designs and how us viewers would convey them.,topic_2,0.03412977667229802
405,to get a statistic of what the average answer was for each question,topic_2,0.07374056949257521
406,I think it’s purpose was to to see how well people could gauge based on sight.,topic_2,0.6480556132389189
407,"I do not remember the question that the experiment was testing as I participated in the experiment a week or two prior to this questionnaire being posted. I believe it was something to do with testing whether gender played a role in if one can accurately guess the percentage of area. Object 1 compared to object 2, whichever is smaller, what percentage of area does the smaller object cover of the larger object.

 

Purpose was to see if gender had an effect on one’s accuracy to guess this.",topic_2,0.2632938342344573
408,I think that the purpose of the experiment was to see how accurate people can be at guessing somethings height/value.,topic_2,0.3256643956791261
409,"I think that the purpose of this experiment was to see how accurately people can identify the difference in heights of the bars in bar graphs. It shows how we can have a skewed perception of data shown on bar graphs, as we cannot tell how much different they are.",topic_2,9.54429802499913e-309
410,To identify whether the naked human eye can detect skewed differentiations.,topic_2,0.11880051202759742
411,The purpose of the experiment was to test pattern recognition. To see the trends in problems and how to solve them.,topic_2,0.259875437086298
412,I think the purpose of this experiment was to see how students in the statistcs class could estimate values and use problem solving.,topic_2,0.13569002549062256
413,The possible purpose of the experiment could be to gauge the accuracy of a population's perception of ratios between objects.,topic_2,2.9635405670517616e-308
414,The purpose of the experiment was to determine how accurately students could estimate proportional relationships using 2D and 3D models.,topic_2,0.14266891209932467
415,To generalize an experimental unit.,topic_2,2.344024722648498e-308
416,to determine students' ability to identify shape of samples and ability to calculate.,topic_2,1.7616796065915e-308
417,To see the ability to make predictions.,topic_2,0.08653609848965764
418,the purpose of the experiment was to measure blocks and to see which variation was taller or shorter.,topic_2,0.10486735714004115
419,To see how well students in Stat 218 estimate the height of an unknown amount when given a height you can compare it to.,topic_2,0.08565536685288452
420,to measure how well people can measure the different in height between items,topic_2,0.0794020285272512
421,To see how we judge sizes.,topic_2,0.18451695511749205
422,I think the purpose was to see how well each person can determine height differences.,topic_2,0.20260493293059342
423,I think the purpose of this experiment is to see how far people's perception of data could be. This is a good example of standard deviation.,topic_2,0.11121923136182539
424,Understand estimation skills and depth perception in participants.,topic_2,3.3864524613601964e-308
425,To find how accurately people can read bar graphs,topic_2,0.06673554542507433
426,To see how accurately people can estimate the size of the graph.,topic_2,0.045996670775568405
427,I think the purpose was to see how the surrounding size of bars in a bar graph can make the chosen bar look smaller or larger than it actually is.,topic_2,0.02321308517961534
428,To determine the average person's ability to read and interpret graphs,topic_2,0.0434790318618304
429,See if technology makes it easier to identify heights or if in person models are better.,topic_2,0.08200974871089788
430,To see how most people read graphs and if most people are thinking the same distance for graphs.,topic_2,8.014991887552506e-309
431,To evaluate whether or not people can read graphs with confidence and accuracy.,topic_2,8.18808711593559e-309
432,I think the purpose of this experiment is to see if people know how to guess the size of different bars if one bars measurement is given to you.,topic_2,9.467907749237413e-309
433,Visual perception,topic_2,2.751336940769525e-308
434,To see if different people were able to determine the size difference between the blocks that they chose.,topic_2,0.10494230514249706
435,I think the purpose of the experiment was to take statistical charting on different students how the different types of statistical charts are used and understood.,topic_2,0.09744749249198188
436,To see how well students in Stats 218 can understand and visualize graphs.,topic_2,0.0498092853854397
437,To see how other people might view the bars differently.,topic_2,9.50711993896585e-309
438,To better evaluate how the general public understands graphs.,topic_2,8.069076912415184e-309
439,"Figuring out our problem solving skills. Maybe testing our eyesight, how accurate we are when seeing things in real life as opposed to a 3d Model on the screen, or a 2d image on the screen.",topic_2,0.11188604534029736
440,Our observational skills.,topic_2,0.08484850375027421
441,I think the purpose is to compare how graphs look physically vs virtually. It probably has something to do with making sure graphs look accurate to the data.,topic_2,0.06268318617619453
442,to test if we could tell the difference between heights,topic_2,0.07512045929640042
443,to test if the other blocks affected how we perceive things right next to it,topic_2,0.10518784672770169
444,I think the purpose of the experiment was to determine how well people could determine the different heights when comparing two bar graphs and how they were different or similar.,topic_2,0.03792516056168144
445,I think that the purpose of this experiment was to see the average number of either the triangle or circle bar.,topic_2,0.02264516113368609
446,It can help us learn more knowledge about plane graphics and stereo graphics.,topic_2,0.08701527333512003
447,I think the purpose of this experiment was to evaluate our analytical abilities when concerning graphs.,topic_2,0.07736176869589015
448,"The purpose of the experiment was to catalogue how accurately people are able to read graphical representations of data depending on the medium in which this data is presented (digital 2D, digital 3D, digital 3D interactive, and real life 3D)",topic_2,0.08148127302129762
449,"The trick of a person's feeling. Following a 2D model, 3D model or a actually figure, the person would give different feelings of size.",topic_2,4.233225953535125e-308
450,My guess is that it was either about graph reading ability or fatigue in estimation over long periods of test taking.,topic_2,0.08338802307771274
451,i think that the purpose of this experiment was to see our sense of perception while also testing our cognition about thought processes.,topic_2,1.0
452,"The purpose of the experiment was to identify which type of graph people can interpret more accurately (e.g. the 2D graph, the 3D adjustable graph, or the physical 3D printed graph).",topic_2,0.05361642902235645
453,To gather data about what method of communicating data to others is best for comprehension.,topic_2,0.05665517912960556
454,To see how well a 3d model did vs a 2d graph on a screen to convey information/data to people.,topic_2,0.08982588336494572
455,To see how a person and gauges differences.,topic_2,0.08221553247103013
456,It was to see how well people can judge proportions off sight alone.,topic_2,0.23541068706840873
457,I think the purpose of the experiment is to find how students accurately predict a percentage of a bar graph.,topic_2,0.038085947929028544
458,I think the purpose is to se how college students correctly tell where the bars are at compared to each other.,topic_2,9.70800812677485e-309
459,I believe the purpose of this experiment was likely to investigate how people perceive and make judgements about three-dimensional objects when presented with two-dimensional representations.,topic_2,2.2248360135362864e-308
460,To learn more about students,topic_2,1.537718449521725e-308
461,Recognizing how perspectives and conclusions can change with context/additional data.,topic_2,0.07980165814035539
462,The purpose of the experiment was to compare the results of this study to a replica of a study conducted in the past.,topic_2,2.362459916459906e-308
463,To determine the efficacy of different graphical representations of data in conveying the intended information.,topic_2,0.08003826420207202
464,To see if a specific group of people are better able to visually identify numerical difference over another group of people,topic_2,2.0689297647128573e-308
465,"I think the purpose was to find out if what different students thought the amount was based on a picture and then what it was based on the corresponding 3-D model lined up. If they have a bar graph and one value is 100, it would then ask what our perception of the value was of a graph with a different size next to it.",topic_2,0.041085176556319936
466,Finding the stats of how people perceived different heights.,topic_2,0.0821073915310453
467,"I think the purpose of the experiment could have been the see the different ways data could be visualized (2D graphs and 3D printed graphs, and 3D digital graphs). 

They wanted to replicate the findings of Clevland and McGill's work and are trying their best to replicate it as best as possible.",topic_2,1.679241586234514e-308
468,"I am not sure to be honest, but to see who gets the most right, maybe even by sex.",topic_2,0.09221767710025133
469,To identify how people visualize graph heights off of other hieghts.,topic_2,0.03427515437560549
470,"To find out if the person had a different vision as other people, meaning that the shapes were different seeing if people with dyslexia could figure out the shapes.",topic_2,1.0
471,To determine how well students can evaluate the height of bar graphs when looking at physical models compared to pictures on the screen.,topic_2,1.065269448700164e-308
472,To determine how well stats students can interpret physical distributions.,topic_2,0.08253328406831072
473,"determine whether people can more acurrately estimate the height of a bar in a bar graph if the graph is Physcial (4d?), 3d or 2d.

 

iv: physical graphs vs 3d graphs, vs 2d graphs 

dv: accuracy of bar height estimation when compaired to another bar on the graph",topic_2,0.025231294999382536
474,To see how well students can read and differentiate graphs.,topic_2,0.04482737690440678
475,I think that the purpose of the experiment was to estimate to the closest value possible.,topic_2,0.2250698733067534
476,To allow students to analyze the differences in heights of the blocks in the experimental design,topic_2,0.10348141890755681
477,To gain a understanding of how one may assume and estimate a quantity.,topic_2,1.78152026423571e-308
478,I think the purpose of the experiment was to see what colors and what shapes students picked out first.,topic_2,1.0
479,I think that the purpose of the experiment was to compare different individuals' answers to the questions.,topic_2,3.177176186606264e-308
480,To determine which method of interpreting graphs provided more accurate results.,topic_2,7.59093905669373e-309
481,I think the purpose of the experiment was to see how 3D models would affect spatial calculations and estimations,topic_2,0.8522607980722852
482,Determining the population's ability to determine proportion in comparison to actual proportions,topic_2,2.710939038965613e-308
483,To test perception based on a physical diagram vs a visual,topic_2,2.250301195873391e-308
484,"I think the purpose of this experiment was to have as many outcomes as possible, allowing the researcher to be able to repeat it as many times as they would like. Given this, experimental probabilities of serval outcomes can be measured and calculated.",topic_2,3.705652233088106e-308
485,To check how accurate students are at reading bars. The experiments might also have a hidden purpose because scientists sometimes hide the actual purpose until the experiment is over to avoid biases.,topic_2,0.035749649854114135
486,To see how each participants perception works,topic_2,0.0821464335997194
487,To measure how students or individuals perceive distances in bar graphs.,topic_2,0.02917070861875239
488,Experiment that I had in class is learning about how stat is really important in this world. purpose of the experiment was when you learned what you need to learn about.,topic_2,0.11814383659061364
489,To determine how people visualize the numerical amount of data on bar graphs,topic_2,0.06524687173060086
490,I think the purpose of the experiment was to determine if physical models make it easier for students to interpret values based on relative size of the bars of a bar graph.,topic_2,8.801584749196337e-309
491,to see if we can acurately guess the height of the blocks,topic_2,0.10413739288889758
492,I think the purpose of the experiment was to test perspectives about the distribution of the bars.,topic_2,9.05749143434431e-309
493,I think the purpose of this experiment was to collect data on how participants interpreted the values of different bars in comparison to different lengths/heights.,topic_2,9.564139021319246e-309
494,To see how accurately people could guess the sizes,topic_2,0.18867945819671808
495,I think the purpose of the experiment was to look at how we view graphs and how we can evaluate and estiamte results given a specific graph.,topic_2,0.07777505380072194
496,I think the purpose of the experiment was to see how individuals visualize data in real life 3D printed form versus how they view it in an online or 2D space and to see if there was any drastic differences between the two.,topic_2,2.072365986660029e-308
497,I think the purpose was to see how we view an interpret the different shapes,topic_2,1.0
498,I think it could've been seeing how different people perceive things in different ways.,topic_2,3.6911087330444844e-308
499,I think the purpose was to investigate whether people can estimate quantitative values of 3D graphs and compare it to the values people estimate for 2D graphs.,topic_2,0.07545726858045915
500,To see how well our depth perception is/ spacial awareness.,topic_2,0.051988102687173736
501,To see how college students make assumptions based on comparison of size.,topic_2,1.753360446853559e-308
502,the purpose of this experiment was to determine judgements between 2d and 3d printed bar charts,topic_2,7.52006327782802e-309
503,I think the purpose of this experiment was to test how people view different graphs. This is tested by graphs online and 3D printed graphs.,topic_2,1.311330231372602e-308
504,To determine which type of bar graph people can better understand and what group can interpret the graphs better (statistic students or not statistic students).,topic_2,0.0634949072718785
505,"To see whether people were more easily able to identify the difference in height between two surfaces in 2D, electronic 3D, or physical 3D.",topic_2,0.11620397524842287
506,To compare the people's answers,topic_2,0.07651325309181427
507,To see if there is a statistically significant difference between the accuracy of interpreting 3D data visualizations rendered in a 2D environment versus 3D data charts rendered in a 3D environment.,topic_2,0.07662867969948553
508,"I think the purpose of the experiment was to determine our ability of approximation, and how extreme our eyes skew the truth of size.",topic_2,0.3723657575120283
509,"To determine the difference in perceived difference of 2 graphs from the actual difference, and if it differed between digital and physical graphs.",topic_2,0.0730349246398572
510,"I think the purpose of this experiment was to see how the answers varied between physical bar graphs, stationary and 2D, and 3D but located on a computer. Even though the graphs were the same, the perceptions were different.",topic_2,8.514481094163085e-309
511,To understand perception guesses of blocks between different 3D models.,topic_2,2.063312314065239e-308
512,The purpose of the experiment was to use statistics students to determine a certain probability or statistic of guessing the heights of the bar graphs.,topic_2,0.036574726964315726
513,To evaluate how people interpret data from 3 different visuals.,topic_2,0.026176616422682576
514,To judge which graph is smaller or larger using 2d and 3d bar graphs.,topic_2,0.07707486357103563
515,The purpose of the experiment was to assess the effectiveness of 3D printed bar charts compared to traditional 2D and digital 3D charts in conveying information accurately. While also extending previous research on judgments in data visualization.,topic_2,7.42762216922345e-309
516,Possibly to see if a physical or online image serves best in physical length estimation.,topic_2,0.11338504009295719
517,I think the purpose of the experiment was to evaluate our Stats knowledge in comparing two different objects mathematically.,topic_2,0.23819489035267347
518,The purpose of this study was to replicate the results that were present in the Cleveland and McGill study from 1984. This study was to experiment perceptional judgement of different 3D graphs.,topic_2,0.029613600464212644
519,To find how accurate people were at guessing using different visuals.,topic_2,0.09944948295077628
520,"I think the purpose of the experiment was to find out how near to the actual value of the smaller bar on the graph people typically can guess, from different perspectives. The point of view, nearness to the taller bar, and other factors changes from question to question, so I assume the experiment is analyzing how that affects the choices of values.",topic_2,0.025472036511687612
0,To see how accurate the students can be with each of the graphs and if they do better at looking at the screen and guessing or in person.,topic_3,0.07473380059598268
1,I think the purpose was to determine is we could imagine the depth online.,topic_3,9.714730551005354e-309
2,The purpose of the experiment was to determine how different people read graphs.,topic_3,0.1312865500681672
3,I think the purpose of the experiment was to see how our eyes could judge certain sizes or percentages with our naked eye. It was to find statistics on how well we could make an educated guess on the size of the blocks.,topic_3,0.08077451004052776
4,The purpose of the experiment is to see if random individuals can estimate percentages in the same pattern as previous years.,topic_3,1.2308174877841123e-308
5,To see whether participants could accurately measure ratio differences using 3D bar charts better or worse than 2D rendered charts knowing that visual depth plays a role.,topic_3,8.301486594101317e-309
6,To do a statistical study on the different results students got from each bag and to see where students chose a different option or not.,topic_3,1.319692470515339e-308
7,I believe the purpose of this experiment was to test whether or not having a physical model of the bar charts allow people to better estimate their size.,topic_3,1.0
8,"I think the purpose of this experiment was to compare how people interpret different graphs in different ways with using 2D graphs along with 3D graphs and combining the results to see how the results differed. The purpose of this experiment was to also try and replicate the experiment that Cleaveland and McGill had done previously, but they had to tweak some things in the experiment.",topic_3,0.055432856639944066
9,I think that the purpose of the experiment was to collect data of students from the same course over a period of time and see how results compare and differ.,topic_3,0.05028129882075635
10,To see the difference in how people interpret an online graph versus a physical copy of one.,topic_3,1.1840183592351123e-308
11,To determine is students in the introduction to stats class at UNL were better/preferred reading 3D printed graphs compared to digital 2D graphs.,topic_3,0.07857497449035783
12,Probably to find an average on our ability to estimate sizing and percentages based on other things.,topic_3,0.06555887801424105
13,To gain a better understanding of how visual representation plays a role in understanding the data it presents.,topic_3,0.10824152302262317
14,The purpose was to understand if 2D graphs are easier to interpret than 3D graphs.,topic_3,0.09739616401814932
15,To gauge depth perception of a physical object vs a object on the screen.,topic_3,0.0815993533215078
16,It was likely to investigate how different types of graphs affect student observations by comparing students' comprehension across various graph formats.,topic_3,1.138637636621993e-308
17,To determine which model (2D or 3D) is easier to more accurately read and to see if the data was similar to the one they are recreating,topic_3,0.08306664173014824
18,Determine students' of stats 218 understanding of statistics through an in person graphing experiment.,topic_3,0.13139308061944147
19,The purpose is to see whether students can estimate the percentage of bar height when compared to others. We had limited tools. I used me own personal judgement or “gut feeling” to find percentages.,topic_3,2.656362591139831e-308
20,I think the purpose of this experiment was to find if this study would help or not and if it was giving good information as well.,topic_3,8.428557702304716e-309
21,I believe the purpose of the experiment was to see how a person reading a bar graph can be influenced by neigboring numbers or stats.,topic_3,0.27582717575144355
22,I think that the purpose of this was to look into the ability for college students estimate numerical ranges in correlation to its location on a graph with other various values.,topic_3,0.11159412161521186
23,I think the purpose of the experiment was to see how well we can perceive things.,topic_3,9.07112713685865e-309
24,I think the purpose of this experiment was to determine the accuracy of 3D charts to 2D charts.,topic_3,1.258591725723587e-308
25,"I think the purpose of the experiment was to see how different versions of models affected how people analyzed those models, specifically how accurate they were when estimating the ratios of the bars.",topic_3,1.0
26,To see how accurately people perceive heights.,topic_3,0.07563826387517368
27,The purpose of the experiment was to determine if it 2-D or 3-D figures and charts are easier to identify by the human eye.,topic_3,1.2168046449834855e-308
28,I think it was to see if people could accurately guess the ration of the two bars in graphs.,topic_3,2.2990390019919477e-308
29,To see the perception of different college students,topic_3,1.21911496216898e-308
30,I think the purpose of this experiment was to understand the difference between different shapes on a graph and compare which shape is bigger than the other. I think the purpose was to compare the results of hands-on visualization and online visualization.,topic_3,0.08899761734711652
31,I think the purpose of the experiment was to test how students perceived heights based on the closeness/ separation of another given height,topic_3,0.07465739742843279
32,To test the ability of students perception of estimating amounts,topic_3,1.3242301797699826e-308
33,"To see how we compare the different shapes and sizes to each other, so like a null and alternative hypothesis.",topic_3,0.07099430433989483
34,I think the purpose was to evaluate how people see different quantities and estimate numbers.,topic_3,0.058971924735750005
35,The purpose of the experiment was to determine the proportion of students who could correctly guess the difference in bar graph size based on if it was done online or in person with materials,topic_3,0.2378741300179884
36,To determine which type of graph (2D or 3D) yielded a higher percentage of successful estimates by students.,topic_3,0.09189702784984836
37,I think the purpose of the experiment was to gauge how students perceived bar graph values or just bar values when the values aren't given. There is variability between the physical graphs and the digital graphs as well.,topic_3,0.30367783280983723
38,"I think the purpose of the experiment was to evaluate how easy different presentations of graphs are for people to read, to know which types are best to use when publishing studies.",topic_3,0.12891097027015974
39,To see if participants could accurately/semi-accurately understand the graphs,topic_3,1.33154745881112e-308
40,To see how the color of the blocks changed the perspective of how tall certain peaks of blocks were.,topic_3,0.07844948605340894
41,I think it was to test how everyone responds to an experiment like the one we took,topic_3,8.53841011529824e-309
42,I think the purpose of the experiment was to see how people perceive objects compared to one another with potential other distractions.,topic_3,8.64483695304855e-309
43,I think the purpose of the experiment was to see if people can identify a difference in size on the computer vs in person holding the blocks.,topic_3,0.08260643224460851
44,I think the purpose of this experiment was to try and survey lots of peoples perceptions of size of things.,topic_3,0.0500280876466972
45,To see how bar graphs can affect someones perspective on the percentages being shown.,topic_3,0.1271928963725812
46,To see if people are capable of accurately determining a size difference of objects based strictly on visuals.,topic_3,0.0767327937673733
47,to see if students can correctly measure the proportions of the blocks,topic_3,0.0817052175442487
48,I think the purpose of this experiment was to see how individuals answers will vary/how they see and distinguish different proportions of bar graphs in different arrangements.,topic_3,1.0
49,To see if we would more accurately predict the percentages of the bars with a 3D model or on a 2D model.,topic_3,2.215704388095207e-308
50,I think the purpose of this experiment was to see how well participants could interpret graphs and if having a statistical background via taking a stats class may impact their interpretation skills.,topic_3,0.13472857307552338
51,I think the purpose is to look at how people interpret the difference in the magnitude of data depending on the form it is viewed in,topic_3,0.07904932023808404
52,To determine if people could accurately judge the difference in height with the blocks of different colors.,topic_3,0.07903383178560806
53,Find how accurate people's perception of size and scale is.,topic_3,1.2027470405146887e-308
54,To see how different people interpret bar graphs and how they compare sizes based off of purely look given the percentage of the size compared to the other graph.,topic_3,0.12389957202467725
55,I think the experiment was to see what we have learned but also to see each persons outtake on the different shapes.,topic_3,9.574059984563367e-309
56,I think the purpose was to find tendencies in how people select their answers and to pair them with a reason.,topic_3,0.0626170501681339
57,To see how certain people would think in different ways and how they pay attention to detail.,topic_3,0.061014735629786515
58,To see how well people are able to read graphs.,topic_3,1.2856832697523035e-308
59,to see what we can observe compared to the actual reading,topic_3,0.07730848871505819
60,I think the purpose of the experiment was to see how students compare values (bars) in data sets (histogram) when viewing the histogram in 3-D vs a picture on the computer.,topic_3,1.0
61,The purpose was to compare how the general public sees data and how researchers see data.,topic_3,0.07261492654419194
62,Determine if we can approximate the differences in sizes of objects,topic_3,1.212486658156118e-308
63,To see if we could notice the difference of the charts that we were looking at.,topic_3,0.06767534842506634
64,To show how looking at a flat graph (2D) can change perception and values when looking at a physical graph (3D).,topic_3,0.09539648276545251
65,I think the purpose of this experiment was to show us how experiments are conducted and generally how they look.,topic_3,8.31006953333595e-309
66,to see how answers can differentiate from different viewers,topic_3,0.05328784282520885
67,This was to help us find and determine how to read graphs virtually and in a 3D form.,topic_3,0.09401082258044899
68,to investigate people's differing perceptions on graph reading,topic_3,1.118272253962659e-308
69,I think the purpose of this experiment was to test the accuracy of 3D and 2D graphs,topic_3,1.2635984511402597e-308
70,"Truthfully, I'm not sure what the purpose of the experiment was. However, if I was to guess, I'd say it was like an experiment to see how well people can differentiate two things from one another.",topic_3,8.89373516449989e-309
71,To see how we interpret unlabeled graphs,topic_3,1.1087581750574863e-308
72,To learn how people comprehend graphs on a 3d and 2d scale.,topic_3,0.09964161721854259
73,I think the purpose of the experiment was to see how people interpreted graphs differently based on if they were 2D or 3D.,topic_3,1.2540706320647803e-308
74,I think the purpose of the experiment was to measure how well the average statistics student can estimate differences in the size of data from visual data sets/graphs.,topic_3,0.11884128465707638
75,I think the purpose of the experiment was to determine how the choices used when creating graphics of data affect the understanding of the data.,topic_3,0.11434744888664163
76,To identify which age groups could recognize percentage differentiation in different images and models of charts,topic_3,0.09108516222388603
77,"I think the purpose was to attempt estimating percentages in a bar graph. I also thought it was a way to see how close we can get to the right answer. I found myself making educated guesses more than probably getting the right answer, but it made me think critically. I think this was another goal as well, critically thing of the graphs we normally see.",topic_3,0.123566689758018
78,To determine how different types of statistical charts are used and understood,topic_3,0.12046286099352892
79,To test the depth of perception of each person as they estimated the distance between the shortest set of units and the tallest set of units in the set.,topic_3,0.05914533487394453
80,"Figure out how well people can read graphics made online or if real world examples work better

 

 

 

I DONT KNOW WHERE TO PUT THE CODE SO HERE IT is 

project id 22579

complettion code is like 20 digits but the last is 22895",topic_3,0.07170555767768114
81,To determine whether people can “eyeball” the correct proportion.,topic_3,0.04074776322935697
82,To see how accurately people can determine dimensions based on different angles.,topic_3,0.0815093238992999
83,"I think the purpose of this experiment is to determine whether or not people with knowledge/experience with statistics are ""better"" at estimating ratios by observing graphs and models.",topic_3,1.2629098340551876e-308
84,To see how different students estimate reading bar graphs with no units on the side to help them figure it out.,topic_3,0.11840299843596724
85,To be able to judge and estimate the size of the the different columns an estimate how much smaller the short was was compared the bigger 100 sized one.,topic_3,0.06867631710268432
86,To figure out if college students can accurately estimate the difference between two bars.,topic_3,0.11632833595166106
87,I think it was to look at bar graphs in a way.,topic_3,2.390925612918789e-308
88,I think the purpose of the experiment was to determine how a student interprets the size of a bar within a 3D graph model.,topic_3,1.0
89,I guess just to figure out how well people were at interpreting data that wasn't given to you based on what we had. Like how we were able to approximate how tall one of the towers was based on the other.,topic_3,0.06379155733687171
90,I think the purpose was to determine how people interpret different charts and different percentages in relation to each other.,topic_3,0.08937476440496515
91,To see if people understand 2D or 3D graphs better,topic_3,0.10912376502421237
92,I think that I couldn't really find a true purpose other than collecting random data. The data was from different classes so it somehow connects with that.,topic_3,0.07410213273274367
93,To replicate partial results from Cleveland and Mcgill and to extend their study.,topic_3,8.126372467492965e-309
94,see if people perceive graphs differently if online or in person. Also if 2d or 3d have effect on how it’s perceived.,topic_3,1.135761937313217e-308
95,"The experiment aimed to see how well people can compare bar heights in different types of charts—2D digital, 3D digital, and 3D printed. The researchers wanted to find out if using physical 3D charts could help people make more accurate judgments, especially compared to the often-criticized 3D graphs on screens. They were testing whether hands-on, printed visuals might actually make understanding data easier.",topic_3,9.06832863044786e-309
96,I think the purpose of the experiment was to investigate how well individuals can replicate models coming from two platforms (physical model to online model).,topic_3,0.062077589644190266
97,I think the purpose of the experiment was to see the difference between how someone can read a 2D or 3D graph.,topic_3,1.3073184412081775e-308
98,The purpose of the experiment was to analyze how accurate my perception of 3D graphics is and analyze and study this data to find the best ways to convey data accurately.,topic_3,0.06700724354222289
99,"At the beginning of the experiment, I was completely lost and did not know what the purpose of the experiment was. During around the middle of answering the questions, I thought it would be about if a person can identify the correct images from the printed models to the 3d images as well as the 2d images. Now, I think the purpose of the experiment is to see what different mediums of data visualization can be more accurately portrayed.",topic_3,1.020155296687488e-308
100,To depict whether a participant will be able to tell how small one part of the blocks are compared to the others in 2D vs 3D.,topic_3,0.08373989043782441
101,The purpose of the experiment was to understand why we did this experiment and what we learned from it.,topic_3,0.010324410304515929
102,To determine whether physical 3D graphs are easier for people to correctly read than digital 3D graphs.,topic_3,0.08023943759317777
103,I think that the purpose of the experiment was to see whether or not we could identify different graphs when they look different.,topic_3,0.09961323067233926
104,I think the purpose of this experiment was for us participants to determine how the depth of objects without any clear indications. To be able to estimate lengths and heights of different objects.,topic_3,1.04285657105992e-308
105,Figuring out which medium allowed the most accurate judging of difference in the length of the bars.,topic_3,1.0
106,To determine whether people interpret 3D graphs better than 2D ones.,topic_3,0.10316396375443848
107,to see the amount of hours that a student slept. I and I was comparing different values given to me.,topic_3,0.07380534526785376
108,To see how viewing a two-dimensional object and a dimensional object can skew our perception.,topic_3,1.1993242515618476e-308
109,The experiment tests how easy one can identify the target in the graph.,topic_3,0.10170185786129164
110,I think the purpose of the experiment was to identify whether or not 3D graphs are easier to read compared to other types of graphs.,topic_3,1.255983797756914e-308
111,The purpose of this experiment was to see which graph had a great value between graph A and graph B.,topic_3,0.09890531081260859
112,I think the purpose of the experiment was to see how people were able to understand graphs and 3d data. How people are able to visualize differences,topic_3,1.361366198223101e-308
113,To see if people could identify 2d online or 3d printed bar graphs better.,topic_3,0.11454531307859567
114,I thought the purpose of the experiment was to see if people could accurately guess the difference in height/ length between two objects.,topic_3,0.04284143312543957
115,"If I were to wager a guess, it was to replicate a past study examining the effect of visual depth on perceiving three dimensional data visualization.",topic_3,1.090791492617311e-308
116,The purpose of this experiment was to determine how well people could perceive and compare data using 3D printed bar charts compared to 2D versions. Aiming to explore whether the depth in 3D formats improved or hindered the accuracy in interpreting visual data.,topic_3,8.28798272684207e-309
117,"To allow for the researchers to make a conclusion about which type of graph (2d, 3d, or 3d printed) is better for conveying information.",topic_3,0.10234038908087688
118,I think the purpose of this experiment was to better understand how to get students to recognize information/data better. It was to figure out whether 2D or 3D graphs work better for students understanding.,topic_3,1.3399549674888555e-308
119,The purpose of the experiment was to identify perceptual differences in how 3D and 2D data models are presented.,topic_3,0.06462235552402251
120,To see how different people visualize numbers.,topic_3,0.0920454179103833
121,To see how well people can guess or estimate the height of things.,topic_3,0.07234589875247051
122,I think the purpose was to compare the effectiveness of 3d printed bar charts to digital charts.,topic_3,0.028444237190398045
123,I think the purpose of this experiment was to identify the percentage of correctly guessing the distance between two graphs and the average guesses on the percentages.,topic_3,0.10426231206807388
124,to gather statistical data about how people viewed the graphs,topic_3,1.151949950874308e-308
125,To determine if it is more accurate to determine size and ratio from a 2d perspective compared to a 3d perspective.,topic_3,0.08078949501621491
126,I think the purpose of the experiment was to see the difference between how someone can read a 2D or 3D graph.,topic_3,1.270945291023116e-308
127,To replicate partial results from Cleveland and Mcgill and to extend their study.,topic_3,8.09026626411107e-309
128,I think that the purpose of the experiment was to see whether or not we could identify different graphs when they look different.,topic_3,0.10486251369677016
129,I think the purpose of the experiment was to investigate how well individuals can replicate models coming from two platforms (physical model to online model).,topic_3,0.06199756622777901
130,To determine whether physical 3D graphs are easier for people to correctly read than digital 3D graphs.,topic_3,0.08008172224516337
131,"At the beginning of the experiment, I was completely lost and did not know what the purpose of the experiment was. During around the middle of answering the questions, I thought it would be about if a person can identify the correct images from the printed models to the 3d images as well as the 2d images. Now, I think the purpose of the experiment is to see what different mediums of data visualization can be more accurately portrayed.",topic_3,1.021093051353692e-308
132,"The experiment aimed to see how well people can compare bar heights in different types of charts—2D digital, 3D digital, and 3D printed. The researchers wanted to find out if using physical 3D charts could help people make more accurate judgments, especially compared to the often-criticized 3D graphs on screens. They were testing whether hands-on, printed visuals might actually make understanding data easier.",topic_3,9.374858242370047e-309
133,I think that I couldn't really find a true purpose other than collecting random data. The data was from different classes so it somehow connects with that.,topic_3,0.07157145277730065
134,The purpose of the experiment was to analyze how accurate my perception of 3D graphics is and analyze and study this data to find the best ways to convey data accurately.,topic_3,0.06672452068288888
135,To see if people understand 2D or 3D graphs better,topic_3,0.11073752121489888
136,I guess just to figure out how well people were at interpreting data that wasn't given to you based on what we had. Like how we were able to approximate how tall one of the towers was based on the other.,topic_3,0.06380574955308264
137,The purpose of the experiment was to understand why we did this experiment and what we learned from it.,topic_3,8.044309842631303e-309
138,I think the purpose was to determine how people interpret different charts and different percentages in relation to each other.,topic_3,0.08891230185137607
139,see if people perceive graphs differently if online or in person. Also if 2d or 3d have effect on how it’s perceived.,topic_3,0.008410478904416615
140,To depict whether a participant will be able to tell how small one part of the blocks are compared to the others in 2D vs 3D.,topic_3,0.08402493530585796
141,I think the purpose of this experiment was to see if students taking STAT 218 can understand scale and proportion when reading graphs.,topic_3,0.13000892902387523
142,"I think that the purpose of this experiment is a continuation/expansion of an experiment that has previously occurred. More data is being collected in order to further the knowledge and statistical evidence that has already been collected. As a participant in this experiment, I can identify the component of the population of interest, being students enrolled in STAT218 (and there may be an age requirement of 19 and older). I am not sure of the duration of this experiment, but I know that we have given permission for our data to be in the UNL records for 3 years, so this experiment is most likely on-going for longer, yet.",topic_3,0.06299369997406551
143,"*

expirement .docx",topic_3,0.04945566354260073
144,"The purpose of this experiment was to see how well people can compare data in different types of bar charts—specifically 2D charts, 3D digital charts, and 3D printed charts. The researchers wanted to find out if physically holding and viewing a chart in real 3D space helped people make more accurate judgments compared to looking at a flat or screen-based version. Overall, they were testing whether 3D printed visuals could improve how we understand and interpret data.",topic_3,8.591264405437346e-309
145,I think that the purpose of this experiment was to determine how undergraduate students interpret data that is presented graphically.,topic_3,0.11768307983503351
146,To see if we are understand what graphs have more data entries,topic_3,1.0975500097823967e-308
147,To decide what type of graphs are a more effective way to display data for people to understand. Whether humans better interpret a graph based on the way it is presented to them.,topic_3,1.1454311749907455e-308
148,To better understand how students perceive different heights.,topic_3,0.07965304489095473
149,To gather statistics on if the triangle or circle bar was taller and we repeated multiple times to see if the triangle or circle bar was taller more of the times.,topic_3,3.301949030157065e-308
150,I think it does help you with estimating your percentage in how things can be larger and smaller than one another.,topic_3,0.049870001934657744
151,To test are abilities to identify different percentages.,topic_3,1.3102507016641917e-308
152,I think the purpose of the experiment was see the persepective of other students and how they look at graphs.,topic_3,0.13500951477944723
153,To gain insight on how students can mentally measure.,topic_3,1.3108672484565835e-308
154,I believe that the purpose of the experiment is to understand how people read graphs and understand what they are looking at. The purpose is to see what amount people think of when they see bar graphs.,topic_3,0.24146991766247952
155,"I think the purpose of the experiment was to see how people perceive and estimate numerical values in relation to visual representations, like bar heights, and how accurate those estimations are.",topic_3,0.5389431310411377
156,The purpose of the experiment was to see  different people see and visualize bar graphs and data.,topic_3,0.22828862797746083
157,The purpose of this experiment was to evaluate people's ability to observe and compare the size and scaling of objects.,topic_3,1.1869986630049094e-308
158,I think the purpose was to identify differences in bar sizes in graphs.,topic_3,2.549402744832033e-308
159,how good people are at guessing the difference between objects,topic_3,1.20980904872466e-308
160,I think the purpose of the experiment was to see how the height of the towers next to the ones we were guessing the height of influenced how tall we thought it was. To see how we analyzed the whole situation.,topic_3,0.06122647412986967
161,To compare old studies to new studies. I think the big idea was to perform a nearly identical experiment to one done in the past and compare the results.,topic_3,8.20926230167777e-309
162,I think the purpose of the experiment was to see how people on average perceive proportions without any reference numbers. It could also be to see which age group seems to guess proportions more effectively as well.,topic_3,1.2438993176759595e-308
163,to see if students can tell the difference between online charts and physical charts,topic_3,0.12205434813260241
164,Determining the accuracy of students' observations.,topic_3,1.5168067511198434e-308
165,I think that the purpose of the experiment was to evaluate how individuals perceive size of the different lengths of the block towers.,topic_3,0.08378951195308156
166,To determine if people could determine the difference between graphs.,topic_3,0.06390915587442642
167,To see how well students are at makes educated guesses about the height of the bars.,topic_3,2.5641995460230774e-308
168,The purpose of the experiment was to see how different students can perceive different heights.,topic_3,0.07930051497296324
169,To gather information about a certain thing.,topic_3,0.06398607468777966
170,Too evaluate how people perceive things differently.,topic_3,0.06014058904939353
171,I think the purpose of the experiment was to see how accurately we can estimate the percentages and heights of the bars/blocks based on each other's heights. I also think it is testing how differently each of us sees the heights and how our answers may change throughout the experiment.,topic_3,1.0
172,I think that the purpose of the experiment was to familiarize ourselves with the context of how we can see statistics in real life.,topic_3,0.053089697295529883
173,To interpret how people view graphs.,topic_3,1.164930118049142e-308
174,I think it was to see how college students who are taking statistics can estimate percentages compared to those who are not taking statistics.,topic_3,0.0847249123547449
175,to understand how people interpret statistical graphics and how accurately the information can be represented.,topic_3,0.1057045299282575
176,"To evaluate the accuracy between people to be able to make perceptual judgements. For example, comparing bar heights pf 2D and 3D charts.",topic_3,0.09662693874325037
177,To test peoples height judgement,topic_3,0.07507207154152422
178,"The goal of the experiment was to see how people understand and compare data when it's shown in different types of bar charts—like regular 2D charts, 3D charts on a screen, and even 3D printed charts you can touch.",topic_3,9.82394946928167e-309
179,to gather students thoughts.,topic_3,1.2258842777793637e-308
180,"I really think the purpose of this experiment was to see how accurately different people can judge the difference between bar heights, depending on how the graph is set up and how the graph is shown for an example whether the graph is a 3-D or a 2D or physically printed in 3-D they wanted to see if certain types of different graphs make it easier or harder to understand the data that is set before you just by looking at it. It looks like they were testing whether the information that was represented affects how the different people interpret it, especially when comparing the numbers on a visual basis.",topic_3,1.0
181,na,topic_3,0.059829578477088696
182,"The purpose was to see how well people can understand and compare numbers when they are shown in different kinds of bar graphs. There were comparing regular 2D digital, 3D bar graphs on the screen, and 3D bar graphs printed. Ultimately, they are trying to figure out if the way the data is presented affects how accurately people can read and understand it.",topic_3,0.1695492911864901
183,To see if people could tell a difference in the way a graph looked online vs in person,topic_3,1.133490995477786e-308
184,"I think the purpose of the design was to tell perception and how that differs between different people. Having a representative block to base one's perception of another block off is something that can be variable between people. Although we all have a general sense and idea of perception, guessing can only be so precise.",topic_3,0.0806941624827418
185,To gain an understanding on how bar graphs can be interpreted by different minds,topic_3,0.13257593615202198
186,Improve people‘s perception of space and proportion,topic_3,1.190417814407379e-308
187,"The purpose of the experiment was to evaluate and compare the accuracy of perceptual judgments in interpreting data from 2D bar charts, 3D digital bar charts, and 3D printed bar charts, replicating and extending Cleveland and McGill’s position-length experiment.",topic_3,8.552016214152125e-309
188,I think the purpose of this experiment was to depict how others view perceptions of others and see how accurately we differ heights in 3D bar graphs.,topic_3,0.23284672369811726
189,To analyze if 2D or 3D graphs are easier to understand.,topic_3,0.0967719217075571
190,I think the point of the experiment was to see if 3D graphs have gotten better over time and if they are useful for data measurement.,topic_3,1.1910231329814053e-308
191,To engage us and learn more about the research. To help us understand how people interpret 2D and 3D printed graphs.,topic_3,0.09747944796546809
192,To see if the general population over or underestimates quantities,topic_3,1.3174680749682637e-308
193,I think the purpose of the experiment was to challenge students thinking on a deeper level.,topic_3,0.009558395112242424
194,I think the purpose of the experiment was to see if we could interpret data better in a 3D way or 2D.,topic_3,1.00014418408554e-308
195,"I think this experiment aimed to help us (stats 218 students) understand how different variables in a 3D scatterplot, such as shape and color, affect perception and interpretation of multidimensional data in visuals.",topic_3,1.128293638477992e-308
196,"To better understand statistical concepts such as writing hypothesis, probability, p values, and standardized statistics.",topic_3,0.10787149949957212
197,"The purpose of this experiment was comparing how accurately people judge data using 2D, digital 3D, and 3D printed bar charts.",topic_3,8.44212683593756e-309
198,"The purpose of the experiment was to see how well people could compare bar heights in 2D, digital 3D, and 3D printed graphs. The researchers wanted to know if 3D printed graphs help people understand the data better.",topic_3,9.50861966617933e-309
199,"To understand/test our vision/perception of bar graphs, but I didn't understand why they chose bar graphs.",topic_3,2.2866269463490516e-308
200,"The purpose of this experiment is to see how well people are able to examine 2D and 3D models. There was some previous data showing that people have a harder time examining 3D models, so this study is trying to replicate these results or see if they are different.",topic_3,1.1921484150973267e-308
201,"This study aimed to:

*

Replicate and extend the foundational work by Cleveland and McGill on graphical perception.

*

Determine whether 3D printed charts could improve perceptual accuracy compared to 2D or digital 3D charts.

*

Assess how well participants could judge which bar was smaller and estimate the ratio between bar heights across the different formats.",topic_3,8.40919197091554e-309
202,"To clarify the differences between 2D printed bar charts in relation to their heights, and 3D bar charts.",topic_3,0.03548791431291018
203,"to evaluate how accurately people can interpret and compare data using different types of bar charts, specifically 2D graphs, 3D digital graphs, and 3D printed graphs. It aimed to determine whether 3D printed charts offered perceptual advantages or disadvantages compared to their 2D counterparts, especially with how well participants could judge and compare bar heights representing numerical values.",topic_3,8.49429110776484e-309
204,"The purpose of the experiment was to estimate the percentage of students who understand statistical differences by being presented 3D models, versus typical 2D models.",topic_3,0.047302190208870845
205,To determine the long run proportion of how many successes students produce in the perceptual ability test.,topic_3,1.3266631676135765e-308
206,The purpose of this experiment was to gather data on how students interpret different types of charts and graphs. As well as to see how accurate students can interpret different type of charts and graphs.,topic_3,0.12205299728035765
207,"To determine how accurately visual, statistical information is perceived across multiple mediums of presentation (2D, 3D, and 3D printed).",topic_3,0.07212909284780371
208,To determine how people view 2D and 3D differently.,topic_3,0.08103763750207058
209,The purpose of this could have been to understand human estimation and its accuracy or inaccuracy without the aid of tools.,topic_3,1.3668334271803396e-308
210,I think the experiment was trying to see how people act or think when something changes. The researchers wanted to know if doing one thing would make people react a certain way.,topic_3,8.538801111666024e-309
211,I think the purpose of the experiment was to analyze how people respond to percentages given different size pillars.,topic_3,0.05758429078212894
212,To test a hypothesis or investigate a research question.,topic_3,7.7809023408727e-309
213,"I think the purpose of the experiement was to see how many people could identify different proportions and shapes between graphs, etc. With little to no information provided. Just based on observations",topic_3,0.08881882248198698
214,"The experiment was testing which type of graph 2D, 3D on a screen, or 3D printed helps people compare bars more accurately. It was to see if 3D printed graphs work better than screen versions.",topic_3,0.02159336879801064
215,"I think the purpose was to see which kind of graph2D, 3D on screen, or 3D printedhelps people understand data the best.",topic_3,0.1103072015059353
216,"To examine how accurately subjects perceive the size of bars in a 2D, 3D, and a 3D printed chart not only for size but dimension as well.",topic_3,8.782098930382365e-309
217,I think the purpose of this experiment was to show that 3D experiments that are printed allow you to get better data compared to ones that are digital.,topic_3,1.0282731341201723e-308
218,The purpose of the experiment was to see if people can better determine the size difference between two bars better with a 3D model or a computer model.,topic_3,1.0
219,To determine how different demographics of people understand statistical charts and how they perceive statistical differences.,topic_3,0.11220293666191011
220,"To see which age group has the sharpest/most accurate approximations of visual scaling and/or which graph display (physical, 2-D, 3-D interactive) was the most effective in approximating accurate guesses. To see if the positioning of the irrelevant bars not asked about in each graph helped improve accuracy as references. Possibly also contrasted duration spent on each graph with accuracy and/or age.",topic_3,0.09947437634994949
221,I think the purpose of this experiment is to understand how accurately and effectively people interpret data from three-dimensional representations compared to traditional two dimensional representations.,topic_3,0.02532265160405516
222,To see how well we can eyes ball measurements and differences between heights,topic_3,0.0681700838928337
223,To see if the different visuals of the same graph have different outcomes of how tall the smaller bars are compared to one another.,topic_3,2.2298883187066596e-308
224,To see which method of presenting graphs showed the most accurate depiction of the data.,topic_3,1.1330867363667593e-308
225,to see if wed catch onto the repetition.,topic_3,0.061536317182499724
226,I think the purpose of the experiment was to see how students read bar graphs when they are presented differently.,topic_3,0.24130943046257086
227,To see the difference between how students picked what they picked for an estimation.,topic_3,1.3230029066477316e-308
228,to determine the statistics on how people judge comparative sizes.,topic_3,0.06570473389521612
229,The purpose of the experiment was to identify if men or women can interpret graphs.,topic_3,0.13384546963429234
230,I think the purpose is to see how much people can estimate size of graphs in a 3D space since generally they aren't presented to us like that.,topic_3,0.10567632668138831
231,To understand how our perception of what the hypothesis per block differed to the actual correct answer.,topic_3,0.049838282164582144
232,"to familiarize us with looking at and reading graphs, but I think the measured variable is how accurate we are at eyeballing heights and ratios.",topic_3,0.1287235329227582
233,I think the purpose was to see if people estimate numerical values better from 3D graphs in person or on a screen. This could help instructors when determining class curriculum to decide what form of graphs to provide their students with.,topic_3,0.10984727557370727
234,to view graphs in person or in different views on screen to trick your mind into thinking how big a graph was compared to another graph.,topic_3,1.1612714890730245e-308
235,To demonstrate that people see things differently and there isn't always one correct answer.,topic_3,0.061435150910269756
236,I genuinely have no idea.,topic_3,0.061305068141784304
237,I think the purpose of the experiment was to test what stats has taught us.,topic_3,0.04911303502743797
238,"If you're able to properly estimate based on a given data, compared to another data.",topic_3,1.345042993594612e-308
239,I think the purpose of the experiment was to be able to determine if students were able to identify and understand and interpret statistical graphs.,topic_3,0.1254038423890663
240,I feel as though the purpose of the experiment was to determine our understanding on how we can view the differences in values given on the 3D printed objects.,topic_3,1.0199584313791865e-308
241,I think the experiment was to examine whether people can better identify proportions based on a physical or digital model.,topic_3,0.057216929611991645
242,"The purpose of this study is a little unclear to me, but I think it was to potentially understand the strategies used amongst stats 218 students in choosing the ""taller"" figure. I would assume students' results from this study were compared to the grades of students.",topic_3,0.06518908295043584
243,The project aimed to investigate how students comprehend and analyze data given using visual tools such as block-based graphics or models. Its goal was to integrate statistical principles from Stat 218 to real-world visual representations and measure how well students understood them.,topic_3,0.11664660554763134
244,"I was pretty confused about what the goal of the experiment was, but perhaps it was for instructors to gain a better understanding of how students perceive objects.",topic_3,8.770075758460967e-309
245,The purpose of the experiment was to demonstrate how estimation techniques are used to make inferences about a population and to explore whether an observed effect suggests a causal relationship.,topic_3,8.60251530813546e-309
246,I think that the purpose of the experiment was to test how students perceive the height and percentages of different bar graphs.,topic_3,0.28485031789618775
247,I think the purpose of the experiment was to make you think critically about data analysis and proportions based on graphs/models.,topic_3,0.07073192174640303
248,"The purpose of the experiment was to investigate how accurately people perceive and compare data using different forms of bar charts—specifically traditional 2D charts, 3D digital visualizations, and physical 3D printed versions. By examining participants’ ability to judge which bar is smaller and estimate the ratio between bars, the researchers aimed to assess whether physical depth and tactile interaction in 3D printed charts improve perceptual accuracy compared to screen-based 3D and flat 2D representations.",topic_3,8.321312479308446e-309
249,I think the purpose of the experiment was to retest an old experiment to see if anything had shifted in society since the original experiment was conducted.,topic_3,8.48771456463396e-309
250,To see if the results have changed through generations of students at UNL.,topic_3,0.06737571379521425
251,I think the purpose of the experiment was to see if different students would read the graphs differently.,topic_3,0.13512309650070803
252,"The purpose of the experiment seemed to be testing how individuals interact with or respond to different 3D model designs. It may have aimed to explore how certain features—like shape, clarity, or usability—affect perception or performance when using a model. Overall, the experiment likely intended to gather data to improve design effectiveness or learning outcomes.",topic_3,1.030076471615719e-308
253,I think the purpose of the experiment was to see if people were more accurate with either 2-D charts or 3-D charts in terms of inputting data.,topic_3,1.225903963591467e-308
254,I think the purpose was to see if a 2D or a 3D was easier for people to understand and read.,topic_3,0.08224630199450893
255,I think the purpose of the experirment was to see the variations on peoples choices. It also showed how everyone thinks and chooses differently.,topic_3,8.26706489054995e-309
256,I think the purpose of the experiment was to see how well are college students are able to interpret and estimate the values of bar graphs based off of pictures versus an in person model.,topic_3,0.2573338418288232
257,I was a little confused in the beginning of the experiment but I feel that the purpose was to see our perspective on how we saw the blocks we used. More specifically to see how people estimate proportions/ percentages and seeing how accurate they are.,topic_3,0.08136000287838192
258,how individuals analyze objects on a computer versus physical form.,topic_3,0.06354114575615114
259,I think the purpose of the experiment was to give students a hands-on experience with data collection and interpretation to reinforce concepts learned throughout the course,topic_3,0.060786533744974995
260,A purpose of the experiment is to test a hypothesis.,topic_3,7.736073314673664e-309
261,To identify which object was larger/smaller and estimate how much larger and or smaller.,topic_3,0.031211447271032294
262,"I think the purpose of this experiment was to see which bar graph was smaller. You had to chose on, either the triangle or the circle. Another point would be to see how people interpret sizes, if people are more accurate or less.",topic_3,0.27573104913090396
263,"The purpose was to choose which column was smaller. The column associated with a triangle or with a dot next to it.

At least that's what it looked like on the surface.",topic_3,3.2951480421979874e-308
264,I think that the purpose of this experiment was to test how students perceive the distance of the graphs after taking a stats course.,topic_3,0.10510041309216131
265,The purpose of the experiment was to see if you could see the shapes in the structures or not.,topic_3,9.896216915034293e-309
266,To determine how people view graphs and the most effective graph to show data.,topic_3,1.181123168618154e-308
267,I think the purpose of the experiment was to see if the person was paying attention to each question.,topic_3,8.943400440180787e-309
268,The purpose was to test out if people can tell the difference in sizes from a 2D to a 3D model.,topic_3,0.07756861822933359
269,my iq,topic_3,0.06059073040990094
270,I thought that the purpose of the experiment may have been to study people's depth perception.,topic_3,9.077571737077106e-309
271,The purpose of the experiment was to determine how surrounding influences and proximity affect how one perceives objects.,topic_3,8.6299180271832e-309
272,I think the purpose of the experiment was to test our minds and see if it sees proportions the same when looking at them in different ways.,topic_3,0.03778445743932711
273,To see how well people can tell size differences in 2D vs 3D,topic_3,0.08081827039098519
274,The goal of this study is to comprehend how we interpret statistical graphics and how precisely we can decipher data from various types of charts.,topic_3,0.10364852831926859
275,I think they used this experiment to study how individuals see the different regions without a set of numerical data.,topic_3,0.02354671836477469
276,I believe that the purpose of this experiment was to grasp a better understanding of how we judge differences based on three-dimensional examples and two-dimensional examples.,topic_3,1.200093554424426e-308
277,The purpose of the experiment was to see how people interpret 2D charts versus 3D charts.,topic_3,1.234738643523892e-308
278,To see if people can accurately correlate relative distance with shades of colors.,topic_3,0.07756885625423006
279,I think the purpose of this experiment was to see how people perceive and interpret quantitative information presented in different visual formats.,topic_3,0.10071427186094292
280,To test our understanding.,topic_3,0.06126835902303608
281,"The purpose of the experiment was to gather information about how well people are able to interpret maps/graphs , specifically color coded maps. This helps researchers create graphs that are easier to understand to people who do not work with this kind of stuff every day.",topic_3,0.1083081674009274
282,I believe that the purpose of this experiment was to gauge our understanding of spacial and color awareness.,topic_3,8.696551705480434e-309
283,"The goal was to see how people read and interpret heat maps, specifically whether they could correctly figure out which letter on the grid represented the larger quantity. It was basically testing our ability to make quick, accurate judgments based on visual data.",topic_3,0.10147358525859076
284,To observe how accurately people can estimate differences in values from heat maps and 3-D block charts.,topic_3,0.09403398635393254
285,i think the purpose of the experiment was to work on depth perception and how well someone can tell whether one color on a depth scale is higher/lower than another,topic_3,8.79428277608095e-309
286,"I think the purpose of the experiment was to see how well people can understand 3D graphs or charts, especially when they're shown on a screen. It probably also wanted to find out if having a physical 3D-printed version of the chart helps people understand the data better. Overall, it seemed like the experiment was about how different ways of showing data affect how people read and make sense of it.",topic_3,1.152352788924954e-308
287,The purpose seemed to be testing how accurately and quickly people can interpret and compare values represented visually in a heat map. It might have been aimed at understanding whether people can judge relative magnitudes from color intensity and spatial location without seeing the actual numeric values.,topic_3,0.10288116064682468
288,"I am not completely sure what the purpose was, I generally struggled with the information that was presented for us to make decisions off of. If I had to venture a guess, I would imagine that could be part of the experiment. The hypothesis was not stated, but could be inferred that given the heat variant maps, and limited data sets, students would incorrectly or correctly answer the questions. We, the students would be the experimental group. The controlled variable is that each student is taking the same ""quiz"" with the same questions and the same information. Variables would be that each student may answer the questions differently.",topic_3,0.085236292263081
289,I think the experiments purpose was to use statistical evaluation and probability of which would have a higher amount based on its Heat color from the map. This can help identify differences.,topic_3,0.09783115919608913
290,I think that the purpose of this experiment was to allow us to understand how different variables can be represented in data. We then could use our resources given to see which variable was bigger and by how much.,topic_3,0.06185476337042129
291,To identify which graph type is more accurately interpreted/ more clearly communicates the results to viewers.,topic_3,1.1051819245438205e-308
292,I think the purpose of the experiment was to evaluate the ability for the human mind to successfully differentiate between color shade differences and 3-D height differences when analyzing a graph.,topic_3,1.3788021153466255e-308
293,To test how we read graphs and statistical charts in different ways.,topic_3,1.2603049138879527e-308
294,The purpose of the experiment was to compare our answers from the 2-D and 3-D designs. One design was easier to answer while the other one was more difficult. With comparing our answers it can show what model is easier to get accurate information from.,topic_3,1.1845932015530515e-308
295,to read 3D plots and see how different things affect quantity,topic_3,0.0878012694504002
296,"I think the purpose is to determine what type of data visualization is most easily/accurately understood, or perhaps what type is most misleading.",topic_3,0.10668109582568071
297,"The purpose was to compare data in a visual way, which represented heights and colors.",topic_3,0.04031934013562435
298,To see which type of graph is easier to decipher.,topic_3,1.0970242543948683e-308
299,I think the purpose of the experiment is to test people's perception of size when using different shapes.,topic_3,0.043615622745294236
300,To see how student interpret t the question and it there answers change even when the difference in space between bars is the same.,topic_3,2.2464408230734125e-308
301,To see if students got progressively inaccurate as the graphs went on,topic_3,0.08276416848039958
302,"Personally, i can identify that they are separating results based on different age groups, as far as the charts that were involved my only guess in the experiment is that they were studying aproximation within different age groups, the goal is to see how well different age groups can determine approximately how high a certain bar is in conjunction with another.",topic_3,0.18602794841579737
303,I think the purpose of this experiment was to determine how well we can differentiate smaller and larger bars on 3D bar graphs.,topic_3,1.0
304,To determine how different mediums (3D vs 2D) affect the visualization of data.,topic_3,0.08434799459482567
305,I think the purpose of the experiment was to see whether your perception of the size of the graphs changed based on the size of the bars next to the bars.,topic_3,1.0
306,The purpose is to evaluate if different formats of presenting data affects people's accuracy in making comparisons and perceptual judgements based on bar charts.,topic_3,8.18505197026681e-309
307,To see how well the general population interprets data between 2-D graphs and 3-D graphs.,topic_3,0.10436695808850745
308,The purpose of this experiment was to measure perception judgement in a population currently in statistics.,topic_3,0.025204726980525775
309,I think this experiment was about understanding people perceptions based on size and understanding.,topic_3,0.052748556100849796
310,To see how humans are able to perceptualize different graphs,topic_3,1.1318389835189105e-308
311,I believe the purpose of this experiment was to test vision/perception by asking the participant to see which bar is smaller and by how small it is from different perspectives (2D/3D).,topic_3,1.0
312,I think the purpose of this experiment was to see if people who are in a statistics class differ at all from others in this study. Also the study was able to get a larger sample size with people in STATS 218 participating in the study.,topic_3,0.059718672395365095
313,The purpose of the experiment was to see if 2D and 3D models can affect the perception of those who are currently looking at the graph. Will 3D graphs make the participant exaggerate the difference in two bars?,topic_3,9.465899501303464e-309
314,I think the purpose was explore how data is interpreted by students and what interpretations/conclusions we can make from graphs.,topic_3,0.11660099482045243
315,To gage students skills at estimating relative size ratios.,topic_3,1.3502122577305453e-308
316,test how accurately we could get the sliders,topic_3,0.11684896620477359
317,To see if we could identify which graph was smaller and by how much by looking at different graphs in different ways.,topic_3,0.07378430974587473
318,To gauge how visual distractions affect perception of size.,topic_3,1.1777233196443343e-308
319,To see how accurate one can assume the specific height of a ar is to another on the same graph,topic_3,0.09794470662708687
320,I think the purpose of this experiment was to be able to demonstrate how angles alter an individuals perception.,topic_3,9.13159489948269e-309
321,To measure the difference in how well participants analyze data presented in 2D graphs compared to 3D graphs.,topic_3,0.10669633734073321
322,I think the purpose of this experiment was to test if taking statistics makes a person able to differentiate and compare the two bars better than someone not taking stats 218.,topic_3,1.0
323,To test how someone measures two variable in front of them,topic_3,1.324744369287311e-308
324,I think the purpose of the experiment was to study differences in size estimation between different visuals representations.,topic_3,1.0275795499878427e-308
325,I think the purpose of this experiment was to determine if bar graphs can be more correctly interpreted in either two-dimensions or three-dimensions.,topic_3,1.0
326,To test how much people perceive the percentage of something to smaller,topic_3,1.262501354707902e-308
327,To see if there is a preference when displaying data. Is there a better route to be taking.,topic_3,0.06198367315949268
328,I think that the purpose of this study was to get a visual on what perspectives people see certain graphs.,topic_3,0.05534902238245673
329,I think the purpose of this experiment was to get a better understanding of where STAT218 students land.,topic_3,0.06192644232538088
330,To investigate how different forms of graphs are interpreted by individuals.,topic_3,1.1153121740379443e-308
331,"To see if we could accurately read the 3D printed, 3D, and 2D graphs",topic_3,1.1794460553049906e-308
332,To determine if 3D-printed bar charts were easier to interpret and/or affected judgement than 2D bar charts.,topic_3,8.224533214728053e-309
333,I think the purpose of this experiment was to explore whether or not participants could determine the size difference between the two bars.,topic_3,1.0
334,I think that the importance of this experiment was to determine if visual depths is a limiting factor in peoples ability to correctly distinguish between graphs with different values.,topic_3,1.3839975823652084e-308
335,"When evaluating the experiment in Stat 218, focus on key elements: clear research question, randomization, control group, treatment variables, sample size, data collection, experimental procedure, statistical analysis, ethical considerations, and meaningful conclusions. Assess these aspects to determine the experiment's validity and any potential limitations.",topic_3,7.84068110766428e-309
336,To understand which bar graphs are easier to determine what is being shown on the graph.,topic_3,1.129789712207341e-308
337,To find out if students can identify heights of bars and comparisons in 2D and 3D / also if colors make a difference in what we see.,topic_3,2.125303621000458e-308
338,Reading graphs,topic_3,1.137079137313303e-308
339,The purpose of this experiment was to see if we can accurately guess how much taller or shorter one of the bars are compared to the other.,topic_3,1.0
340,To evaluate how students choose variation in shapes.,topic_3,0.03846511613385072
341,I think that the. purpose. of the experiment was to investigate how different groups of students both read and understand statistical graphs. I think they want to see what graphs allow for people to read information from charts and what the easiest way to present information via statistical charts.,topic_3,0.1250951496546414
342,The purpose of the experiment was to test if people could trust their eyes and estimations.,topic_3,9.315153685843993e-309
343,"The purpose of this experiment was likely to explore how effectively 3D-printed visualizations can help students understand and interpret statistical data. By providing students with physical 3D models, the experiment might have aimed to assess whether interacting with tangible representations of charts or graphs enhances comprehension of statistical concepts—particularly those related to evidence strength, effect estimation, confidence, causation, and comparison of proportions and means. Additionally, using the app to guide students through the steps ensured that each participant followed a standardized process, allowing for consistent data collection on how these 3D visuals impact learning outcomes.",topic_3,8.971592914944313e-309
344,To see how people view optical illusions and how it affects people ability to know the true size.,topic_3,0.07674512433470529
345,I believe the purpose of this experiment was to understand how accurately STAT218 students can perceive statistical graphics when asked questions related to comparisons of objects.,topic_3,0.12152537462233248
346,I think the purpose of the experiment was to see if there was a difference between 2D and 3D models when comparing two different sized objects. Essentially how the dimension of an object affects the perception of an object's height.,topic_3,1.0468039632040594e-308
347,The purpose of the experiment was likely to determine the difference in perceptive ability in 3D versus 2D models.,topic_3,1.190771664006025e-308
348,To see how people in stats perceived graphs.,topic_3,1.1939153378757065e-308
349,It seemed like the experiment was trying to determine how well students could approximate height proprotions of blocks relative to one another in different formats.,topic_3,0.08380565795574563
350,The purpose of the experiment was to see how people perceived each graph to be a certain number. I think that as the experiment changed which graph was considered like the controlled variable to see how that changed what your judgement was towards the the sizing of the other graphs.,topic_3,0.1613779871495348
351,I think the purpose of this experiment was to count the graphs and the proportions.,topic_3,0.10752359349342312
352,To collect data on people’s brains,topic_3,0.06355712280527825
353,I think the purpose of the experiment was to see how different people see and analyze different sets of data,topic_3,0.045126980523083914
354,I think the purpose of this experiment was to show how people perceive different shapes and the size of them. I was used to compare sizes that someone sees with the naked eye.  They were also trying to see if a 2D or 3D look had an affect on the responses.,topic_3,1.031784499347742e-308
355,To accumulate data while maintaining system structure and organization.,topic_3,0.038013236283280794
356,The purpose of this experiment was to gather data for a study.,topic_3,7.993504486292948e-309
357,To explore how accurately we read data visualizations and understand the effectiveness of different statistical graphics.,topic_3,0.10631311642029462
358,"""The purpose of this experiment most likely was to explore the precision with which participants can compare the size of visual elements, like bars, when one acts as a reference. This present study can look at asking participants to make estimates regarding the height of a smaller bar in relation to a larger one.
perceptual biases, estimation accuracy, and how the visual context influences the ability to judge relative sizes. A finding such as this may help explain common errors made in visual perception and judgment.",topic_3,1.1702375831632e-308
359,I think that the purpose of this assignment is to see how students view data differently.,topic_3,0.08192330753312262
360,The purpose seems to be about whether or not people have a sense of interpreting graphs with confidence and accuracy. This study could help cut down on mistakes that might come from overanalyzing or getting lost in minor details to make it easier to interpret graphs where data visualization is used.,topic_3,0.08125751662650203
361,"The purpose of this experiment might have been to assess how well students can visually judge relative sizes, such as height or volume, and quantify them in proportion to a standard value. The experiment could also explore the cognitive processes or biases that affect visual estimations, especially in a statistical learning context.",topic_3,1.174704485624423e-308
362,I think the point of the experiment was to test our common sense to a degree and see if we can tell the difference between different sizes by estimation.,topic_3,0.047766563765511375
363,I think the purpose of this experiment was to look deeper into how people read statistical data to further improve the way data is shared.,topic_3,0.08424648837960451
364,"To determine if the original study stayed true over time, or if we developed better technology for 3D rendering of graphs and the ratios they represent.",topic_3,0.09349810118291182
365,To gauge how people perceive bar charts based on whether they are 2D or 3D,topic_3,8.355268721182546e-309
366,This experiment was to investigate how the different data between the printed version and the digital one affect the guessing or accuracy participants made.,topic_3,0.06099530227034141
367,"I think that the purpose of this experiment was to see whether our vision would be different compared to different models. We were given 3 different kinds of models, one that was flat, one that was physically 3d, and one that was a digital object you could move on your computer. By choosing which tower was larger, and what percentage that would be, how would it be different through out the 3 groups.",topic_3,0.029311689340042607
368,To explore how we interpret 3D graphs different than 2D.,topic_3,0.09928262603712099
369,I am still a little unsure what the purpose was because we did not get a hypothesis but I assume it was to see how well we could guess heights based on specific views. They did ask our favorite animal at the beginning as well as age and gender but I do not know how those questions affected the experiment.,topic_3,0.0520526686806171
370,The purpose of this experiment was to see if there was a difference in the way people read graphs.,topic_3,0.12727136313626033
371,For the researchers of this experiment to see what students observed in their judgement to 3D sizes,topic_3,1.2009475003900544e-308
372,"To compare the efficacy of 3D rendered models, 2D models, and 3D models on a 2D plane at identifying the scale of the data values.",topic_3,0.0737215523900276
373,The purpose of this experiment was to emphasize the connection between statistics and scientific research and to connect the information taught in Stat 218 to current scientific investigations in statistics. The purpose was also to understand how we perceive statistical graphics and how accurately we can read information from charts represented in different ways.,topic_3,0.12145526215994097
374,I think the purpose of the experiment was to see how students viewed different graphs and to see our perception of how much larger a bar graph is compared to one side by side.,topic_3,0.31461296685681606
375,Researchers can evaluate participants' understanding of data and interpretation by having them compare the heights of two bars and then estimate the height of one bar based on the information provided. This can include generating estimates based on insufficient data and comprehending statistical concepts like mean.,topic_3,0.47279752880051856
376,I think the purpose was to examine students' ability to correctly estimate size differences and proportions. There could be an added part of seeing if estimates are more accurate on computers or with the 3D models depending on if the research just wants to look at in person responses,topic_3,0.05974373941998972
377,I think the purpose of the experiment was to see how people perceive and judge relative sizes.,topic_3,0.04959006298701193
378,To judge if certain presentation styles made it harder to interpret data shown on the graph.,topic_3,0.05731233035060924
379,I think that the purpose of this experiment was to see if participants ability to estimate the height of the bar by comparing it to another bar with a known height is impacted by whether or not the bars are right next to each other or if there are bars in between.,topic_3,1.0
380,"To determine the purpose of the experiment, I would need more specific details about the experiment itself, such as its design, hypothesis, and the variables involved.",topic_3,7.711710520665797e-309
381,"The experiment likely aims to gather data on perception and estimation accuracy,",topic_3,9.326659379814436e-309
382,i think that the purpose was to see how well students can infer the size of the smaller graph,topic_3,0.15680665745548156
383,To determine whether or not we can gauge the ratio of shapes based off images.,topic_3,0.07560677474312458
384,The purpose of the experiment could have been to determine how closely students can estimate using bar graphs.,topic_3,0.22486680302580536
385,The propose was to see if we can acccuretly guess the amount,topic_3,1.261180743556303e-308
386,I think the purpose of the experiment was to see how well people can read information when they are shown in different forms.,topic_3,0.06312935969571877
387,I think the purpose of this experiment was to better determine how good people are at guessing percentages of bar graphs.,topic_3,0.2854244384928114
388,To determine how people interpret the size of bars on a bar graph.,topic_3,0.1159014222333549
389,How well the participant can identify the size difference between each bar.,topic_3,1.0
390,I'd imagine it was to determine if there is a correlation in the perception of size based on other objects around that said object and possibly by age and gender as well.,topic_3,0.05283323098175082
391,to test how we evaluate proportions when they are side by side vs apart vs 3D vs 2D and how the bars next to them can effect our answers,topic_3,2.143976525104874e-308
392,The purpose of this experiment was to see if people could identify the height of one of two different bars if given one of their heights,topic_3,1.0
393,To see how close to accurate we got measuring sizes of the bars when they are apart or around other sized bars.,topic_3,3.318130794983369e-308
394,To observe how students view the height of the bar compared to another.,topic_3,2.376987145785481e-308
395,to get data and estimate how students will see graphs,topic_3,0.06358235634017362
396,"To categorize, based on demographics, who could reasonably tell the difference between the two structures.",topic_3,0.03165668388352397
397,Not very sure. Maybe to compare sizes of different bar graphs 2D and 3D.,topic_3,2.059649412554294e-308
398,to see if people pay attention to the other bars instead of the bars that were indicated with the shapes,topic_3,2.8040398215211057e-308
399,"The purpose of the experiment likely aimed to investigate a specific research question or hypothesis within a particular field or domain. It may have sought to explore the effects of certain variables, test the efficacy of a new intervention or technology, or contribute new insights to existing knowledge. Overall, the experiment likely aimed to advance understanding within its respective field and potentially offer practical implications or applications based on its findings.",topic_3,7.672929068659564e-309
400,To compare the two different bar graphs participants chose to see which graphs produced a more accurate answer from the participant.,topic_3,0.06725811653094825
401,"I would think that the purpose of the experiment was to see how changing the shape, length of the block, length apart from each other and perspective (3d or not) of the blocks affect how the blocks are perceived by the audience.",topic_3,0.08476793691434156
402,To test hypothesis and The purpose of an experiment is to gather data to determine if the results support or contradict the theory.,topic_3,7.54600701216089e-309
403,To see which graph was longer.,topic_3,0.07000002115653754
404,Maybe understanding the perception of accuracy maybe the wanted to investigate how accurate individuals perceive and estimate the height of graphical representations. Or the purpose could of been understanding and assessing the graphical designs of the bar graphs they may have wanted to understand and evaluate the effectiveness of different graphical designs and how us viewers would convey them.,topic_3,0.2879622317029011
405,to get a statistic of what the average answer was for each question,topic_3,0.07548224413729344
406,I think it’s purpose was to to see how well people could gauge based on sight.,topic_3,0.03384498318108092
407,"I do not remember the question that the experiment was testing as I participated in the experiment a week or two prior to this questionnaire being posted. I believe it was something to do with testing whether gender played a role in if one can accurately guess the percentage of area. Object 1 compared to object 2, whichever is smaller, what percentage of area does the smaller object cover of the larger object.

 

Purpose was to see if gender had an effect on one’s accuracy to guess this.",topic_3,0.05144529531845454
408,I think that the purpose of the experiment was to see how accurate people can be at guessing somethings height/value.,topic_3,0.051843335964279515
409,"I think that the purpose of this experiment was to see how accurately people can identify the difference in heights of the bars in bar graphs. It shows how we can have a skewed perception of data shown on bar graphs, as we cannot tell how much different they are.",topic_3,1.0
410,To identify whether the naked human eye can detect skewed differentiations.,topic_3,0.07477891242574798
411,The purpose of the experiment was to test pattern recognition. To see the trends in problems and how to solve them.,topic_3,0.046534623417607994
412,I think the purpose of this experiment was to see how students in the statistcs class could estimate values and use problem solving.,topic_3,0.05061665841557897
413,The possible purpose of the experiment could be to gauge the accuracy of a population's perception of ratios between objects.,topic_3,1.2526258798527577e-308
414,The purpose of the experiment was to determine how accurately students could estimate proportional relationships using 2D and 3D models.,topic_3,0.056072705984320695
415,To generalize an experimental unit.,topic_3,7.653679170404047e-309
416,to determine students' ability to identify shape of samples and ability to calculate.,topic_3,1.3592626096741767e-308
417,To see the ability to make predictions.,topic_3,0.06300404574730069
418,the purpose of the experiment was to measure blocks and to see which variation was taller or shorter.,topic_3,0.08306013713214846
419,To see how well students in Stat 218 estimate the height of an unknown amount when given a height you can compare it to.,topic_3,0.079072708654092
420,to measure how well people can measure the different in height between items,topic_3,0.0753229421815092
421,To see how we judge sizes.,topic_3,0.06568362451836124
422,I think the purpose was to see how well each person can determine height differences.,topic_3,0.05514960905666589
423,I think the purpose of this experiment is to see how far people's perception of data could be. This is a good example of standard deviation.,topic_3,0.1143740260102858
424,Understand estimation skills and depth perception in participants.,topic_3,1.179961618796217e-308
425,To find how accurately people can read bar graphs,topic_3,0.13196491001269411
426,To see how accurately people can estimate the size of the graph.,topic_3,0.06706403153972781
427,I think the purpose was to see how the surrounding size of bars in a bar graph can make the chosen bar look smaller or larger than it actually is.,topic_3,0.3859697741333537
428,To determine the average person's ability to read and interpret graphs,topic_3,0.0717108493557099
429,See if technology makes it easier to identify heights or if in person models are better.,topic_3,0.07615151937771773
430,To see how most people read graphs and if most people are thinking the same distance for graphs.,topic_3,1.209411717710838e-308
431,To evaluate whether or not people can read graphs with confidence and accuracy.,topic_3,1.269973234428599e-308
432,I think the purpose of this experiment is to see if people know how to guess the size of different bars if one bars measurement is given to you.,topic_3,1.0
433,Visual perception,topic_3,1.199099271302919e-308
434,To see if different people were able to determine the size difference between the blocks that they chose.,topic_3,0.07918921318987941
435,I think the purpose of the experiment was to take statistical charting on different students how the different types of statistical charts are used and understood.,topic_3,0.14161026041030855
436,To see how well students in Stats 218 can understand and visualize graphs.,topic_3,0.07468549259113678
437,To see how other people might view the bars differently.,topic_3,2.3634104082836795e-308
438,To better evaluate how the general public understands graphs.,topic_3,1.169555383616802e-308
439,"Figuring out our problem solving skills. Maybe testing our eyesight, how accurate we are when seeing things in real life as opposed to a 3d Model on the screen, or a 2d image on the screen.",topic_3,0.07846411863781261
440,Our observational skills.,topic_3,0.05661087824318086
441,I think the purpose is to compare how graphs look physically vs virtually. It probably has something to do with making sure graphs look accurate to the data.,topic_3,0.08958833408681198
442,to test if we could tell the difference between heights,topic_3,0.08043799049254387
443,to test if the other blocks affected how we perceive things right next to it,topic_3,0.07818796180680088
444,I think the purpose of the experiment was to determine how well people could determine the different heights when comparing two bar graphs and how they were different or similar.,topic_3,0.6862976608911479
445,I think that the purpose of this experiment was to see the average number of either the triangle or circle bar.,topic_3,0.1447713616334233
446,It can help us learn more knowledge about plane graphics and stereo graphics.,topic_3,0.09695228340294515
447,I think the purpose of this experiment was to evaluate our analytical abilities when concerning graphs.,topic_3,0.09959450205503864
448,"The purpose of the experiment was to catalogue how accurately people are able to read graphical representations of data depending on the medium in which this data is presented (digital 2D, digital 3D, digital 3D interactive, and real life 3D)",topic_3,0.07134892652162667
449,"The trick of a person's feeling. Following a 2D model, 3D model or a actually figure, the person would give different feelings of size.",topic_3,1.191751807536086e-308
450,My guess is that it was either about graph reading ability or fatigue in estimation over long periods of test taking.,topic_3,0.14025616940562163
451,i think that the purpose of this experiment was to see our sense of perception while also testing our cognition about thought processes.,topic_3,8.810976108747833e-309
452,"The purpose of the experiment was to identify which type of graph people can interpret more accurately (e.g. the 2D graph, the 3D adjustable graph, or the physical 3D printed graph).",topic_3,0.05984357631928107
453,To gather data about what method of communicating data to others is best for comprehension.,topic_3,0.05842881089028122
454,To see how well a 3d model did vs a 2d graph on a screen to convey information/data to people.,topic_3,0.10796869504525194
455,To see how a person and gauges differences.,topic_3,0.060721837621793645
456,It was to see how well people can judge proportions off sight alone.,topic_3,0.05903909236455438
457,I think the purpose of the experiment is to find how students accurately predict a percentage of a bar graph.,topic_3,0.2826995828758688
458,I think the purpose is to se how college students correctly tell where the bars are at compared to each other.,topic_3,2.415098326245382e-308
459,I believe the purpose of this experiment was likely to investigate how people perceive and make judgements about three-dimensional objects when presented with two-dimensional representations.,topic_3,1.1920173445414296e-308
460,To learn more about students,topic_3,1.2267476396930217e-308
461,Recognizing how perspectives and conclusions can change with context/additional data.,topic_3,0.08128521265983135
462,The purpose of the experiment was to compare the results of this study to a replica of a study conducted in the past.,topic_3,8.175693801063704e-309
463,To determine the efficacy of different graphical representations of data in conveying the intended information.,topic_3,0.10458141604585242
464,To see if a specific group of people are better able to visually identify numerical difference over another group of people,topic_3,1.3750444307584904e-308
465,"I think the purpose was to find out if what different students thought the amount was based on a picture and then what it was based on the corresponding 3-D model lined up. If they have a bar graph and one value is 100, it would then ask what our perception of the value was of a graph with a different size next to it.",topic_3,0.2502885647826887
466,Finding the stats of how people perceived different heights.,topic_3,0.08097002537487076
467,"I think the purpose of the experiment could have been the see the different ways data could be visualized (2D graphs and 3D printed graphs, and 3D digital graphs). 

They wanted to replicate the findings of Clevland and McGill's work and are trying their best to replicate it as best as possible.",topic_3,1.170171744796665e-308
468,"I am not sure to be honest, but to see who gets the most right, maybe even by sex.",topic_3,0.06149085803273741
469,To identify how people visualize graph heights off of other hieghts.,topic_3,0.07278651213704519
470,"To find out if the person had a different vision as other people, meaning that the shapes were different seeing if people with dyslexia could figure out the shapes.",topic_3,1.011331811410005e-308
471,To determine how well students can evaluate the height of bar graphs when looking at physical models compared to pictures on the screen.,topic_3,2.2425729248398333e-308
472,To determine how well stats students can interpret physical distributions.,topic_3,0.10976955952849492
473,"determine whether people can more acurrately estimate the height of a bar in a bar graph if the graph is Physcial (4d?), 3d or 2d.

 

iv: physical graphs vs 3d graphs, vs 2d graphs 

dv: accuracy of bar height estimation when compaired to another bar on the graph",topic_3,0.030321431484311174
474,To see how well students can read and differentiate graphs.,topic_3,0.06704376844051158
475,I think that the purpose of the experiment was to estimate to the closest value possible.,topic_3,0.046958528172846924
476,To allow students to analyze the differences in heights of the blocks in the experimental design,topic_3,0.08207196866697578
477,To gain a understanding of how one may assume and estimate a quantity.,topic_3,1.334912535909275e-308
478,I think the purpose of the experiment was to see what colors and what shapes students picked out first.,topic_3,9.073092741653534e-309
479,I think that the purpose of the experiment was to compare different individuals' answers to the questions.,topic_3,8.98101800879039e-309
480,To determine which method of interpreting graphs provided more accurate results.,topic_3,1.1082846309302153e-308
481,I think the purpose of the experiment was to see how 3D models would affect spatial calculations and estimations,topic_3,0.010042751309556522
482,Determining the population's ability to determine proportion in comparison to actual proportions,topic_3,1.255286084936556e-308
483,To test perception based on a physical diagram vs a visual,topic_3,1.1900045646204855e-308
484,"I think the purpose of this experiment was to have as many outcomes as possible, allowing the researcher to be able to repeat it as many times as they would like. Given this, experimental probabilities of serval outcomes can be measured and calculated.",topic_3,8.49489855324825e-309
485,To check how accurate students are at reading bars. The experiments might also have a hidden purpose because scientists sometimes hide the actual purpose until the experiment is over to avoid biases.,topic_3,0.2923160516294383
486,To see how each participants perception works,topic_3,0.06005340859452182
487,To measure how students or individuals perceive distances in bar graphs.,topic_3,0.039825888054086094
488,Experiment that I had in class is learning about how stat is really important in this world. purpose of the experiment was when you learned what you need to learn about.,topic_3,0.0442053791454753
489,To determine how people visualize the numerical amount of data on bar graphs,topic_3,0.13014610012789976
490,I think the purpose of the experiment was to determine if physical models make it easier for students to interpret values based on relative size of the bars of a bar graph.,topic_3,1.0
491,to see if we can acurately guess the height of the blocks,topic_3,0.07959196789797376
492,I think the purpose of the experiment was to test perspectives about the distribution of the bars.,topic_3,1.0
493,I think the purpose of this experiment was to collect data on how participants interpreted the values of different bars in comparison to different lengths/heights.,topic_3,1.0
494,To see how accurately people could guess the sizes,topic_3,0.06465643886049864
495,I think the purpose of the experiment was to look at how we view graphs and how we can evaluate and estiamte results given a specific graph.,topic_3,0.09923884923450435
496,I think the purpose of the experiment was to see how individuals visualize data in real life 3D printed form versus how they view it in an online or 2D space and to see if there was any drastic differences between the two.,topic_3,1.0401318083321763e-308
497,I think the purpose was to see how we view an interpret the different shapes,topic_3,9.964682137948076e-309
498,I think it could've been seeing how different people perceive things in different ways.,topic_3,8.322135102083342e-309
499,I think the purpose was to investigate whether people can estimate quantitative values of 3D graphs and compare it to the values people estimate for 2D graphs.,topic_3,0.10318490932928792
500,To see how well our depth perception is/ spacial awareness.,topic_3,0.03202866219470067
501,To see how college students make assumptions based on comparison of size.,topic_3,1.2949140463103425e-308
502,the purpose of this experiment was to determine judgements between 2d and 3d printed bar charts,topic_3,8.302812236461205e-309
503,I think the purpose of this experiment was to test how people view different graphs. This is tested by graphs online and 3D printed graphs.,topic_3,1.3237197429822877e-308
504,To determine which type of bar graph people can better understand and what group can interpret the graphs better (statistic students or not statistic students).,topic_3,0.11547135856683938
505,"To see whether people were more easily able to identify the difference in height between two surfaces in 2D, electronic 3D, or physical 3D.",topic_3,0.0821655202832358
506,To compare the people's answers,topic_3,0.07303948921840603
507,To see if there is a statistically significant difference between the accuracy of interpreting 3D data visualizations rendered in a 2D environment versus 3D data charts rendered in a 3D environment.,topic_3,0.07889405288644773
508,"I think the purpose of the experiment was to determine our ability of approximation, and how extreme our eyes skew the truth of size.",topic_3,0.0432565309690015
509,"To determine the difference in perceived difference of 2 graphs from the actual difference, and if it differed between digital and physical graphs.",topic_3,0.08283866880565727
510,"I think the purpose of this experiment was to see how the answers varied between physical bar graphs, stationary and 2D, and 3D but located on a computer. Even though the graphs were the same, the perceptions were different.",topic_3,1.0
511,To understand perception guesses of blocks between different 3D models.,topic_3,1.213672042498635e-308
512,The purpose of the experiment was to use statistics students to determine a certain probability or statistic of guessing the heights of the bar graphs.,topic_3,0.2929680149878278
513,To evaluate how people interpret data from 3 different visuals.,topic_3,0.028085058673326217
514,To judge which graph is smaller or larger using 2d and 3d bar graphs.,topic_3,0.10042491291869333
515,The purpose of the experiment was to assess the effectiveness of 3D printed bar charts compared to traditional 2D and digital 3D charts in conveying information accurately. While also extending previous research on judgments in data visualization.,topic_3,8.2070706350697e-309
516,Possibly to see if a physical or online image serves best in physical length estimation.,topic_3,0.07997184667952682
517,I think the purpose of the experiment was to evaluate our Stats knowledge in comparing two different objects mathematically.,topic_3,0.05640704217906401
518,The purpose of this study was to replicate the results that were present in the Cleveland and McGill study from 1984. This study was to experiment perceptional judgement of different 3D graphs.,topic_3,0.03156969239660778
519,To find how accurate people were at guessing using different visuals.,topic_3,0.07118245392246714
520,"I think the purpose of the experiment was to find out how near to the actual value of the smaller bar on the graph people typically can guess, from different perspectives. The point of view, nearness to the taller bar, and other factors changes from question to question, so I assume the experiment is analyzing how that affects the choices of values.",topic_3,0.6332158132235796
0,To see how accurate the students can be with each of the graphs and if they do better at looking at the screen and guessing or in person.,topic_4,0.06928626848073058
1,I think the purpose was to determine is we could imagine the depth online.,topic_4,1.708738585543163e-308
2,The purpose of the experiment was to determine how different people read graphs.,topic_4,0.15584009110762956
3,I think the purpose of the experiment was to see how our eyes could judge certain sizes or percentages with our naked eye. It was to find statistics on how well we could make an educated guess on the size of the blocks.,topic_4,0.07300841660887093
4,The purpose of the experiment is to see if random individuals can estimate percentages in the same pattern as previous years.,topic_4,1.3145180270153537e-308
5,To see whether participants could accurately measure ratio differences using 3D bar charts better or worse than 2D rendered charts knowing that visual depth plays a role.,topic_4,1.566440092272459e-308
6,To do a statistical study on the different results students got from each bag and to see where students chose a different option or not.,topic_4,1.3192738105042035e-308
7,I believe the purpose of this experiment was to test whether or not having a physical model of the bar charts allow people to better estimate their size.,topic_4,1.15089384229786e-308
8,"I think the purpose of this experiment was to compare how people interpret different graphs in different ways with using 2D graphs along with 3D graphs and combining the results to see how the results differed. The purpose of this experiment was to also try and replicate the experiment that Cleaveland and McGill had done previously, but they had to tweak some things in the experiment.",topic_4,0.40222282311748375
9,I think that the purpose of the experiment was to collect data of students from the same course over a period of time and see how results compare and differ.,topic_4,0.06065070773148217
10,To see the difference in how people interpret an online graph versus a physical copy of one.,topic_4,1.242863259187343e-308
11,To determine is students in the introduction to stats class at UNL were better/preferred reading 3D printed graphs compared to digital 2D graphs.,topic_4,0.18048368563328898
12,Probably to find an average on our ability to estimate sizing and percentages based on other things.,topic_4,0.07035724102704684
13,To gain a better understanding of how visual representation plays a role in understanding the data it presents.,topic_4,0.128420764989423
14,The purpose was to understand if 2D graphs are easier to interpret than 3D graphs.,topic_4,0.18333386488203424
15,To gauge depth perception of a physical object vs a object on the screen.,topic_4,0.0888945482346554
16,It was likely to investigate how different types of graphs affect student observations by comparing students' comprehension across various graph formats.,topic_4,1.327323285142885e-308
17,To determine which model (2D or 3D) is easier to more accurately read and to see if the data was similar to the one they are recreating,topic_4,0.0896803723160919
18,Determine students' of stats 218 understanding of statistics through an in person graphing experiment.,topic_4,0.12948586573701498
19,The purpose is to see whether students can estimate the percentage of bar height when compared to others. We had limited tools. I used me own personal judgement or “gut feeling” to find percentages.,topic_4,1.2161021922592304e-308
20,I think the purpose of this experiment was to find if this study would help or not and if it was giving good information as well.,topic_4,1.039875087969683e-308
21,I believe the purpose of the experiment was to see how a person reading a bar graph can be influenced by neigboring numbers or stats.,topic_4,0.05367654977765333
22,I think that the purpose of this was to look into the ability for college students estimate numerical ranges in correlation to its location on a graph with other various values.,topic_4,0.047119436260244674
23,I think the purpose of the experiment was to see how well we can perceive things.,topic_4,1.3674262518255654e-308
24,I think the purpose of this experiment was to determine the accuracy of 3D charts to 2D charts.,topic_4,1.0
25,"I think the purpose of the experiment was to see how different versions of models affected how people analyzed those models, specifically how accurate they were when estimating the ratios of the bars.",topic_4,1.130673700701982e-308
26,To see how accurately people perceive heights.,topic_4,0.05512437938526499
27,The purpose of the experiment was to determine if it 2-D or 3-D figures and charts are easier to identify by the human eye.,topic_4,1.0
28,I think it was to see if people could accurately guess the ration of the two bars in graphs.,topic_4,1.4225669553008655e-308
29,To see the perception of different college students,topic_4,1.2393396220595453e-308
30,I think the purpose of this experiment was to understand the difference between different shapes on a graph and compare which shape is bigger than the other. I think the purpose was to compare the results of hands-on visualization and online visualization.,topic_4,0.23527602470523487
31,I think the purpose of the experiment was to test how students perceived heights based on the closeness/ separation of another given height,topic_4,0.05619534568214866
32,To test the ability of students perception of estimating amounts,topic_4,1.369691025992011e-308
33,"To see how we compare the different shapes and sizes to each other, so like a null and alternative hypothesis.",topic_4,0.07079377415576077
34,I think the purpose was to evaluate how people see different quantities and estimate numbers.,topic_4,0.06412303679671363
35,The purpose of the experiment was to determine the proportion of students who could correctly guess the difference in bar graph size based on if it was done online or in person with materials,topic_4,0.06049443632047344
36,To determine which type of graph (2D or 3D) yielded a higher percentage of successful estimates by students.,topic_4,0.1912919219570611
37,I think the purpose of the experiment was to gauge how students perceived bar graph values or just bar values when the values aren't given. There is variability between the physical graphs and the digital graphs as well.,topic_4,0.05096844428224682
38,"I think the purpose of the experiment was to evaluate how easy different presentations of graphs are for people to read, to know which types are best to use when publishing studies.",topic_4,0.15007568978055097
39,To see if participants could accurately/semi-accurately understand the graphs,topic_4,1.2884521061800507e-308
40,To see how the color of the blocks changed the perspective of how tall certain peaks of blocks were.,topic_4,0.07226121616178677
41,I think it was to test how everyone responds to an experiment like the one we took,topic_4,1.0852522981716485e-308
42,I think the purpose of the experiment was to see how people perceive objects compared to one another with potential other distractions.,topic_4,1.4015117714648317e-308
43,I think the purpose of the experiment was to see if people can identify a difference in size on the computer vs in person holding the blocks.,topic_4,0.07271256399209011
44,I think the purpose of this experiment was to try and survey lots of peoples perceptions of size of things.,topic_4,0.06540280761705275
45,To see how bar graphs can affect someones perspective on the percentages being shown.,topic_4,0.09638950755542955
46,To see if people are capable of accurately determining a size difference of objects based strictly on visuals.,topic_4,0.0829288655330512
47,to see if students can correctly measure the proportions of the blocks,topic_4,0.07204527250662318
48,I think the purpose of this experiment was to see how individuals answers will vary/how they see and distinguish different proportions of bar graphs in different arrangements.,topic_4,1.198998433237097e-308
49,To see if we would more accurately predict the percentages of the bars with a 3D model or on a 2D model.,topic_4,1.3003272211429546e-308
50,I think the purpose of this experiment was to see how well participants could interpret graphs and if having a statistical background via taking a stats class may impact their interpretation skills.,topic_4,0.1410526346407643
51,I think the purpose is to look at how people interpret the difference in the magnitude of data depending on the form it is viewed in,topic_4,0.09393089268300776
52,To determine if people could accurately judge the difference in height with the blocks of different colors.,topic_4,0.07183766740470807
53,Find how accurate people's perception of size and scale is.,topic_4,2.4722944405002007e-308
54,To see how different people interpret bar graphs and how they compare sizes based off of purely look given the percentage of the size compared to the other graph.,topic_4,0.09642352783395278
55,I think the experiment was to see what we have learned but also to see each persons outtake on the different shapes.,topic_4,1.6421661928347027e-308
56,I think the purpose was to find tendencies in how people select their answers and to pair them with a reason.,topic_4,0.0758575432403492
57,To see how certain people would think in different ways and how they pay attention to detail.,topic_4,0.07574437656248718
58,To see how well people are able to read graphs.,topic_4,1.2474309324034996e-308
59,to see what we can observe compared to the actual reading,topic_4,0.08942410003603125
60,I think the purpose of the experiment was to see how students compare values (bars) in data sets (histogram) when viewing the histogram in 3-D vs a picture on the computer.,topic_4,1.2178731624252994e-308
61,The purpose was to compare how the general public sees data and how researchers see data.,topic_4,0.08981230433955865
62,Determine if we can approximate the differences in sizes of objects,topic_4,2.4682126676326653e-308
63,To see if we could notice the difference of the charts that we were looking at.,topic_4,0.0704128124053607
64,To show how looking at a flat graph (2D) can change perception and values when looking at a physical graph (3D).,topic_4,0.18566970195821614
65,I think the purpose of this experiment was to show us how experiments are conducted and generally how they look.,topic_4,1.0631806922637036e-308
66,to see how answers can differentiate from different viewers,topic_4,0.05866292902692653
67,This was to help us find and determine how to read graphs virtually and in a 3D form.,topic_4,0.18808096147126319
68,to investigate people's differing perceptions on graph reading,topic_4,1.268139719925739e-308
69,I think the purpose of this experiment was to test the accuracy of 3D and 2D graphs,topic_4,1.0
70,"Truthfully, I'm not sure what the purpose of the experiment was. However, if I was to guess, I'd say it was like an experiment to see how well people can differentiate two things from one another.",topic_4,1.359784440331122e-308
71,To see how we interpret unlabeled graphs,topic_4,1.2353770777078094e-308
72,To learn how people comprehend graphs on a 3d and 2d scale.,topic_4,0.16422970439943074
73,I think the purpose of the experiment was to see how people interpreted graphs differently based on if they were 2D or 3D.,topic_4,1.0
74,I think the purpose of the experiment was to measure how well the average statistics student can estimate differences in the size of data from visual data sets/graphs.,topic_4,0.14351222682781423
75,I think the purpose of the experiment was to determine how the choices used when creating graphics of data affect the understanding of the data.,topic_4,0.14138361043320438
76,To identify which age groups could recognize percentage differentiation in different images and models of charts,topic_4,0.08318271731617523
77,"I think the purpose was to attempt estimating percentages in a bar graph. I also thought it was a way to see how close we can get to the right answer. I found myself making educated guesses more than probably getting the right answer, but it made me think critically. I think this was another goal as well, critically thing of the graphs we normally see.",topic_4,0.07571980167022742
78,To determine how different types of statistical charts are used and understood,topic_4,0.12838693805612594
79,To test the depth of perception of each person as they estimated the distance between the shortest set of units and the tallest set of units in the set.,topic_4,0.05395844365909905
80,"Figure out how well people can read graphics made online or if real world examples work better

 

 

 

I DONT KNOW WHERE TO PUT THE CODE SO HERE IT is 

project id 22579

complettion code is like 20 digits but the last is 22895",topic_4,0.18569629609094668
81,To determine whether people can “eyeball” the correct proportion.,topic_4,0.0416518444875478
82,To see how accurately people can determine dimensions based on different angles.,topic_4,0.08322649092387013
83,"I think the purpose of this experiment is to determine whether or not people with knowledge/experience with statistics are ""better"" at estimating ratios by observing graphs and models.",topic_4,1.369153825239328e-308
84,To see how different students estimate reading bar graphs with no units on the side to help them figure it out.,topic_4,0.08560575014953387
85,To be able to judge and estimate the size of the the different columns an estimate how much smaller the short was was compared the bigger 100 sized one.,topic_4,0.0709823273949527
86,To figure out if college students can accurately estimate the difference between two bars.,topic_4,0.07355052888797806
87,I think it was to look at bar graphs in a way.,topic_4,1.3944071225873137e-308
88,I think the purpose of the experiment was to determine how a student interprets the size of a bar within a 3D graph model.,topic_4,1.177397784255312e-308
89,I guess just to figure out how well people were at interpreting data that wasn't given to you based on what we had. Like how we were able to approximate how tall one of the towers was based on the other.,topic_4,0.05365438433520953
90,I think the purpose was to determine how people interpret different charts and different percentages in relation to each other.,topic_4,0.09387038008881093
91,To see if people understand 2D or 3D graphs better,topic_4,0.1303943696186261
92,I think that I couldn't really find a true purpose other than collecting random data. The data was from different classes so it somehow connects with that.,topic_4,0.08866408567682889
93,To replicate partial results from Cleveland and Mcgill and to extend their study.,topic_4,9.539531889454356e-309
94,see if people perceive graphs differently if online or in person. Also if 2d or 3d have effect on how it’s perceived.,topic_4,1.310193916313304e-308
95,"The experiment aimed to see how well people can compare bar heights in different types of charts—2D digital, 3D digital, and 3D printed. The researchers wanted to find out if using physical 3D charts could help people make more accurate judgments, especially compared to the often-criticized 3D graphs on screens. They were testing whether hands-on, printed visuals might actually make understanding data easier.",topic_4,1.8782212821965576e-308
96,I think the purpose of the experiment was to investigate how well individuals can replicate models coming from two platforms (physical model to online model).,topic_4,0.07245639093137049
97,I think the purpose of the experiment was to see the difference between how someone can read a 2D or 3D graph.,topic_4,1.0
98,The purpose of the experiment was to analyze how accurate my perception of 3D graphics is and analyze and study this data to find the best ways to convey data accurately.,topic_4,0.1766461901707853
99,"At the beginning of the experiment, I was completely lost and did not know what the purpose of the experiment was. During around the middle of answering the questions, I thought it would be about if a person can identify the correct images from the printed models to the 3d images as well as the 2d images. Now, I think the purpose of the experiment is to see what different mediums of data visualization can be more accurately portrayed.",topic_4,1.0
100,To depict whether a participant will be able to tell how small one part of the blocks are compared to the others in 2D vs 3D.,topic_4,0.08622952641509594
101,The purpose of the experiment was to understand why we did this experiment and what we learned from it.,topic_4,0.013044942141362483
102,To determine whether physical 3D graphs are easier for people to correctly read than digital 3D graphs.,topic_4,0.2041701826777078
103,I think that the purpose of the experiment was to see whether or not we could identify different graphs when they look different.,topic_4,0.2039395128071557
104,I think the purpose of this experiment was for us participants to determine how the depth of objects without any clear indications. To be able to estimate lengths and heights of different objects.,topic_4,1.716445493244385e-308
105,Figuring out which medium allowed the most accurate judging of difference in the length of the bars.,topic_4,1.12936644580975e-308
106,To determine whether people interpret 3D graphs better than 2D ones.,topic_4,0.1776877300944121
107,to see the amount of hours that a student slept. I and I was comparing different values given to me.,topic_4,0.06588326873312925
108,To see how viewing a two-dimensional object and a dimensional object can skew our perception.,topic_4,5.171785786732597e-308
109,The experiment tests how easy one can identify the target in the graph.,topic_4,0.197863746807494
110,I think the purpose of the experiment was to identify whether or not 3D graphs are easier to read compared to other types of graphs.,topic_4,1.0
111,The purpose of this experiment was to see which graph had a great value between graph A and graph B.,topic_4,0.20373119935561598
112,I think the purpose of the experiment was to see how people were able to understand graphs and 3d data. How people are able to visualize differences,topic_4,1.0
113,To see if people could identify 2d online or 3d printed bar graphs better.,topic_4,0.1299867726679058
114,I thought the purpose of the experiment was to see if people could accurately guess the difference in height/ length between two objects.,topic_4,0.059282987348920506
115,"If I were to wager a guess, it was to replicate a past study examining the effect of visual depth on perceiving three dimensional data visualization.",topic_4,1.0
116,The purpose of this experiment was to determine how well people could perceive and compare data using 3D printed bar charts compared to 2D versions. Aiming to explore whether the depth in 3D formats improved or hindered the accuracy in interpreting visual data.,topic_4,1.5717724412850204e-308
117,"To allow for the researchers to make a conclusion about which type of graph (2d, 3d, or 3d printed) is better for conveying information.",topic_4,0.13829901090697824
118,I think the purpose of this experiment was to better understand how to get students to recognize information/data better. It was to figure out whether 2D or 3D graphs work better for students understanding.,topic_4,1.0
119,The purpose of the experiment was to identify perceptual differences in how 3D and 2D data models are presented.,topic_4,0.17188250852330417
120,To see how different people visualize numbers.,topic_4,0.09839814966029509
121,To see how well people can guess or estimate the height of things.,topic_4,0.05367101070051264
122,I think the purpose was to compare the effectiveness of 3d printed bar charts to digital charts.,topic_4,0.0572100032856932
123,I think the purpose of this experiment was to identify the percentage of correctly guessing the distance between two graphs and the average guesses on the percentages.,topic_4,0.19326408633379116
124,to gather statistical data about how people viewed the graphs,topic_4,1.191753797060964e-308
125,To determine if it is more accurate to determine size and ratio from a 2d perspective compared to a 3d perspective.,topic_4,0.08398102028587125
126,I think the purpose of the experiment was to see the difference between how someone can read a 2D or 3D graph.,topic_4,1.0
127,To replicate partial results from Cleveland and Mcgill and to extend their study.,topic_4,9.541701774718173e-309
128,I think that the purpose of the experiment was to see whether or not we could identify different graphs when they look different.,topic_4,0.18988390448074827
129,I think the purpose of the experiment was to investigate how well individuals can replicate models coming from two platforms (physical model to online model).,topic_4,0.07239861302501639
130,To determine whether physical 3D graphs are easier for people to correctly read than digital 3D graphs.,topic_4,0.19878822941335716
131,"At the beginning of the experiment, I was completely lost and did not know what the purpose of the experiment was. During around the middle of answering the questions, I thought it would be about if a person can identify the correct images from the printed models to the 3d images as well as the 2d images. Now, I think the purpose of the experiment is to see what different mediums of data visualization can be more accurately portrayed.",topic_4,1.0
132,"The experiment aimed to see how well people can compare bar heights in different types of charts—2D digital, 3D digital, and 3D printed. The researchers wanted to find out if using physical 3D charts could help people make more accurate judgments, especially compared to the often-criticized 3D graphs on screens. They were testing whether hands-on, printed visuals might actually make understanding data easier.",topic_4,2.0294748828687437e-308
133,I think that I couldn't really find a true purpose other than collecting random data. The data was from different classes so it somehow connects with that.,topic_4,0.08567620676034117
134,The purpose of the experiment was to analyze how accurate my perception of 3D graphics is and analyze and study this data to find the best ways to convey data accurately.,topic_4,0.1772356555802273
135,To see if people understand 2D or 3D graphs better,topic_4,0.13266794620348424
136,I guess just to figure out how well people were at interpreting data that wasn't given to you based on what we had. Like how we were able to approximate how tall one of the towers was based on the other.,topic_4,0.053667681452655186
137,The purpose of the experiment was to understand why we did this experiment and what we learned from it.,topic_4,1.016503686034958e-308
138,I think the purpose was to determine how people interpret different charts and different percentages in relation to each other.,topic_4,0.09278023733019726
139,see if people perceive graphs differently if online or in person. Also if 2d or 3d have effect on how it’s perceived.,topic_4,0.009762874081480825
140,To depict whether a participant will be able to tell how small one part of the blocks are compared to the others in 2D vs 3D.,topic_4,0.08651122691640799
141,I think the purpose of this experiment was to see if students taking STAT 218 can understand scale and proportion when reading graphs.,topic_4,0.14400788519568175
142,"I think that the purpose of this experiment is a continuation/expansion of an experiment that has previously occurred. More data is being collected in order to further the knowledge and statistical evidence that has already been collected. As a participant in this experiment, I can identify the component of the population of interest, being students enrolled in STAT218 (and there may be an age requirement of 19 and older). I am not sure of the duration of this experiment, but I know that we have given permission for our data to be in the UNL records for 3 years, so this experiment is most likely on-going for longer, yet.",topic_4,0.07416472135511253
143,"*

expirement .docx",topic_4,0.059285250989240736
144,"The purpose of this experiment was to see how well people can compare data in different types of bar charts—specifically 2D charts, 3D digital charts, and 3D printed charts. The researchers wanted to find out if physically holding and viewing a chart in real 3D space helped people make more accurate judgments compared to looking at a flat or screen-based version. Overall, they were testing whether 3D printed visuals could improve how we understand and interpret data.",topic_4,1.6951515010519865e-308
145,I think that the purpose of this experiment was to determine how undergraduate students interpret data that is presented graphically.,topic_4,0.13985172354752978
146,To see if we are understand what graphs have more data entries,topic_4,1.210104914958653e-308
147,To decide what type of graphs are a more effective way to display data for people to understand. Whether humans better interpret a graph based on the way it is presented to them.,topic_4,1.292609592492697e-308
148,To better understand how students perceive different heights.,topic_4,0.05573816612529877
149,To gather statistics on if the triangle or circle bar was taller and we repeated multiple times to see if the triangle or circle bar was taller more of the times.,topic_4,1.2350439210381417e-308
150,I think it does help you with estimating your percentage in how things can be larger and smaller than one another.,topic_4,0.06538784020035586
151,To test are abilities to identify different percentages.,topic_4,1.3251050263879215e-308
152,I think the purpose of the experiment was see the persepective of other students and how they look at graphs.,topic_4,0.1641833604174117
153,To gain insight on how students can mentally measure.,topic_4,1.3124053418592233e-308
154,I believe that the purpose of the experiment is to understand how people read graphs and understand what they are looking at. The purpose is to see what amount people think of when they see bar graphs.,topic_4,0.06232701937876914
155,"I think the purpose of the experiment was to see how people perceive and estimate numerical values in relation to visual representations, like bar heights, and how accurate those estimations are.",topic_4,0.047843184800409055
156,The purpose of the experiment was to see  different people see and visualize bar graphs and data.,topic_4,0.06346487010600103
157,The purpose of this experiment was to evaluate people's ability to observe and compare the size and scaling of objects.,topic_4,2.681226437356547e-308
158,I think the purpose was to identify differences in bar sizes in graphs.,topic_4,1.328529692106359e-308
159,how good people are at guessing the difference between objects,topic_4,3.049791458280511e-308
160,I think the purpose of the experiment was to see how the height of the towers next to the ones we were guessing the height of influenced how tall we thought it was. To see how we analyzed the whole situation.,topic_4,0.051847351671084355
161,To compare old studies to new studies. I think the big idea was to perform a nearly identical experiment to one done in the past and compare the results.,topic_4,1.0093260610937754e-308
162,I think the purpose of the experiment was to see how people on average perceive proportions without any reference numbers. It could also be to see which age group seems to guess proportions more effectively as well.,topic_4,1.3348238841770415e-308
163,to see if students can tell the difference between online charts and physical charts,topic_4,0.12421546941879476
164,Determining the accuracy of students' observations.,topic_4,1.445110203177503e-308
165,I think that the purpose of the experiment was to evaluate how individuals perceive size of the different lengths of the block towers.,topic_4,0.072251601329919
166,To determine if people could determine the difference between graphs.,topic_4,0.06825816021695842
167,To see how well students are at makes educated guesses about the height of the bars.,topic_4,1.2025251472647276e-308
168,The purpose of the experiment was to see how different students can perceive different heights.,topic_4,0.05625694449960599
169,To gather information about a certain thing.,topic_4,0.08003055250593158
170,Too evaluate how people perceive things differently.,topic_4,0.0749835015457975
171,I think the purpose of the experiment was to see how accurately we can estimate the percentages and heights of the bars/blocks based on each other's heights. I also think it is testing how differently each of us sees the heights and how our answers may change throughout the experiment.,topic_4,1.1261540725053144e-308
172,I think that the purpose of the experiment was to familiarize ourselves with the context of how we can see statistics in real life.,topic_4,0.06402995214821866
173,To interpret how people view graphs.,topic_4,1.219787403067233e-308
174,I think it was to see how college students who are taking statistics can estimate percentages compared to those who are not taking statistics.,topic_4,0.0885884442038185
175,to understand how people interpret statistical graphics and how accurately the information can be represented.,topic_4,0.11467120317186401
176,"To evaluate the accuracy between people to be able to make perceptual judgements. For example, comparing bar heights pf 2D and 3D charts.",topic_4,0.11709956320545756
177,To test peoples height judgement,topic_4,0.05413693344391026
178,"The goal of the experiment was to see how people understand and compare data when it's shown in different types of bar charts—like regular 2D charts, 3D charts on a screen, and even 3D printed charts you can touch.",topic_4,2.1615805818706847e-308
179,to gather students thoughts.,topic_4,1.2464393787238097e-308
180,"I really think the purpose of this experiment was to see how accurately different people can judge the difference between bar heights, depending on how the graph is set up and how the graph is shown for an example whether the graph is a 3-D or a 2D or physically printed in 3-D they wanted to see if certain types of different graphs make it easier or harder to understand the data that is set before you just by looking at it. It looks like they were testing whether the information that was represented affects how the different people interpret it, especially when comparing the numbers on a visual basis.",topic_4,1.248707198589361e-308
181,na,topic_4,0.08080007308386859
182,"The purpose was to see how well people can understand and compare numbers when they are shown in different kinds of bar graphs. There were comparing regular 2D digital, 3D bar graphs on the screen, and 3D bar graphs printed. Ultimately, they are trying to figure out if the way the data is presented affects how accurately people can read and understand it.",topic_4,0.04514705549143164
183,To see if people could tell a difference in the way a graph looked online vs in person,topic_4,1.305980208974504e-308
184,"I think the purpose of the design was to tell perception and how that differs between different people. Having a representative block to base one's perception of another block off is something that can be variable between people. Although we all have a general sense and idea of perception, guessing can only be so precise.",topic_4,0.07298394148202131
185,To gain an understanding on how bar graphs can be interpreted by different minds,topic_4,0.09762461472877244
186,Improve people‘s perception of space and proportion,topic_4,2.6040133357056823e-308
187,"The purpose of the experiment was to evaluate and compare the accuracy of perceptual judgments in interpreting data from 2D bar charts, 3D digital bar charts, and 3D printed bar charts, replicating and extending Cleveland and McGill’s position-length experiment.",topic_4,1.7473585520794586e-308
188,I think the purpose of this experiment was to depict how others view perceptions of others and see how accurately we differ heights in 3D bar graphs.,topic_4,0.04112096833530797
189,To analyze if 2D or 3D graphs are easier to understand.,topic_4,0.181785612844451
190,I think the point of the experiment was to see if 3D graphs have gotten better over time and if they are useful for data measurement.,topic_4,1.0
191,To engage us and learn more about the research. To help us understand how people interpret 2D and 3D printed graphs.,topic_4,0.1263750251901341
192,To see if the general population over or underestimates quantities,topic_4,1.335231683751494e-308
193,I think the purpose of the experiment was to challenge students thinking on a deeper level.,topic_4,0.012224990932715086
194,I think the purpose of the experiment was to see if we could interpret data better in a 3D way or 2D.,topic_4,2.3201018995688025e-308
195,"I think this experiment aimed to help us (stats 218 students) understand how different variables in a 3D scatterplot, such as shape and color, affect perception and interpretation of multidimensional data in visuals.",topic_4,1.0
196,"To better understand statistical concepts such as writing hypothesis, probability, p values, and standardized statistics.",topic_4,0.11385679607902317
197,"The purpose of this experiment was comparing how accurately people judge data using 2D, digital 3D, and 3D printed bar charts.",topic_4,1.712902725623124e-308
198,"The purpose of the experiment was to see how well people could compare bar heights in 2D, digital 3D, and 3D printed graphs. The researchers wanted to know if 3D printed graphs help people understand the data better.",topic_4,2.1157660598106006e-308
199,"To understand/test our vision/perception of bar graphs, but I didn't understand why they chose bar graphs.",topic_4,1.389821412713642e-308
200,"The purpose of this experiment is to see how well people are able to examine 2D and 3D models. There was some previous data showing that people have a harder time examining 3D models, so this study is trying to replicate these results or see if they are different.",topic_4,3.9213727952109016e-308
201,"This study aimed to:

*

Replicate and extend the foundational work by Cleveland and McGill on graphical perception.

*

Determine whether 3D printed charts could improve perceptual accuracy compared to 2D or digital 3D charts.

*

Assess how well participants could judge which bar was smaller and estimate the ratio between bar heights across the different formats.",topic_4,1.6856896057518934e-308
202,"To clarify the differences between 2D printed bar charts in relation to their heights, and 3D bar charts.",topic_4,0.06908427282714381
203,"to evaluate how accurately people can interpret and compare data using different types of bar charts, specifically 2D graphs, 3D digital graphs, and 3D printed graphs. It aimed to determine whether 3D printed charts offered perceptual advantages or disadvantages compared to their 2D counterparts, especially with how well participants could judge and compare bar heights representing numerical values.",topic_4,1.6147145558351506e-308
204,"The purpose of the experiment was to estimate the percentage of students who understand statistical differences by being presented 3D models, versus typical 2D models.",topic_4,0.062086560704843904
205,To determine the long run proportion of how many successes students produce in the perceptual ability test.,topic_4,1.3113959223408754e-308
206,The purpose of this experiment was to gather data on how students interpret different types of charts and graphs. As well as to see how accurate students can interpret different type of charts and graphs.,topic_4,0.12938731938727324
207,"To determine how accurately visual, statistical information is perceived across multiple mediums of presentation (2D, 3D, and 3D printed).",topic_4,0.18149658537836952
208,To determine how people view 2D and 3D differently.,topic_4,0.09337990576067082
209,The purpose of this could have been to understand human estimation and its accuracy or inaccuracy without the aid of tools.,topic_4,1.481410373575726e-308
210,I think the experiment was trying to see how people act or think when something changes. The researchers wanted to know if doing one thing would make people react a certain way.,topic_4,1.1003542319862935e-308
211,I think the purpose of the experiment was to analyze how people respond to percentages given different size pillars.,topic_4,0.0695248992531586
212,To test a hypothesis or investigate a research question.,topic_4,9.40404658047806e-309
213,"I think the purpose of the experiement was to see how many people could identify different proportions and shapes between graphs, etc. With little to no information provided. Just based on observations",topic_4,0.23323225480922022
214,"The experiment was testing which type of graph 2D, 3D on a screen, or 3D printed helps people compare bars more accurately. It was to see if 3D printed graphs work better than screen versions.",topic_4,0.05000287219265127
215,"I think the purpose was to see which kind of graph2D, 3D on screen, or 3D printedhelps people understand data the best.",topic_4,0.16082369700625535
216,"To examine how accurately subjects perceive the size of bars in a 2D, 3D, and a 3D printed chart not only for size but dimension as well.",topic_4,1.7105895590106937e-308
217,I think the purpose of this experiment was to show that 3D experiments that are printed allow you to get better data compared to ones that are digital.,topic_4,1.0
218,The purpose of the experiment was to see if people can better determine the size difference between two bars better with a 3D model or a computer model.,topic_4,1.127608743694333e-308
219,To determine how different demographics of people understand statistical charts and how they perceive statistical differences.,topic_4,0.1169684086709759
220,"To see which age group has the sharpest/most accurate approximations of visual scaling and/or which graph display (physical, 2-D, 3-D interactive) was the most effective in approximating accurate guesses. To see if the positioning of the irrelevant bars not asked about in each graph helped improve accuracy as references. Possibly also contrasted duration spent on each graph with accuracy and/or age.",topic_4,0.0893285770469014
221,I think the purpose of this experiment is to understand how accurately and effectively people interpret data from three-dimensional representations compared to traditional two dimensional representations.,topic_4,0.3608748157457895
222,To see how well we can eyes ball measurements and differences between heights,topic_4,0.05311486742349596
223,To see if the different visuals of the same graph have different outcomes of how tall the smaller bars are compared to one another.,topic_4,1.288595255407514e-308
224,To see which method of presenting graphs showed the most accurate depiction of the data.,topic_4,1.226884266518451e-308
225,to see if wed catch onto the repetition.,topic_4,0.07773015127732254
226,I think the purpose of the experiment was to see how students read bar graphs when they are presented differently.,topic_4,0.06344761451938277
227,To see the difference between how students picked what they picked for an estimation.,topic_4,1.340877306440318e-308
228,to determine the statistics on how people judge comparative sizes.,topic_4,0.07036312453657317
229,The purpose of the experiment was to identify if men or women can interpret graphs.,topic_4,0.15305435949081234
230,I think the purpose is to see how much people can estimate size of graphs in a 3D space since generally they aren't presented to us like that.,topic_4,0.18103297872527585
231,To understand how our perception of what the hypothesis per block differed to the actual correct answer.,topic_4,0.06022853991006425
232,"to familiarize us with looking at and reading graphs, but I think the measured variable is how accurate we are at eyeballing heights and ratios.",topic_4,0.06315087553368784
233,I think the purpose was to see if people estimate numerical values better from 3D graphs in person or on a screen. This could help instructors when determining class curriculum to decide what form of graphs to provide their students with.,topic_4,0.17514369214006573
234,to view graphs in person or in different views on screen to trick your mind into thinking how big a graph was compared to another graph.,topic_4,1.243596862875915e-308
235,To demonstrate that people see things differently and there isn't always one correct answer.,topic_4,0.077057282925523
236,I genuinely have no idea.,topic_4,0.07710425952710018
237,I think the purpose of the experiment was to test what stats has taught us.,topic_4,0.06011888688843769
238,"If you're able to properly estimate based on a given data, compared to another data.",topic_4,1.3415702864323813e-308
239,I think the purpose of the experiment was to be able to determine if students were able to identify and understand and interpret statistical graphs.,topic_4,0.14816415377941683
240,I feel as though the purpose of the experiment was to determine our understanding on how we can view the differences in values given on the 3D printed objects.,topic_4,1.0
241,I think the experiment was to examine whether people can better identify proportions based on a physical or digital model.,topic_4,0.06625638976089872
242,"The purpose of this study is a little unclear to me, but I think it was to potentially understand the strategies used amongst stats 218 students in choosing the ""taller"" figure. I would assume students' results from this study were compared to the grades of students.",topic_4,0.0592878980711949
243,The project aimed to investigate how students comprehend and analyze data given using visual tools such as block-based graphics or models. Its goal was to integrate statistical principles from Stat 218 to real-world visual representations and measure how well students understood them.,topic_4,0.1293811212588247
244,"I was pretty confused about what the goal of the experiment was, but perhaps it was for instructors to gain a better understanding of how students perceive objects.",topic_4,1.4191633029144055e-308
245,The purpose of the experiment was to demonstrate how estimation techniques are used to make inferences about a population and to explore whether an observed effect suggests a causal relationship.,topic_4,9.958630562914426e-309
246,I think that the purpose of the experiment was to test how students perceive the height and percentages of different bar graphs.,topic_4,0.051956465417916625
247,I think the purpose of the experiment was to make you think critically about data analysis and proportions based on graphs/models.,topic_4,0.08269903921859184
248,"The purpose of the experiment was to investigate how accurately people perceive and compare data using different forms of bar charts—specifically traditional 2D charts, 3D digital visualizations, and physical 3D printed versions. By examining participants’ ability to judge which bar is smaller and estimate the ratio between bars, the researchers aimed to assess whether physical depth and tactile interaction in 3D printed charts improve perceptual accuracy compared to screen-based 3D and flat 2D representations.",topic_4,1.564587773494484e-308
249,I think the purpose of the experiment was to retest an old experiment to see if anything had shifted in society since the original experiment was conducted.,topic_4,1.087057615084121e-308
250,To see if the results have changed through generations of students at UNL.,topic_4,0.06744887950874473
251,I think the purpose of the experiment was to see if different students would read the graphs differently.,topic_4,0.15554872264959685
252,"The purpose of the experiment seemed to be testing how individuals interact with or respond to different 3D model designs. It may have aimed to explore how certain features—like shape, clarity, or usability—affect perception or performance when using a model. Overall, the experiment likely intended to gather data to improve design effectiveness or learning outcomes.",topic_4,1.0
253,I think the purpose of the experiment was to see if people were more accurate with either 2-D charts or 3-D charts in terms of inputting data.,topic_4,1.0
254,I think the purpose was to see if a 2D or a 3D was easier for people to understand and read.,topic_4,0.08957004927172606
255,I think the purpose of the experirment was to see the variations on peoples choices. It also showed how everyone thinks and chooses differently.,topic_4,1.097886642537163e-308
256,I think the purpose of the experiment was to see how well are college students are able to interpret and estimate the values of bar graphs based off of pictures versus an in person model.,topic_4,0.05926888775156009
257,I was a little confused in the beginning of the experiment but I feel that the purpose was to see our perspective on how we saw the blocks we used. More specifically to see how people estimate proportions/ percentages and seeing how accurate they are.,topic_4,0.07312258568970827
258,how individuals analyze objects on a computer versus physical form.,topic_4,0.16915936987467065
259,I think the purpose of the experiment was to give students a hands-on experience with data collection and interpretation to reinforce concepts learned throughout the course,topic_4,0.0733738933672212
260,A purpose of the experiment is to test a hypothesis.,topic_4,9.30879835527566e-309
261,To identify which object was larger/smaller and estimate how much larger and or smaller.,topic_4,0.049213895845233224
262,"I think the purpose of this experiment was to see which bar graph was smaller. You had to chose on, either the triangle or the circle. Another point would be to see how people interpret sizes, if people are more accurate or less.",topic_4,0.03689758182713713
263,"The purpose was to choose which column was smaller. The column associated with a triangle or with a dot next to it.

At least that's what it looked like on the surface.",topic_4,1.25696469503736e-308
264,I think that the purpose of this experiment was to test how students perceive the distance of the graphs after taking a stats course.,topic_4,0.1914999045626923
265,The purpose of the experiment was to see if you could see the shapes in the structures or not.,topic_4,1.9638629605852177e-308
266,To determine how people view graphs and the most effective graph to show data.,topic_4,1.218112188922187e-308
267,I think the purpose of the experiment was to see if the person was paying attention to each question.,topic_4,1.1485023335922434e-308
268,The purpose was to test out if people can tell the difference in sizes from a 2D to a 3D model.,topic_4,0.08936264905165069
269,my iq,topic_4,0.08334200347514008
270,I thought that the purpose of the experiment may have been to study people's depth perception.,topic_4,1.5512401611576415e-308
271,The purpose of the experiment was to determine how surrounding influences and proximity affect how one perceives objects.,topic_4,1.4741715925260956e-308
272,I think the purpose of the experiment was to test our minds and see if it sees proportions the same when looking at them in different ways.,topic_4,0.05528147188014211
273,To see how well people can tell size differences in 2D vs 3D,topic_4,0.08729734108544664
274,The goal of this study is to comprehend how we interpret statistical graphics and how precisely we can decipher data from various types of charts.,topic_4,0.11612909765876414
275,I think they used this experiment to study how individuals see the different regions without a set of numerical data.,topic_4,0.05293183342481137
276,I believe that the purpose of this experiment was to grasp a better understanding of how we judge differences based on three-dimensional examples and two-dimensional examples.,topic_4,5.669469707495719e-308
277,The purpose of the experiment was to see how people interpret 2D charts versus 3D charts.,topic_4,1.0
278,To see if people can accurately correlate relative distance with shades of colors.,topic_4,0.08282451814122878
279,I think the purpose of this experiment was to see how people perceive and interpret quantitative information presented in different visual formats.,topic_4,0.12134417168645151
280,To test our understanding.,topic_4,0.07799162855400386
281,"The purpose of the experiment was to gather information about how well people are able to interpret maps/graphs , specifically color coded maps. This helps researchers create graphs that are easier to understand to people who do not work with this kind of stuff every day.",topic_4,0.14268820900740362
282,I believe that the purpose of this experiment was to gauge our understanding of spacial and color awareness.,topic_4,1.4364899198509252e-308
283,"The goal was to see how people read and interpret heat maps, specifically whether they could correctly figure out which letter on the grid represented the larger quantity. It was basically testing our ability to make quick, accurate judgments based on visual data.",topic_4,0.14483310274837313
284,To observe how accurately people can estimate differences in values from heat maps and 3-D block charts.,topic_4,0.13221566133262652
285,i think the purpose of the experiment was to work on depth perception and how well someone can tell whether one color on a depth scale is higher/lower than another,topic_4,1.5186550583606625e-308
286,"I think the purpose of the experiment was to see how well people can understand 3D graphs or charts, especially when they're shown on a screen. It probably also wanted to find out if having a physical 3D-printed version of the chart helps people understand the data better. Overall, it seemed like the experiment was about how different ways of showing data affect how people read and make sense of it.",topic_4,1.0
287,The purpose seemed to be testing how accurately and quickly people can interpret and compare values represented visually in a heat map. It might have been aimed at understanding whether people can judge relative magnitudes from color intensity and spatial location without seeing the actual numeric values.,topic_4,0.14466275257008135
288,"I am not completely sure what the purpose was, I generally struggled with the information that was presented for us to make decisions off of. If I had to venture a guess, I would imagine that could be part of the experiment. The hypothesis was not stated, but could be inferred that given the heat variant maps, and limited data sets, students would incorrectly or correctly answer the questions. We, the students would be the experimental group. The controlled variable is that each student is taking the same ""quiz"" with the same questions and the same information. Variables would be that each student may answer the questions differently.",topic_4,0.11771235580216775
289,I think the experiments purpose was to use statistical evaluation and probability of which would have a higher amount based on its Heat color from the map. This can help identify differences.,topic_4,0.13942365633290335
290,I think that the purpose of this experiment was to allow us to understand how different variables can be represented in data. We then could use our resources given to see which variable was bigger and by how much.,topic_4,0.07972208420397926
291,To identify which graph type is more accurately interpreted/ more clearly communicates the results to viewers.,topic_4,1.22113934830641e-308
292,I think the purpose of the experiment was to evaluate the ability for the human mind to successfully differentiate between color shade differences and 3-D height differences when analyzing a graph.,topic_4,1.0
293,To test how we read graphs and statistical charts in different ways.,topic_4,1.24797508757609e-308
294,The purpose of the experiment was to compare our answers from the 2-D and 3-D designs. One design was easier to answer while the other one was more difficult. With comparing our answers it can show what model is easier to get accurate information from.,topic_4,4.190960100319266e-308
295,to read 3D plots and see how different things affect quantity,topic_4,0.19254162305083453
296,"I think the purpose is to determine what type of data visualization is most easily/accurately understood, or perhaps what type is most misleading.",topic_4,0.12325376296455146
297,"The purpose was to compare data in a visual way, which represented heights and colors.",topic_4,0.02734366584569635
298,To see which type of graph is easier to decipher.,topic_4,1.213572285266817e-308
299,I think the purpose of the experiment is to test people's perception of size when using different shapes.,topic_4,0.0601640375701035
300,To see how student interpret t the question and it there answers change even when the difference in space between bars is the same.,topic_4,1.2013755367269713e-308
301,To see if students got progressively inaccurate as the graphs went on,topic_4,0.07501723514286508
302,"Personally, i can identify that they are separating results based on different age groups, as far as the charts that were involved my only guess in the experiment is that they were studying aproximation within different age groups, the goal is to see how well different age groups can determine approximately how high a certain bar is in conjunction with another.",topic_4,0.07839997638221885
303,I think the purpose of this experiment was to determine how well we can differentiate smaller and larger bars on 3D bar graphs.,topic_4,1.153333340711852e-308
304,To determine how different mediums (3D vs 2D) affect the visualization of data.,topic_4,0.19179375538992213
305,I think the purpose of the experiment was to see whether your perception of the size of the graphs changed based on the size of the bars next to the bars.,topic_4,1.2351727635033973e-308
306,The purpose is to evaluate if different formats of presenting data affects people's accuracy in making comparisons and perceptual judgements based on bar charts.,topic_4,1.5263689076731316e-308
307,To see how well the general population interprets data between 2-D graphs and 3-D graphs.,topic_4,0.1542453081561348
308,The purpose of this experiment was to measure perception judgement in a population currently in statistics.,topic_4,0.03344569277881474
309,I think this experiment was about understanding people perceptions based on size and understanding.,topic_4,0.06711010139889957
310,To see how humans are able to perceptualize different graphs,topic_4,1.276212262286452e-308
311,I believe the purpose of this experiment was to test vision/perception by asking the participant to see which bar is smaller and by how small it is from different perspectives (2D/3D).,topic_4,1.108529774036458e-308
312,I think the purpose of this experiment was to see if people who are in a statistics class differ at all from others in this study. Also the study was able to get a larger sample size with people in STATS 218 participating in the study.,topic_4,0.06929331716162578
313,The purpose of the experiment was to see if 2D and 3D models can affect the perception of those who are currently looking at the graph. Will 3D graphs make the participant exaggerate the difference in two bars?,topic_4,2.1332851401892785e-308
314,I think the purpose was explore how data is interpreted by students and what interpretations/conclusions we can make from graphs.,topic_4,0.1358123669895705
315,To gage students skills at estimating relative size ratios.,topic_4,1.349245649112198e-308
316,test how accurately we could get the sliders,topic_4,0.03298813200557951
317,To see if we could identify which graph was smaller and by how much by looking at different graphs in different ways.,topic_4,0.07763649422735062
318,To gauge how visual distractions affect perception of size.,topic_4,2.5057932696877175e-308
319,To see how accurate one can assume the specific height of a ar is to another on the same graph,topic_4,0.03596415212498735
320,I think the purpose of this experiment was to be able to demonstrate how angles alter an individuals perception.,topic_4,1.598098410498501e-308
321,To measure the difference in how well participants analyze data presented in 2D graphs compared to 3D graphs.,topic_4,0.16295166567692432
322,I think the purpose of this experiment was to test if taking statistics makes a person able to differentiate and compare the two bars better than someone not taking stats 218.,topic_4,1.14618613979458e-308
323,To test how someone measures two variable in front of them,topic_4,1.322775013269178e-308
324,I think the purpose of the experiment was to study differences in size estimation between different visuals representations.,topic_4,1.7300081072009867e-308
325,I think the purpose of this experiment was to determine if bar graphs can be more correctly interpreted in either two-dimensions or three-dimensions.,topic_4,1.168380464314538e-308
326,To test how much people perceive the percentage of something to smaller,topic_4,1.3277668329272686e-308
327,To see if there is a preference when displaying data. Is there a better route to be taking.,topic_4,0.06912107326456084
328,I think that the purpose of this study was to get a visual on what perspectives people see certain graphs.,topic_4,0.06356305100406359
329,I think the purpose of this experiment was to get a better understanding of where STAT218 students land.,topic_4,0.07232810007931295
330,To investigate how different forms of graphs are interpreted by individuals.,topic_4,1.261365024122487e-308
331,"To see if we could accurately read the 3D printed, 3D, and 2D graphs",topic_4,1.0
332,To determine if 3D-printed bar charts were easier to interpret and/or affected judgement than 2D bar charts.,topic_4,1.563062131282387e-308
333,I think the purpose of this experiment was to explore whether or not participants could determine the size difference between the two bars.,topic_4,1.1161892371563897e-308
334,I think that the importance of this experiment was to determine if visual depths is a limiting factor in peoples ability to correctly distinguish between graphs with different values.,topic_4,1.0
335,"When evaluating the experiment in Stat 218, focus on key elements: clear research question, randomization, control group, treatment variables, sample size, data collection, experimental procedure, statistical analysis, ethical considerations, and meaningful conclusions. Assess these aspects to determine the experiment's validity and any potential limitations.",topic_4,9.37631910752264e-309
336,To understand which bar graphs are easier to determine what is being shown on the graph.,topic_4,1.2333018451389854e-308
337,To find out if students can identify heights of bars and comparisons in 2D and 3D / also if colors make a difference in what we see.,topic_4,1.249908016092299e-308
338,Reading graphs,topic_4,1.29135599035397e-308
339,The purpose of this experiment was to see if we can accurately guess how much taller or shorter one of the bars are compared to the other.,topic_4,1.114893041036966e-308
340,To evaluate how students choose variation in shapes.,topic_4,0.03740581064867012
341,I think that the. purpose. of the experiment was to investigate how different groups of students both read and understand statistical graphs. I think they want to see what graphs allow for people to read information from charts and what the easiest way to present information via statistical charts.,topic_4,0.1386186948089706
342,The purpose of the experiment was to test if people could trust their eyes and estimations.,topic_4,1.355846963163831e-308
343,"The purpose of this experiment was likely to explore how effectively 3D-printed visualizations can help students understand and interpret statistical data. By providing students with physical 3D models, the experiment might have aimed to assess whether interacting with tangible representations of charts or graphs enhances comprehension of statistical concepts—particularly those related to evidence strength, effect estimation, confidence, causation, and comparison of proportions and means. Additionally, using the app to guide students through the steps ensured that each participant followed a standardized process, allowing for consistent data collection on how these 3D visuals impact learning outcomes.",topic_4,1.8324352527372795e-308
344,To see how people view optical illusions and how it affects people ability to know the true size.,topic_4,0.08629471465139593
345,I believe the purpose of this experiment was to understand how accurately STAT218 students can perceive statistical graphics when asked questions related to comparisons of objects.,topic_4,0.1422220622130198
346,I think the purpose of the experiment was to see if there was a difference between 2D and 3D models when comparing two different sized objects. Essentially how the dimension of an object affects the perception of an object's height.,topic_4,1.9449018292431014e-308
347,The purpose of the experiment was likely to determine the difference in perceptive ability in 3D versus 2D models.,topic_4,4.536241575897261e-308
348,To see how people in stats perceived graphs.,topic_4,1.207426991826525e-308
349,It seemed like the experiment was trying to determine how well students could approximate height proprotions of blocks relative to one another in different formats.,topic_4,0.0721089296721697
350,The purpose of the experiment was to see how people perceived each graph to be a certain number. I think that as the experiment changed which graph was considered like the controlled variable to see how that changed what your judgement was towards the the sizing of the other graphs.,topic_4,0.058583553986196184
351,I think the purpose of this experiment was to count the graphs and the proportions.,topic_4,0.18675241440895923
352,To collect data on people’s brains,topic_4,0.07977512572940193
353,I think the purpose of the experiment was to see how different people see and analyze different sets of data,topic_4,0.05675736479355283
354,I think the purpose of this experiment was to show how people perceive different shapes and the size of them. I was used to compare sizes that someone sees with the naked eye.  They were also trying to see if a 2D or 3D look had an affect on the responses.,topic_4,1.8712625591557133e-308
355,To accumulate data while maintaining system structure and organization.,topic_4,0.047167431379760975
356,The purpose of this experiment was to gather data for a study.,topic_4,9.50545028893791e-309
357,To explore how accurately we read data visualizations and understand the effectiveness of different statistical graphics.,topic_4,0.12180236586224907
358,"""The purpose of this experiment most likely was to explore the precision with which participants can compare the size of visual elements, like bars, when one acts as a reference. This present study can look at asking participants to make estimates regarding the height of a smaller bar in relation to a larger one.
perceptual biases, estimation accuracy, and how the visual context influences the ability to judge relative sizes. A finding such as this may help explain common errors made in visual perception and judgment.",topic_4,2.5780994644171805e-308
359,I think that the purpose of this assignment is to see how students view data differently.,topic_4,0.10234142458396171
360,The purpose seems to be about whether or not people have a sense of interpreting graphs with confidence and accuracy. This study could help cut down on mistakes that might come from overanalyzing or getting lost in minor details to make it easier to interpret graphs where data visualization is used.,topic_4,0.09264272397413767
361,"The purpose of this experiment might have been to assess how well students can visually judge relative sizes, such as height or volume, and quantify them in proportion to a standard value. The experiment could also explore the cognitive processes or biases that affect visual estimations, especially in a statistical learning context.",topic_4,2.5617564732219376e-308
362,I think the point of the experiment was to test our common sense to a degree and see if we can tell the difference between different sizes by estimation.,topic_4,0.0651241470494665
363,I think the purpose of this experiment was to look deeper into how people read statistical data to further improve the way data is shared.,topic_4,0.10387202588121719
364,"To determine if the original study stayed true over time, or if we developed better technology for 3D rendering of graphs and the ratios they represent.",topic_4,0.11007231124950766
365,To gauge how people perceive bar charts based on whether they are 2D or 3D,topic_4,1.597756901411151e-308
366,This experiment was to investigate how the different data between the printed version and the digital one affect the guessing or accuracy participants made.,topic_4,0.07074784236919761
367,"I think that the purpose of this experiment was to see whether our vision would be different compared to different models. We were given 3 different kinds of models, one that was flat, one that was physically 3d, and one that was a digital object you could move on your computer. By choosing which tower was larger, and what percentage that would be, how would it be different through out the 3 groups.",topic_4,0.06175835894209218
368,To explore how we interpret 3D graphs different than 2D.,topic_4,0.17458143213177116
369,I am still a little unsure what the purpose was because we did not get a hypothesis but I assume it was to see how well we could guess heights based on specific views. They did ask our favorite animal at the beginning as well as age and gender but I do not know how those questions affected the experiment.,topic_4,0.06579979085025953
370,The purpose of this experiment was to see if there was a difference in the way people read graphs.,topic_4,0.15280788786181546
371,For the researchers of this experiment to see what students observed in their judgement to 3D sizes,topic_4,4.4047591764380045e-308
372,"To compare the efficacy of 3D rendered models, 2D models, and 3D models on a 2D plane at identifying the scale of the data values.",topic_4,0.18210707627686096
373,The purpose of this experiment was to emphasize the connection between statistics and scientific research and to connect the information taught in Stat 218 to current scientific investigations in statistics. The purpose was also to understand how we perceive statistical graphics and how accurately we can read information from charts represented in different ways.,topic_4,0.1314114454977626
374,I think the purpose of the experiment was to see how students viewed different graphs and to see our perception of how much larger a bar graph is compared to one side by side.,topic_4,0.04936181268791951
375,Researchers can evaluate participants' understanding of data and interpretation by having them compare the heights of two bars and then estimate the height of one bar based on the information provided. This can include generating estimates based on insufficient data and comprehending statistical concepts like mean.,topic_4,0.04563865349680866
376,I think the purpose was to examine students' ability to correctly estimate size differences and proportions. There could be an added part of seeing if estimates are more accurate on computers or with the 3D models depending on if the research just wants to look at in person responses,topic_4,0.07526395381636032
377,I think the purpose of the experiment was to see how people perceive and judge relative sizes.,topic_4,0.06469246792486584
378,To judge if certain presentation styles made it harder to interpret data shown on the graph.,topic_4,0.061167340771088645
379,I think that the purpose of this experiment was to see if participants ability to estimate the height of the bar by comparing it to another bar with a known height is impacted by whether or not the bars are right next to each other or if there are bars in between.,topic_4,1.1211528696740303e-308
380,"To determine the purpose of the experiment, I would need more specific details about the experiment itself, such as its design, hypothesis, and the variables involved.",topic_4,9.394645105976813e-309
381,"The experiment likely aims to gather data on perception and estimation accuracy,",topic_4,1.368426205010191e-308
382,i think that the purpose was to see how well students can infer the size of the smaller graph,topic_4,0.14972557491634522
383,To determine whether or not we can gauge the ratio of shapes based off images.,topic_4,0.079902144402759
384,The purpose of the experiment could have been to determine how closely students can estimate using bar graphs.,topic_4,0.06320922518041837
385,The propose was to see if we can acccuretly guess the amount,topic_4,1.4078263721095704e-308
386,I think the purpose of the experiment was to see how well people can read information when they are shown in different forms.,topic_4,0.08217004235869621
387,I think the purpose of this experiment was to better determine how good people are at guessing percentages of bar graphs.,topic_4,0.05186502550355688
388,To determine how people interpret the size of bars on a bar graph.,topic_4,0.08047682508846993
389,How well the participant can identify the size difference between each bar.,topic_4,1.114513879934594e-308
390,I'd imagine it was to determine if there is a correlation in the perception of size based on other objects around that said object and possibly by age and gender as well.,topic_4,0.06675264690471049
391,to test how we evaluate proportions when they are side by side vs apart vs 3D vs 2D and how the bars next to them can effect our answers,topic_4,1.2958284839734894e-308
392,The purpose of this experiment was to see if people could identify the height of one of two different bars if given one of their heights,topic_4,1.140833972373437e-308
393,To see how close to accurate we got measuring sizes of the bars when they are apart or around other sized bars.,topic_4,1.207919034197997e-308
394,To observe how students view the height of the bar compared to another.,topic_4,1.2088517883831634e-308
395,to get data and estimate how students will see graphs,topic_4,0.060520745427210726
396,"To categorize, based on demographics, who could reasonably tell the difference between the two structures.",topic_4,0.03456232282219385
397,Not very sure. Maybe to compare sizes of different bar graphs 2D and 3D.,topic_4,1.339508387040373e-308
398,to see if people pay attention to the other bars instead of the bars that were indicated with the shapes,topic_4,1.215595650031284e-308
399,"The purpose of the experiment likely aimed to investigate a specific research question or hypothesis within a particular field or domain. It may have sought to explore the effects of certain variables, test the efficacy of a new intervention or technology, or contribute new insights to existing knowledge. Overall, the experiment likely aimed to advance understanding within its respective field and potentially offer practical implications or applications based on its findings.",topic_4,9.300068876829366e-309
400,To compare the two different bar graphs participants chose to see which graphs produced a more accurate answer from the participant.,topic_4,0.06802456786033213
401,"I would think that the purpose of the experiment was to see how changing the shape, length of the block, length apart from each other and perspective (3d or not) of the blocks affect how the blocks are perceived by the audience.",topic_4,0.07288694829955984
402,To test hypothesis and The purpose of an experiment is to gather data to determine if the results support or contradict the theory.,topic_4,9.21994016991293e-309
403,To see which graph was longer.,topic_4,0.0735630388318994
404,Maybe understanding the perception of accuracy maybe the wanted to investigate how accurate individuals perceive and estimate the height of graphical representations. Or the purpose could of been understanding and assessing the graphical designs of the bar graphs they may have wanted to understand and evaluate the effectiveness of different graphical designs and how us viewers would convey them.,topic_4,0.051298172662283335
405,to get a statistic of what the average answer was for each question,topic_4,0.08365749878023773
406,I think it’s purpose was to to see how well people could gauge based on sight.,topic_4,0.052869634115333436
407,"I do not remember the question that the experiment was testing as I participated in the experiment a week or two prior to this questionnaire being posted. I believe it was something to do with testing whether gender played a role in if one can accurately guess the percentage of area. Object 1 compared to object 2, whichever is smaller, what percentage of area does the smaller object cover of the larger object.

 

Purpose was to see if gender had an effect on one’s accuracy to guess this.",topic_4,0.06629266933334692
408,I think that the purpose of the experiment was to see how accurate people can be at guessing somethings height/value.,topic_4,0.06572073309606699
409,"I think that the purpose of this experiment was to see how accurately people can identify the difference in heights of the bars in bar graphs. It shows how we can have a skewed perception of data shown on bar graphs, as we cannot tell how much different they are.",topic_4,1.217659524578616e-308
410,To identify whether the naked human eye can detect skewed differentiations.,topic_4,0.07951779212868083
411,The purpose of the experiment was to test pattern recognition. To see the trends in problems and how to solve them.,topic_4,0.05959251768923519
412,I think the purpose of this experiment was to see how students in the statistcs class could estimate values and use problem solving.,topic_4,0.05986649529397095
413,The possible purpose of the experiment could be to gauge the accuracy of a population's perception of ratios between objects.,topic_4,1.35632805639178e-308
414,The purpose of the experiment was to determine how accurately students could estimate proportional relationships using 2D and 3D models.,topic_4,0.066578250514714
415,To generalize an experimental unit.,topic_4,9.16547705565664e-309
416,to determine students' ability to identify shape of samples and ability to calculate.,topic_4,1.3241112596854016e-308
417,To see the ability to make predictions.,topic_4,0.07987939127772478
418,the purpose of the experiment was to measure blocks and to see which variation was taller or shorter.,topic_4,0.07243519717975411
419,To see how well students in Stat 218 estimate the height of an unknown amount when given a height you can compare it to.,topic_4,0.05919484959308687
420,to measure how well people can measure the different in height between items,topic_4,0.05391494441364401
421,To see how we judge sizes.,topic_4,0.07050988180792887
422,I think the purpose was to see how well each person can determine height differences.,topic_4,0.06231243040138135
423,I think the purpose of this experiment is to see how far people's perception of data could be. This is a good example of standard deviation.,topic_4,0.12974385382553788
424,Understand estimation skills and depth perception in participants.,topic_4,2.7707734380309517e-308
425,To find how accurately people can read bar graphs,topic_4,0.09709283041151272
426,To see how accurately people can estimate the size of the graph.,topic_4,0.06989717386916904
427,I think the purpose was to see how the surrounding size of bars in a bar graph can make the chosen bar look smaller or larger than it actually is.,topic_4,0.03168862162950193
428,To determine the average person's ability to read and interpret graphs,topic_4,0.0687894088883251
429,See if technology makes it easier to identify heights or if in person models are better.,topic_4,0.05416417081429328
430,To see how most people read graphs and if most people are thinking the same distance for graphs.,topic_4,1.207833215116896e-308
431,To evaluate whether or not people can read graphs with confidence and accuracy.,topic_4,1.22361820084634e-308
432,I think the purpose of this experiment is to see if people know how to guess the size of different bars if one bars measurement is given to you.,topic_4,1.100335782833986e-308
433,Visual perception,topic_4,3.3275850351269617e-308
434,To see if different people were able to determine the size difference between the blocks that they chose.,topic_4,0.07142085274986687
435,I think the purpose of the experiment was to take statistical charting on different students how the different types of statistical charts are used and understood.,topic_4,0.1493643819298505
436,To see how well students in Stats 218 can understand and visualize graphs.,topic_4,0.07100644829341252
437,To see how other people might view the bars differently.,topic_4,1.2107785339643868e-308
438,To better evaluate how the general public understands graphs.,topic_4,1.225730324713421e-308
439,"Figuring out our problem solving skills. Maybe testing our eyesight, how accurate we are when seeing things in real life as opposed to a 3d Model on the screen, or a 2d image on the screen.",topic_4,0.0887669035648542
440,Our observational skills.,topic_4,0.07272389910725148
441,I think the purpose is to compare how graphs look physically vs virtually. It probably has something to do with making sure graphs look accurate to the data.,topic_4,0.09936826244066643
442,to test if we could tell the difference between heights,topic_4,0.05379468352941204
443,to test if the other blocks affected how we perceive things right next to it,topic_4,0.07268571412474677
444,I think the purpose of the experiment was to determine how well people could determine the different heights when comparing two bar graphs and how they were different or similar.,topic_4,0.047026067328479026
445,I think that the purpose of this experiment was to see the average number of either the triangle or circle bar.,topic_4,0.028841051459686195
446,It can help us learn more knowledge about plane graphics and stereo graphics.,topic_4,0.1753467289984488
447,I think the purpose of this experiment was to evaluate our analytical abilities when concerning graphs.,topic_4,0.20402752233150892
448,"The purpose of the experiment was to catalogue how accurately people are able to read graphical representations of data depending on the medium in which this data is presented (digital 2D, digital 3D, digital 3D interactive, and real life 3D)",topic_4,0.183011293404702
449,"The trick of a person's feeling. Following a 2D model, 3D model or a actually figure, the person would give different feelings of size.",topic_4,2.2110431543873984e-308
450,My guess is that it was either about graph reading ability or fatigue in estimation over long periods of test taking.,topic_4,0.1437645021858483
451,i think that the purpose of this experiment was to see our sense of perception while also testing our cognition about thought processes.,topic_4,1.393456649107752e-308
452,"The purpose of the experiment was to identify which type of graph people can interpret more accurately (e.g. the 2D graph, the 3D adjustable graph, or the physical 3D printed graph).",topic_4,0.2089261896512306
453,To gather data about what method of communicating data to others is best for comprehension.,topic_4,0.07188476811054743
454,To see how well a 3d model did vs a 2d graph on a screen to convey information/data to people.,topic_4,0.15404572216512943
455,To see how a person and gauges differences.,topic_4,0.07466095395003196
456,It was to see how well people can judge proportions off sight alone.,topic_4,0.07030060357338326
457,I think the purpose of the experiment is to find how students accurately predict a percentage of a bar graph.,topic_4,0.052312364863951605
458,I think the purpose is to se how college students correctly tell where the bars are at compared to each other.,topic_4,1.1887904364024573e-308
459,I believe the purpose of this experiment was likely to investigate how people perceive and make judgements about three-dimensional objects when presented with two-dimensional representations.,topic_4,5.087833113786442e-308
460,To learn more about students,topic_4,1.2443541098686904e-308
461,Recognizing how perspectives and conclusions can change with context/additional data.,topic_4,0.10165660636712145
462,The purpose of the experiment was to compare the results of this study to a replica of a study conducted in the past.,topic_4,9.639909167215607e-309
463,To determine the efficacy of different graphical representations of data in conveying the intended information.,topic_4,0.12390907618271849
464,To see if a specific group of people are better able to visually identify numerical difference over another group of people,topic_4,1.326869647874542e-308
465,"I think the purpose was to find out if what different students thought the amount was based on a picture and then what it was based on the corresponding 3-D model lined up. If they have a bar graph and one value is 100, it would then ask what our perception of the value was of a graph with a different size next to it.",topic_4,0.05976728751877357
466,Finding the stats of how people perceived different heights.,topic_4,0.05665566294921725
467,"I think the purpose of the experiment could have been the see the different ways data could be visualized (2D graphs and 3D printed graphs, and 3D digital graphs). 

They wanted to replicate the findings of Clevland and McGill's work and are trying their best to replicate it as best as possible.",topic_4,1.0
468,"I am not sure to be honest, but to see who gets the most right, maybe even by sex.",topic_4,0.07748476229530636
469,To identify how people visualize graph heights off of other hieghts.,topic_4,0.03431391387140265
470,"To find out if the person had a different vision as other people, meaning that the shapes were different seeing if people with dyslexia could figure out the shapes.",topic_4,1.8644501456766387e-308
471,To determine how well students can evaluate the height of bar graphs when looking at physical models compared to pictures on the screen.,topic_4,1.251480904706776e-308
472,To determine how well stats students can interpret physical distributions.,topic_4,0.11416836387065613
473,"determine whether people can more acurrately estimate the height of a bar in a bar graph if the graph is Physcial (4d?), 3d or 2d.

 

iv: physical graphs vs 3d graphs, vs 2d graphs 

dv: accuracy of bar height estimation when compaired to another bar on the graph",topic_4,0.06183601253782887
474,To see how well students can read and differentiate graphs.,topic_4,0.06338812853276843
475,I think that the purpose of the experiment was to estimate to the closest value possible.,topic_4,0.05858327053123002
476,To allow students to analyze the differences in heights of the blocks in the experimental design,topic_4,0.07212708049636443
477,To gain a understanding of how one may assume and estimate a quantity.,topic_4,1.344839530194048e-308
478,I think the purpose of the experiment was to see what colors and what shapes students picked out first.,topic_4,1.5045631545790637e-308
479,I think that the purpose of the experiment was to compare different individuals' answers to the questions.,topic_4,1.1532814932287036e-308
480,To determine which method of interpreting graphs provided more accurate results.,topic_4,1.210431195244294e-308
481,I think the purpose of the experiment was to see how 3D models would affect spatial calculations and estimations,topic_4,0.02376367634439219
482,Determining the population's ability to determine proportion in comparison to actual proportions,topic_4,1.3222557569241127e-308
483,To test perception based on a physical diagram vs a visual,topic_4,4.1815206025555556e-308
484,"I think the purpose of this experiment was to have as many outcomes as possible, allowing the researcher to be able to repeat it as many times as they would like. Given this, experimental probabilities of serval outcomes can be measured and calculated.",topic_4,1.0698643286652616e-308
485,To check how accurate students are at reading bars. The experiments might also have a hidden purpose because scientists sometimes hide the actual purpose until the experiment is over to avoid biases.,topic_4,0.04707693296650968
486,To see how each participants perception works,topic_4,0.0736017231778835
487,To measure how students or individuals perceive distances in bar graphs.,topic_4,0.04397593860916134
488,Experiment that I had in class is learning about how stat is really important in this world. purpose of the experiment was when you learned what you need to learn about.,topic_4,0.05241743758124968
489,To determine how people visualize the numerical amount of data on bar graphs,topic_4,0.0943164728610351
490,I think the purpose of the experiment was to determine if physical models make it easier for students to interpret values based on relative size of the bars of a bar graph.,topic_4,1.18751025643848e-308
491,to see if we can acurately guess the height of the blocks,topic_4,0.0721194138388344
492,I think the purpose of the experiment was to test perspectives about the distribution of the bars.,topic_4,1.126356172751421e-308
493,I think the purpose of this experiment was to collect data on how participants interpreted the values of different bars in comparison to different lengths/heights.,topic_4,1.163683097516371e-308
494,To see how accurately people could guess the sizes,topic_4,0.07068163079206569
495,I think the purpose of the experiment was to look at how we view graphs and how we can evaluate and estiamte results given a specific graph.,topic_4,0.20535087395787688
496,I think the purpose of the experiment was to see how individuals visualize data in real life 3D printed form versus how they view it in an online or 2D space and to see if there was any drastic differences between the two.,topic_4,1.0
497,I think the purpose was to see how we view an interpret the different shapes,topic_4,1.847255670643943e-308
498,I think it could've been seeing how different people perceive things in different ways.,topic_4,1.103568896540778e-308
499,I think the purpose was to investigate whether people can estimate quantitative values of 3D graphs and compare it to the values people estimate for 2D graphs.,topic_4,0.189658042872334
500,To see how well our depth perception is/ spacial awareness.,topic_4,0.038810940089714724
501,To see how college students make assumptions based on comparison of size.,topic_4,1.302982141742044e-308
502,the purpose of this experiment was to determine judgements between 2d and 3d printed bar charts,topic_4,1.6026353325683427e-308
503,I think the purpose of this experiment was to test how people view different graphs. This is tested by graphs online and 3D printed graphs.,topic_4,1.0
504,To determine which type of bar graph people can better understand and what group can interpret the graphs better (statistic students or not statistic students).,topic_4,0.09184132900588371
505,"To see whether people were more easily able to identify the difference in height between two surfaces in 2D, electronic 3D, or physical 3D.",topic_4,0.08876582667386823
506,To compare the people's answers,topic_4,0.08398029282906436
507,To see if there is a statistically significant difference between the accuracy of interpreting 3D data visualizations rendered in a 2D environment versus 3D data charts rendered in a 3D environment.,topic_4,0.18964111489177443
508,"I think the purpose of the experiment was to determine our ability of approximation, and how extreme our eyes skew the truth of size.",topic_4,0.060807642960739865
509,"To determine the difference in perceived difference of 2 graphs from the actual difference, and if it differed between digital and physical graphs.",topic_4,0.23972595393395024
510,"I think the purpose of this experiment was to see how the answers varied between physical bar graphs, stationary and 2D, and 3D but located on a computer. Even though the graphs were the same, the perceptions were different.",topic_4,1.19266724921151e-308
511,To understand perception guesses of blocks between different 3D models.,topic_4,2.9747078059626753e-308
512,The purpose of the experiment was to use statistics students to determine a certain probability or statistic of guessing the heights of the bar graphs.,topic_4,0.04874985715665117
513,To evaluate how people interpret data from 3 different visuals.,topic_4,0.06204897777461311
514,To judge which graph is smaller or larger using 2d and 3d bar graphs.,topic_4,0.17058128269642223
515,The purpose of the experiment was to assess the effectiveness of 3D printed bar charts compared to traditional 2D and digital 3D charts in conveying information accurately. While also extending previous research on judgments in data visualization.,topic_4,1.577043899419945e-308
516,Possibly to see if a physical or online image serves best in physical length estimation.,topic_4,0.08287129714139027
517,I think the purpose of the experiment was to evaluate our Stats knowledge in comparing two different objects mathematically.,topic_4,0.06940603804421329
518,The purpose of this study was to replicate the results that were present in the Cleveland and McGill study from 1984. This study was to experiment perceptional judgement of different 3D graphs.,topic_4,0.06959091180555804
519,To find how accurate people were at guessing using different visuals.,topic_4,0.08225855613679302
520,"I think the purpose of the experiment was to find out how near to the actual value of the smaller bar on the graph people typically can guess, from different perspectives. The point of view, nearness to the taller bar, and other factors changes from question to question, so I assume the experiment is analyzing how that affects the choices of values.",topic_4,0.03446978876605062
0,To see how accurate the students can be with each of the graphs and if they do better at looking at the screen and guessing or in person.,topic_5,0.057919934440713826
1,I think the purpose was to determine is we could imagine the depth online.,topic_5,7.78138351368474e-309
2,The purpose of the experiment was to determine how different people read graphs.,topic_5,0.0843149612932174
3,I think the purpose of the experiment was to see how our eyes could judge certain sizes or percentages with our naked eye. It was to find statistics on how well we could make an educated guess on the size of the blocks.,topic_5,0.05846842456863601
4,The purpose of the experiment is to see if random individuals can estimate percentages in the same pattern as previous years.,topic_5,7.58441125177718e-309
5,To see whether participants could accurately measure ratio differences using 3D bar charts better or worse than 2D rendered charts knowing that visual depth plays a role.,topic_5,1.0
6,To do a statistical study on the different results students got from each bag and to see where students chose a different option or not.,topic_5,8.345067213130144e-309
7,I believe the purpose of this experiment was to test whether or not having a physical model of the bar charts allow people to better estimate their size.,topic_5,9.115682645261004e-309
8,"I think the purpose of this experiment was to compare how people interpret different graphs in different ways with using 2D graphs along with 3D graphs and combining the results to see how the results differed. The purpose of this experiment was to also try and replicate the experiment that Cleaveland and McGill had done previously, but they had to tweak some things in the experiment.",topic_5,0.06544017266232771
9,I think that the purpose of the experiment was to collect data of students from the same course over a period of time and see how results compare and differ.,topic_5,0.03535121169841368
10,To see the difference in how people interpret an online graph versus a physical copy of one.,topic_5,1.0996261642902834e-308
11,To determine is students in the introduction to stats class at UNL were better/preferred reading 3D printed graphs compared to digital 2D graphs.,topic_5,0.33754171736908445
12,Probably to find an average on our ability to estimate sizing and percentages based on other things.,topic_5,0.04477797826473833
13,To gain a better understanding of how visual representation plays a role in understanding the data it presents.,topic_5,0.08841077771325383
14,The purpose was to understand if 2D graphs are easier to interpret than 3D graphs.,topic_5,0.20506773708643444
15,To gauge depth perception of a physical object vs a object on the screen.,topic_5,0.06815095237563268
16,It was likely to investigate how different types of graphs affect student observations by comparing students' comprehension across various graph formats.,topic_5,1.1009129031410746e-308
17,To determine which model (2D or 3D) is easier to more accurately read and to see if the data was similar to the one they are recreating,topic_5,0.06980275246253703
18,Determine students' of stats 218 understanding of statistics through an in person graphing experiment.,topic_5,0.08860193146993389
19,The purpose is to see whether students can estimate the percentage of bar height when compared to others. We had limited tools. I used me own personal judgement or “gut feeling” to find percentages.,topic_5,1.0781274462775747e-308
20,I think the purpose of this experiment was to find if this study would help or not and if it was giving good information as well.,topic_5,6.140554855662715e-309
21,I believe the purpose of the experiment was to see how a person reading a bar graph can be influenced by neigboring numbers or stats.,topic_5,0.0385696186537818
22,I think that the purpose of this was to look into the ability for college students estimate numerical ranges in correlation to its location on a graph with other various values.,topic_5,0.033811524949527584
23,I think the purpose of the experiment was to see how well we can perceive things.,topic_5,7.024643643817643e-309
24,I think the purpose of this experiment was to determine the accuracy of 3D charts to 2D charts.,topic_5,2.2118144697015345e-308
25,"I think the purpose of the experiment was to see how different versions of models affected how people analyzed those models, specifically how accurate they were when estimating the ratios of the bars.",topic_5,8.8806546107335e-309
26,To see how accurately people perceive heights.,topic_5,0.03984649790363167
27,The purpose of the experiment was to determine if it 2-D or 3-D figures and charts are easier to identify by the human eye.,topic_5,2.2545273055350037e-308
28,I think it was to see if people could accurately guess the ration of the two bars in graphs.,topic_5,1.286052939267077e-308
29,To see the perception of different college students,topic_5,8.061459375852654e-309
30,I think the purpose of this experiment was to understand the difference between different shapes on a graph and compare which shape is bigger than the other. I think the purpose was to compare the results of hands-on visualization and online visualization.,topic_5,0.08036497806689315
31,I think the purpose of the experiment was to test how students perceived heights based on the closeness/ separation of another given height,topic_5,0.03830389150218227
32,To test the ability of students perception of estimating amounts,topic_5,8.325845196378517e-309
33,"To see how we compare the different shapes and sizes to each other, so like a null and alternative hypothesis.",topic_5,0.047428078281346146
34,I think the purpose was to evaluate how people see different quantities and estimate numbers.,topic_5,0.03748628346014211
35,The purpose of the experiment was to determine the proportion of students who could correctly guess the difference in bar graph size based on if it was done online or in person with materials,topic_5,0.042575262275345985
36,To determine which type of graph (2D or 3D) yielded a higher percentage of successful estimates by students.,topic_5,0.24804077413953163
37,I think the purpose of the experiment was to gauge how students perceived bar graph values or just bar values when the values aren't given. There is variability between the physical graphs and the digital graphs as well.,topic_5,0.037549042093907116
38,"I think the purpose of the experiment was to evaluate how easy different presentations of graphs are for people to read, to know which types are best to use when publishing studies.",topic_5,0.0834005187082117
39,To see if participants could accurately/semi-accurately understand the graphs,topic_5,1.118890284845578e-308
40,To see how the color of the blocks changed the perspective of how tall certain peaks of blocks were.,topic_5,0.05782807347378952
41,I think it was to test how everyone responds to an experiment like the one we took,topic_5,6.28956648646193e-309
42,I think the purpose of the experiment was to see how people perceive objects compared to one another with potential other distractions.,topic_5,6.989306013687817e-309
43,I think the purpose of the experiment was to see if people can identify a difference in size on the computer vs in person holding the blocks.,topic_5,0.058463408543144565
44,I think the purpose of this experiment was to try and survey lots of peoples perceptions of size of things.,topic_5,0.035858398223521964
45,To see how bar graphs can affect someones perspective on the percentages being shown.,topic_5,0.08614232785141995
46,To see if people are capable of accurately determining a size difference of objects based strictly on visuals.,topic_5,0.057803027553196704
47,to see if students can correctly measure the proportions of the blocks,topic_5,0.05845891221099175
48,I think the purpose of this experiment was to see how individuals answers will vary/how they see and distinguish different proportions of bar graphs in different arrangements.,topic_5,9.54457857689447e-309
49,To see if we would more accurately predict the percentages of the bars with a 3D model or on a 2D model.,topic_5,1.200200538377245e-308
50,I think the purpose of this experiment was to see how well participants could interpret graphs and if having a statistical background via taking a stats class may impact their interpretation skills.,topic_5,0.07636388193479018
51,I think the purpose is to look at how people interpret the difference in the magnitude of data depending on the form it is viewed in,topic_5,0.05308054176932523
52,To determine if people could accurately judge the difference in height with the blocks of different colors.,topic_5,0.05764867611094566
53,Find how accurate people's perception of size and scale is.,topic_5,1.1125033960472283e-308
54,To see how different people interpret bar graphs and how they compare sizes based off of purely look given the percentage of the size compared to the other graph.,topic_5,0.08633758113236509
55,I think the experiment was to see what we have learned but also to see each persons outtake on the different shapes.,topic_5,7.647876055428876e-309
56,I think the purpose was to find tendencies in how people select their answers and to pair them with a reason.,topic_5,0.05109407077294173
57,To see how certain people would think in different ways and how they pay attention to detail.,topic_5,0.05008431294511576
58,To see how well people are able to read graphs.,topic_5,1.0820542500844916e-308
59,to see what we can observe compared to the actual reading,topic_5,0.05888979414321305
60,I think the purpose of the experiment was to see how students compare values (bars) in data sets (histogram) when viewing the histogram in 3-D vs a picture on the computer.,topic_5,9.84950168664504e-309
61,The purpose was to compare how the general public sees data and how researchers see data.,topic_5,0.04826234817776167
62,Determine if we can approximate the differences in sizes of objects,topic_5,1.1107475315478336e-308
63,To see if we could notice the difference of the charts that we were looking at.,topic_5,0.06294030067743933
64,To show how looking at a flat graph (2D) can change perception and values when looking at a physical graph (3D).,topic_5,0.19931954718791345
65,I think the purpose of this experiment was to show us how experiments are conducted and generally how they look.,topic_5,6.21109989250548e-309
66,to see how answers can differentiate from different viewers,topic_5,0.04443161362492345
67,This was to help us find and determine how to read graphs virtually and in a 3D form.,topic_5,0.20575957126096422
68,to investigate people's differing perceptions on graph reading,topic_5,1.068218484452439e-308
69,I think the purpose of this experiment was to test the accuracy of 3D and 2D graphs,topic_5,2.0646814158338503e-308
70,"Truthfully, I'm not sure what the purpose of the experiment was. However, if I was to guess, I'd say it was like an experiment to see how well people can differentiate two things from one another.",topic_5,6.97747967336586e-309
71,To see how we interpret unlabeled graphs,topic_5,1.0769661594189762e-308
72,To learn how people comprehend graphs on a 3d and 2d scale.,topic_5,0.16595164488622896
73,I think the purpose of the experiment was to see how people interpreted graphs differently based on if they were 2D or 3D.,topic_5,2.3150405336547917e-308
74,I think the purpose of the experiment was to measure how well the average statistics student can estimate differences in the size of data from visual data sets/graphs.,topic_5,0.07244087144488505
75,I think the purpose of the experiment was to determine how the choices used when creating graphics of data affect the understanding of the data.,topic_5,0.07212654184151135
76,To identify which age groups could recognize percentage differentiation in different images and models of charts,topic_5,0.0654710027608402
77,"I think the purpose was to attempt estimating percentages in a bar graph. I also thought it was a way to see how close we can get to the right answer. I found myself making educated guesses more than probably getting the right answer, but it made me think critically. I think this was another goal as well, critically thing of the graphs we normally see.",topic_5,0.06371145450723047
78,To determine how different types of statistical charts are used and understood,topic_5,0.09121308749543854
79,To test the depth of perception of each person as they estimated the distance between the shortest set of units and the tallest set of units in the set.,topic_5,0.035276139473611315
80,"Figure out how well people can read graphics made online or if real world examples work better

 

 

 

I DONT KNOW WHERE TO PUT THE CODE SO HERE IT is 

project id 22579

complettion code is like 20 digits but the last is 22895",topic_5,0.1962688936092423
81,To determine whether people can “eyeball” the correct proportion.,topic_5,0.026089635688772473
82,To see how accurately people can determine dimensions based on different angles.,topic_5,0.0601489089026409
83,"I think the purpose of this experiment is to determine whether or not people with knowledge/experience with statistics are ""better"" at estimating ratios by observing graphs and models.",topic_5,7.73320773884786e-309
84,To see how different students estimate reading bar graphs with no units on the side to help them figure it out.,topic_5,0.0785009433193711
85,To be able to judge and estimate the size of the the different columns an estimate how much smaller the short was was compared the bigger 100 sized one.,topic_5,0.04546923512600883
86,To figure out if college students can accurately estimate the difference between two bars.,topic_5,0.06564367018682839
87,I think it was to look at bar graphs in a way.,topic_5,1.2639451165323523e-308
88,I think the purpose of the experiment was to determine how a student interprets the size of a bar within a 3D graph model.,topic_5,9.67059611664731e-309
89,I guess just to figure out how well people were at interpreting data that wasn't given to you based on what we had. Like how we were able to approximate how tall one of the towers was based on the other.,topic_5,0.04127088010771179
90,I think the purpose was to determine how people interpret different charts and different percentages in relation to each other.,topic_5,0.05921707721858271
91,To see if people understand 2D or 3D graphs better,topic_5,0.12354794770184893
92,I think that I couldn't really find a true purpose other than collecting random data. The data was from different classes so it somehow connects with that.,topic_5,0.05121302126107171
93,To replicate partial results from Cleveland and Mcgill and to extend their study.,topic_5,5.84529569807141e-309
94,see if people perceive graphs differently if online or in person. Also if 2d or 3d have effect on how it’s perceived.,topic_5,1.1734193908953324e-308
95,"The experiment aimed to see how well people can compare bar heights in different types of charts—2D digital, 3D digital, and 3D printed. The researchers wanted to find out if using physical 3D charts could help people make more accurate judgments, especially compared to the often-criticized 3D graphs on screens. They were testing whether hands-on, printed visuals might actually make understanding data easier.",topic_5,1.0
96,I think the purpose of the experiment was to investigate how well individuals can replicate models coming from two platforms (physical model to online model).,topic_5,0.040485878753455044
97,I think the purpose of the experiment was to see the difference between how someone can read a 2D or 3D graph.,topic_5,1.994305074352191e-308
98,The purpose of the experiment was to analyze how accurate my perception of 3D graphics is and analyze and study this data to find the best ways to convey data accurately.,topic_5,0.15014617878728992
99,"At the beginning of the experiment, I was completely lost and did not know what the purpose of the experiment was. During around the middle of answering the questions, I thought it would be about if a person can identify the correct images from the printed models to the 3d images as well as the 2d images. Now, I think the purpose of the experiment is to see what different mediums of data visualization can be more accurately portrayed.",topic_5,1.342064917654298e-308
100,To depict whether a participant will be able to tell how small one part of the blocks are compared to the others in 2D vs 3D.,topic_5,0.06624064611645676
101,The purpose of the experiment was to understand why we did this experiment and what we learned from it.,topic_5,0.007811167182636414
102,To determine whether physical 3D graphs are easier for people to correctly read than digital 3D graphs.,topic_5,0.2730215568355667
103,I think that the purpose of the experiment was to see whether or not we could identify different graphs when they look different.,topic_5,0.08470114884571345
104,I think the purpose of this experiment was for us participants to determine how the depth of objects without any clear indications. To be able to estimate lengths and heights of different objects.,topic_5,8.03804882282537e-309
105,Figuring out which medium allowed the most accurate judging of difference in the length of the bars.,topic_5,9.319880007408726e-309
106,To determine whether people interpret 3D graphs better than 2D ones.,topic_5,0.1862545101319667
107,to see the amount of hours that a student slept. I and I was comparing different values given to me.,topic_5,0.05573388607990077
108,To see how viewing a two-dimensional object and a dimensional object can skew our perception.,topic_5,1.7130939301211383e-308
109,The experiment tests how easy one can identify the target in the graph.,topic_5,0.08450708220729995
110,I think the purpose of the experiment was to identify whether or not 3D graphs are easier to read compared to other types of graphs.,topic_5,2.419396798108942e-308
111,The purpose of this experiment was to see which graph had a great value between graph A and graph B.,topic_5,0.08598603149975369
112,I think the purpose of the experiment was to see how people were able to understand graphs and 3d data. How people are able to visualize differences,topic_5,1.6725945118646157e-308
113,To see if people could identify 2d online or 3d printed bar graphs better.,topic_5,0.12320804222180579
114,I thought the purpose of the experiment was to see if people could accurately guess the difference in height/ length between two objects.,topic_5,0.030858673984097484
115,"If I were to wager a guess, it was to replicate a past study examining the effect of visual depth on perceiving three dimensional data visualization.",topic_5,1.6503723684852987e-308
116,The purpose of this experiment was to determine how well people could perceive and compare data using 3D printed bar charts compared to 2D versions. Aiming to explore whether the depth in 3D formats improved or hindered the accuracy in interpreting visual data.,topic_5,1.0
117,"To allow for the researchers to make a conclusion about which type of graph (2d, 3d, or 3d printed) is better for conveying information.",topic_5,0.13215361397958314
118,I think the purpose of this experiment was to better understand how to get students to recognize information/data better. It was to figure out whether 2D or 3D graphs work better for students understanding.,topic_5,1.7605871550202273e-308
119,The purpose of the experiment was to identify perceptual differences in how 3D and 2D data models are presented.,topic_5,0.13579884624558408
120,To see how different people visualize numbers.,topic_5,0.06194655857781161
121,To see how well people can guess or estimate the height of things.,topic_5,0.03948180479666438
122,I think the purpose was to compare the effectiveness of 3d printed bar charts to digital charts.,topic_5,0.7250810494067039
123,I think the purpose of this experiment was to identify the percentage of correctly guessing the distance between two graphs and the average guesses on the percentages.,topic_5,0.08314734179780317
124,to gather statistical data about how people viewed the graphs,topic_5,1.048613501937789e-308
125,To determine if it is more accurate to determine size and ratio from a 2d perspective compared to a 3d perspective.,topic_5,0.06152379226496285
126,I think the purpose of the experiment was to see the difference between how someone can read a 2D or 3D graph.,topic_5,2.0658103486847014e-308
127,To replicate partial results from Cleveland and Mcgill and to extend their study.,topic_5,5.845553670742985e-309
128,I think that the purpose of the experiment was to see whether or not we could identify different graphs when they look different.,topic_5,0.08508365997585544
129,I think the purpose of the experiment was to investigate how well individuals can replicate models coming from two platforms (physical model to online model).,topic_5,0.0404547462589696
130,To determine whether physical 3D graphs are easier for people to correctly read than digital 3D graphs.,topic_5,0.2772696458176602
131,"At the beginning of the experiment, I was completely lost and did not know what the purpose of the experiment was. During around the middle of answering the questions, I thought it would be about if a person can identify the correct images from the printed models to the 3d images as well as the 2d images. Now, I think the purpose of the experiment is to see what different mediums of data visualization can be more accurately portrayed.",topic_5,1.3460675934356014e-308
132,"The experiment aimed to see how well people can compare bar heights in different types of charts—2D digital, 3D digital, and 3D printed. The researchers wanted to find out if using physical 3D charts could help people make more accurate judgments, especially compared to the often-criticized 3D graphs on screens. They were testing whether hands-on, printed visuals might actually make understanding data easier.",topic_5,1.0
133,I think that I couldn't really find a true purpose other than collecting random data. The data was from different classes so it somehow connects with that.,topic_5,0.04936922176851436
134,The purpose of the experiment was to analyze how accurate my perception of 3D graphics is and analyze and study this data to find the best ways to convey data accurately.,topic_5,0.14964896596575664
135,To see if people understand 2D or 3D graphs better,topic_5,0.12622698442824554
136,I guess just to figure out how well people were at interpreting data that wasn't given to you based on what we had. Like how we were able to approximate how tall one of the towers was based on the other.,topic_5,0.041286546458353834
137,The purpose of the experiment was to understand why we did this experiment and what we learned from it.,topic_5,6.057856526649594e-309
138,I think the purpose was to determine how people interpret different charts and different percentages in relation to each other.,topic_5,0.05848563800393013
139,see if people perceive graphs differently if online or in person. Also if 2d or 3d have effect on how it’s perceived.,topic_5,0.008807392756343407
140,To depict whether a participant will be able to tell how small one part of the blocks are compared to the others in 2D vs 3D.,topic_5,0.06679562009998345
141,I think the purpose of this experiment was to see if students taking STAT 218 can understand scale and proportion when reading graphs.,topic_5,0.07652214404815122
142,"I think that the purpose of this experiment is a continuation/expansion of an experiment that has previously occurred. More data is being collected in order to further the knowledge and statistical evidence that has already been collected. As a participant in this experiment, I can identify the component of the population of interest, being students enrolled in STAT218 (and there may be an age requirement of 19 and older). I am not sure of the duration of this experiment, but I know that we have given permission for our data to be in the UNL records for 3 years, so this experiment is most likely on-going for longer, yet.",topic_5,0.04340101022052637
143,"*

expirement .docx",topic_5,0.03484883336161315
144,"The purpose of this experiment was to see how well people can compare data in different types of bar charts—specifically 2D charts, 3D digital charts, and 3D printed charts. The researchers wanted to find out if physically holding and viewing a chart in real 3D space helped people make more accurate judgments compared to looking at a flat or screen-based version. Overall, they were testing whether 3D printed visuals could improve how we understand and interpret data.",topic_5,1.0
145,I think that the purpose of this experiment was to determine how undergraduate students interpret data that is presented graphically.,topic_5,0.0724949552369639
146,To see if we are understand what graphs have more data entries,topic_5,1.0794474601768194e-308
147,To decide what type of graphs are a more effective way to display data for people to understand. Whether humans better interpret a graph based on the way it is presented to them.,topic_5,1.082532660110903e-308
148,To better understand how students perceive different heights.,topic_5,0.03963438407541781
149,To gather statistics on if the triangle or circle bar was taller and we repeated multiple times to see if the triangle or circle bar was taller more of the times.,topic_5,1.1283155965844947e-308
150,I think it does help you with estimating your percentage in how things can be larger and smaller than one another.,topic_5,0.03514497265581665
151,To test are abilities to identify different percentages.,topic_5,7.894679007749505e-309
152,I think the purpose of the experiment was see the persepective of other students and how they look at graphs.,topic_5,0.0821952780897916
153,To gain insight on how students can mentally measure.,topic_5,8.227778970741305e-309
154,I believe that the purpose of the experiment is to understand how people read graphs and understand what they are looking at. The purpose is to see what amount people think of when they see bar graphs.,topic_5,0.04401677681163591
155,"I think the purpose of the experiment was to see how people perceive and estimate numerical values in relation to visual representations, like bar heights, and how accurate those estimations are.",topic_5,0.03457987352840455
156,The purpose of the experiment was to see  different people see and visualize bar graphs and data.,topic_5,0.04451141900507507
157,The purpose of this experiment was to evaluate people's ability to observe and compare the size and scaling of objects.,topic_5,1.141108265425434e-308
158,I think the purpose was to identify differences in bar sizes in graphs.,topic_5,1.211718753170455e-308
159,how good people are at guessing the difference between objects,topic_5,1.4665200931728705e-308
160,I think the purpose of the experiment was to see how the height of the towers next to the ones we were guessing the height of influenced how tall we thought it was. To see how we analyzed the whole situation.,topic_5,0.039887637253312985
161,To compare old studies to new studies. I think the big idea was to perform a nearly identical experiment to one done in the past and compare the results.,topic_5,6.028740702753407e-309
162,I think the purpose of the experiment was to see how people on average perceive proportions without any reference numbers. It could also be to see which age group seems to guess proportions more effectively as well.,topic_5,7.64373448545559e-309
163,to see if students can tell the difference between online charts and physical charts,topic_5,0.09031563150162154
164,Determining the accuracy of students' observations.,topic_5,8.706734405084113e-309
165,I think that the purpose of the experiment was to evaluate how individuals perceive size of the different lengths of the block towers.,topic_5,0.05838489136409115
166,To determine if people could determine the difference between graphs.,topic_5,0.060722772653576146
167,To see how well students are at makes educated guesses about the height of the bars.,topic_5,1.0824981374522443e-308
168,The purpose of the experiment was to see how different students can perceive different heights.,topic_5,0.03941201148594588
169,To gather information about a certain thing.,topic_5,0.050705556582637805
170,Too evaluate how people perceive things differently.,topic_5,0.04779102485896541
171,I think the purpose of the experiment was to see how accurately we can estimate the percentages and heights of the bars/blocks based on each other's heights. I also think it is testing how differently each of us sees the heights and how our answers may change throughout the experiment.,topic_5,8.951695146176836e-309
172,I think that the purpose of the experiment was to familiarize ourselves with the context of how we can see statistics in real life.,topic_5,0.03616044853248266
173,To interpret how people view graphs.,topic_5,1.0679441237515273e-308
174,I think it was to see how college students who are taking statistics can estimate percentages compared to those who are not taking statistics.,topic_5,0.05564639889227607
175,to understand how people interpret statistical graphics and how accurately the information can be represented.,topic_5,0.08316575941396005
176,"To evaluate the accuracy between people to be able to make perceptual judgements. For example, comparing bar heights pf 2D and 3D charts.",topic_5,0.10825866136956988
177,To test peoples height judgement,topic_5,0.03956431605061206
178,"The goal of the experiment was to see how people understand and compare data when it's shown in different types of bar charts—like regular 2D charts, 3D charts on a screen, and even 3D printed charts you can touch.",topic_5,1.0
179,to gather students thoughts.,topic_5,8.107781884888137e-309
180,"I really think the purpose of this experiment was to see how accurately different people can judge the difference between bar heights, depending on how the graph is set up and how the graph is shown for an example whether the graph is a 3-D or a 2D or physically printed in 3-D they wanted to see if certain types of different graphs make it easier or harder to understand the data that is set before you just by looking at it. It looks like they were testing whether the information that was represented affects how the different people interpret it, especially when comparing the numbers on a visual basis.",topic_5,9.653058786328033e-309
181,na,topic_5,0.04886408226049667
182,"The purpose was to see how well people can understand and compare numbers when they are shown in different kinds of bar graphs. There were comparing regular 2D digital, 3D bar graphs on the screen, and 3D bar graphs printed. Ultimately, they are trying to figure out if the way the data is presented affects how accurately people can read and understand it.",topic_5,0.0356581037170954
183,To see if people could tell a difference in the way a graph looked online vs in person,topic_5,1.1746600493533137e-308
184,"I think the purpose of the design was to tell perception and how that differs between different people. Having a representative block to base one's perception of another block off is something that can be variable between people. Although we all have a general sense and idea of perception, guessing can only be so precise.",topic_5,0.0585645592389449
185,To gain an understanding on how bar graphs can be interpreted by different minds,topic_5,0.08753739928123877
186,Improve people‘s perception of space and proportion,topic_5,1.1258176127393107e-308
187,"The purpose of the experiment was to evaluate and compare the accuracy of perceptual judgments in interpreting data from 2D bar charts, 3D digital bar charts, and 3D printed bar charts, replicating and extending Cleveland and McGill’s position-length experiment.",topic_5,1.0
188,I think the purpose of this experiment was to depict how others view perceptions of others and see how accurately we differ heights in 3D bar graphs.,topic_5,0.02979031229367114
189,To analyze if 2D or 3D graphs are easier to understand.,topic_5,0.21027730613462817
190,I think the point of the experiment was to see if 3D graphs have gotten better over time and if they are useful for data measurement.,topic_5,1.953098472308632e-308
191,To engage us and learn more about the research. To help us understand how people interpret 2D and 3D printed graphs.,topic_5,0.11733553808207446
192,To see if the general population over or underestimates quantities,topic_5,7.959011555681963e-309
193,I think the purpose of the experiment was to challenge students thinking on a deeper level.,topic_5,0.006939937014171058
194,I think the purpose of the experiment was to see if we could interpret data better in a 3D way or 2D.,topic_5,8.68519068921608e-309
195,"I think this experiment aimed to help us (stats 218 students) understand how different variables in a 3D scatterplot, such as shape and color, affect perception and interpretation of multidimensional data in visuals.",topic_5,1.7404705559985877e-308
196,"To better understand statistical concepts such as writing hypothesis, probability, p values, and standardized statistics.",topic_5,0.08218656502341387
197,"The purpose of this experiment was comparing how accurately people judge data using 2D, digital 3D, and 3D printed bar charts.",topic_5,1.0
198,"The purpose of the experiment was to see how well people could compare bar heights in 2D, digital 3D, and 3D printed graphs. The researchers wanted to know if 3D printed graphs help people understand the data better.",topic_5,1.0
199,"To understand/test our vision/perception of bar graphs, but I didn't understand why they chose bar graphs.",topic_5,1.252861695319175e-308
200,"The purpose of this experiment is to see how well people are able to examine 2D and 3D models. There was some previous data showing that people have a harder time examining 3D models, so this study is trying to replicate these results or see if they are different.",topic_5,1.8429547850052747e-308
201,"This study aimed to:

*

Replicate and extend the foundational work by Cleveland and McGill on graphical perception.

*

Determine whether 3D printed charts could improve perceptual accuracy compared to 2D or digital 3D charts.

*

Assess how well participants could judge which bar was smaller and estimate the ratio between bar heights across the different formats.",topic_5,1.0
202,"To clarify the differences between 2D printed bar charts in relation to their heights, and 3D bar charts.",topic_5,0.6490356844642805
203,"to evaluate how accurately people can interpret and compare data using different types of bar charts, specifically 2D graphs, 3D digital graphs, and 3D printed graphs. It aimed to determine whether 3D printed charts offered perceptual advantages or disadvantages compared to their 2D counterparts, especially with how well participants could judge and compare bar heights representing numerical values.",topic_5,1.0
204,"The purpose of the experiment was to estimate the percentage of students who understand statistical differences by being presented 3D models, versus typical 2D models.",topic_5,0.03299247644666815
205,To determine the long run proportion of how many successes students produce in the perceptual ability test.,topic_5,8.144354557368867e-309
206,The purpose of this experiment was to gather data on how students interpret different types of charts and graphs. As well as to see how accurate students can interpret different type of charts and graphs.,topic_5,0.09240743925839158
207,"To determine how accurately visual, statistical information is perceived across multiple mediums of presentation (2D, 3D, and 3D printed).",topic_5,0.23103621104090866
208,To determine how people view 2D and 3D differently.,topic_5,0.07218842270980258
209,The purpose of this could have been to understand human estimation and its accuracy or inaccuracy without the aid of tools.,topic_5,8.724756551486947e-309
210,I think the experiment was trying to see how people act or think when something changes. The researchers wanted to know if doing one thing would make people react a certain way.,topic_5,6.335104145078564e-309
211,I think the purpose of the experiment was to analyze how people respond to percentages given different size pillars.,topic_5,0.0397397655749783
212,To test a hypothesis or investigate a research question.,topic_5,5.793571752440275e-309
213,"I think the purpose of the experiement was to see how many people could identify different proportions and shapes between graphs, etc. With little to no information provided. Just based on observations",topic_5,0.07831719928978703
214,"The experiment was testing which type of graph 2D, 3D on a screen, or 3D printed helps people compare bars more accurately. It was to see if 3D printed graphs work better than screen versions.",topic_5,0.770795458330259
215,"I think the purpose was to see which kind of graph2D, 3D on screen, or 3D printedhelps people understand data the best.",topic_5,0.14846893813057205
216,"To examine how accurately subjects perceive the size of bars in a 2D, 3D, and a 3D printed chart not only for size but dimension as well.",topic_5,1.0
217,I think the purpose of this experiment was to show that 3D experiments that are printed allow you to get better data compared to ones that are digital.,topic_5,1.3644440356499893e-308
218,The purpose of the experiment was to see if people can better determine the size difference between two bars better with a 3D model or a computer model.,topic_5,9.40345914206549e-309
219,To determine how different demographics of people understand statistical charts and how they perceive statistical differences.,topic_5,0.0827291461225232
220,"To see which age group has the sharpest/most accurate approximations of visual scaling and/or which graph display (physical, 2-D, 3-D interactive) was the most effective in approximating accurate guesses. To see if the positioning of the irrelevant bars not asked about in each graph helped improve accuracy as references. Possibly also contrasted duration spent on each graph with accuracy and/or age.",topic_5,0.07632178939897875
221,I think the purpose of this experiment is to understand how accurately and effectively people interpret data from three-dimensional representations compared to traditional two dimensional representations.,topic_5,0.04012517160880148
222,To see how well we can eyes ball measurements and differences between heights,topic_5,0.03857163700876072
223,To see if the different visuals of the same graph have different outcomes of how tall the smaller bars are compared to one another.,topic_5,1.191258304394302e-308
224,To see which method of presenting graphs showed the most accurate depiction of the data.,topic_5,1.0715809604370915e-308
225,to see if wed catch onto the repetition.,topic_5,0.05229850255312019
226,I think the purpose of the experiment was to see how students read bar graphs when they are presented differently.,topic_5,0.04444906859310389
227,To see the difference between how students picked what they picked for an estimation.,topic_5,8.27003353762302e-309
228,to determine the statistics on how people judge comparative sizes.,topic_5,0.04476582009629084
229,The purpose of the experiment was to identify if men or women can interpret graphs.,topic_5,0.0835605377678939
230,I think the purpose is to see how much people can estimate size of graphs in a 3D space since generally they aren't presented to us like that.,topic_5,0.1571239587125258
231,To understand how our perception of what the hypothesis per block differed to the actual correct answer.,topic_5,0.03532956219246095
232,"to familiarize us with looking at and reading graphs, but I think the measured variable is how accurate we are at eyeballing heights and ratios.",topic_5,0.05098737703399284
233,I think the purpose was to see if people estimate numerical values better from 3D graphs in person or on a screen. This could help instructors when determining class curriculum to decide what form of graphs to provide their students with.,topic_5,0.15145243526876015
234,to view graphs in person or in different views on screen to trick your mind into thinking how big a graph was compared to another graph.,topic_5,1.102773773023053e-308
235,To demonstrate that people see things differently and there isn't always one correct answer.,topic_5,0.051861214526029514
236,I genuinely have no idea.,topic_5,0.051990139983428
237,I think the purpose of the experiment was to test what stats has taught us.,topic_5,0.03403891416879516
238,"If you're able to properly estimate based on a given data, compared to another data.",topic_5,8.196822108501987e-309
239,I think the purpose of the experiment was to be able to determine if students were able to identify and understand and interpret statistical graphs.,topic_5,0.07694855873112413
240,I feel as though the purpose of the experiment was to determine our understanding on how we can view the differences in values given on the 3D printed objects.,topic_5,1.3375134499337545e-308
241,I think the experiment was to examine whether people can better identify proportions based on a physical or digital model.,topic_5,0.03703671597770509
242,"The purpose of this study is a little unclear to me, but I think it was to potentially understand the strategies used amongst stats 218 students in choosing the ""taller"" figure. I would assume students' results from this study were compared to the grades of students.",topic_5,0.035845891308239126
243,The project aimed to investigate how students comprehend and analyze data given using visual tools such as block-based graphics or models. Its goal was to integrate statistical principles from Stat 218 to real-world visual representations and measure how well students understood them.,topic_5,0.09140566901786121
244,"I was pretty confused about what the goal of the experiment was, but perhaps it was for instructors to gain a better understanding of how students perceive objects.",topic_5,7.05002182842885e-309
245,The purpose of the experiment was to demonstrate how estimation techniques are used to make inferences about a population and to explore whether an observed effect suggests a causal relationship.,topic_5,6.01809338160392e-309
246,I think that the purpose of the experiment was to test how students perceive the height and percentages of different bar graphs.,topic_5,0.037216551112690746
247,I think the purpose of the experiment was to make you think critically about data analysis and proportions based on graphs/models.,topic_5,0.04636030460985037
248,"The purpose of the experiment was to investigate how accurately people perceive and compare data using different forms of bar charts—specifically traditional 2D charts, 3D digital visualizations, and physical 3D printed versions. By examining participants’ ability to judge which bar is smaller and estimate the ratio between bars, the researchers aimed to assess whether physical depth and tactile interaction in 3D printed charts improve perceptual accuracy compared to screen-based 3D and flat 2D representations.",topic_5,1.0
249,I think the purpose of the experiment was to retest an old experiment to see if anything had shifted in society since the original experiment was conducted.,topic_5,6.28955287881484e-309
250,To see if the results have changed through generations of students at UNL.,topic_5,0.043055097538696574
251,I think the purpose of the experiment was to see if different students would read the graphs differently.,topic_5,0.08153999859927714
252,"The purpose of the experiment seemed to be testing how individuals interact with or respond to different 3D model designs. It may have aimed to explore how certain features—like shape, clarity, or usability—affect perception or performance when using a model. Overall, the experiment likely intended to gather data to improve design effectiveness or learning outcomes.",topic_5,1.3246252703400766e-308
253,I think the purpose of the experiment was to see if people were more accurate with either 2-D charts or 3-D charts in terms of inputting data.,topic_5,2.0583036535257255e-308
254,I think the purpose was to see if a 2D or a 3D was easier for people to understand and read.,topic_5,0.0692809187863483
255,I think the purpose of the experirment was to see the variations on peoples choices. It also showed how everyone thinks and chooses differently.,topic_5,6.3210636721059e-309
256,I think the purpose of the experiment was to see how well are college students are able to interpret and estimate the values of bar graphs based off of pictures versus an in person model.,topic_5,0.042588187877577836
257,I was a little confused in the beginning of the experiment but I feel that the purpose was to see our perspective on how we saw the blocks we used. More specifically to see how people estimate proportions/ percentages and seeing how accurate they are.,topic_5,0.05884081289596122
258,how individuals analyze objects on a computer versus physical form.,topic_5,0.1339287323521284
259,I think the purpose of the experiment was to give students a hands-on experience with data collection and interpretation to reinforce concepts learned throughout the course,topic_5,0.04234810765388271
260,A purpose of the experiment is to test a hypothesis.,topic_5,5.751340440686987e-309
261,To identify which object was larger/smaller and estimate how much larger and or smaller.,topic_5,0.024386110419708694
262,"I think the purpose of this experiment was to see which bar graph was smaller. You had to chose on, either the triangle or the circle. Another point would be to see how people interpret sizes, if people are more accurate or less.",topic_5,0.03147033156364609
263,"The purpose was to choose which column was smaller. The column associated with a triangle or with a dot next to it.

At least that's what it looked like on the surface.",topic_5,1.1415655173887313e-308
264,I think that the purpose of this experiment was to test how students perceive the distance of the graphs after taking a stats course.,topic_5,0.0831096188700535
265,The purpose of the experiment was to see if you could see the shapes in the structures or not.,topic_5,8.21093103799128e-309
266,To determine how people view graphs and the most effective graph to show data.,topic_5,1.0636342536728156e-308
267,I think the purpose of the experiment was to see if the person was paying attention to each question.,topic_5,6.511155733623473e-309
268,The purpose was to test out if people can tell the difference in sizes from a 2D to a 3D model.,topic_5,0.06382178210948761
269,my iq,topic_5,0.04975568891654631
270,I thought that the purpose of the experiment may have been to study people's depth perception.,topic_5,7.35022140245275e-309
271,The purpose of the experiment was to determine how surrounding influences and proximity affect how one perceives objects.,topic_5,7.11905518950995e-309
272,I think the purpose of the experiment was to test our minds and see if it sees proportions the same when looking at them in different ways.,topic_5,0.028166271023615738
273,To see how well people can tell size differences in 2D vs 3D,topic_5,0.06542228007383305
274,The goal of this study is to comprehend how we interpret statistical graphics and how precisely we can decipher data from various types of charts.,topic_5,0.08522625436090228
275,I think they used this experiment to study how individuals see the different regions without a set of numerical data.,topic_5,0.020295636569508526
276,I believe that the purpose of this experiment was to grasp a better understanding of how we judge differences based on three-dimensional examples and two-dimensional examples.,topic_5,1.7171626844245156e-308
277,The purpose of the experiment was to see how people interpret 2D charts versus 3D charts.,topic_5,2.2719366901287617e-308
278,To see if people can accurately correlate relative distance with shades of colors.,topic_5,0.058258767659507646
279,I think the purpose of this experiment was to see how people perceive and interpret quantitative information presented in different visual formats.,topic_5,0.06275464739101826
280,To test our understanding.,topic_5,0.052097704574041746
281,"The purpose of the experiment was to gather information about how well people are able to interpret maps/graphs , specifically color coded maps. This helps researchers create graphs that are easier to understand to people who do not work with this kind of stuff every day.",topic_5,0.07061691736552227
282,I believe that the purpose of this experiment was to gauge our understanding of spacial and color awareness.,topic_5,7.06199934517845e-309
283,"The goal was to see how people read and interpret heat maps, specifically whether they could correctly figure out which letter on the grid represented the larger quantity. It was basically testing our ability to make quick, accurate judgments based on visual data.",topic_5,0.07337595644823065
284,To observe how accurately people can estimate differences in values from heat maps and 3-D block charts.,topic_5,0.06794798840088556
285,i think the purpose of the experiment was to work on depth perception and how well someone can tell whether one color on a depth scale is higher/lower than another,topic_5,7.226986965344314e-309
286,"I think the purpose of the experiment was to see how well people can understand 3D graphs or charts, especially when they're shown on a screen. It probably also wanted to find out if having a physical 3D-printed version of the chart helps people understand the data better. Overall, it seemed like the experiment was about how different ways of showing data affect how people read and make sense of it.",topic_5,1.8102131495126103e-308
287,The purpose seemed to be testing how accurately and quickly people can interpret and compare values represented visually in a heat map. It might have been aimed at understanding whether people can judge relative magnitudes from color intensity and spatial location without seeing the actual numeric values.,topic_5,0.07363762655862287
288,"I am not completely sure what the purpose was, I generally struggled with the information that was presented for us to make decisions off of. If I had to venture a guess, I would imagine that could be part of the experiment. The hypothesis was not stated, but could be inferred that given the heat variant maps, and limited data sets, students would incorrectly or correctly answer the questions. We, the students would be the experimental group. The controlled variable is that each student is taking the same ""quiz"" with the same questions and the same information. Variables would be that each student may answer the questions differently.",topic_5,0.06183859031591294
289,I think the experiments purpose was to use statistical evaluation and probability of which would have a higher amount based on its Heat color from the map. This can help identify differences.,topic_5,0.07075213058149778
290,I think that the purpose of this experiment was to allow us to understand how different variables can be represented in data. We then could use our resources given to see which variable was bigger and by how much.,topic_5,0.04267810296988128
291,To identify which graph type is more accurately interpreted/ more clearly communicates the results to viewers.,topic_5,1.0757104611756864e-308
292,I think the purpose of the experiment was to evaluate the ability for the human mind to successfully differentiate between color shade differences and 3-D height differences when analyzing a graph.,topic_5,1.5929058768795163e-308
293,To test how we read graphs and statistical charts in different ways.,topic_5,1.0314788018996657e-308
294,The purpose of the experiment was to compare our answers from the 2-D and 3-D designs. One design was easier to answer while the other one was more difficult. With comparing our answers it can show what model is easier to get accurate information from.,topic_5,1.7210916803517076e-308
295,to read 3D plots and see how different things affect quantity,topic_5,0.22981032085812994
296,"I think the purpose is to determine what type of data visualization is most easily/accurately understood, or perhaps what type is most misleading.",topic_5,0.0871498308196901
297,"The purpose was to compare data in a visual way, which represented heights and colors.",topic_5,0.022789658236382203
298,To see which type of graph is easier to decipher.,topic_5,1.0774035370443873e-308
299,I think the purpose of the experiment is to test people's perception of size when using different shapes.,topic_5,0.03207463804290968
300,To see how student interpret t the question and it there answers change even when the difference in space between bars is the same.,topic_5,1.1112008043379097e-308
301,To see if students got progressively inaccurate as the graphs went on,topic_5,0.06241620073778174
302,"Personally, i can identify that they are separating results based on different age groups, as far as the charts that were involved my only guess in the experiment is that they were studying aproximation within different age groups, the goal is to see how well different age groups can determine approximately how high a certain bar is in conjunction with another.",topic_5,0.0518761808965863
303,I think the purpose of this experiment was to determine how well we can differentiate smaller and larger bars on 3D bar graphs.,topic_5,9.586307311922773e-309
304,To determine how different mediums (3D vs 2D) affect the visualization of data.,topic_5,0.22368107176678118
305,I think the purpose of the experiment was to see whether your perception of the size of the graphs changed based on the size of the bars next to the bars.,topic_5,9.919845052439507e-309
306,The purpose is to evaluate if different formats of presenting data affects people's accuracy in making comparisons and perceptual judgements based on bar charts.,topic_5,1.0
307,To see how well the general population interprets data between 2-D graphs and 3-D graphs.,topic_5,0.15241804771012735
308,The purpose of this experiment was to measure perception judgement in a population currently in statistics.,topic_5,0.017449813697899632
309,I think this experiment was about understanding people perceptions based on size and understanding.,topic_5,0.03729766937067931
310,To see how humans are able to perceptualize different graphs,topic_5,1.0950679087594994e-308
311,I believe the purpose of this experiment was to test vision/perception by asking the participant to see which bar is smaller and by how small it is from different perspectives (2D/3D).,topic_5,9.025527165475207e-309
312,I think the purpose of this experiment was to see if people who are in a statistics class differ at all from others in this study. Also the study was able to get a larger sample size with people in STATS 218 participating in the study.,topic_5,0.04088732887853581
313,The purpose of the experiment was to see if 2D and 3D models can affect the perception of those who are currently looking at the graph. Will 3D graphs make the participant exaggerate the difference in two bars?,topic_5,1.0
314,I think the purpose was explore how data is interpreted by students and what interpretations/conclusions we can make from graphs.,topic_5,0.07389067038497994
315,To gage students skills at estimating relative size ratios.,topic_5,8.40904656195195e-309
316,test how accurately we could get the sliders,topic_5,0.02530064376678238
317,To see if we could identify which graph was smaller and by how much by looking at different graphs in different ways.,topic_5,0.07015584695766668
318,To gauge how visual distractions affect perception of size.,topic_5,1.117950306441681e-308
319,To see how accurate one can assume the specific height of a ar is to another on the same graph,topic_5,0.027548541642237048
320,I think the purpose of this experiment was to be able to demonstrate how angles alter an individuals perception.,topic_5,7.44043340310664e-309
321,To measure the difference in how well participants analyze data presented in 2D graphs compared to 3D graphs.,topic_5,0.15973208135083827
322,I think the purpose of this experiment was to test if taking statistics makes a person able to differentiate and compare the two bars better than someone not taking stats 218.,topic_5,9.042655850516846e-309
323,To test how someone measures two variable in front of them,topic_5,7.90019608771686e-309
324,I think the purpose of the experiment was to study differences in size estimation between different visuals representations.,topic_5,8.103142449527147e-309
325,I think the purpose of this experiment was to determine if bar graphs can be more correctly interpreted in either two-dimensions or three-dimensions.,topic_5,9.575970599238367e-309
326,To test how much people perceive the percentage of something to smaller,topic_5,7.74430377108447e-309
327,To see if there is a preference when displaying data. Is there a better route to be taking.,topic_5,0.05858970743802179
328,I think that the purpose of this study was to get a visual on what perspectives people see certain graphs.,topic_5,0.0499695692020898
329,I think the purpose of this experiment was to get a better understanding of where STAT218 students land.,topic_5,0.04256393843714364
330,To investigate how different forms of graphs are interpreted by individuals.,topic_5,1.077660324996676e-308
331,"To see if we could accurately read the 3D printed, 3D, and 2D graphs",topic_5,1.972818237686075e-308
332,To determine if 3D-printed bar charts were easier to interpret and/or affected judgement than 2D bar charts.,topic_5,1.0
333,I think the purpose of this experiment was to explore whether or not participants could determine the size difference between the two bars.,topic_5,9.039984826335593e-309
334,I think that the importance of this experiment was to determine if visual depths is a limiting factor in peoples ability to correctly distinguish between graphs with different values.,topic_5,1.6488165487783235e-308
335,"When evaluating the experiment in Stat 218, focus on key elements: clear research question, randomization, control group, treatment variables, sample size, data collection, experimental procedure, statistical analysis, ethical considerations, and meaningful conclusions. Assess these aspects to determine the experiment's validity and any potential limitations.",topic_5,5.778783179678833e-309
336,To understand which bar graphs are easier to determine what is being shown on the graph.,topic_5,1.1314412140299125e-308
337,To find out if students can identify heights of bars and comparisons in 2D and 3D / also if colors make a difference in what we see.,topic_5,1.1398784607591243e-308
338,Reading graphs,topic_5,1.071560556974123e-308
339,The purpose of this experiment was to see if we can accurately guess how much taller or shorter one of the bars are compared to the other.,topic_5,9.17450886885664e-309
340,To evaluate how students choose variation in shapes.,topic_5,0.02409519920453991
341,I think that the. purpose. of the experiment was to investigate how different groups of students both read and understand statistical graphs. I think they want to see what graphs allow for people to read information from charts and what the easiest way to present information via statistical charts.,topic_5,0.07624869995714621
342,The purpose of the experiment was to test if people could trust their eyes and estimations.,topic_5,7.077415476829035e-309
343,"The purpose of this experiment was likely to explore how effectively 3D-printed visualizations can help students understand and interpret statistical data. By providing students with physical 3D models, the experiment might have aimed to assess whether interacting with tangible representations of charts or graphs enhances comprehension of statistical concepts—particularly those related to evidence strength, effect estimation, confidence, causation, and comparison of proportions and means. Additionally, using the app to guide students through the steps ensured that each participant followed a standardized process, allowing for consistent data collection on how these 3D visuals impact learning outcomes.",topic_5,1.0
344,To see how people view optical illusions and how it affects people ability to know the true size.,topic_5,0.0599089334456384
345,I believe the purpose of this experiment was to understand how accurately STAT218 students can perceive statistical graphics when asked questions related to comparisons of objects.,topic_5,0.07488692527704884
346,I think the purpose of the experiment was to see if there was a difference between 2D and 3D models when comparing two different sized objects. Essentially how the dimension of an object affects the perception of an object's height.,topic_5,8.441135886755664e-309
347,The purpose of the experiment was likely to determine the difference in perceptive ability in 3D versus 2D models.,topic_5,1.688860727031131e-308
348,To see how people in stats perceived graphs.,topic_5,1.072552070092134e-308
349,It seemed like the experiment was trying to determine how well students could approximate height proprotions of blocks relative to one another in different formats.,topic_5,0.058709060890842026
350,The purpose of the experiment was to see how people perceived each graph to be a certain number. I think that as the experiment changed which graph was considered like the controlled variable to see how that changed what your judgement was towards the the sizing of the other graphs.,topic_5,0.040210650223529584
351,I think the purpose of this experiment was to count the graphs and the proportions.,topic_5,0.08098540771079737
352,To collect data on people’s brains,topic_5,0.05045555501498166
353,I think the purpose of the experiment was to see how different people see and analyze different sets of data,topic_5,0.031385948674301195
354,I think the purpose of this experiment was to show how people perceive different shapes and the size of them. I was used to compare sizes that someone sees with the naked eye.  They were also trying to see if a 2D or 3D look had an affect on the responses.,topic_5,8.301170243588406e-309
355,To accumulate data while maintaining system structure and organization.,topic_5,0.030539819691437545
356,The purpose of this experiment was to gather data for a study.,topic_5,5.82880971271765e-309
357,To explore how accurately we read data visualizations and understand the effectiveness of different statistical graphics.,topic_5,0.08785342561120071
358,"""The purpose of this experiment most likely was to explore the precision with which participants can compare the size of visual elements, like bars, when one acts as a reference. This present study can look at asking participants to make estimates regarding the height of a smaller bar in relation to a larger one.
perceptual biases, estimation accuracy, and how the visual context influences the ability to judge relative sizes. A finding such as this may help explain common errors made in visual perception and judgment.",topic_5,1.1577364165835007e-308
359,I think that the purpose of this assignment is to see how students view data differently.,topic_5,0.06076171421843343
360,The purpose seems to be about whether or not people have a sense of interpreting graphs with confidence and accuracy. This study could help cut down on mistakes that might come from overanalyzing or getting lost in minor details to make it easier to interpret graphs where data visualization is used.,topic_5,0.0706400124574815
361,"The purpose of this experiment might have been to assess how well students can visually judge relative sizes, such as height or volume, and quantify them in proportion to a standard value. The experiment could also explore the cognitive processes or biases that affect visual estimations, especially in a statistical learning context.",topic_5,1.13991927467248e-308
362,I think the point of the experiment was to test our common sense to a degree and see if we can tell the difference between different sizes by estimation.,topic_5,0.03431493454272661
363,I think the purpose of this experiment was to look deeper into how people read statistical data to further improve the way data is shared.,topic_5,0.05646618195555485
364,"To determine if the original study stayed true over time, or if we developed better technology for 3D rendering of graphs and the ratios they represent.",topic_5,0.10255325447142413
365,To gauge how people perceive bar charts based on whether they are 2D or 3D,topic_5,1.0
366,This experiment was to investigate how the different data between the printed version and the digital one affect the guessing or accuracy participants made.,topic_5,0.03964192988912448
367,"I think that the purpose of this experiment was to see whether our vision would be different compared to different models. We were given 3 different kinds of models, one that was flat, one that was physically 3d, and one that was a digital object you could move on your computer. By choosing which tower was larger, and what percentage that would be, how would it be different through out the 3 groups.",topic_5,0.02464406788853317
368,To explore how we interpret 3D graphs different than 2D.,topic_5,0.18513587395106212
369,I am still a little unsure what the purpose was because we did not get a hypothesis but I assume it was to see how well we could guess heights based on specific views. They did ask our favorite animal at the beginning as well as age and gender but I do not know how those questions affected the experiment.,topic_5,0.035436794113727355
370,The purpose of this experiment was to see if there was a difference in the way people read graphs.,topic_5,0.08288669840773787
371,For the researchers of this experiment to see what students observed in their judgement to 3D sizes,topic_5,1.536185967301131e-308
372,"To compare the efficacy of 3D rendered models, 2D models, and 3D models on a 2D plane at identifying the scale of the data values.",topic_5,0.18491160160470152
373,The purpose of this experiment was to emphasize the connection between statistics and scientific research and to connect the information taught in Stat 218 to current scientific investigations in statistics. The purpose was also to understand how we perceive statistical graphics and how accurately we can read information from charts represented in different ways.,topic_5,0.0925052922923386
374,I think the purpose of the experiment was to see how students viewed different graphs and to see our perception of how much larger a bar graph is compared to one side by side.,topic_5,0.03621395422765898
375,Researchers can evaluate participants' understanding of data and interpretation by having them compare the heights of two bars and then estimate the height of one bar based on the information provided. This can include generating estimates based on insufficient data and comprehending statistical concepts like mean.,topic_5,0.03336296472980704
376,I think the purpose was to examine students' ability to correctly estimate size differences and proportions. There could be an added part of seeing if estimates are more accurate on computers or with the 3D models depending on if the research just wants to look at in person responses,topic_5,0.040483939844355964
377,I think the purpose of the experiment was to see how people perceive and judge relative sizes.,topic_5,0.03550804541910116
378,To judge if certain presentation styles made it harder to interpret data shown on the graph.,topic_5,0.05022546973526009
379,I think that the purpose of this experiment was to see if participants ability to estimate the height of the bar by comparing it to another bar with a known height is impacted by whether or not the bars are right next to each other or if there are bars in between.,topic_5,8.9351775085612e-309
380,"To determine the purpose of the experiment, I would need more specific details about the experiment itself, such as its design, hypothesis, and the variables involved.",topic_5,5.778434860304157e-309
381,"The experiment likely aims to gather data on perception and estimation accuracy,",topic_5,7.09967497318841e-309
382,i think that the purpose was to see how well students can infer the size of the smaller graph,topic_5,0.08245386563541761
383,To determine whether or not we can gauge the ratio of shapes based off images.,topic_5,0.05506063783654367
384,The purpose of the experiment could have been to determine how closely students can estimate using bar graphs.,topic_5,0.04419380193462953
385,The propose was to see if we can acccuretly guess the amount,topic_5,8.22010255845428e-309
386,I think the purpose of the experiment was to see how well people can read information when they are shown in different forms.,topic_5,0.0436551102960904
387,I think the purpose of this experiment was to better determine how good people are at guessing percentages of bar graphs.,topic_5,0.0381227338111701
388,To determine how people interpret the size of bars on a bar graph.,topic_5,0.07356239469660057
389,How well the participant can identify the size difference between each bar.,topic_5,9.248208229755528e-309
390,I'd imagine it was to determine if there is a correlation in the perception of size based on other objects around that said object and possibly by age and gender as well.,topic_5,0.037428682822535114
391,to test how we evaluate proportions when they are side by side vs apart vs 3D vs 2D and how the bars next to them can effect our answers,topic_5,1.1951052298976587e-308
392,The purpose of this experiment was to see if people could identify the height of one of two different bars if given one of their heights,topic_5,9.13239403048737e-309
393,To see how close to accurate we got measuring sizes of the bars when they are apart or around other sized bars.,topic_5,1.1057154526171737e-308
394,To observe how students view the height of the bar compared to another.,topic_5,1.101476513773116e-308
395,to get data and estimate how students will see graphs,topic_5,0.05016931025962003
396,"To categorize, based on demographics, who could reasonably tell the difference between the two structures.",topic_5,0.02927606831011257
397,Not very sure. Maybe to compare sizes of different bar graphs 2D and 3D.,topic_5,1.2456533837689736e-308
398,to see if people pay attention to the other bars instead of the bars that were indicated with the shapes,topic_5,1.1238741882247345e-308
399,"The purpose of the experiment likely aimed to investigate a specific research question or hypothesis within a particular field or domain. It may have sought to explore the effects of certain variables, test the efficacy of a new intervention or technology, or contribute new insights to existing knowledge. Overall, the experiment likely aimed to advance understanding within its respective field and potentially offer practical implications or applications based on its findings.",topic_5,5.74419636306944e-309
400,To compare the two different bar graphs participants chose to see which graphs produced a more accurate answer from the participant.,topic_5,0.059907857052452454
401,"I would think that the purpose of the experiment was to see how changing the shape, length of the block, length apart from each other and perspective (3d or not) of the blocks affect how the blocks are perceived by the audience.",topic_5,0.059525277727870564
402,To test hypothesis and The purpose of an experiment is to gather data to determine if the results support or contradict the theory.,topic_5,5.7067946398123e-309
403,To see which graph was longer.,topic_5,0.06640132874680921
404,Maybe understanding the perception of accuracy maybe the wanted to investigate how accurate individuals perceive and estimate the height of graphical representations. Or the purpose could of been understanding and assessing the graphical designs of the bar graphs they may have wanted to understand and evaluate the effectiveness of different graphical designs and how us viewers would convey them.,topic_5,0.03898415146941327
405,to get a statistic of what the average answer was for each question,topic_5,0.059568807957089194
406,I think it’s purpose was to to see how well people could gauge based on sight.,topic_5,0.02660526200092793
407,"I do not remember the question that the experiment was testing as I participated in the experiment a week or two prior to this questionnaire being posted. I believe it was something to do with testing whether gender played a role in if one can accurately guess the percentage of area. Object 1 compared to object 2, whichever is smaller, what percentage of area does the smaller object cover of the larger object.

 

Purpose was to see if gender had an effect on one’s accuracy to guess this.",topic_5,0.03565066192542649
408,I think that the purpose of the experiment was to see how accurate people can be at guessing somethings height/value.,topic_5,0.03544330068541552
409,"I think that the purpose of this experiment was to see how accurately people can identify the difference in heights of the bars in bar graphs. It shows how we can have a skewed perception of data shown on bar graphs, as we cannot tell how much different they are.",topic_5,9.34509938391424e-309
410,To identify whether the naked human eye can detect skewed differentiations.,topic_5,0.05448065290430774
411,The purpose of the experiment was to test pattern recognition. To see the trends in problems and how to solve them.,topic_5,0.03333289783113513
412,I think the purpose of this experiment was to see how students in the statistcs class could estimate values and use problem solving.,topic_5,0.0351313913757241
413,The possible purpose of the experiment could be to gauge the accuracy of a population's perception of ratios between objects.,topic_5,7.767400332748087e-309
414,The purpose of the experiment was to determine how accurately students could estimate proportional relationships using 2D and 3D models.,topic_5,0.0368772065426828
415,To generalize an experimental unit.,topic_5,5.702437426495106e-309
416,to determine students' ability to identify shape of samples and ability to calculate.,topic_5,8.47413369724979e-309
417,To see the ability to make predictions.,topic_5,0.053882685467390376
418,the purpose of the experiment was to measure blocks and to see which variation was taller or shorter.,topic_5,0.05864567397140522
419,To see how well students in Stat 218 estimate the height of an unknown amount when given a height you can compare it to.,topic_5,0.03833838899572223
420,to measure how well people can measure the different in height between items,topic_5,0.039711163267597445
421,To see how we judge sizes.,topic_5,0.04497759942420752
422,I think the purpose was to see how well each person can determine height differences.,topic_5,0.03559885563829648
423,I think the purpose of this experiment is to see how far people's perception of data could be. This is a good example of standard deviation.,topic_5,0.06474444534655868
424,Understand estimation skills and depth perception in participants.,topic_5,1.1908068556952714e-308
425,To find how accurately people can read bar graphs,topic_5,0.08686523839653548
426,To see how accurately people can estimate the size of the graph.,topic_5,0.06315779621627897
427,I think the purpose was to see how the surrounding size of bars in a bar graph can make the chosen bar look smaller or larger than it actually is.,topic_5,0.026579047304010114
428,To determine the average person's ability to read and interpret graphs,topic_5,0.05779172524398561
429,See if technology makes it easier to identify heights or if in person models are better.,topic_5,0.03957498576755619
430,To see how most people read graphs and if most people are thinking the same distance for graphs.,topic_5,1.050746983434041e-308
431,To evaluate whether or not people can read graphs with confidence and accuracy.,topic_5,1.0536431530187946e-308
432,I think the purpose of this experiment is to see if people know how to guess the size of different bars if one bars measurement is given to you.,topic_5,9.058801439945266e-309
433,Visual perception,topic_5,1.3733783589253127e-308
434,To see if different people were able to determine the size difference between the blocks that they chose.,topic_5,0.05686267248439532
435,I think the purpose of the experiment was to take statistical charting on different students how the different types of statistical charts are used and understood.,topic_5,0.09712644840808109
436,To see how well students in Stats 218 can understand and visualize graphs.,topic_5,0.05660718778999502
437,To see how other people might view the bars differently.,topic_5,1.12485302392621e-308
438,To better evaluate how the general public understands graphs.,topic_5,1.071289097212263e-308
439,"Figuring out our problem solving skills. Maybe testing our eyesight, how accurate we are when seeing things in real life as opposed to a 3d Model on the screen, or a 2d image on the screen.",topic_5,0.06284631518620254
440,Our observational skills.,topic_5,0.043711637929132685
441,I think the purpose is to compare how graphs look physically vs virtually. It probably has something to do with making sure graphs look accurate to the data.,topic_5,0.09117932792461401
442,to test if we could tell the difference between heights,topic_5,0.040683444318513166
443,to test if the other blocks affected how we perceive things right next to it,topic_5,0.058029582634566625
444,I think the purpose of the experiment was to determine how well people could determine the different heights when comparing two bar graphs and how they were different or similar.,topic_5,0.03476405046756951
445,I think that the purpose of this experiment was to see the average number of either the triangle or circle bar.,topic_5,0.025020374695077983
446,It can help us learn more knowledge about plane graphics and stereo graphics.,topic_5,0.1768160082524525
447,I think the purpose of this experiment was to evaluate our analytical abilities when concerning graphs.,topic_5,0.08450715791836573
448,"The purpose of the experiment was to catalogue how accurately people are able to read graphical representations of data depending on the medium in which this data is presented (digital 2D, digital 3D, digital 3D interactive, and real life 3D)",topic_5,0.1938670626992474
449,"The trick of a person's feeling. Following a 2D model, 3D model or a actually figure, the person would give different feelings of size.",topic_5,1.0648264391297405e-308
450,My guess is that it was either about graph reading ability or fatigue in estimation over long periods of test taking.,topic_5,0.07995958213876096
451,i think that the purpose of this experiment was to see our sense of perception while also testing our cognition about thought processes.,topic_5,7.01137037016041e-309
452,"The purpose of the experiment was to identify which type of graph people can interpret more accurately (e.g. the 2D graph, the 3D adjustable graph, or the physical 3D printed graph).",topic_5,0.18997984806195584
453,To gather data about what method of communicating data to others is best for comprehension.,topic_5,0.04402991871729739
454,To see how well a 3d model did vs a 2d graph on a screen to convey information/data to people.,topic_5,0.14667133477224908
455,To see how a person and gauges differences.,topic_5,0.04892756032914195
456,It was to see how well people can judge proportions off sight alone.,topic_5,0.04144709071396439
457,I think the purpose of the experiment is to find how students accurately predict a percentage of a bar graph.,topic_5,0.038252218367605444
458,I think the purpose is to se how college students correctly tell where the bars are at compared to each other.,topic_5,1.1037826297498066e-308
459,I believe the purpose of this experiment was likely to investigate how people perceive and make judgements about three-dimensional objects when presented with two-dimensional representations.,topic_5,1.701942648319665e-308
460,To learn more about students,topic_5,8.100343019835133e-309
461,Recognizing how perspectives and conclusions can change with context/additional data.,topic_5,0.060822097471677584
462,The purpose of the experiment was to compare the results of this study to a replica of a study conducted in the past.,topic_5,5.88426335065466e-309
463,To determine the efficacy of different graphical representations of data in conveying the intended information.,topic_5,0.08893779077674153
464,To see if a specific group of people are better able to visually identify numerical difference over another group of people,topic_5,8.03338477041283e-309
465,"I think the purpose was to find out if what different students thought the amount was based on a picture and then what it was based on the corresponding 3-D model lined up. If they have a bar graph and one value is 100, it would then ask what our perception of the value was of a graph with a different size next to it.",topic_5,0.04285164916021098
466,Finding the stats of how people perceived different heights.,topic_5,0.03970507107836144
467,"I think the purpose of the experiment could have been the see the different ways data could be visualized (2D graphs and 3D printed graphs, and 3D digital graphs). 

They wanted to replicate the findings of Clevland and McGill's work and are trying their best to replicate it as best as possible.",topic_5,1.724319310075562e-308
468,"I am not sure to be honest, but to see who gets the most right, maybe even by sex.",topic_5,0.05233943153901194
469,To identify how people visualize graph heights off of other hieghts.,topic_5,0.026989642734193495
470,"To find out if the person had a different vision as other people, meaning that the shapes were different seeing if people with dyslexia could figure out the shapes.",topic_5,8.1891805284381e-309
471,To determine how well students can evaluate the height of bar graphs when looking at physical models compared to pictures on the screen.,topic_5,1.131554352053005e-308
472,To determine how well stats students can interpret physical distributions.,topic_5,0.08190093867977857
473,"determine whether people can more acurrately estimate the height of a bar in a bar graph if the graph is Physcial (4d?), 3d or 2d.

 

iv: physical graphs vs 3d graphs, vs 2d graphs 

dv: accuracy of bar height estimation when compaired to another bar on the graph",topic_5,0.45480867875943815
474,To see how well students can read and differentiate graphs.,topic_5,0.05248866994438238
475,I think that the purpose of the experiment was to estimate to the closest value possible.,topic_5,0.03297454099877185
476,To allow students to analyze the differences in heights of the blocks in the experimental design,topic_5,0.05860345077897812
477,To gain a understanding of how one may assume and estimate a quantity.,topic_5,8.268441574673263e-309
478,I think the purpose of the experiment was to see what colors and what shapes students picked out first.,topic_5,7.283028421577056e-309
479,I think that the purpose of the experiment was to compare different individuals' answers to the questions.,topic_5,6.53102911706422e-309
480,To determine which method of interpreting graphs provided more accurate results.,topic_5,1.0759850973020496e-308
481,I think the purpose of the experiment was to see how 3D models would affect spatial calculations and estimations,topic_5,0.008764766342964955
482,Determining the population's ability to determine proportion in comparison to actual proportions,topic_5,7.70308601964686e-309
483,To test perception based on a physical diagram vs a visual,topic_5,1.599935266646247e-308
484,"I think the purpose of this experiment was to have as many outcomes as possible, allowing the researcher to be able to repeat it as many times as they would like. Given this, experimental probabilities of serval outcomes can be measured and calculated.",topic_5,6.23875382071703e-309
485,To check how accurate students are at reading bars. The experiments might also have a hidden purpose because scientists sometimes hide the actual purpose until the experiment is over to avoid biases.,topic_5,0.0345364812157567
486,To see how each participants perception works,topic_5,0.04791815082196574
487,To measure how students or individuals perceive distances in bar graphs.,topic_5,0.04081164929610759
488,Experiment that I had in class is learning about how stat is really important in this world. purpose of the experiment was when you learned what you need to learn about.,topic_5,0.03141334253994624
489,To determine how people visualize the numerical amount of data on bar graphs,topic_5,0.08523131098317714
490,I think the purpose of the experiment was to determine if physical models make it easier for students to interpret values based on relative size of the bars of a bar graph.,topic_5,9.32651727249596e-309
491,to see if we can acurately guess the height of the blocks,topic_5,0.057955414916541256
492,I think the purpose of the experiment was to test perspectives about the distribution of the bars.,topic_5,8.938435201252305e-309
493,I think the purpose of this experiment was to collect data on how participants interpreted the values of different bars in comparison to different lengths/heights.,topic_5,9.06243304544982e-309
494,To see how accurately people could guess the sizes,topic_5,0.044708186751500595
495,I think the purpose of the experiment was to look at how we view graphs and how we can evaluate and estiamte results given a specific graph.,topic_5,0.08472629519868537
496,I think the purpose of the experiment was to see how individuals visualize data in real life 3D printed form versus how they view it in an online or 2D space and to see if there was any drastic differences between the two.,topic_5,1.4353971840442557e-308
497,I think the purpose was to see how we view an interpret the different shapes,topic_5,8.111777583159154e-309
498,I think it could've been seeing how different people perceive things in different ways.,topic_5,6.34167293359867e-309
499,I think the purpose was to investigate whether people can estimate quantitative values of 3D graphs and compare it to the values people estimate for 2D graphs.,topic_5,0.161890934538509
500,To see how well our depth perception is/ spacial awareness.,topic_5,0.02674080792378396
501,To see how college students make assumptions based on comparison of size.,topic_5,8.1782826492126e-309
502,the purpose of this experiment was to determine judgements between 2d and 3d printed bar charts,topic_5,1.0
503,I think the purpose of this experiment was to test how people view different graphs. This is tested by graphs online and 3D printed graphs.,topic_5,2.3043312559050963e-308
504,To determine which type of bar graph people can better understand and what group can interpret the graphs better (statistic students or not statistic students).,topic_5,0.08175402308312908
505,"To see whether people were more easily able to identify the difference in height between two surfaces in 2D, electronic 3D, or physical 3D.",topic_5,0.06838435779007734
506,To compare the people's answers,topic_5,0.05965971719065654
507,To see if there is a statistically significant difference between the accuracy of interpreting 3D data visualizations rendered in a 2D environment versus 3D data charts rendered in a 3D environment.,topic_5,0.2832725829313658
508,"I think the purpose of the experiment was to determine our ability of approximation, and how extreme our eyes skew the truth of size.",topic_5,0.03156632497027469
509,"To determine the difference in perceived difference of 2 graphs from the actual difference, and if it differed between digital and physical graphs.",topic_5,0.24263969694158602
510,"I think the purpose of this experiment was to see how the answers varied between physical bar graphs, stationary and 2D, and 3D but located on a computer. Even though the graphs were the same, the perceptions were different.",topic_5,9.921517446967008e-309
511,To understand perception guesses of blocks between different 3D models.,topic_5,1.621693385503684e-308
512,The purpose of the experiment was to use statistics students to determine a certain probability or statistic of guessing the heights of the bar graphs.,topic_5,0.035000530527218694
513,To evaluate how people interpret data from 3 different visuals.,topic_5,0.24327867493137695
514,To judge which graph is smaller or larger using 2d and 3d bar graphs.,topic_5,0.23577626139890767
515,The purpose of the experiment was to assess the effectiveness of 3D printed bar charts compared to traditional 2D and digital 3D charts in conveying information accurately. While also extending previous research on judgments in data visualization.,topic_5,1.0
516,Possibly to see if a physical or online image serves best in physical length estimation.,topic_5,0.059227715350003166
517,I think the purpose of the experiment was to evaluate our Stats knowledge in comparing two different objects mathematically.,topic_5,0.03879276893929816
518,The purpose of this study was to replicate the results that were present in the Cleveland and McGill study from 1984. This study was to experiment perceptional judgement of different 3D graphs.,topic_5,0.5302793706251842
519,To find how accurate people were at guessing using different visuals.,topic_5,0.055137600100612104
520,"I think the purpose of the experiment was to find out how near to the actual value of the smaller bar on the graph people typically can guess, from different perspectives. The point of view, nearness to the taller bar, and other factors changes from question to question, so I assume the experiment is analyzing how that affects the choices of values.",topic_5,0.026315658533454068
0,To see how accurate the students can be with each of the graphs and if they do better at looking at the screen and guessing or in person.,topic_6,0.055612570391963566
1,I think the purpose was to determine is we could imagine the depth online.,topic_6,2.358594491102916e-308
2,The purpose of the experiment was to determine how different people read graphs.,topic_6,0.08575696580443197
3,I think the purpose of the experiment was to see how our eyes could judge certain sizes or percentages with our naked eye. It was to find statistics on how well we could make an educated guess on the size of the blocks.,topic_6,0.12368016642460564
4,The purpose of the experiment is to see if random individuals can estimate percentages in the same pattern as previous years.,topic_6,1.3746217346500197e-308
5,To see whether participants could accurately measure ratio differences using 3D bar charts better or worse than 2D rendered charts knowing that visual depth plays a role.,topic_6,1.3073263676428603e-308
6,To do a statistical study on the different results students got from each bag and to see where students chose a different option or not.,topic_6,1.437306130583878e-308
7,I believe the purpose of this experiment was to test whether or not having a physical model of the bar charts allow people to better estimate their size.,topic_6,9.270664120577084e-309
8,"I think the purpose of this experiment was to compare how people interpret different graphs in different ways with using 2D graphs along with 3D graphs and combining the results to see how the results differed. The purpose of this experiment was to also try and replicate the experiment that Cleaveland and McGill had done previously, but they had to tweak some things in the experiment.",topic_6,0.07696520922316497
9,I think that the purpose of the experiment was to collect data of students from the same course over a period of time and see how results compare and differ.,topic_6,0.054572339312267217
10,To see the difference in how people interpret an online graph versus a physical copy of one.,topic_6,9.830908806603464e-309
11,To determine is students in the introduction to stats class at UNL were better/preferred reading 3D printed graphs compared to digital 2D graphs.,topic_6,0.13565241951573892
12,Probably to find an average on our ability to estimate sizing and percentages based on other things.,topic_6,0.13539241143686934
13,To gain a better understanding of how visual representation plays a role in understanding the data it presents.,topic_6,0.09428856644238472
14,The purpose was to understand if 2D graphs are easier to interpret than 3D graphs.,topic_6,0.14059474407291472
15,To gauge depth perception of a physical object vs a object on the screen.,topic_6,0.14439991344991232
16,It was likely to investigate how different types of graphs affect student observations by comparing students' comprehension across various graph formats.,topic_6,9.242768401568895e-309
17,To determine which model (2D or 3D) is easier to more accurately read and to see if the data was similar to the one they are recreating,topic_6,0.14230332932760126
18,Determine students' of stats 218 understanding of statistics through an in person graphing experiment.,topic_6,0.09002783766454343
19,The purpose is to see whether students can estimate the percentage of bar height when compared to others. We had limited tools. I used me own personal judgement or “gut feeling” to find percentages.,topic_6,1.209411809452054e-308
20,I think the purpose of this experiment was to find if this study would help or not and if it was giving good information as well.,topic_6,1.024207237066129e-308
21,I believe the purpose of the experiment was to see how a person reading a bar graph can be influenced by neigboring numbers or stats.,topic_6,0.03819856620031478
22,I think that the purpose of this was to look into the ability for college students estimate numerical ranges in correlation to its location on a graph with other various values.,topic_6,0.031564718849094495
23,I think the purpose of the experiment was to see how well we can perceive things.,topic_6,1.5899187404951653e-308
24,I think the purpose of this experiment was to determine the accuracy of 3D charts to 2D charts.,topic_6,2.5340014972220854e-308
25,"I think the purpose of the experiment was to see how different versions of models affected how people analyzed those models, specifically how accurate they were when estimating the ratios of the bars.",topic_6,8.916965786459653e-309
26,To see how accurately people perceive heights.,topic_6,0.08810655000156647
27,The purpose of the experiment was to determine if it 2-D or 3-D figures and charts are easier to identify by the human eye.,topic_6,2.7999299936596486e-308
28,I think it was to see if people could accurately guess the ration of the two bars in graphs.,topic_6,1.1366796069190884e-308
29,To see the perception of different college students,topic_6,1.3150181118446926e-308
30,I think the purpose of this experiment was to understand the difference between different shapes on a graph and compare which shape is bigger than the other. I think the purpose was to compare the results of hands-on visualization and online visualization.,topic_6,0.08615505222699998
31,I think the purpose of the experiment was to test how students perceived heights based on the closeness/ separation of another given height,topic_6,0.09099662389831042
32,To test the ability of students perception of estimating amounts,topic_6,1.4952744211511805e-308
33,"To see how we compare the different shapes and sizes to each other, so like a null and alternative hypothesis.",topic_6,0.10226551374936102
34,I think the purpose was to evaluate how people see different quantities and estimate numbers.,topic_6,0.05361344323346161
35,The purpose of the experiment was to determine the proportion of students who could correctly guess the difference in bar graph size based on if it was done online or in person with materials,topic_6,0.04280991177604285
36,To determine which type of graph (2D or 3D) yielded a higher percentage of successful estimates by students.,topic_6,0.13897421605841304
37,I think the purpose of the experiment was to gauge how students perceived bar graph values or just bar values when the values aren't given. There is variability between the physical graphs and the digital graphs as well.,topic_6,0.0354764329733093
38,"I think the purpose of the experiment was to evaluate how easy different presentations of graphs are for people to read, to know which types are best to use when publishing studies.",topic_6,0.08458814238743619
39,To see if participants could accurately/semi-accurately understand the graphs,topic_6,1.00973673326996e-308
40,To see how the color of the blocks changed the perspective of how tall certain peaks of blocks were.,topic_6,0.12294143197344451
41,I think it was to test how everyone responds to an experiment like the one we took,topic_6,1.0657839931222493e-308
42,I think the purpose of the experiment was to see how people perceive objects compared to one another with potential other distractions.,topic_6,1.582148337430281e-308
43,I think the purpose of the experiment was to see if people can identify a difference in size on the computer vs in person holding the blocks.,topic_6,0.12273762075239414
44,I think the purpose of this experiment was to try and survey lots of peoples perceptions of size of things.,topic_6,0.1294835201170594
45,To see how bar graphs can affect someones perspective on the percentages being shown.,topic_6,0.07916072208524212
46,To see if people are capable of accurately determining a size difference of objects based strictly on visuals.,topic_6,0.12381158467581821
47,to see if students can correctly measure the proportions of the blocks,topic_6,0.12102082155043395
48,I think the purpose of this experiment was to see how individuals answers will vary/how they see and distinguish different proportions of bar graphs in different arrangements.,topic_6,8.980816387318094e-309
49,To see if we would more accurately predict the percentages of the bars with a 3D model or on a 2D model.,topic_6,1.234133196156324e-308
50,I think the purpose of this experiment was to see how well participants could interpret graphs and if having a statistical background via taking a stats class may impact their interpretation skills.,topic_6,0.08381120172347807
51,I think the purpose is to look at how people interpret the difference in the magnitude of data depending on the form it is viewed in,topic_6,0.06843540869753022
52,To determine if people could accurately judge the difference in height with the blocks of different colors.,topic_6,0.12181658615076346
53,Find how accurate people's perception of size and scale is.,topic_6,1.0
54,To see how different people interpret bar graphs and how they compare sizes based off of purely look given the percentage of the size compared to the other graph.,topic_6,0.07908899815922
55,I think the experiment was to see what we have learned but also to see each persons outtake on the different shapes.,topic_6,2.128771649417147e-308
56,I think the purpose was to find tendencies in how people select their answers and to pair them with a reason.,topic_6,0.07228187061189316
57,To see how certain people would think in different ways and how they pay attention to detail.,topic_6,0.07458129235871704
58,To see how well people are able to read graphs.,topic_6,1.0002383249851796e-308
59,to see what we can observe compared to the actual reading,topic_6,0.07660352834355623
60,I think the purpose of the experiment was to see how students compare values (bars) in data sets (histogram) when viewing the histogram in 3-D vs a picture on the computer.,topic_6,9.10887262731328e-309
61,The purpose was to compare how the general public sees data and how researchers see data.,topic_6,0.06827915519621579
62,Determine if we can approximate the differences in sizes of objects,topic_6,1.0
63,To see if we could notice the difference of the charts that we were looking at.,topic_6,0.059257729661707705
64,To show how looking at a flat graph (2D) can change perception and values when looking at a physical graph (3D).,topic_6,0.14720505315236565
65,I think the purpose of this experiment was to show us how experiments are conducted and generally how they look.,topic_6,1.1098696766611534e-308
66,to see how answers can differentiate from different viewers,topic_6,0.05334683267390688
67,This was to help us find and determine how to read graphs virtually and in a 3D form.,topic_6,0.1495256616248962
68,to investigate people's differing perceptions on graph reading,topic_6,9.02506439118136e-309
69,I think the purpose of this experiment was to test the accuracy of 3D and 2D graphs,topic_6,2.5654274092897717e-308
70,"Truthfully, I'm not sure what the purpose of the experiment was. However, if I was to guess, I'd say it was like an experiment to see how well people can differentiate two things from one another.",topic_6,1.4943449365856967e-308
71,To see how we interpret unlabeled graphs,topic_6,9.122044433887833e-309
72,To learn how people comprehend graphs on a 3d and 2d scale.,topic_6,0.13378720014071327
73,I think the purpose of the experiment was to see how people interpreted graphs differently based on if they were 2D or 3D.,topic_6,2.5561075164920833e-308
74,I think the purpose of the experiment was to measure how well the average statistics student can estimate differences in the size of data from visual data sets/graphs.,topic_6,0.08619084090879109
75,I think the purpose of the experiment was to determine how the choices used when creating graphics of data affect the understanding of the data.,topic_6,0.08589826689261845
76,To identify which age groups could recognize percentage differentiation in different images and models of charts,topic_6,0.05918965220137395
77,"I think the purpose was to attempt estimating percentages in a bar graph. I also thought it was a way to see how close we can get to the right answer. I found myself making educated guesses more than probably getting the right answer, but it made me think critically. I think this was another goal as well, critically thing of the graphs we normally see.",topic_6,0.059182502769529265
78,To determine how different types of statistical charts are used and understood,topic_6,0.08895424544217016
79,To test the depth of perception of each person as they estimated the distance between the shortest set of units and the tallest set of units in the set.,topic_6,0.10704031429496137
80,"Figure out how well people can read graphics made online or if real world examples work better

 

 

 

I DONT KNOW WHERE TO PUT THE CODE SO HERE IT is 

project id 22579

complettion code is like 20 digits but the last is 22895",topic_6,0.23754821285201208
81,To determine whether people can “eyeball” the correct proportion.,topic_6,0.06311754777609513
82,To see how accurately people can determine dimensions based on different angles.,topic_6,0.1298951919730028
83,"I think the purpose of this experiment is to determine whether or not people with knowledge/experience with statistics are ""better"" at estimating ratios by observing graphs and models.",topic_6,1.429081904994962e-308
84,To see how different students estimate reading bar graphs with no units on the side to help them figure it out.,topic_6,0.07404266482887978
85,To be able to judge and estimate the size of the the different columns an estimate how much smaller the short was was compared the bigger 100 sized one.,topic_6,0.1431279830085226
86,To figure out if college students can accurately estimate the difference between two bars.,topic_6,0.06270309051647455
87,I think it was to look at bar graphs in a way.,topic_6,1.1284694275714745e-308
88,I think the purpose of the experiment was to determine how a student interprets the size of a bar within a 3D graph model.,topic_6,8.97541550185757e-309
89,I guess just to figure out how well people were at interpreting data that wasn't given to you based on what we had. Like how we were able to approximate how tall one of the towers was based on the other.,topic_6,0.0968400839016058
90,I think the purpose was to determine how people interpret different charts and different percentages in relation to each other.,topic_6,0.07480837351437084
91,To see if people understand 2D or 3D graphs better,topic_6,0.09666042031802292
92,I think that I couldn't really find a true purpose other than collecting random data. The data was from different classes so it somehow connects with that.,topic_6,0.07355366944753242
93,To replicate partial results from Cleveland and Mcgill and to extend their study.,topic_6,9.426780819765505e-309
94,see if people perceive graphs differently if online or in person. Also if 2d or 3d have effect on how it’s perceived.,topic_6,1.000974316603104e-308
95,"The experiment aimed to see how well people can compare bar heights in different types of charts—2D digital, 3D digital, and 3D printed. The researchers wanted to find out if using physical 3D charts could help people make more accurate judgments, especially compared to the often-criticized 3D graphs on screens. They were testing whether hands-on, printed visuals might actually make understanding data easier.",topic_6,1.374640009237853e-308
96,I think the purpose of the experiment was to investigate how well individuals can replicate models coming from two platforms (physical model to online model).,topic_6,0.0736237513110021
97,I think the purpose of the experiment was to see the difference between how someone can read a 2D or 3D graph.,topic_6,2.65107029237227e-308
98,The purpose of the experiment was to analyze how accurate my perception of 3D graphics is and analyze and study this data to find the best ways to convey data accurately.,topic_6,0.30671852824619034
99,"At the beginning of the experiment, I was completely lost and did not know what the purpose of the experiment was. During around the middle of answering the questions, I thought it would be about if a person can identify the correct images from the printed models to the 3d images as well as the 2d images. Now, I think the purpose of the experiment is to see what different mediums of data visualization can be more accurately portrayed.",topic_6,4.0703430722980285e-308
100,To depict whether a participant will be able to tell how small one part of the blocks are compared to the others in 2D vs 3D.,topic_6,0.14927158984791622
101,The purpose of the experiment was to understand why we did this experiment and what we learned from it.,topic_6,0.013604864035781821
102,To determine whether physical 3D graphs are easier for people to correctly read than digital 3D graphs.,topic_6,0.16112003693256685
103,I think that the purpose of the experiment was to see whether or not we could identify different graphs when they look different.,topic_6,0.08652991746332432
104,I think the purpose of this experiment was for us participants to determine how the depth of objects without any clear indications. To be able to estimate lengths and heights of different objects.,topic_6,3.0175792672673276e-308
105,Figuring out which medium allowed the most accurate judging of difference in the length of the bars.,topic_6,9.702999827084677e-309
106,To determine whether people interpret 3D graphs better than 2D ones.,topic_6,0.1381943331554894
107,to see the amount of hours that a student slept. I and I was comparing different values given to me.,topic_6,0.05399982882309229
108,To see how viewing a two-dimensional object and a dimensional object can skew our perception.,topic_6,1.0
109,The experiment tests how easy one can identify the target in the graph.,topic_6,0.0864014694417735
110,I think the purpose of the experiment was to identify whether or not 3D graphs are easier to read compared to other types of graphs.,topic_6,2.5859890281055434e-308
111,The purpose of this experiment was to see which graph had a great value between graph A and graph B.,topic_6,0.08643425376059896
112,I think the purpose of the experiment was to see how people were able to understand graphs and 3d data. How people are able to visualize differences,topic_6,2.5079860570046375e-308
113,To see if people could identify 2d online or 3d printed bar graphs better.,topic_6,0.09680593475537623
114,I thought the purpose of the experiment was to see if people could accurately guess the difference in height/ length between two objects.,topic_6,0.10677152434831183
115,"If I were to wager a guess, it was to replicate a past study examining the effect of visual depth on perceiving three dimensional data visualization.",topic_6,4.932016367188368e-308
116,The purpose of this experiment was to determine how well people could perceive and compare data using 3D printed bar charts compared to 2D versions. Aiming to explore whether the depth in 3D formats improved or hindered the accuracy in interpreting visual data.,topic_6,1.3100976754000385e-308
117,"To allow for the researchers to make a conclusion about which type of graph (2d, 3d, or 3d printed) is better for conveying information.",topic_6,0.1137223080312453
118,I think the purpose of this experiment was to better understand how to get students to recognize information/data better. It was to figure out whether 2D or 3D graphs work better for students understanding.,topic_6,2.5589425175572087e-308
119,The purpose of the experiment was to identify perceptual differences in how 3D and 2D data models are presented.,topic_6,0.3344858632896236
120,To see how different people visualize numbers.,topic_6,0.07858165538459107
121,To see how well people can guess or estimate the height of things.,topic_6,0.08819347357550296
122,I think the purpose was to compare the effectiveness of 3d printed bar charts to digital charts.,topic_6,0.038764679338699995
123,I think the purpose of this experiment was to identify the percentage of correctly guessing the distance between two graphs and the average guesses on the percentages.,topic_6,0.0862690760140347
124,to gather statistical data about how people viewed the graphs,topic_6,9.62647884281693e-309
125,To determine if it is more accurate to determine size and ratio from a 2d perspective compared to a 3d perspective.,topic_6,0.13814869813697525
126,I think the purpose of the experiment was to see the difference between how someone can read a 2D or 3D graph.,topic_6,2.6372925697642817e-308
127,To replicate partial results from Cleveland and Mcgill and to extend their study.,topic_6,9.50290832076912e-309
128,I think that the purpose of the experiment was to see whether or not we could identify different graphs when they look different.,topic_6,0.08677258816703613
129,I think the purpose of the experiment was to investigate how well individuals can replicate models coming from two platforms (physical model to online model).,topic_6,0.07393820457184672
130,To determine whether physical 3D graphs are easier for people to correctly read than digital 3D graphs.,topic_6,0.16263439651514588
131,"At the beginning of the experiment, I was completely lost and did not know what the purpose of the experiment was. During around the middle of answering the questions, I thought it would be about if a person can identify the correct images from the printed models to the 3d images as well as the 2d images. Now, I think the purpose of the experiment is to see what different mediums of data visualization can be more accurately portrayed.",topic_6,4.097673660709876e-308
132,"The experiment aimed to see how well people can compare bar heights in different types of charts—2D digital, 3D digital, and 3D printed. The researchers wanted to find out if using physical 3D charts could help people make more accurate judgments, especially compared to the often-criticized 3D graphs on screens. They were testing whether hands-on, printed visuals might actually make understanding data easier.",topic_6,1.4290791909200743e-308
133,I think that I couldn't really find a true purpose other than collecting random data. The data was from different classes so it somehow connects with that.,topic_6,0.07171747310462058
134,The purpose of the experiment was to analyze how accurate my perception of 3D graphics is and analyze and study this data to find the best ways to convey data accurately.,topic_6,0.30798329708857386
135,To see if people understand 2D or 3D graphs better,topic_6,0.098138499825418
136,I guess just to figure out how well people were at interpreting data that wasn't given to you based on what we had. Like how we were able to approximate how tall one of the towers was based on the other.,topic_6,0.09686817081386313
137,The purpose of the experiment was to understand why we did this experiment and what we learned from it.,topic_6,1.055033609994699e-308
138,I think the purpose was to determine how people interpret different charts and different percentages in relation to each other.,topic_6,0.07407183040839857
139,see if people perceive graphs differently if online or in person. Also if 2d or 3d have effect on how it’s perceived.,topic_6,0.007524483753504477
140,To depict whether a participant will be able to tell how small one part of the blocks are compared to the others in 2D vs 3D.,topic_6,0.14920546471537818
141,I think the purpose of this experiment was to see if students taking STAT 218 can understand scale and proportion when reading graphs.,topic_6,0.08479504806980553
142,"I think that the purpose of this experiment is a continuation/expansion of an experiment that has previously occurred. More data is being collected in order to further the knowledge and statistical evidence that has already been collected. As a participant in this experiment, I can identify the component of the population of interest, being students enrolled in STAT218 (and there may be an age requirement of 19 and older). I am not sure of the duration of this experiment, but I know that we have given permission for our data to be in the UNL records for 3 years, so this experiment is most likely on-going for longer, yet.",topic_6,0.06547719323900948
143,"*

expirement .docx",topic_6,0.061988443128838985
144,"The purpose of this experiment was to see how well people can compare data in different types of bar charts—specifically 2D charts, 3D digital charts, and 3D printed charts. The researchers wanted to find out if physically holding and viewing a chart in real 3D space helped people make more accurate judgments compared to looking at a flat or screen-based version. Overall, they were testing whether 3D printed visuals could improve how we understand and interpret data.",topic_6,1.3458615468204643e-308
145,I think that the purpose of this experiment was to determine how undergraduate students interpret data that is presented graphically.,topic_6,0.08526725001283873
146,To see if we are understand what graphs have more data entries,topic_6,9.205329354450153e-309
147,To decide what type of graphs are a more effective way to display data for people to understand. Whether humans better interpret a graph based on the way it is presented to them.,topic_6,9.30606669016587e-309
148,To better understand how students perceive different heights.,topic_6,0.08629838783366972
149,To gather statistics on if the triangle or circle bar was taller and we repeated multiple times to see if the triangle or circle bar was taller more of the times.,topic_6,1.094187507483877e-308
150,I think it does help you with estimating your percentage in how things can be larger and smaller than one another.,topic_6,0.11468137499946796
151,To test are abilities to identify different percentages.,topic_6,1.5644566944882627e-308
152,I think the purpose of the experiment was see the persepective of other students and how they look at graphs.,topic_6,0.08735259797489985
153,To gain insight on how students can mentally measure.,topic_6,1.4335954991928463e-308
154,I believe that the purpose of the experiment is to understand how people read graphs and understand what they are looking at. The purpose is to see what amount people think of when they see bar graphs.,topic_6,0.042997341134911556
155,"I think the purpose of the experiment was to see how people perceive and estimate numerical values in relation to visual representations, like bar heights, and how accurate those estimations are.",topic_6,0.03616393939252349
156,The purpose of the experiment was to see  different people see and visualize bar graphs and data.,topic_6,0.04408453129324547
157,The purpose of this experiment was to evaluate people's ability to observe and compare the size and scaling of objects.,topic_6,1.0
158,I think the purpose was to identify differences in bar sizes in graphs.,topic_6,1.125112550062072e-308
159,how good people are at guessing the difference between objects,topic_6,1.0
160,I think the purpose of the experiment was to see how the height of the towers next to the ones we were guessing the height of influenced how tall we thought it was. To see how we analyzed the whole situation.,topic_6,0.09360688697024261
161,To compare old studies to new studies. I think the big idea was to perform a nearly identical experiment to one done in the past and compare the results.,topic_6,9.973964426138645e-309
162,I think the purpose of the experiment was to see how people on average perceive proportions without any reference numbers. It could also be to see which age group seems to guess proportions more effectively as well.,topic_6,1.425535067774731e-308
163,to see if students can tell the difference between online charts and physical charts,topic_6,0.08613445466131049
164,Determining the accuracy of students' observations.,topic_6,1.398009070862192e-308
165,I think that the purpose of the experiment was to evaluate how individuals perceive size of the different lengths of the block towers.,topic_6,0.12173284190792225
166,To determine if people could determine the difference between graphs.,topic_6,0.05706176821752353
167,To see how well students are at makes educated guesses about the height of the bars.,topic_6,1.196487233464739e-308
168,The purpose of the experiment was to see how different students can perceive different heights.,topic_6,0.08759018440835865
169,To gather information about a certain thing.,topic_6,0.0691735611332231
170,Too evaluate how people perceive things differently.,topic_6,0.07177768831782724
171,I think the purpose of the experiment was to see how accurately we can estimate the percentages and heights of the bars/blocks based on each other's heights. I also think it is testing how differently each of us sees the heights and how our answers may change throughout the experiment.,topic_6,9.581547953119373e-309
172,I think that the purpose of the experiment was to familiarize ourselves with the context of how we can see statistics in real life.,topic_6,0.05939787037406312
173,To interpret how people view graphs.,topic_6,9.56808543316896e-309
174,I think it was to see how college students who are taking statistics can estimate percentages compared to those who are not taking statistics.,topic_6,0.07169831013284741
175,to understand how people interpret statistical graphics and how accurately the information can be represented.,topic_6,0.08479531438170353
176,"To evaluate the accuracy between people to be able to make perceptual judgements. For example, comparing bar heights pf 2D and 3D charts.",topic_6,0.11434716996590362
177,To test peoples height judgement,topic_6,0.08763100191679012
178,"The goal of the experiment was to see how people understand and compare data when it's shown in different types of bar charts—like regular 2D charts, 3D charts on a screen, and even 3D printed charts you can touch.",topic_6,1.420116149888738e-308
179,to gather students thoughts.,topic_6,1.300363897331335e-308
180,"I really think the purpose of this experiment was to see how accurately different people can judge the difference between bar heights, depending on how the graph is set up and how the graph is shown for an example whether the graph is a 3-D or a 2D or physically printed in 3-D they wanted to see if certain types of different graphs make it easier or harder to understand the data that is set before you just by looking at it. It looks like they were testing whether the information that was represented affects how the different people interpret it, especially when comparing the numbers on a visual basis.",topic_6,9.42668256915884e-309
181,na,topic_6,0.08410547667224987
182,"The purpose was to see how well people can understand and compare numbers when they are shown in different kinds of bar graphs. There were comparing regular 2D digital, 3D bar graphs on the screen, and 3D bar graphs printed. Ultimately, they are trying to figure out if the way the data is presented affects how accurately people can read and understand it.",topic_6,0.031476294936636236
183,To see if people could tell a difference in the way a graph looked online vs in person,topic_6,1.010037484383093e-308
184,"I think the purpose of the design was to tell perception and how that differs between different people. Having a representative block to base one's perception of another block off is something that can be variable between people. Although we all have a general sense and idea of perception, guessing can only be so precise.",topic_6,0.12358169883372006
185,To gain an understanding on how bar graphs can be interpreted by different minds,topic_6,0.07962222548237079
186,Improve people‘s perception of space and proportion,topic_6,1.0
187,"The purpose of the experiment was to evaluate and compare the accuracy of perceptual judgments in interpreting data from 2D bar charts, 3D digital bar charts, and 3D printed bar charts, replicating and extending Cleveland and McGill’s position-length experiment.",topic_6,1.445875461448457e-308
188,I think the purpose of this experiment was to depict how others view perceptions of others and see how accurately we differ heights in 3D bar graphs.,topic_6,0.03351381157971043
189,To analyze if 2D or 3D graphs are easier to understand.,topic_6,0.14194213316056722
190,I think the point of the experiment was to see if 3D graphs have gotten better over time and if they are useful for data measurement.,topic_6,2.8940282405070115e-308
191,To engage us and learn more about the research. To help us understand how people interpret 2D and 3D printed graphs.,topic_6,0.1004788777799289
192,To see if the general population over or underestimates quantities,topic_6,1.473217359627586e-308
193,I think the purpose of the experiment was to challenge students thinking on a deeper level.,topic_6,0.011153622329935206
194,I think the purpose of the experiment was to see if we could interpret data better in a 3D way or 2D.,topic_6,2.6322317611930764e-308
195,"I think this experiment aimed to help us (stats 218 students) understand how different variables in a 3D scatterplot, such as shape and color, affect perception and interpretation of multidimensional data in visuals.",topic_6,4.700817228665836e-308
196,"To better understand statistical concepts such as writing hypothesis, probability, p values, and standardized statistics.",topic_6,0.0843435324678103
197,"The purpose of this experiment was comparing how accurately people judge data using 2D, digital 3D, and 3D printed bar charts.",topic_6,1.4250209487322146e-308
198,"The purpose of the experiment was to see how well people could compare bar heights in 2D, digital 3D, and 3D printed graphs. The researchers wanted to know if 3D printed graphs help people understand the data better.",topic_6,1.45901044499078e-308
199,"To understand/test our vision/perception of bar graphs, but I didn't understand why they chose bar graphs.",topic_6,1.1518786158134e-308
200,"The purpose of this experiment is to see how well people are able to examine 2D and 3D models. There was some previous data showing that people have a harder time examining 3D models, so this study is trying to replicate these results or see if they are different.",topic_6,1.0
201,"This study aimed to:

*

Replicate and extend the foundational work by Cleveland and McGill on graphical perception.

*

Determine whether 3D printed charts could improve perceptual accuracy compared to 2D or digital 3D charts.

*

Assess how well participants could judge which bar was smaller and estimate the ratio between bar heights across the different formats.",topic_6,1.4131351220478784e-308
202,"To clarify the differences between 2D printed bar charts in relation to their heights, and 3D bar charts.",topic_6,0.049226841577380685
203,"to evaluate how accurately people can interpret and compare data using different types of bar charts, specifically 2D graphs, 3D digital graphs, and 3D printed graphs. It aimed to determine whether 3D printed charts offered perceptual advantages or disadvantages compared to their 2D counterparts, especially with how well participants could judge and compare bar heights representing numerical values.",topic_6,1.308705582772604e-308
204,"The purpose of the experiment was to estimate the percentage of students who understand statistical differences by being presented 3D models, versus typical 2D models.",topic_6,0.10412811805769662
205,To determine the long run proportion of how many successes students produce in the perceptual ability test.,topic_6,1.534470149183662e-308
206,The purpose of this experiment was to gather data on how students interpret different types of charts and graphs. As well as to see how accurate students can interpret different type of charts and graphs.,topic_6,0.08854175925009415
207,"To determine how accurately visual, statistical information is perceived across multiple mediums of presentation (2D, 3D, and 3D printed).",topic_6,0.21093593709932576
208,To determine how people view 2D and 3D differently.,topic_6,0.150985719553511
209,The purpose of this could have been to understand human estimation and its accuracy or inaccuracy without the aid of tools.,topic_6,1.384893919519259e-308
210,I think the experiment was trying to see how people act or think when something changes. The researchers wanted to know if doing one thing would make people react a certain way.,topic_6,1.0645837871646147e-308
211,I think the purpose of the experiment was to analyze how people respond to percentages given different size pillars.,topic_6,0.13040522074249775
212,To test a hypothesis or investigate a research question.,topic_6,9.91475326815879e-309
213,"I think the purpose of the experiement was to see how many people could identify different proportions and shapes between graphs, etc. With little to no information provided. Just based on observations",topic_6,0.08588061949569127
214,"The experiment was testing which type of graph 2D, 3D on a screen, or 3D printed helps people compare bars more accurately. It was to see if 3D printed graphs work better than screen versions.",topic_6,0.03138105922880939
215,"I think the purpose was to see which kind of graph2D, 3D on screen, or 3D printedhelps people understand data the best.",topic_6,0.1102421065988134
216,"To examine how accurately subjects perceive the size of bars in a 2D, 3D, and a 3D printed chart not only for size but dimension as well.",topic_6,1.3608283690192495e-308
217,I think the purpose of this experiment was to show that 3D experiments that are printed allow you to get better data compared to ones that are digital.,topic_6,3.866600338972559e-308
218,The purpose of the experiment was to see if people can better determine the size difference between two bars better with a 3D model or a computer model.,topic_6,9.586581520539595e-309
219,To determine how different demographics of people understand statistical charts and how they perceive statistical differences.,topic_6,0.08607461066784142
220,"To see which age group has the sharpest/most accurate approximations of visual scaling and/or which graph display (physical, 2-D, 3-D interactive) was the most effective in approximating accurate guesses. To see if the positioning of the irrelevant bars not asked about in each graph helped improve accuracy as references. Possibly also contrasted duration spent on each graph with accuracy and/or age.",topic_6,0.06723798052372063
221,I think the purpose of this experiment is to understand how accurately and effectively people interpret data from three-dimensional representations compared to traditional two dimensional representations.,topic_6,0.15192671497101592
222,To see how well we can eyes ball measurements and differences between heights,topic_6,0.08987718655887146
223,To see if the different visuals of the same graph have different outcomes of how tall the smaller bars are compared to one another.,topic_6,1.171496362052466e-308
224,To see which method of presenting graphs showed the most accurate depiction of the data.,topic_6,9.434596217414113e-309
225,to see if wed catch onto the repetition.,topic_6,0.08073600174833277
226,I think the purpose of the experiment was to see how students read bar graphs when they are presented differently.,topic_6,0.04343468809328613
227,To see the difference between how students picked what they picked for an estimation.,topic_6,1.44035263721851e-308
228,to determine the statistics on how people judge comparative sizes.,topic_6,0.13589929550810526
229,The purpose of the experiment was to identify if men or women can interpret graphs.,topic_6,0.08531622297389513
230,I think the purpose is to see how much people can estimate size of graphs in a 3D space since generally they aren't presented to us like that.,topic_6,0.11692424808985752
231,To understand how our perception of what the hypothesis per block differed to the actual correct answer.,topic_6,0.06377937890670402
232,"to familiarize us with looking at and reading graphs, but I think the measured variable is how accurate we are at eyeballing heights and ratios.",topic_6,0.0667792491706211
233,I think the purpose was to see if people estimate numerical values better from 3D graphs in person or on a screen. This could help instructors when determining class curriculum to decide what form of graphs to provide their students with.,topic_6,0.11112625770241819
234,to view graphs in person or in different views on screen to trick your mind into thinking how big a graph was compared to another graph.,topic_6,9.83218195264631e-309
235,To demonstrate that people see things differently and there isn't always one correct answer.,topic_6,0.07905597062378848
236,I genuinely have no idea.,topic_6,0.0817890060897205
237,I think the purpose of the experiment was to test what stats has taught us.,topic_6,0.058201112305494115
238,"If you're able to properly estimate based on a given data, compared to another data.",topic_6,1.408620466462284e-308
239,I think the purpose of the experiment was to be able to determine if students were able to identify and understand and interpret statistical graphs.,topic_6,0.08607327342962873
240,I feel as though the purpose of the experiment was to determine our understanding on how we can view the differences in values given on the 3D printed objects.,topic_6,3.930434517150319e-308
241,I think the experiment was to examine whether people can better identify proportions based on a physical or digital model.,topic_6,0.06824821300494623
242,"The purpose of this study is a little unclear to me, but I think it was to potentially understand the strategies used amongst stats 218 students in choosing the ""taller"" figure. I would assume students' results from this study were compared to the grades of students.",topic_6,0.092100533892009
243,The project aimed to investigate how students comprehend and analyze data given using visual tools such as block-based graphics or models. Its goal was to integrate statistical principles from Stat 218 to real-world visual representations and measure how well students understood them.,topic_6,0.08963536462370765
244,"I was pretty confused about what the goal of the experiment was, but perhaps it was for instructors to gain a better understanding of how students perceive objects.",topic_6,1.625794668421817e-308
245,The purpose of the experiment was to demonstrate how estimation techniques are used to make inferences about a population and to explore whether an observed effect suggests a causal relationship.,topic_6,9.70793553651195e-309
246,I think that the purpose of the experiment was to test how students perceive the height and percentages of different bar graphs.,topic_6,0.037120651961301786
247,I think the purpose of the experiment was to make you think critically about data analysis and proportions based on graphs/models.,topic_6,0.07910357997184561
248,"The purpose of the experiment was to investigate how accurately people perceive and compare data using different forms of bar charts—specifically traditional 2D charts, 3D digital visualizations, and physical 3D printed versions. By examining participants’ ability to judge which bar is smaller and estimate the ratio between bars, the researchers aimed to assess whether physical depth and tactile interaction in 3D printed charts improve perceptual accuracy compared to screen-based 3D and flat 2D representations.",topic_6,1.2826228607912896e-308
249,I think the purpose of the experiment was to retest an old experiment to see if anything had shifted in society since the original experiment was conducted.,topic_6,1.0630351284441217e-308
250,To see if the results have changed through generations of students at UNL.,topic_6,0.06274241377454254
251,I think the purpose of the experiment was to see if different students would read the graphs differently.,topic_6,0.08606068072057182
252,"The purpose of the experiment seemed to be testing how individuals interact with or respond to different 3D model designs. It may have aimed to explore how certain features—like shape, clarity, or usability—affect perception or performance when using a model. Overall, the experiment likely intended to gather data to improve design effectiveness or learning outcomes.",topic_6,4.994190285665899e-308
253,I think the purpose of the experiment was to see if people were more accurate with either 2-D charts or 3-D charts in terms of inputting data.,topic_6,2.7352900955554823e-308
254,I think the purpose was to see if a 2D or a 3D was easier for people to understand and read.,topic_6,0.1455778074723552
255,I think the purpose of the experirment was to see the variations on peoples choices. It also showed how everyone thinks and chooses differently.,topic_6,1.073792233661184e-308
256,I think the purpose of the experiment was to see how well are college students are able to interpret and estimate the values of bar graphs based off of pictures versus an in person model.,topic_6,0.04090549682491207
257,I was a little confused in the beginning of the experiment but I feel that the purpose was to see our perspective on how we saw the blocks we used. More specifically to see how people estimate proportions/ percentages and seeing how accurate they are.,topic_6,0.12297522908997824
258,how individuals analyze objects on a computer versus physical form.,topic_6,0.34476522168724394
259,I think the purpose of the experiment was to give students a hands-on experience with data collection and interpretation to reinforce concepts learned throughout the course,topic_6,0.06327104532824196
260,A purpose of the experiment is to test a hypothesis.,topic_6,9.655258703613825e-309
261,To identify which object was larger/smaller and estimate how much larger and or smaller.,topic_6,0.15105736185570895
262,"I think the purpose of this experiment was to see which bar graph was smaller. You had to chose on, either the triangle or the circle. Another point would be to see how people interpret sizes, if people are more accurate or less.",topic_6,0.0294613279326168
263,"The purpose was to choose which column was smaller. The column associated with a triangle or with a dot next to it.

At least that's what it looked like on the surface.",topic_6,1.1018776309076663e-308
264,I think that the purpose of this experiment was to test how students perceive the distance of the graphs after taking a stats course.,topic_6,0.0859817812749909
265,The purpose of the experiment was to see if you could see the shapes in the structures or not.,topic_6,2.595667024267708e-308
266,To determine how people view graphs and the most effective graph to show data.,topic_6,9.51133956711913e-309
267,I think the purpose of the experiment was to see if the person was paying attention to each question.,topic_6,1.0645533172254434e-308
268,The purpose was to test out if people can tell the difference in sizes from a 2D to a 3D model.,topic_6,0.16945028876115042
269,my iq,topic_6,0.0804421960835173
270,I thought that the purpose of the experiment may have been to study people's depth perception.,topic_6,1.9168367314157927e-308
271,The purpose of the experiment was to determine how surrounding influences and proximity affect how one perceives objects.,topic_6,1.6702152490914205e-308
272,I think the purpose of the experiment was to test our minds and see if it sees proportions the same when looking at them in different ways.,topic_6,0.07629075225910152
273,To see how well people can tell size differences in 2D vs 3D,topic_6,0.15038522025769185
274,The goal of this study is to comprehend how we interpret statistical graphics and how precisely we can decipher data from various types of charts.,topic_6,0.08051101870536352
275,I think they used this experiment to study how individuals see the different regions without a set of numerical data.,topic_6,0.05670700334876525
276,I believe that the purpose of this experiment was to grasp a better understanding of how we judge differences based on three-dimensional examples and two-dimensional examples.,topic_6,1.0
277,The purpose of the experiment was to see how people interpret 2D charts versus 3D charts.,topic_6,2.6174234067451645e-308
278,To see if people can accurately correlate relative distance with shades of colors.,topic_6,0.12252522403781112
279,I think the purpose of this experiment was to see how people perceive and interpret quantitative information presented in different visual formats.,topic_6,0.08287289943575628
280,To test our understanding.,topic_6,0.0824369869333354
281,"The purpose of the experiment was to gather information about how well people are able to interpret maps/graphs , specifically color coded maps. This helps researchers create graphs that are easier to understand to people who do not work with this kind of stuff every day.",topic_6,0.0870126749222074
282,I believe that the purpose of this experiment was to gauge our understanding of spacial and color awareness.,topic_6,1.638256708748085e-308
283,"The goal was to see how people read and interpret heat maps, specifically whether they could correctly figure out which letter on the grid represented the larger quantity. It was basically testing our ability to make quick, accurate judgments based on visual data.",topic_6,0.10286623311432494
284,To observe how accurately people can estimate differences in values from heat maps and 3-D block charts.,topic_6,0.09505427947149094
285,i think the purpose of the experiment was to work on depth perception and how well someone can tell whether one color on a depth scale is higher/lower than another,topic_6,1.767866553249743e-308
286,"I think the purpose of the experiment was to see how well people can understand 3D graphs or charts, especially when they're shown on a screen. It probably also wanted to find out if having a physical 3D-printed version of the chart helps people understand the data better. Overall, it seemed like the experiment was about how different ways of showing data affect how people read and make sense of it.",topic_6,3.259267226100583e-308
287,The purpose seemed to be testing how accurately and quickly people can interpret and compare values represented visually in a heat map. It might have been aimed at understanding whether people can judge relative magnitudes from color intensity and spatial location without seeing the actual numeric values.,topic_6,0.10233813884207404
288,"I am not completely sure what the purpose was, I generally struggled with the information that was presented for us to make decisions off of. If I had to venture a guess, I would imagine that could be part of the experiment. The hypothesis was not stated, but could be inferred that given the heat variant maps, and limited data sets, students would incorrectly or correctly answer the questions. We, the students would be the experimental group. The controlled variable is that each student is taking the same ""quiz"" with the same questions and the same information. Variables would be that each student may answer the questions differently.",topic_6,0.08877067338845065
289,I think the experiments purpose was to use statistical evaluation and probability of which would have a higher amount based on its Heat color from the map. This can help identify differences.,topic_6,0.09993543477413082
290,I think that the purpose of this experiment was to allow us to understand how different variables can be represented in data. We then could use our resources given to see which variable was bigger and by how much.,topic_6,0.07484624349612641
291,To identify which graph type is more accurately interpreted/ more clearly communicates the results to viewers.,topic_6,9.095045102814385e-309
292,I think the purpose of the experiment was to evaluate the ability for the human mind to successfully differentiate between color shade differences and 3-D height differences when analyzing a graph.,topic_6,2.7917692617155505e-308
293,To test how we read graphs and statistical charts in different ways.,topic_6,9.484997290234e-309
294,The purpose of the experiment was to compare our answers from the 2-D and 3-D designs. One design was easier to answer while the other one was more difficult. With comparing our answers it can show what model is easier to get accurate information from.,topic_6,1.0
295,to read 3D plots and see how different things affect quantity,topic_6,0.16623883629928568
296,"I think the purpose is to determine what type of data visualization is most easily/accurately understood, or perhaps what type is most misleading.",topic_6,0.090292341479583
297,"The purpose was to compare data in a visual way, which represented heights and colors.",topic_6,0.0325179913507968
298,To see which type of graph is easier to decipher.,topic_6,9.12044630679079e-309
299,I think the purpose of the experiment is to test people's perception of size when using different shapes.,topic_6,0.1384739313523712
300,To see how student interpret t the question and it there answers change even when the difference in space between bars is the same.,topic_6,1.154421673669392e-308
301,To see if students got progressively inaccurate as the graphs went on,topic_6,0.060503460356687154
302,"Personally, i can identify that they are separating results based on different age groups, as far as the charts that were involved my only guess in the experiment is that they were studying aproximation within different age groups, the goal is to see how well different age groups can determine approximately how high a certain bar is in conjunction with another.",topic_6,0.05112730381004616
303,I think the purpose of this experiment was to determine how well we can differentiate smaller and larger bars on 3D bar graphs.,topic_6,8.905507722151526e-309
304,To determine how different mediums (3D vs 2D) affect the visualization of data.,topic_6,0.1898481788800838
305,I think the purpose of the experiment was to see whether your perception of the size of the graphs changed based on the size of the bars next to the bars.,topic_6,9.340140719871323e-309
306,The purpose is to evaluate if different formats of presenting data affects people's accuracy in making comparisons and perceptual judgements based on bar charts.,topic_6,1.2664870967154643e-308
307,To see how well the general population interprets data between 2-D graphs and 3-D graphs.,topic_6,0.1291142100660548
308,The purpose of this experiment was to measure perception judgement in a population currently in statistics.,topic_6,0.02882578579412399
309,I think this experiment was about understanding people perceptions based on size and understanding.,topic_6,0.12933644926421492
310,To see how humans are able to perceptualize different graphs,topic_6,9.317577207651283e-309
311,I believe the purpose of this experiment was to test vision/perception by asking the participant to see which bar is smaller and by how small it is from different perspectives (2D/3D).,topic_6,9.15733460092796e-309
312,I think the purpose of this experiment was to see if people who are in a statistics class differ at all from others in this study. Also the study was able to get a larger sample size with people in STATS 218 participating in the study.,topic_6,0.0623593840499278
313,The purpose of the experiment was to see if 2D and 3D models can affect the perception of those who are currently looking at the graph. Will 3D graphs make the participant exaggerate the difference in two bars?,topic_6,1.458226286870264e-308
314,I think the purpose was explore how data is interpreted by students and what interpretations/conclusions we can make from graphs.,topic_6,0.08356205393211602
315,To gage students skills at estimating relative size ratios.,topic_6,1.66492353871751e-308
316,test how accurately we could get the sliders,topic_6,0.032151754378845196
317,To see if we could identify which graph was smaller and by how much by looking at different graphs in different ways.,topic_6,0.06514090171384375
318,To gauge how visual distractions affect perception of size.,topic_6,1.0
319,To see how accurate one can assume the specific height of a ar is to another on the same graph,topic_6,0.03745567348563184
320,I think the purpose of this experiment was to be able to demonstrate how angles alter an individuals perception.,topic_6,1.983107716641375e-308
321,To measure the difference in how well participants analyze data presented in 2D graphs compared to 3D graphs.,topic_6,0.14187850749222716
322,I think the purpose of this experiment was to test if taking statistics makes a person able to differentiate and compare the two bars better than someone not taking stats 218.,topic_6,9.130890359578035e-309
323,To test how someone measures two variable in front of them,topic_6,1.551244603745958e-308
324,I think the purpose of the experiment was to study differences in size estimation between different visuals representations.,topic_6,3.5835704512040335e-308
325,I think the purpose of this experiment was to determine if bar graphs can be more correctly interpreted in either two-dimensions or three-dimensions.,topic_6,8.969287367368197e-309
326,To test how much people perceive the percentage of something to smaller,topic_6,1.5305907325354097e-308
327,To see if there is a preference when displaying data. Is there a better route to be taking.,topic_6,0.055009927536277536
328,I think that the purpose of this study was to get a visual on what perspectives people see certain graphs.,topic_6,0.044163306045804776
329,I think the purpose of this experiment was to get a better understanding of where STAT218 students land.,topic_6,0.06423088928340205
330,To investigate how different forms of graphs are interpreted by individuals.,topic_6,9.142519065305077e-309
331,"To see if we could accurately read the 3D printed, 3D, and 2D graphs",topic_6,2.8477553007326483e-308
332,To determine if 3D-printed bar charts were easier to interpret and/or affected judgement than 2D bar charts.,topic_6,1.3135995017644795e-308
333,I think the purpose of this experiment was to explore whether or not participants could determine the size difference between the two bars.,topic_6,9.17941244022389e-309
334,I think that the importance of this experiment was to determine if visual depths is a limiting factor in peoples ability to correctly distinguish between graphs with different values.,topic_6,2.3811077710203275e-308
335,"When evaluating the experiment in Stat 218, focus on key elements: clear research question, randomization, control group, treatment variables, sample size, data collection, experimental procedure, statistical analysis, ethical considerations, and meaningful conclusions. Assess these aspects to determine the experiment's validity and any potential limitations.",topic_6,9.576479749931687e-309
336,To understand which bar graphs are easier to determine what is being shown on the graph.,topic_6,9.27837212315875e-309
337,To find out if students can identify heights of bars and comparisons in 2D and 3D / also if colors make a difference in what we see.,topic_6,1.2790876616573546e-308
338,Reading graphs,topic_6,9.11636774015048e-309
339,The purpose of this experiment was to see if we can accurately guess how much taller or shorter one of the bars are compared to the other.,topic_6,9.53288244310631e-309
340,To evaluate how students choose variation in shapes.,topic_6,0.0461638660506611
341,I think that the. purpose. of the experiment was to investigate how different groups of students both read and understand statistical graphs. I think they want to see what graphs allow for people to read information from charts and what the easiest way to present information via statistical charts.,topic_6,0.08354612118918496
342,The purpose of the experiment was to test if people could trust their eyes and estimations.,topic_6,1.5192566972818716e-308
343,"The purpose of this experiment was likely to explore how effectively 3D-printed visualizations can help students understand and interpret statistical data. By providing students with physical 3D models, the experiment might have aimed to assess whether interacting with tangible representations of charts or graphs enhances comprehension of statistical concepts—particularly those related to evidence strength, effect estimation, confidence, causation, and comparison of proportions and means. Additionally, using the app to guide students through the steps ensured that each participant followed a standardized process, allowing for consistent data collection on how these 3D visuals impact learning outcomes.",topic_6,1.3565417886532894e-308
344,To see how people view optical illusions and how it affects people ability to know the true size.,topic_6,0.14240619637408108
345,I believe the purpose of this experiment was to understand how accurately STAT218 students can perceive statistical graphics when asked questions related to comparisons of objects.,topic_6,0.0854884061900423
346,I think the purpose of the experiment was to see if there was a difference between 2D and 3D models when comparing two different sized objects. Essentially how the dimension of an object affects the perception of an object's height.,topic_6,3.4807099373321303e-308
347,The purpose of the experiment was likely to determine the difference in perceptive ability in 3D versus 2D models.,topic_6,1.0
348,To see how people in stats perceived graphs.,topic_6,9.80443171190869e-309
349,It seemed like the experiment was trying to determine how well students could approximate height proprotions of blocks relative to one another in different formats.,topic_6,0.12061347581888646
350,The purpose of the experiment was to see how people perceived each graph to be a certain number. I think that as the experiment changed which graph was considered like the controlled variable to see how that changed what your judgement was towards the the sizing of the other graphs.,topic_6,0.03770275830206142
351,I think the purpose of this experiment was to count the graphs and the proportions.,topic_6,0.08584865319814171
352,To collect data on people’s brains,topic_6,0.06945856070576552
353,I think the purpose of the experiment was to see how different people see and analyze different sets of data,topic_6,0.050593146432999406
354,I think the purpose of this experiment was to show how people perceive different shapes and the size of them. I was used to compare sizes that someone sees with the naked eye.  They were also trying to see if a 2D or 3D look had an affect on the responses.,topic_6,3.382882555692142e-308
355,To accumulate data while maintaining system structure and organization.,topic_6,0.03769116472687024
356,The purpose of this experiment was to gather data for a study.,topic_6,9.553454836309435e-309
357,To explore how accurately we read data visualizations and understand the effectiveness of different statistical graphics.,topic_6,0.08595108553363043
358,"""The purpose of this experiment most likely was to explore the precision with which participants can compare the size of visual elements, like bars, when one acts as a reference. This present study can look at asking participants to make estimates regarding the height of a smaller bar in relation to a larger one.
perceptual biases, estimation accuracy, and how the visual context influences the ability to judge relative sizes. A finding such as this may help explain common errors made in visual perception and judgment.",topic_6,1.0
359,I think that the purpose of this assignment is to see how students view data differently.,topic_6,0.07219956159596948
360,The purpose seems to be about whether or not people have a sense of interpreting graphs with confidence and accuracy. This study could help cut down on mistakes that might come from overanalyzing or getting lost in minor details to make it easier to interpret graphs where data visualization is used.,topic_6,0.06417071620551379
361,"The purpose of this experiment might have been to assess how well students can visually judge relative sizes, such as height or volume, and quantify them in proportion to a standard value. The experiment could also explore the cognitive processes or biases that affect visual estimations, especially in a statistical learning context.",topic_6,1.0
362,I think the point of the experiment was to test our common sense to a degree and see if we can tell the difference between different sizes by estimation.,topic_6,0.10735530308143594
363,I think the purpose of this experiment was to look deeper into how people read statistical data to further improve the way data is shared.,topic_6,0.08121783594236955
364,"To determine if the original study stayed true over time, or if we developed better technology for 3D rendering of graphs and the ratios they represent.",topic_6,0.0917642299804762
365,To gauge how people perceive bar charts based on whether they are 2D or 3D,topic_6,1.3222731428342624e-308
366,This experiment was to investigate how the different data between the printed version and the digital one affect the guessing or accuracy participants made.,topic_6,0.07253089283934991
367,"I think that the purpose of this experiment was to see whether our vision would be different compared to different models. We were given 3 different kinds of models, one that was flat, one that was physically 3d, and one that was a digital object you could move on your computer. By choosing which tower was larger, and what percentage that would be, how would it be different through out the 3 groups.",topic_6,0.09900174290244444
368,To explore how we interpret 3D graphs different than 2D.,topic_6,0.14091622876692803
369,I am still a little unsure what the purpose was because we did not get a hypothesis but I assume it was to see how well we could guess heights based on specific views. They did ask our favorite animal at the beginning as well as age and gender but I do not know how those questions affected the experiment.,topic_6,0.12966734747006914
370,The purpose of this experiment was to see if there was a difference in the way people read graphs.,topic_6,0.08537436496240687
371,For the researchers of this experiment to see what students observed in their judgement to 3D sizes,topic_6,1.0
372,"To compare the efficacy of 3D rendered models, 2D models, and 3D models on a 2D plane at identifying the scale of the data values.",topic_6,0.23867918759385912
373,The purpose of this experiment was to emphasize the connection between statistics and scientific research and to connect the information taught in Stat 218 to current scientific investigations in statistics. The purpose was also to understand how we perceive statistical graphics and how accurately we can read information from charts represented in different ways.,topic_6,0.09020608589715841
374,I think the purpose of the experiment was to see how students viewed different graphs and to see our perception of how much larger a bar graph is compared to one side by side.,topic_6,0.03447589053184453
375,Researchers can evaluate participants' understanding of data and interpretation by having them compare the heights of two bars and then estimate the height of one bar based on the information provided. This can include generating estimates based on insufficient data and comprehending statistical concepts like mean.,topic_6,0.03589461063113127
376,I think the purpose was to examine students' ability to correctly estimate size differences and proportions. There could be an added part of seeing if estimates are more accurate on computers or with the 3D models depending on if the research just wants to look at in person responses,topic_6,0.14114866644402513
377,I think the purpose of the experiment was to see how people perceive and judge relative sizes.,topic_6,0.1350979563974927
378,To judge if certain presentation styles made it harder to interpret data shown on the graph.,topic_6,0.04578981607671552
379,I think that the purpose of this experiment was to see if participants ability to estimate the height of the bar by comparing it to another bar with a known height is impacted by whether or not the bars are right next to each other or if there are bars in between.,topic_6,9.468222345942763e-309
380,"To determine the purpose of the experiment, I would need more specific details about the experiment itself, such as its design, hypothesis, and the variables involved.",topic_6,9.7692846699392e-309
381,"The experiment likely aims to gather data on perception and estimation accuracy,",topic_6,1.4851673666528504e-308
382,i think that the purpose was to see how well students can infer the size of the smaller graph,topic_6,0.08283971491945194
383,To determine whether or not we can gauge the ratio of shapes based off images.,topic_6,0.1276295177177045
384,The purpose of the experiment could have been to determine how closely students can estimate using bar graphs.,topic_6,0.04449488625011841
385,The propose was to see if we can acccuretly guess the amount,topic_6,1.623764395175566e-308
386,I think the purpose of the experiment was to see how well people can read information when they are shown in different forms.,topic_6,0.0727791157974962
387,I think the purpose of this experiment was to better determine how good people are at guessing percentages of bar graphs.,topic_6,0.03735601614713882
388,To determine how people interpret the size of bars on a bar graph.,topic_6,0.06851812922341828
389,How well the participant can identify the size difference between each bar.,topic_6,9.494361094640597e-309
390,I'd imagine it was to determine if there is a correlation in the perception of size based on other objects around that said object and possibly by age and gender as well.,topic_6,0.14827756039159107
391,to test how we evaluate proportions when they are side by side vs apart vs 3D vs 2D and how the bars next to them can effect our answers,topic_6,1.27442866442957e-308
392,The purpose of this experiment was to see if people could identify the height of one of two different bars if given one of their heights,topic_6,9.693522980236635e-309
393,To see how close to accurate we got measuring sizes of the bars when they are apart or around other sized bars.,topic_6,1.1227660208938696e-308
394,To observe how students view the height of the bar compared to another.,topic_6,1.208737108911052e-308
395,to get data and estimate how students will see graphs,topic_6,0.047550974549389585
396,"To categorize, based on demographics, who could reasonably tell the difference between the two structures.",topic_6,0.03263201881381083
397,Not very sure. Maybe to compare sizes of different bar graphs 2D and 3D.,topic_6,1.221109349627437e-308
398,to see if people pay attention to the other bars instead of the bars that were indicated with the shapes,topic_6,1.1137178282603953e-308
399,"The purpose of the experiment likely aimed to investigate a specific research question or hypothesis within a particular field or domain. It may have sought to explore the effects of certain variables, test the efficacy of a new intervention or technology, or contribute new insights to existing knowledge. Overall, the experiment likely aimed to advance understanding within its respective field and potentially offer practical implications or applications based on its findings.",topic_6,9.64203455344675e-309
400,To compare the two different bar graphs participants chose to see which graphs produced a more accurate answer from the participant.,topic_6,0.05167864505594967
401,"I would think that the purpose of the experiment was to see how changing the shape, length of the block, length apart from each other and perspective (3d or not) of the blocks affect how the blocks are perceived by the audience.",topic_6,0.12107567137515084
402,To test hypothesis and The purpose of an experiment is to gather data to determine if the results support or contradict the theory.,topic_6,9.63194416599253e-309
403,To see which graph was longer.,topic_6,0.061636090571142534
404,Maybe understanding the perception of accuracy maybe the wanted to investigate how accurate individuals perceive and estimate the height of graphical representations. Or the purpose could of been understanding and assessing the graphical designs of the bar graphs they may have wanted to understand and evaluate the effectiveness of different graphical designs and how us viewers would convey them.,topic_6,0.036100545684324956
405,to get a statistic of what the average answer was for each question,topic_6,0.0750116686737054
406,I think it’s purpose was to to see how well people could gauge based on sight.,topic_6,0.06828475519596933
407,"I do not remember the question that the experiment was testing as I participated in the experiment a week or two prior to this questionnaire being posted. I believe it was something to do with testing whether gender played a role in if one can accurately guess the percentage of area. Object 1 compared to object 2, whichever is smaller, what percentage of area does the smaller object cover of the larger object.

 

Purpose was to see if gender had an effect on one’s accuracy to guess this.",topic_6,0.12975194005120627
408,I think that the purpose of the experiment was to see how accurate people can be at guessing somethings height/value.,topic_6,0.1288934247623753
409,"I think that the purpose of this experiment was to see how accurately people can identify the difference in heights of the bars in bar graphs. It shows how we can have a skewed perception of data shown on bar graphs, as we cannot tell how much different they are.",topic_6,9.448818745846834e-309
410,To identify whether the naked human eye can detect skewed differentiations.,topic_6,0.1268712954611956
411,The purpose of the experiment was to test pattern recognition. To see the trends in problems and how to solve them.,topic_6,0.061274446488144854
412,I think the purpose of this experiment was to see how students in the statistcs class could estimate values and use problem solving.,topic_6,0.05524429410524028
413,The possible purpose of the experiment could be to gauge the accuracy of a population's perception of ratios between objects.,topic_6,1.536521979082703e-308
414,The purpose of the experiment was to determine how accurately students could estimate proportional relationships using 2D and 3D models.,topic_6,0.10566386988535444
415,To generalize an experimental unit.,topic_6,9.645718755153774e-309
416,to determine students' ability to identify shape of samples and ability to calculate.,topic_6,1.5580334710355406e-308
417,To see the ability to make predictions.,topic_6,0.07992613951497525
418,the purpose of the experiment was to measure blocks and to see which variation was taller or shorter.,topic_6,0.12167273656862929
419,To see how well students in Stat 218 estimate the height of an unknown amount when given a height you can compare it to.,topic_6,0.08334965939934476
420,to measure how well people can measure the different in height between items,topic_6,0.08572754634632954
421,To see how we judge sizes.,topic_6,0.13621407063439633
422,I think the purpose was to see how well each person can determine height differences.,topic_6,0.12626490334327312
423,I think the purpose of this experiment is to see how far people's perception of data could be. This is a good example of standard deviation.,topic_6,0.08298458769101145
424,Understand estimation skills and depth perception in participants.,topic_6,1.0
425,To find how accurately people can read bar graphs,topic_6,0.07876017719291004
426,To see how accurately people can estimate the size of the graph.,topic_6,0.05774750369679923
427,I think the purpose was to see how the surrounding size of bars in a bar graph can make the chosen bar look smaller or larger than it actually is.,topic_6,0.02454390508712428
428,To determine the average person's ability to read and interpret graphs,topic_6,0.05018919827680537
429,See if technology makes it easier to identify heights or if in person models are better.,topic_6,0.0876454284786308
430,To see how most people read graphs and if most people are thinking the same distance for graphs.,topic_6,9.41183420784464e-309
431,To evaluate whether or not people can read graphs with confidence and accuracy.,topic_6,9.56423564335048e-309
432,I think the purpose of this experiment is to see if people know how to guess the size of different bars if one bars measurement is given to you.,topic_6,9.377818634517254e-309
433,Visual perception,topic_6,1.0
434,To see if different people were able to determine the size difference between the blocks that they chose.,topic_6,0.12163921829085919
435,I think the purpose of the experiment was to take statistical charting on different students how the different types of statistical charts are used and understood.,topic_6,0.09773137688575721
436,To see how well students in Stats 218 can understand and visualize graphs.,topic_6,0.054253469795586796
437,To see how other people might view the bars differently.,topic_6,1.115328722232176e-308
438,To better evaluate how the general public understands graphs.,topic_6,9.60653548240018e-309
439,"Figuring out our problem solving skills. Maybe testing our eyesight, how accurate we are when seeing things in real life as opposed to a 3d Model on the screen, or a 2d image on the screen.",topic_6,0.12635796199235014
440,Our observational skills.,topic_6,0.06977161028683532
441,I think the purpose is to compare how graphs look physically vs virtually. It probably has something to do with making sure graphs look accurate to the data.,topic_6,0.08184102820442513
442,to test if we could tell the difference between heights,topic_6,0.08143389318383037
443,to test if the other blocks affected how we perceive things right next to it,topic_6,0.12402063577046088
444,I think the purpose of the experiment was to determine how well people could determine the different heights when comparing two bar graphs and how they were different or similar.,topic_6,0.036692399100038124
445,I think that the purpose of this experiment was to see the average number of either the triangle or circle bar.,topic_6,0.023893398376896063
446,It can help us learn more knowledge about plane graphics and stereo graphics.,topic_6,0.1542076107832066
447,I think the purpose of this experiment was to evaluate our analytical abilities when concerning graphs.,topic_6,0.08641563057489336
448,"The purpose of the experiment was to catalogue how accurately people are able to read graphical representations of data depending on the medium in which this data is presented (digital 2D, digital 3D, digital 3D interactive, and real life 3D)",topic_6,0.24549335027557814
449,"The trick of a person's feeling. Following a 2D model, 3D model or a actually figure, the person would give different feelings of size.",topic_6,1.0
450,My guess is that it was either about graph reading ability or fatigue in estimation over long periods of test taking.,topic_6,0.08361843388328336
451,i think that the purpose of this experiment was to see our sense of perception while also testing our cognition about thought processes.,topic_6,1.590916434300909e-308
452,"The purpose of the experiment was to identify which type of graph people can interpret more accurately (e.g. the 2D graph, the 3D adjustable graph, or the physical 3D printed graph).",topic_6,0.10104949782055421
453,To gather data about what method of communicating data to others is best for comprehension.,topic_6,0.0513432100649192
454,To see how well a 3d model did vs a 2d graph on a screen to convey information/data to people.,topic_6,0.14511364325347284
455,To see how a person and gauges differences.,topic_6,0.0722499260316073
456,It was to see how well people can judge proportions off sight alone.,topic_6,0.14062044698626422
457,I think the purpose of the experiment is to find how students accurately predict a percentage of a bar graph.,topic_6,0.037573859496815395
458,I think the purpose is to se how college students correctly tell where the bars are at compared to each other.,topic_6,1.133479945889858e-308
459,I believe the purpose of this experiment was likely to investigate how people perceive and make judgements about three-dimensional objects when presented with two-dimensional representations.,topic_6,1.0
460,To learn more about students,topic_6,1.2976804710446653e-308
461,Recognizing how perspectives and conclusions can change with context/additional data.,topic_6,0.07215741383260557
462,The purpose of the experiment was to compare the results of this study to a replica of a study conducted in the past.,topic_6,9.58420745168039e-309
463,To determine the efficacy of different graphical representations of data in conveying the intended information.,topic_6,0.08661566684370496
464,To see if a specific group of people are better able to visually identify numerical difference over another group of people,topic_6,1.5902995595019185e-308
465,"I think the purpose was to find out if what different students thought the amount was based on a picture and then what it was based on the corresponding 3-D model lined up. If they have a bar graph and one value is 100, it would then ask what our perception of the value was of a graph with a different size next to it.",topic_6,0.04161903366628216
466,Finding the stats of how people perceived different heights.,topic_6,0.08600529922552169
467,"I think the purpose of the experiment could have been the see the different ways data could be visualized (2D graphs and 3D printed graphs, and 3D digital graphs). 

They wanted to replicate the findings of Clevland and McGill's work and are trying their best to replicate it as best as possible.",topic_6,3.060918951950451e-308
468,"I am not sure to be honest, but to see who gets the most right, maybe even by sex.",topic_6,0.08192604779704989
469,To identify how people visualize graph heights off of other hieghts.,topic_6,0.036479796412114913
470,"To find out if the person had a different vision as other people, meaning that the shapes were different seeing if people with dyslexia could figure out the shapes.",topic_6,2.718249036182085e-308
471,To determine how well students can evaluate the height of bar graphs when looking at physical models compared to pictures on the screen.,topic_6,1.277975252778998e-308
472,To determine how well stats students can interpret physical distributions.,topic_6,0.08481527157809222
473,"determine whether people can more acurrately estimate the height of a bar in a bar graph if the graph is Physcial (4d?), 3d or 2d.

 

iv: physical graphs vs 3d graphs, vs 2d graphs 

dv: accuracy of bar height estimation when compaired to another bar on the graph",topic_6,0.045681208492525556
474,To see how well students can read and differentiate graphs.,topic_6,0.05004992262507269
475,I think that the purpose of the experiment was to estimate to the closest value possible.,topic_6,0.05896193592107581
476,To allow students to analyze the differences in heights of the blocks in the experimental design,topic_6,0.12098146483462341
477,To gain a understanding of how one may assume and estimate a quantity.,topic_6,1.4082133499279916e-308
478,I think the purpose of the experiment was to see what colors and what shapes students picked out first.,topic_6,1.7808450542407796e-308
479,I think that the purpose of the experiment was to compare different individuals' answers to the questions.,topic_6,1.0601642456649234e-308
480,To determine which method of interpreting graphs provided more accurate results.,topic_6,9.092234602629175e-309
481,I think the purpose of the experiment was to see how 3D models would affect spatial calculations and estimations,topic_6,0.026906722263311415
482,Determining the population's ability to determine proportion in comparison to actual proportions,topic_6,1.505079399440394e-308
483,To test perception based on a physical diagram vs a visual,topic_6,1.0
484,"I think the purpose of this experiment was to have as many outcomes as possible, allowing the researcher to be able to repeat it as many times as they would like. Given this, experimental probabilities of serval outcomes can be measured and calculated.",topic_6,1.0887148972726e-308
485,To check how accurate students are at reading bars. The experiments might also have a hidden purpose because scientists sometimes hide the actual purpose until the experiment is over to avoid biases.,topic_6,0.03503088758583279
486,To see how each participants perception works,topic_6,0.07194359405758338
487,To measure how students or individuals perceive distances in bar graphs.,topic_6,0.0429803981926415
488,Experiment that I had in class is learning about how stat is really important in this world. purpose of the experiment was when you learned what you need to learn about.,topic_6,0.049089884513345346
489,To determine how people visualize the numerical amount of data on bar graphs,topic_6,0.07745521838278954
490,I think the purpose of the experiment was to determine if physical models make it easier for students to interpret values based on relative size of the bars of a bar graph.,topic_6,8.9325218283248e-309
491,to see if we can acurately guess the height of the blocks,topic_6,0.12226932662801367
492,I think the purpose of the experiment was to test perspectives about the distribution of the bars.,topic_6,8.911731231167863e-309
493,I think the purpose of this experiment was to collect data on how participants interpreted the values of different bars in comparison to different lengths/heights.,topic_6,9.309690359654363e-309
494,To see how accurately people could guess the sizes,topic_6,0.13573662337640688
495,I think the purpose of the experiment was to look at how we view graphs and how we can evaluate and estiamte results given a specific graph.,topic_6,0.08686597638033437
496,I think the purpose of the experiment was to see how individuals visualize data in real life 3D printed form versus how they view it in an online or 2D space and to see if there was any drastic differences between the two.,topic_6,4.4247028262592766e-308
497,I think the purpose was to see how we view an interpret the different shapes,topic_6,2.6046420539520805e-308
498,I think it could've been seeing how different people perceive things in different ways.,topic_6,1.075965570959687e-308
499,I think the purpose was to investigate whether people can estimate quantitative values of 3D graphs and compare it to the values people estimate for 2D graphs.,topic_6,0.11989145340628549
500,To see how well our depth perception is/ spacial awareness.,topic_6,0.04995311366845666
501,To see how college students make assumptions based on comparison of size.,topic_6,1.454135612395933e-308
502,the purpose of this experiment was to determine judgements between 2d and 3d printed bar charts,topic_6,1.358089257935644e-308
503,I think the purpose of this experiment was to test how people view different graphs. This is tested by graphs online and 3D printed graphs.,topic_6,2.2137612005811673e-308
504,To determine which type of bar graph people can better understand and what group can interpret the graphs better (statistic students or not statistic students).,topic_6,0.07622522411104636
505,"To see whether people were more easily able to identify the difference in height between two surfaces in 2D, electronic 3D, or physical 3D.",topic_6,0.14547886235045848
506,To compare the people's answers,topic_6,0.07750353498618295
507,To see if there is a statistically significant difference between the accuracy of interpreting 3D data visualizations rendered in a 2D environment versus 3D data charts rendered in a 3D environment.,topic_6,0.17020648033309657
508,"I think the purpose of the experiment was to determine our ability of approximation, and how extreme our eyes skew the truth of size.",topic_6,0.10660860123172707
509,"To determine the difference in perceived difference of 2 graphs from the actual difference, and if it differed between digital and physical graphs.",topic_6,0.13694423262038063
510,"I think the purpose of this experiment was to see how the answers varied between physical bar graphs, stationary and 2D, and 3D but located on a computer. Even though the graphs were the same, the perceptions were different.",topic_6,8.99069447296164e-309
511,To understand perception guesses of blocks between different 3D models.,topic_6,1.0
512,The purpose of the experiment was to use statistics students to determine a certain probability or statistic of guessing the heights of the bar graphs.,topic_6,0.03574309418650526
513,To evaluate how people interpret data from 3 different visuals.,topic_6,0.05257049202873578
514,To judge which graph is smaller or larger using 2d and 3d bar graphs.,topic_6,0.12971183842956313
515,The purpose of the experiment was to assess the effectiveness of 3D printed bar charts compared to traditional 2D and digital 3D charts in conveying information accurately. While also extending previous research on judgments in data visualization.,topic_6,1.322675072066656e-308
516,Possibly to see if a physical or online image serves best in physical length estimation.,topic_6,0.1274100701470638
517,I think the purpose of the experiment was to evaluate our Stats knowledge in comparing two different objects mathematically.,topic_6,0.06840823874294528
518,The purpose of this study was to replicate the results that were present in the Cleveland and McGill study from 1984. This study was to experiment perceptional judgement of different 3D graphs.,topic_6,0.0584076154896109
519,To find how accurate people were at guessing using different visuals.,topic_6,0.10112618041596753
520,"I think the purpose of the experiment was to find out how near to the actual value of the smaller bar on the graph people typically can guess, from different perspectives. The point of view, nearness to the taller bar, and other factors changes from question to question, so I assume the experiment is analyzing how that affects the choices of values.",topic_6,0.025989882631782226
