document_index,document,topic,probability
0,Circle and Triangle graph. Quantitative,topic_0,0.05364290860165016
1,Model size- quantitative color- categorical,topic_0,1.6448353635952305e-308
2,The height which was quantitative and the other variable was the shape on the model which is categorical.,topic_0,0.04770736848072082
3,"There were a few variables that were examined, one of them was being able to judge the size difference between the blocks which is quantitative. Another variable could possibly be genders which would be a categorical variable. Also, we are all college students which could be a categorical variable as well.",topic_0,0.027890311816197437
4,"One variable could’ve been gender (categorical)

another variable may be major (categorical)",topic_0,0.07525378372662024
5,"Each individual graph and what size they were, quantitative

The individual and their selection is a categorical observational unit",topic_0,8.966966488937545e-308
6,"Number of blocks in a bag: quantitive

whether a student participated or not: caregorical",topic_0,1.7608961237056404e-308
7,"Size difference in the two bars, quantitative

Physical or online bar chart, categorical",topic_0,1.4949923985992096e-308
8,"-assigned either an adjacent graph or separated comparison graph (categorical)

-estimating ratios (quantitative)",topic_0,0.07486398456415441
9,"1. The response of statistic students to the 3D kits - Categorial 

2. Effectiveness of 3D printed charts to their 2D rendered parts - Quantitative",topic_0,0.07230741738515312
10,The first variable was which peak in the chart was the tallest between the two. This is categorical. The second variable was how big the difference between the two peaks are and this is quantitative.,topic_0,1.0
11,"2D vs. 3D graphs; categorical 

A number out of 100; quantitative",topic_0,0.0640722643695078
12,"How close we were to guessing the percent compared to the other bar. This would be quantitative. Also guessing which bar was bigger, which was categorical.",topic_0,1.6331733302414894e-308
13,"Interpreting 3D graph correctly- categorical

3D compared to 2D- categorical",topic_0,0.06564869505245344
14,The variables were the answers of the subjects on which bar as smaller. This can be a categorical variable,topic_0,2.578217354355098e-308
15,More accurate description - categorical,topic_0,1.5014427056811335e-308
16,"1) Type of graph (categorical)
2) Student observations (quantitative)
3) Student characteristics (categorical)",topic_0,0.2830451289458076
17,"the categorical variables were: type of chart (2D, 3D Digital, 3D printed), determining which bar was smaller, and whether it was adjacent or separated. 

the quantitative variable was the number we put (on the slider) on the difference between the smaller and larger bar",topic_0,0.33316572368548747
18,"The bar graphs, percentages were quantitative.",topic_0,0.09271542593474642
19,The variables that are examined are the blocks and the numbers which are all categorical.,topic_0,0.0499420601423405
20,"The study was a little bit ago so I am going to do my best to remember, but we were asked to compare 2 variables in a bar graph and compare their hights based off how much of a percentage they were bigger or smaller than the other. They were quantitative variables.",topic_0,0.03661788020912518
21,The explanatory variable could have been color of graph (categorical) and the response could have been accuracy of estimation of values (categorical).,topic_0,1.0
22,"Height: categorical 

color: categorical",topic_0,1.620502497960803e-308
23,"Variables that were examined were 2D chart v.s 3D chart, that would be categorical. And how big/small was letter A to letter B for a 2D and 3D chart, that would be quantitative.",topic_0,0.07857833613069753
24,"Variables that were examined include whether 3D digital, 2D digital, or 3D physical models are easier to understand/are better, which would be categorical and how close people are to estimating the correct lengths of the bars, which would be quantitative.",topic_0,0.061581134473787894
25,"2D and 3D shape designs  - categorical 

Perceived height compared to actual taller or shorter - categorical 

Peoples ratio of judged heights - categorical (numerical)",topic_0,0.04654900200811107
26,"One variable examined is the ratio between different bars on a bar graph. This variable is quantitative because the ratios are number values. Another variable is the chart type. This variable is categorical because the three types of graphs are 2D graphs, 3D digital graphs, and 3D printed graphs.",topic_0,0.40860058245855024
27,"Correct bar chosen, categorical 

Ration of the bar, quantitative",topic_0,1.449739889264884e-308
28,Did the student guess correctly? Categorical,topic_0,0.026428419569459773
29,"Variables examined: Age, specific school (university), class, grades

 Age: Quantitative

Specific School (university): Categorical

Class: Categorical

Grades: Categorical",topic_0,3.6641831206225843e-308
30,"The student's perception of height analysis - categorical

Height of the building - quantitative",topic_0,0.04022912022067444
31,"Explanatory: Which block is larger (quantitative)

Response: Student estimate (quantitative)",topic_0,1.6611673062518926e-308
32,The variables examined were the shape things we were given and it is categorical.,topic_0,0.047778728291690435
33,the percentage of size one bar is compared to another -- quantitative,topic_0,1.526370772916949e-308
34,"Whether or not the student chose the correct answer- categorical

the percent that the students guessed- quantitative",topic_0,1.642528891979949e-308
35,"2D or 3D = categorical

Correct value or Incorrect value = quantitative",topic_0,0.037810797676386856
36,"What percentage of a bar compared to another in the physical/digital graphs - Quantitative

Whether the graph/bar is physical/digital - categorical.",topic_0,0.14924035918687872
37,"The variables examined are categorical, as we are testing understanding of graphs, which is kind of a yes or no question, you either understand or you didn't. A variable that could have been examined by this is if more students guessed values correctly on the 3D graph or the online 2D graphs.",topic_0,0.2311614545866217
38,accuracy of data to graph and it would be quantitative because it is a numerical response,topic_0,0.13468522115365067
39,"Whether the person said the point on the block was taller or shorter: Categorical

The height the person said the point on the block was: Quantitative",topic_0,1.724165745464736e-308
40,the difference between shapes and it was quantitative,topic_0,0.027312901217774587
41,* heights of blocks: quantitive,topic_0,1.5416171321965457e-308
42,I think the variable is if they guess the right block and thats categorical.,topic_0,0.053379211726463476
43,"Students answer- quantitative

how accurate their answer was- quantitative",topic_0,1.659855882944632e-308
44,"Graphs and percentages were given to the students, but finding if they choose the correct percentage is categorical.",topic_0,1.6566451569685465e-308
45,"The variable examined was the different column sizes of 3D blocks. This would make it categorical.

(*I did the online version due to a COVID diagnosis so I'm not sure if things were different in-person.*)",topic_0,0.06104725169884723
46,whether or not the comparison of triangle and circle was correct-categorical,topic_0,0.04854161967414296
47,One quantitative variable is the percentage/amount of difference in each bar. A categorical variable is whether the individual thinks one bar is bigger/smaller than another. Another categorical variable is whether the bar graph is a 3D model or graphic on a computer/screen.,topic_0,1.0
48,I would say the experiment was more categorical than quantitative.,topic_0,0.05172962086527752
49,"Accuracy of answers may have been a variable (ie. how close to the correct answer each answer was), and that would have been a categorical variable. Another variable would have been the participant within the study, such as if they were male or female, and that would have also been a categorical variable.",topic_0,4.027850781686916e-308
50,"independent: form of data (categorical)

dependent: accuracy of data interpretation (quantitative)",topic_0,0.040873043942079815
51,The hights of the blocks were they variable examined and that is a quantitative variable.,topic_0,1.722078945941431e-308
52,They examined the estimated size ratio using a percentage. This would be mostly quantitative because they are valuing a number. They also could be testing if you are correct or not which would classify more as categorical.,topic_0,0.049024992258766005
53,Which graph was smaller which is categorical and what percentage the bar was in relation to the other bar which was quantitative.,topic_0,0.13214811811578372
54,They were categorical and it was a circle or triangle.,topic_0,0.04302990209472159
55,"It was a quantitative variable that was determined as we had to always enter a number for the graphs. Then from the results we can conclude many categorical variables such as if age, gender, or any other variables have a trend with corresponding answers.",topic_0,1.0
56,The variables that were examined were the test we chose which would be categorical and the amount of tests we did which were quantitative.,topic_0,3.3612815323677533e-308
57,"Length- quantitative

Age- categorical

Gender- categorical",topic_0,0.04322010962430566
58,the height of the blocks - quantitative,topic_0,1.525443139214093e-308
59,Whether or not each question involved a physical graph model or a picture (categorical) and the accuracy of the value estimation (quantitative).,topic_0,0.11362632323619935
60,"wether someone was a researcher or not- categorical

the accuracy of their responses- quantitive (most likely)",topic_0,1.804313380633714e-308
61,"categorical variables -- smaller/larger

quantitative -- the actual number assigned to the interpreted size",topic_0,0.027719212891498205
62,"We examined the color - categorical

shape-categorical 

what number block it was- quantitative

where we thought a certain number would lie on each block- quantitative",topic_0,0.04755938086017737
63,The number we were choosing for the supposed values could be quantitative data while seeing if the triangle or circle columns matched could be categorical.,topic_0,1.859156146759987e-308
64,"Quantitative- the assumptions made

categorical- was the assumption correct

quantitative- the degree of correctness",topic_0,0.030654927952577755
65,"physical blocks/digital blocks - qualitative

size of blocks - quantitative",topic_0,1.5293924707268834e-308
66,Independent variables were examined in this.,topic_0,2.8149587611877175e-308
67,"Size difference. Quantitative

calculation error. Quantitative",topic_0,0.030355089044470027
68,"what number you thought the graph was at - quantitative

which graph was larger - categorigcal",topic_0,5.646778624565234e-308
69,"Some of the variables that may have been examined include: whether or not the participant identified which graph was larger (categorical), and how close or far the participant identified the correct numerical difference between the graphs (quantitative).",topic_0,1.0
70,ability to interpret the graph and make estimates could be categorical and the number that was inferred could be the quantitative variable.,topic_0,0.3482633778345481
71,"Which graph was read more accurately on average, which is categorical.",topic_0,0.11964700713284276
72,The variable that was examined was categorical because they determined whether or not people correctly estimated the range of the 3D and 2D graphs.,topic_0,0.1901557803255979
73,"Which bar on each bar graph was smaller, and the value of the smaller bar when you are told that the larger bar has a value of 100. Whether a particular bar is smaller is categorical, while the comparative value of the smaller bar is quantitative.",topic_0,0.2676798134811068
74,The variables were the arrangement of the data bars and the estimated values of the data bars by the students. The first one is categorical and the second one is quantitative.,topic_0,0.09638536053974825
75,"Independent- the triangles and circles on the model (quantitative) 

Dependent- number of collector identified shapes within the percentage (quantitative) 

control- the models were kept the same",topic_0,0.04058078388108418
76,I think the variables were which graph portion we tested was bigger than the other (categorical) and the quantitative were the numbers we were guessing. This can also be a categorical variable too because it was either right or wrong. The other quantitative variables were how many correct guesses we had and how many we got wrong.,topic_0,1.0
77,"Accuracy of estimate - yes or no would be categorical, percentage would be quantitative

Which bar is taller - categorical",topic_0,0.029538782605481123
78,"Independent variable: Changing units- categorical

Dependent variable: Comparing of two units, circle and triangle- quantitative

Categorical variable: Age, gender, perception- categorical",topic_0,2.108818653386425e-308
79,how accurate we guessed on the online or in person graphs - i want to say quantative because they are just numbers,topic_0,0.06438987373584436
80,"The variables was whether the triangle or circle bar was taller, this is categorical. The other variable was the prediction made by the people being sampled, this is quantitative.",topic_0,0.08708454242118538
81,Our personal information and how accurately we could determine dimensions.,topic_0,0.03078564877806661
82,One variable is what kit the participant was given to use during the survey. This would be a categorical variable. Another variable could be what height each participant said the model/graph was. This would be a quantitative variable as there is a complete range of possible entries. Another variable might be the percentage of questions participants got correct. This would be a quantitative variable. A fourth variable could be if the participants met a set threshold for correct answers. This would be a categorical variable.,topic_0,0.06399754438004317
83,The different sizes of the columns are compared to another bigger one. The variables are quantitive.,topic_0,2.251305574893826e-308
84,The smaller and bigger columns and the difference in them. The variables are quantitive because we are looking at the different sizes of the columns which could be changed to amounts of money to be compared.,topic_0,2.2327297455521527e-308
85,"Independent:the type of model (categorical digital 2D, digital 3D, physical model)

Dependent:the accuracy of the guess (quantitative)",topic_0,0.04045382545833362
86,Which one was high which is categorical and by how much which is quantitative,topic_0,1.640914246906403e-308
87,"The two variables that we examined were which of the two selected bars were smaller, which was a categorical variable, and how big the smaller bar was in relation to the larger bar, which was a quantitative variable.",topic_0,2.16489837460074e-308
88,"the independent variable was the blocks they were given (categorical)

dependent is what height they guessed and how accurate (Quantitative)",topic_0,0.0791270105549625
89,The variables examined would have been what percentage the different spaces on the charts represented which is a quantitative variable.,topic_0,0.09809124214387757
90,"People learn better in 2D graphs than 3D - Categorical 

 

People have a higher chance of getting a question right when they use a 3D graph - Quantitative",topic_0,0.0667986676919341
91,"There were many variables, but I think that most of them were quantitative, because when we were doing the experiment, it was a lot of guessing with numbers.",topic_0,0.05531963158906781
92,"graphical encoding types, which are categorical

accuracy of participant estimates which is quantitative

task type or graph type, categorical",topic_0,0.21747673434366213
93,"Online vs physical (categorical)

data percent perceived (quantitative)",topic_0,0.05940245291500574
94,"The experiment looked at a mix of chart features and participant responses. It compared different chart types—2D digital, 3D digital, and 3D printed—as well as how the bars were arranged (either next to each other or separated), which are both categorical variables. Participants were asked to judge which bar was smaller and estimate the ratio between them, giving quantitative data. The actual ratio and the error in their guess were also measured, both of which are quantitative too. So overall, the study tracked both the kinds of charts used and how accurately people could read the data",topic_0,3.37440312383838e-308
95,"time- quantitative, shape-categorical, color-categorical",topic_0,1.6961910961422863e-308
96,One variable was if the graph was 3D or 2D on the computer which would be quantitative. Another variable would be what color the printed graph was which would also be quantitative.,topic_0,1.0
97,The variables examined were if the participants were able to identify with decent accuracy the correct data from the 3D bar chart.,topic_0,0.08681252341662807
98,I feel like a variable of this could be the judgement of the graphs. This would be a categorical variable.,topic_0,0.47951090263160456
99,"Explanatory: 2D vs 3D (categorical) 

Response: The estimated distance/height between the two (quantitative)",topic_0,0.037793464473812946
100,"The symbol pi was used, and so were Hypothesis A and Hypothesis O.",topic_0,0.0332896708090477
101,Which graph used (categorical) and how accurate the reading was (quantitative),topic_0,5.534650635046524e-308
102,the variables that were examined where the number of the graph and how tall we thought each bar was. The heigh we thought the bar was is a quantitative variable. The bar that was observed would be a categorical value.,topic_0,1.0
103,"Height of the graph (quantitative)

Participants correct answer vs not (categorical)",topic_0,0.08945394574899355
104,"Accuracy of guess: quantitative 

Medium: qualitative",topic_0,0.05151770945118283
105,"Chart format categorical, time to complete response quantitative, judged ratio quantitative",topic_0,3.871567483800998e-308
106,hours of sleep and it is quantitative,topic_0,0.033917755452671096
107,The ratios of the circle bar compared to the triangle var were examined. I would say finding the ratios is a quantitative variable.,topic_0,0.040504181492113385
108,"number of scores that students get right, quantitative

type of problems given, categorical",topic_0,1.641378775389093e-308
109,"The type of graph was a variable that was examined, and this variable is a categorical variable. other variables that were examined were, the true height between the bars and the height found by the participants. both of these are quantitative.",topic_0,1.0
110,"The variable examined were the bar graph data between two bar A and bar B. It could be categorical because you are choosing which graph is greater, either A or B not a number.",topic_0,1.0
111,"variables

which was bigger a or b - this is catagorical

What percent bigger - quantitative",topic_0,0.018288717175883654
112,"The number of people who participated in this, quantitative

Examining 2d and 3d graphs, categorical",topic_0,0.1735142414924146
113,"Height of the bar- quantitative 

Correct/ incorrect guess- categorical",topic_0,0.028308478834514435
114,"Graph type, which is categorical because it's a category so it's categorical. And valid perceptions, which I suppose could be quantitative because you could convert it into a ratio.",topic_0,0.13678048444648105
115,"Chart Type: categorical

Bar spacing: categorical

Ratio accuracy: quantitative

Bar size: quantitative",topic_0,3.9990042565534793e-308
116,"Whether or not participants could correctly guess difference - categorical

How far off participants were in their guesses - quantitative",topic_0,1.6753147158204113e-308
117,"One variable was correct or incorrect answers with 2D graphs, which is categorical. Another variable was correct or incorrect answers with 3D graphs, which is also categorical.",topic_0,0.25788316985281434
118,"The variables were the data model formats presented and the values assigned to each perceived value of said data models. The data model formats are categorical, either 2D or 3D, and the values assigned to each data model is a quantitative variable, assigning numerical values that can be averaged and calculated against.",topic_0,0.09727957613379465
119,"Some were asking which bar had a bigger value. -- categorical

Some were asking to give a value to a bar. -- quantitative",topic_0,1.6304788891190205e-308
120,"bar height (quantitate) 

bar color (categorical) 

label on each bar (categorical)",topic_0,0.023799281916688262
121,"graph type, categorical

ratio of bars, quantitative

accuracy of judgment, quantitative

individual participants, categorical

bar grouping, categorical",topic_0,0.08520640305574685
122,Variables that were examined would be graph difference in height which is quantitative.,topic_0,0.0701079608859671
123,if the graph is larger. Categorical,topic_0,6.147536404109137e-308
124,"Chart Type: Categorical

Participant Judged ratio: Quantitative

Ratio between bars: Quantitative

Log error of judgement: Quantitative

Which bar is smaller between bar a and bar b: Categorical",topic_0,3.8100345528056717e-308
125,One variable was if the graph was 3D or 2D on the computer which would be quantitative. Another variable would be what color the printed graph was which would also be quantitative.,topic_0,1.0
126,"graphical encoding types, which are categorical

accuracy of participant estimates which is quantitative

task type or graph type, categorical",topic_0,0.22428091105852446
127,the variables that were examined where the number of the graph and how tall we thought each bar was. The heigh we thought the bar was is a quantitative variable. The bar that was observed would be a categorical value.,topic_0,1.0
128,"time- quantitative, shape-categorical, color-categorical",topic_0,1.7254131688230067e-308
129,Which graph used (categorical) and how accurate the reading was (quantitative),topic_0,5.560845390797162e-308
130,I feel like a variable of this could be the judgement of the graphs. This would be a categorical variable.,topic_0,0.42101165564162807
131,"The experiment looked at a mix of chart features and participant responses. It compared different chart types—2D digital, 3D digital, and 3D printed—as well as how the bars were arranged (either next to each other or separated), which are both categorical variables. Participants were asked to judge which bar was smaller and estimate the ratio between them, giving quantitative data. The actual ratio and the error in their guess were also measured, both of which are quantitative too. So overall, the study tracked both the kinds of charts used and how accurately people could read the data",topic_0,3.4480167008299767e-308
132,"There were many variables, but I think that most of them were quantitative, because when we were doing the experiment, it was a lot of guessing with numbers.",topic_0,0.05507855729433817
133,The variables examined were if the participants were able to identify with decent accuracy the correct data from the 3D bar chart.,topic_0,0.08846005851594566
134,"People learn better in 2D graphs than 3D - Categorical 

 

People have a higher chance of getting a question right when they use a 3D graph - Quantitative",topic_0,0.06637131392840771
135,"the independent variable was the blocks they were given (categorical)

dependent is what height they guessed and how accurate (Quantitative)",topic_0,0.08224322513400444
136,"The symbol pi was used, and so were Hypothesis A and Hypothesis O.",topic_0,0.034965152744152336
137,The variables examined would have been what percentage the different spaces on the charts represented which is a quantitative variable.,topic_0,0.09909862241943053
138,"Online vs physical (categorical)

data percent perceived (quantitative)",topic_0,0.05940782570348755
139,"Explanatory: 2D vs 3D (categorical) 

Response: The estimated distance/height between the two (quantitative)",topic_0,0.03768040013805435
140,The variable examined was what height we thought the shorter graph was compared to the larger bar. This variable was quantitative.,topic_0,0.07456603537558491
141,The variables being examined were that of: 'accuracy in estimation of the distances' and 'male vs. female'. I would say both are categorical.,topic_0,0.08705343024426723
142,[expirement -2.docx] (/users/286374/files/21155815?wrap=1&verifier=fC22T9TgCcZie7zS8sKiVPG12cMajTtaj2MbI7Lo),topic_0,0.028902669073492048
143,"Here are the main variables examined in the experiment:

 

* Chart type (2D, 3D digital, 3D printed) – Categorical

* Bar layout (adjacent vs. separated) – Categorical

* Ratio judgment given by the participant – Quantitative

* Accuracy of the ratio (measured as log error) – Quantitative

* Which bar was identified as smaller – Categorical

These variables helped the researchers measure how chart format and layout affect people’s ability to judge data accurately.",topic_0,3.2571771691180447e-308
144,"Accuracy - quantitative 

Gender - categorical

Age - categorical

Taking STATs? - categorical",topic_0,0.04364860092170697
145,Circle and triangle,topic_0,0.050135476401781745
146,"Effectiveness of 2D screen graphs: Categorical

Effectiveness of 3D screen graphs: Categorical

Effectiveness of 3D in hand graphs: Categorical",topic_0,0.06641597402710911
147,"The amount of time spent on each question - quantitative 

Which tower was taller - categorical",topic_0,0.0454477918417914
148,"The variable that was examined was if the circle or square tower was higher, which is a categorical variable.",topic_0,0.028865163628754856
149,The variable that was exmined was triangle or circle and that is categorical.,topic_0,1.784495610704458e-308
150,Which bar was bigger and what the percentage bigger- quantitative.,topic_0,1.510169831041147e-308
151,One variable was the height of the graph and that was quantitative because it asked for how tall they were and also categorical because on the graphs they had the circle or triangle.,topic_0,1.0
152,"Height of the towers - quantitative 

Which tower was taller (triangle or square) - categorical",topic_0,0.05111719796375822
153,"Selecting whether circle or triangle was the highest or lowest compared to each other, and I selecting by how much lower or higher. I think that this experiment is quantitative.",topic_0,1.9164253849338106e-308
154,"Bar height estimation: quantitative.

Trial number: quantitative.

Participant ID/code: categorical.",topic_0,0.060095491573638894
155,it was quantitive because we are guessing a number or percentage based on the naked eye,topic_0,1.813587563009808e-308
156,"The person's favorite animal, which is categorical. And their estimation of bar height percentages in each scale which is quantitative.",topic_0,0.06029014173949257
157,"Bar graph size: quantitative

What kind of graph: categorical",topic_0,6.345147787870846e-308
158,"same graphs given to everyone, assigned in different orders both are categorical",topic_0,6.772461029901805e-308
159,"Human analysis ability - quantitative

tower height - quantitative

bigger or smaller - categorical",topic_0,0.039284681498721205
160,"Triangles and circles, this is categorical. Shorter versus taller graphs or models, this is categorical. The actual hight of the shorter section of the table/graph, this is quantitative.",topic_0,0.029248199410585343
161,"One variable that was examined would be if the participant guessed the right proportion which would be qualitative.

Another variable that was examined was age group, this was also qualitative.",topic_0,0.06986299497440365
162,"charts you got correct online- categorical

charts you got right with physical copy- categorical",topic_0,0.11296681138635406
163,"Height of a bar, categorical.",topic_0,1.4164007497613957e-308
164,"How long we think the block is, quantitative 

Which block is smaller, categorical",topic_0,1.514364127068632e-308
165,"The different types of graphs, being physical, 2d, or 3d- quantitative 

The size of the bar in question- quantitative

If it was either a circle or triangle bar- categorical",topic_0,7.038769844112321e-308
166,"triangle or circle bar--categorical 

the height of the bar--quantitative",topic_0,0.03329544906336782
167,The variables examined were the proportion of one tower to the next and if it was a star or circle. The first one is quantitative and the second is categorical.,topic_0,1.988723311691769e-308
168,Quantitative because there were more then two possibilities.,topic_0,1.867788868948433e-308
169,"Is the bar shorter vs taller - categorical

What percent shorter or taller is the bar - quantitative",topic_0,1.457705555343361e-308
170,"* If the students can estimate the height of the block properly - categorical

* The package of bars given to the students - quantitative",topic_0,1.716897082537086e-308
171,"There were at least two variables recorded, whether the subject got the percentage right, and whether they stayed consistent. These were both categorical.",topic_0,1.78937821976113e-308
172,Interpretation of graphs - Quantitative,topic_0,5.238696885486589e-308
173,"* the percentage guess = quantitative

* did they follow directions (was the guess close at all) = categorical",topic_0,1.7441219276121443e-308
174,"which bar was larger, circle or triangle. this is categorical

how many units tall is the shorter bar if the larger bar is 100. this is quantitative",topic_0,0.029532235884596157
175,"1. chart type: categorical

2. bar spacing: categorical

3. spacing between bars: quantitative

4. individual judgement: quantitative

5. accuracy: quantitative

6. size (a or b): categorical",topic_0,0.07259003169638055
176,Type of bar chart (categorical) and the height judgement (quantitative),topic_0,0.03064931379007827
177,"Type of Graph (2D, 3D digital, 3D printed)

Categorical

Perceived Bar Ratio 

Quantitative

Accuracy of Comparison 

Quantitative

Participant's Choice of the Smaller Bar 

Categorical

Order of Chart Presentation

Categorical",topic_0,3.3548373893547546e-308
178,"The main variable looked at where the different types of graphs in the accuracy of the individuals answers the type of graph whether it was 3-D 2-D, digital or 3-D printed there is a category variable because it will involve different groups of categories, so the accuracy of the ratio judgment is quantitive because it measures with numbers specifically using a log air formula, another possibility is a categorical variable. This could be the layout of the bars like is it adjacent or separated.",topic_0,0.11996122582970435
179,na,topic_0,0.04290316417584865
180,"Type of Data visualization: categorical variable with three levels, 2D graphs, 3D digital graphs, 3D printed graphs

Ratio of Smaller Bar to Larger Bar: Quantitative variable the ratio is numerical values

Perceived Ratio of Smaller Bar to Larger Bar: Quantitative variable it represents the participants estimate of the ratio

Log Error of Ratio Judgment: Quantitative variable its a calculated numerical value representing a difference

Bar Chart Comparison Type: categorical variable with two levels, adjacent and separated",topic_0,3.797982073410832e-308
181,The size of the graph - quantitative,topic_0,5.59767524744268e-308
182,The variables examined were the block size percentages compared to one another. They were quantitative because we were guessing the size of the block based upon another.,topic_0,1.638591611756092e-308
183,"the people used - categorical

and the style of bar chart- categorical",topic_0,0.11247672876503505
184,"This experiment examined multiple variables, including quantitative variables and categorical variables. Quantitative variables include the proportion value estimated by the participants (the relative length of the triangular cuboid and the circular cuboid) and the true value of the proportion, which are numerical data that can be mathematically calculated and error analyzed. Categorical variables include the shape of the labeled figure (circle or triangle), the number or code of each model (used to distinguish different 3D bar graph models). By analyzing these variables, the experiment can explore whether the shape of the figure and the characteristics of the model have a systematic impact on the estimation of visual proportions.",topic_0,3.136283018290622e-308
185,categorical,topic_0,1.449600992936813e-308
186,"Accuracy of noticing the tallest of the bars: qualitative

Type of graph: categorical

Response time: qualitative",topic_0,0.08598388135594565
187,The variables were how we were able to read the graphs.,topic_0,1.0
188,"The ratio of heights was categorical, each graph was presented quantitatively, and then the test was administered categorical.",topic_0,0.39262865848501516
189,"One variable is the type of chart, which is categorical. Another variable is the accuracy of bar size judgement, which is quantitative.",topic_0,0.28726812933818857
190,"size estimated - quantitative

over or underestimate - categorical",topic_0,0.031941462555619665
191,Variables examined were participants reading charts and making judgements without physical measuring and this is qualitative and they found the difference in their judgement and the actual result and this is quantitative.,topic_0,0.07504734606121173
192,"The variables examined were the X, Y, and Z axes (quantitative), the color of the points  (categorical), and the shape of the points (categorical).",topic_0,0.1051997881452776
193,"I do not remember the exact variable used, but they were most likley categorial because we did not have to do any numerical calculations.",topic_0,0.05251313385792132
194,"The variables that are examined are the chart type which is categorical, bar spacing which is categorical, true ratio between bars which is quantitative, participant’s judged ratio which is quantitative, log error of judgment which is quantitative, and which bar was chosen as smaller which is categorical.",topic_0,3.9404229350616853e-308
195,"1. Type of graph – Categorical

2. Accuracy of bar height judgment – Quantitative

3. Time taken to respond – Quantitative

4. Participant background or experience – Categorical",topic_0,0.09903051426487662
196,The quantitative variables were the participant's numerical guess and the actual answer. The categorical variable was the type of graph.,topic_0,0.4094200735194142
197,"Type of chart- categorical

If the correct answer was given- quantitative",topic_0,0.0920034920101381
198,"1. Age of the Cow

*

Type: Quantitative

*

Description: The exact age of each cow, usually measured in years or months, to identify how age influences calving difficulties.

2. Calving Difficulty

*

Type: Categorical

*

Description: A classification of how difficult the calving process was (e.g., easy, moderate, or difficult). This could be assessed based on the need for human intervention or complications during delivery.

3. Calving Assistance Type

*

Type: Categorical

*

Description: The type of assistance provided during calving (e.g., no assistance, mechanical assistance, veterinary intervention, etc.).

4. Calving Outcome

*

Type: Categorical

*

Description: The outcome of the calving process (e.g., healthy calf, stillbirth, live calf with complications). This could also be categorized based on the health of the calf or cow after the birth.

5. Weight of the Cow

*

Type: Quantitative

*

Description: The weight of the cow could be used to explore how body condition or size influences calving ease.",topic_0,0.0895683678504571
199,"Some variables that were mentioned in this abstract were the bar spacing/color, and also how the graph was being formed or the orientation of the graph whether it was horizontal, or vertical pertaining to the data collected. These variables are categorical. Other variables such as the height of both bars (2D and 3D), and the size of the data represented, are examples of quantitative variables.",topic_0,0.404569113363555
200,"Graph type- categorial 

Bar grouping type- categorial 

Judged ratio of bar heights- quantitative

True ratio of bar heights- quantitative

Error in ratio judgement- quantitative",topic_0,0.0721995172543435
201,The categorical variable would be if students were able to perceive data better with the 3D models.,topic_0,0.06399117152157321
202,"Variables I remember asked was age and if I was a member of stat 218. Age is quantitative and if I was in the class or not is categorical. The response variable is my score on the experiment, quantitative.",topic_0,3.9280191947152554e-308
203,"The variables which were examined where the type of graphical display (categorical) as well as the graph features; color, size, and shape, which is also categorical. Another variable examined would be the accuracy of participants responses. This would be quantitative because students were asked to give a number for a portion of the graph depending on the number assigned to the other portion of the graph.",topic_0,0.5911758801641219
204,"Explanatory variable: Type of graph (i.e., 2D, 3D, or 3D printed); categorical
Response variable: Accuracy of participant in estimating bar length; quantitative.",topic_0,1.0
205,The variable that was examined in this experiment is if people view 2D and 3D differently and which is more accurate.  It would be categorical because there are only two groups.,topic_0,0.05839641661255634
206,"The actual height difference between the blocks is quantitative, as the testers estimated. The estimation of error would also be quantitative. The taller block correctly identified would be categorical.",topic_0,1.726979862368821e-308
207,"*

How long something took – that’s a number, so it’s quantitative.

*

What choice someone made – like picking A or B, that’s a categorical variable.

*

Which group someone was in – like Group 1 or Group 2, that’s also categorical.

*

How many things someone got right – that’s a number, so it’s quantitative.",topic_0,0.08771451762187119
208,"Percentage - quantitative

How many people guessed what number - quantitative",topic_0,0.03636050337543578
209,"Im not sure what variables were exactly examined. I belive this reflection should be closer to the time we take the experiment, as we are college students trying to retain a lot of information, especially me as a senior graduating this year. I hardly remember the expeierment",topic_0,0.05322522233436075
210,"The experiment looked at the type of graph and bar spacing, which were categories. The judged ratio and log error were numbers. The correct bar choice was also a category.",topic_0,3.789669247324084e-308
211,Ratio accuracy and Graph type,topic_0,4.011552419777017e-308
212,"*

Chart type (2D, 3D, 3D printed) – categorical

*

Ratio judgment accuracy – quantitative",topic_0,0.05852842161015242
213,"Chart Type is categorical, the bar type was categorical.",topic_0,0.11661690950728046
214,The variables examined were the use of a computer or physical model. This was categorical. The response variable was how close to the true value the students responses were. This response was quantitative.,topic_0,0.02960011340921998
215,"Bar size- quantitative

Age- categorical

Education- categorical

Sex/gender- categorical",topic_0,0.04788283391160358
216,"The first variable is which bar was smaller, circle or triangle; categorical. The second variable is that if the bigger/taller bar of the two was 100 units, what is the size of the smaller; quantitative.",topic_0,2.068671142154821e-308
217,"Categorical: chart type - 3D vs 2D charts

Quantitative: Response Time - how long it took to make a judgement",topic_0,0.09427812234688336
218,"quantitative data

the percent height difference between the two bars",topic_0,0.02241816974389307
219,"How good a person's memory is - qualitative 

How good of eyesight they have - qualitative

seeing or not seeing color - qualitative",topic_0,0.07419213579473176
220,"Categorical is whether triangle or circle was smaller or taller, and quantitative would be the number of units of the smaller one compared to the taller one.",topic_0,0.0325232118711607
221,the size of the columns and that was quantative,topic_0,2.4168698636815675e-308
222,One variable could be which graph the student said was the smallest. This is categorical because it was either a circle or a triangle response.,topic_0,1.0
223,"We first decided what tower was taller (whether the circle or triangle), this was fairly easy (categorical). Then we compared the 2 towers and gave an estimation how tall the shorter one was if the other was 100 units high (quantitative).",topic_0,0.040398186904756495
224,The size of the stacks was given which would be quantitative seeing as it was a numbered amount.,topic_0,2.475893960084215e-308
225,"Independent: Gender (categorical) 

Dependent: accurate interpretationEach  of graphs (quantitative)",topic_0,0.04196996604834114
226,"Size of bar graphs (height): quantitative

If triangle or circle was smaller than the other: categorical",topic_0,0.03121165427766239
227,"Categorical: Circle vs. Triangle 

Quantitive: Difference in units between the circle and triangle",topic_0,0.05045629568187943
228,how accurate our observed ratio is to the actual ratio :quantitative,topic_0,0.043348287228389626
229,"The independent variable is the type of graph viewed (screen or in-person), which is categorical. The dependent variable is the numerical value the participant assigned to the bars, which is quantitative.",topic_0,1.0
230,"smaller or larger bar: categorical

how much bigger or smaller: quantitative",topic_0,1.4569237408689925e-308
231,"Which bar was larger-categorical

Percentage- quantitative",topic_0,1.505224649609263e-308
232,"The graphs, categorical

The measurements, quantitative",topic_0,7.646297755611797e-308
233,The variable observed was how well each student did on the examination. This was a quantitive variable.,topic_0,0.09856524940791934
234,"Bars - Quantitative

Gender - Categorical

Age - Quantitative",topic_0,0.048115405559640674
235,"Students ability to understand graphs - Categorical

Students ability to identify the matching picture of the graph - Categorical",topic_0,0.2560079636372164
236,"The variables examined were the heights of the graphs, and this would be quantitative. I also think that other questions we were asked were along the lines of ""is line A taller than line B"", which would count as a categorical answer, being ""Yes"" or ""No"".",topic_0,1.0
237,"Type of model (physical/digital): categorical

Accuracy of identifying proportion: quantitative",topic_0,0.0349826977599638
238,"The time it takes to identify the taller one and the methods by which one identifies the taller one such as how they choose how much taller/shorter the block is. This would be quantitative. 

Whether students choose the right or left block as the taller one is categorical. 

The number in which students measured the difference in height of the blocks would be quantitative.",topic_0,1.754444987021326e-308
239,"The experiment most likely looked at characteristics like the number of blocks counted or estimated (quantitative), the color or arrangement of blocks (categorical), and the accuracy of student replies (quantitative). These variables were used to investigate the effects of visual data presentation on interpretation and estimating abilities.",topic_0,0.24141680809994223
240,Heights of figures compared to other figures: quantitative,topic_0,0.026461834296722286
241,There were categorical and quentitative variables being examined.,topic_0,3.1738947161059455e-308
242,"The different variables were the bar graph that the student is examining (categorical), and the percentage at which the student thought the bar was at (quantitative).",topic_0,0.10540881940662139
243,The proportion of the bars on the graph were examined. This is a quantitative variable.,topic_0,0.09368939576713414
244,"The study examined several key variables. Chart type (2D, 3D digital, or 3D printed) and bar spacing (adjacent or separated) were categorical variables. The true ratio of the compared bar heights and the participant’s judged ratio were both quantitative variables. The error in perception, calculated as log2 error, is also a quantitative variable. Additionally, the identification of which bar (marked by a circle or triangle) was smaller is a categorical variable. These variables collectively helped analyze both accuracy and perception across chart types and layouts.",topic_0,3.0532857321004365e-308
245,The level of shape (quantitative),topic_0,0.02756160111038647
246,"Color- Categorical

In-person versus picture- Categorical",topic_0,1.576472868768402e-308
247,The variables would be the graphs which is quantitive and the students would be categorical.,topic_0,0.6082339324028639
248,"Possible variables include task completion time (quantitative), accuracy of performance (quantitative), and participant feedback or preference for certain models (categorical). If models were labeled by design type, that would be another categorical variable. If ratings were collected on a scale (like a 1–5 satisfaction scale), those would be quantitative as well.",topic_0,0.11795251127634905
249,"Which version of the graph they are using (2-D, 3-D, 3-D digital) - Categorical

Accuracy in peoples answers about the height - Quantitative",topic_0,0.05041265140562721
250,which bar graph is easier to read which is categorial.,topic_0,0.13724548560344504
251,I don't remember a lot of the experiment since it was so long ago but I know we were asked to choose the larger or smaller part and I feel that would be both categorical and quantitive.,topic_0,0.04760585555358793
252,"The variables examined are computer bar graphs vs 3D printed bar graph which are categorical, and the other variable is how close the estimated values are to the actual graph values which is quantitative.",topic_0,0.3971852000983397
253,"some variables that i remember from the experiment include, height of the block(quantitative variable), The circle or triangle shape on the block specifying which height to focus on (categorical), the bag participants got (categorical).",topic_0,0.060151059398703716
254,shape of part on graph is categorical and percentages on the comparison of the percentages is quantitative.,topic_0,0.15312145839746955
255,"The variables examined might have included things like the type of chart shown (categorical), the accuracy of responses (quantitative), and possibly the amount of time taken to complete tasks (quantitative)",topic_0,0.11268059842376078
256,variables where the data represent groups.,topic_0,0.07734877419477204
257,The variable of which shape was smaller or larger. (quantitative),topic_0,0.027179302162064455
258,"The variables being examined are weather or not the triangle or circle was smaller and correctly identified. That would be categorical. a yes or no. Another variable could be how far off or on peoples guesses where, if most people thought were smaller or bigger. That would also be categorical variables. More over, or more under.",topic_0,1.9131963109349097e-308
259,"categorical, whether the triangle was smaller or the dot.",topic_0,0.04456097940121291
260,Type of student (categorical) and distance between the two graphs (quantitative).,topic_0,0.23921941127121615
261,Categorical  triangle or circle,topic_0,0.05158386898367434
262,"The variables that are examined is which column is bigger, which is categorical, and the difference of value between the columns, which is quantitative.",topic_0,2.12115605183444e-308
263,It was categorial and it was based off of whether the triangle or circle bar was smaller.,topic_0,1.794603520361962e-308
264,"The variables was which one of the circle and the triangle was smaller, and also by how much it was smaller. The circle or triangle is categorical and the how much smaller is a percentage so its quantitative.",topic_0,1.960046947846256e-308
265,size of the bar if it was smaller or larger - categorical,topic_0,0.021465494564679753
266,"Independent variable: which bar was shorter- categorical

Dependent variable: how much shorter was the bar compared to the larger bar- quantitative",topic_0,1.472688402671873e-308
267,"Which bar is smaller - categorical

how much smaller was one bar compared to the other - quantitative",topic_0,1.5049827059521646e-308
268,One variable would be how the graphs were displayed making it categorical and the other variable would be the amount of times the answers were correct making it quantitative.,topic_0,0.4098404048019591
269,"Difference in height of bar- quantitative 

Which bar was small (circle or triangle)- categorical",topic_0,0.030102383073554395
270,"Stistical graphics - quatitative 

the circle and triangle- categorical",topic_0,0.05004498960015823
271,"One of the variables observed was the color intensity, which is quantitative. As well as the estimated variables of how much smaller the units are. A couple of categorical groups observed are gender, age, and education level.",topic_0,0.03754331886090643
272,"The quantitative variables present are the numerical values associated/estimated with each color shade or height, and how accurate the responses were. The categorical variables measured are which letter represents a larger value (Y or y).",topic_0,0.04939278124673825
273,"Did the participant answer correctly - categorical

How confident was the participant- categorical 

What the participant estimated the quantity of the smaller value to be - quantitative",topic_0,1.718496591772974e-308
274,"Variables were which letter was larger (categorical), and how much larger than the comparison (quantitative).",topic_0,2.107491042780957e-308
275,"The variables examined were the heat map type, the locations of objects on the heat map, and the rating of the difference between the two objects. The first two variables listed are categorical because they refer to visual data that cannot be counted. The last variable is quantitative because you are answering based on a numeric scale.",topic_0,0.09042651451459519
276,It was probably testing how people used visual information like color and location on the grid to show which two things are bigger and base it on a number value.,topic_0,3.258247328401899e-308
277,There was a categorical variable in form of determining which area represented a larger number as well as a quantitative variable when I had to estimate the difference of two areas represented by a number.,topic_0,0.038848872688542604
278,The variables that were examined were which letter was higher in value and how much less the second letter was compared to the first. The first is categorical and the second is quantitative.,topic_0,2.0622299723389355e-308
279,"*

Independent variable: How the heat map was presented or how the values were spread across the grid 

*

Dependent variable: Whether the participant picked the right letter",topic_0,0.09049782073458872
280,"If people can correctly identify which value is larger; categorical

If people can correctly estimate the difference between two values; quantitative",topic_0,0.033443316738137205
281,"color (darker or lighter)- categorical 

depth (categorical)- higher or lower 

slider (quantitative)",topic_0,0.047426855299865206
282,"One variable was whether or not the participant had access to the 3D-printed charts. This is a categorical variable because it’s a yes or no question. Another variable could be how accurate the participants were in answering questions about the data — this would be a quantitative variable because it deals with numbers, like how many answers they got right. They might have also looked at how long it took people to answer questions, which is also quantitative, since it's measured in time. There could be other categorical variables too, like whether the person was a student or not, or what kind of device they used.",topic_0,0.09174683091449298
283,"Color Intensity (shade on the heat map): Quantitative (represents a numeric value).

Letter Label (e.g., ""R"" or ""r""): Categorical (identifies a specific position/value).

Relative Position on the Grid: Categorical (row/column location).

Estimated Smaller Value (slider response): Quantitative (numeric scale from 0-100).",topic_0,0.08829546265502547
284,"Independent variable would be each student that participated which would a quantitative variable based on how many actually participate. Categorical variable would be ""which answer did they choose for each question"".",topic_0,4.403975488351873e-308
285,"There were two variables with were the factor 1 and 2. These were the axis variables and main area of interests which was represented by color that define the heat map grid. The variables are quantative because they are based on numbers, for example the higher or lower the number the warmer or colder it would be.",topic_0,0.09085848734996384
286,the variables that were examined were which was the larger value and since it wasn't numbers and only letters that is categorical and then the second variable was how much smaller is the smaller variable and that would be quantitative because that was when we were given numbers.,topic_0,2.09706892238653e-308
287,"* Graph type, categorical (3D or flat)

* Which of the two quantities was larger, categorical

* Approximate difference between the two quantities, quantitative",topic_0,0.1356339318701425
288,"The variables examined are as follows: 

1. Current enrollment in a statistics class: categorical 

2. Male or Female: Categorical

3. Access to 3-D models: categorical 

4. Type of test (2-D v 3-D): categorical 

5. Which coordinate was chosen as higher or lower in temperature: categorical 

6. The number of accurate choices: Quantitative",topic_0,0.05989607412834487
289,"The type of Chart: 2D or 3D, Categorial.

Accuracy of reading: quantitative.",topic_0,0.09665343308388827
290,"A couple of variables that were examined could have been either 2-D or 3-D, the score or accuracy, and the amount of time taken to preform the experiment. 2-D or 3-D is categorical because it places the two into different groups. Score or accuracy is quantitative because it is a numerical measurement showing how well you preformed. Lastly, the amount of time it took is quantitative because it is a numerical value representing duration.",topic_0,0.06130324893411979
291,"color: categorical

height: quantitative",topic_0,1.6814700267598637e-308
292,"Variables:

* if the respondent identified the greater of 2 choices correctly (categorical)

* how close the respondent was to the correct valuation (quantitative)",topic_0,0.028865747324559023
293,The variables being designed were size/color (categorical) and units of value (quantitative).,topic_0,0.0365032415157732
294,"Response variable- how accurate the reading of the graph is 

Explanatory variable- The type of graph used

Both are quantitive",topic_0,0.7479637291189043
295,One variable that was examined was the difference in size of the graph bars which is quantitative. Another variable that is examined is how close to the right answer the test taker is which would categorical.,topic_0,0.4606197848048466
296,"whether or not student got it right is categorical

the amount of student that changed their answers for the same questions is quantitative",topic_0,1.6780843506982e-308
297,"Which one was smaller, categorical

Which one was larger by what amount, quantitative",topic_0,0.024116165146989343
298,"Age: Quantitive 

Favorite zoo animal: Categorial",topic_0,0.0362090131768585
299,"The first variable is deciding which graph is smaller and this is categorical because we are choosing between two options. The second variable is deciding how much smaller the smaller bar on the graph is, which is quantitative because we are determining an amount.",topic_0,1.0
300,One variable was the type of graph presented (categorical) and the other was people’s perception of the graph (categorical).,topic_0,1.0
301,I think it was categorical whether the participant identified the correct smaller bar and then quantitative how close the slider was to the actual size of the bar.,topic_0,2.231281418521533e-308
302,"Independent: chart type (categorical)

Dependent: accuracy of ratio judgment (quantitative)",topic_0,0.04158485896081653
303,"The variables were which graph was smaller and how much smaller the bar is compared to the larger one. 

Deciding which graph is smaller is categorical.

How much smaller the bar is, would be quantitative.",topic_0,1.0
304,"One variable is how many graphics a student was able to successfully perceive - this variable is qualitative.

Another variable is how well students were able to read information from charts and how far off they were from the actual measurement- this variable is also qualitative.",topic_0,0.07578245191431125
305,"color- categorical

dimension-categorical

size-quantitative

understanding-categorical",topic_0,1.6307305691639533e-308
306,"the variables were:

which bar was perceived as smaller: categorical 

how much smaller the bar was to the taller one: quantitative",topic_0,2.3804424354146056e-308
307,The variables that were examined were if either the triangle or circle bars were smaller (categorical) and then determining how small said bar was in comparison to the other (quantitative).,topic_0,1.942087060176563e-308
308,The variable examined were weather the graph was 2D or 3D which is categorical.,topic_0,0.27642503057948165
309,"The variables that were examined were what type of chart, 2D or 3D, and this was categorical. The also examined the variable of how accurately the participant was able to compare the difference in data. This was quantitative.",topic_0,0.0981048737553235
310,"* which bar was smaller (categorical)

* by how much smaller was the bar compared to the larger one (quantitative)",topic_0,1.511333361252238e-308
311,"Age range - Quantitive

Gender - Categorical

Accuracy of estimating size ratios - Quantitive",topic_0,0.048217584686174014
312,shape which is categorical and length of difference which is quantitative,topic_0,0.0272345941487268
313,"Which circle is bigger - categorical

How much bigger is the larger graph from the other - quantitative",topic_0,0.12147625440090476
314,"If the correct bar was identified as shorter - categorical

The difference in size for the two bars - quantitative",topic_0,1.4497568664017684e-308
315,"Which bar is bigger triangle or circle, categorical

How much smaller is the bar than the other bar, quantitative",topic_0,0.03235443995794439
316,Variables would be if the graph is smaller or larger- categorical,topic_0,0.3708408507913075
317,"Explanatory variable: is the difference between 2D and 3D graph types, this is categorical. 

Response variable: Which graph type has more accurate results/responses, this is quantitative.",topic_0,1.0
318,The variables were which was taller and that was categorical and where you slide the bar and that was quantitative.,topic_0,2.7009274353281424e-308
319,"What were the two bars: Categorical 

How much bigger and smaller the bar is: Quantitative",topic_0,0.02320692109672506
320,The variables examined were proportional size and visual representation. Proportional size is quantitative and visual representation is categorical.,topic_0,0.030656349131576426
321,Which bar was smaller- categorical. Proportion of how much smaller the bar was to the larger bar-quantitative.,topic_0,1.54500706580402e-308
322,"size - categorical

amount of size difference - quantitative",topic_0,0.029813994616878992
323,"2d or 3d height categorical

about how much smaller each bar was, quantatative",topic_0,1.41692935144726e-308
324,"3D or 2D printed - categorical

answers given - quantitative",topic_0,0.038488019564608775
325,Categorical,topic_0,1.4255170979551624e-308
326,which bar was larger which is categorical and how much smaller the smaller bar was which is quantitative,topic_0,1.5752553645440103e-308
327,"Accuracy: quantitative 

weather they chose a square or triangle: categorical

How fast they took to take the survey: quantitative",topic_0,0.02906903307579035
328,"Variable 1: The smaller chart - categorical.

Variable 2: How much smaller one chart is compared to another - quantitative.",topic_0,1.0
329,"Which bar graph was smaller (categorical)

How much smaller or larger the graph was to the bigger graph (categorical)",topic_0,0.13254083870309016
330,"the variables examined were: 

* the 2-D graphs: catagorical 

* the 3-D graphs catagorical 

* wether the partipants chose the correct answer (circle or triangle was bigger) catagorical",topic_0,0.15308434378099284
331,"The variables examined were:

* Number of close friends (quantitative).

* Gender  (categorical).",topic_0,3.202172285748563e-308
332,"2D, 3D and 3D printed. Determining the size. These would be quantitative because it would be a numerical value.",topic_0,0.03679485792508265
333,"2D or 3D bar graph - categorical

Color of graph- categorical

Position of graph - categorical 

Size of graph - categorical",topic_0,5.728334601668684e-308
334,Types of graphs used. Categorical,topic_0,0.10203018683299046
335,The variables were quantitative because we had to gauge how much taller or shorter one of the bars was.,topic_0,0.033417689992078406
336,"Some variables in this experiment may include the quantitative variables of graphs that are interpreted correct or incorrect,  and how long it took each participant in the experiment to interpret the graphs and fill out thee experiment. 

The categorical variables include, how the information was presented and in what type of statistical graph, if the participant is in stats 218 or not or has any prior knowledge, and the age of the participants.",topic_0,0.4508044920847438
337,The percentage that one bar is of the another bar. It is quantitative.,topic_0,0.021958660909817997
338,"*

Understanding of Statistical Concepts: Quantitative – Measured through scores on assessment questions focused on concepts like significance, confidence intervals, and effect sizes after interacting with 3D models.

*

Improvement in Interpretation Skills: Quantitative – This could involve comparing pre- and post-experiment scores to see if the 3D models improved students' ability to interpret data.

*

Chart Type (2D vs. 3D Printed): Categorical – This variable examines whether participants using 3D-printed charts are more accurate in interpreting statistical data compared to those using traditional 2D charts, assessing the effectiveness of each chart type.

*

Ease of Interpretation (Self-Reported): Categorical – Participants might rate how easy or difficult they found the 3D models to understand, giving insight into perceived clarity.",topic_0,0.08698359042475111
339,Type of picture is categorical. The size selected was quantitative.,topic_0,0.03125189354199715
340,"The first variable is categorical and it would be whether or not the student was able to identify the smaller bar or not. This would be a correct or incorrect or yes/no variable. 

The second variable is quantitative and would be a numerical value of how far off the student was from the correct difference in size, measured in units, between the two objects.",topic_0,0.028510103946079998
341,"The explanatory variable for this experiment would be the dimension the rectangles were in, which is categorical. While the response variable would be the height of the second block, which would be quantitative.",topic_0,0.07482815320917877
342,"Whether the student answered the question correctly (categorical), or the proportion of correct answers (quantitative), whether the model was 3D or 2D (categorical).",topic_0,0.03614542592974243
343,"stats 218 students: categorical 

how many answered the question correctly: quantitative.",topic_0,0.02687949160856172
344,"From my memory, I believe the variables were what graph was proposed (how the data was presented) which would be categorical. The other variable would be what we determined the proportion of a specific block's height was compared to another block. This would be quantitative",topic_0,0.08928222788745357
345,"the number for the graph- quantitative 

whether the graph was smaller or larger- categorical",topic_0,5.962501875054636e-308
346,The variables examined were the independent and dependent variable and it was quantitative.,topic_0,2.8508665539221164e-308
347,"People: categorical

bar graphs: categorical",topic_0,0.09858145726507994
348,Percent of blocks being represented. It is a quantitative variable because it contains numbers.,topic_0,1.634591194317231e-308
349,"Explanatory variable: Whether the blocks were 3D or 2D: Categorial 

Response variable: Size of the non-control block recorded: Quantitative",topic_0,0.058268391010056556
350,amount of time the test subject allocated for assignments. assignments are quantitative. Test subjects are categorical.,topic_0,0.052228596245406454
351,The variable observed was the height of one column compared to another and was quantitative.,topic_0,2.461395656117627e-308
352,"Interpretation Accuracy:

Type: Quantitative

Description: A measure of how accurately participants interpreted the data in each graphic, likely represented by a score based on correct answers.

Interpretation Time:

Type: Quantitative

Description: The time it took each participant to interpret and answer questions about each chart, likely measured in seconds.

Confidence Level:

Type: Quantitative (if measured on a numerical scale) or Categorical (if measured by discrete levels like ""Low,"" ""Medium,"" ""High"")

Description: Participants’ self-reported confidence in their answers to questions about the charts.

Participant Background Knowledge:

Type: Categorical

Description: Experience level in statistics or familiarity with data visualization, potentially categorized as ""Novice,"" ""Intermediate,"" and ""Expert.""

Device Type:

Type: Categorical

Description: The device used by participants to complete the survey, such as ""Computer,"" ""Tablet,"" or ""Phone.""

Demographic Information (e.g., Age, Gender):

Type: Age – Quantitative; Gender – Categorical

Description: Basic demographic details that might be collected to see if they correlate with interpretation skills (e.g., age measured in years, gender categories).",topic_0,0.09875829720583659
353,"Height of Larger Bar
Quantitative: This is a reference height, fixed at some value (e.g., 100 units) since the participant makes comparative judgments.
Predicted Height of the Smaller
Bar (Quantitative): Participant's estimate of height of the smaller bar, usually asked with slider or input field.",topic_0,0.025379946849051805
354,"Which bar is smaller compared to the two picked out? categorical 

What is the height of the smaller bar graph out of 100? quantitative",topic_0,0.12061411239211543
355,"Graph values and trends; Categorical

Interpretation Accuracy; Quantitative",topic_0,5.344784916111591e-308
356,"Independent Variable:

The type of model (2D rectangle or 3D rectangular prism) – categorical.

Dependent Variables:

Perceived height of the shorter model in comparison to the taller model set at 100 – quantitative.

Error margin in estimation (difference between actual and estimated height) – quantitative.

Shape complexity (2D or 3D) – categorical.",topic_0,0.05919468794574557
357,The measured variable was the different strips that had the shapes on them and we had to find out which ones were bigger. I believe it was quantitative because it was measuring size and numbers.,topic_0,0.05455342798912331
358,"One variable that was examined was how the data was read, either online or the physical data. This variable is categorical. Another variable was the percent each subject estimated of the smallest bar compared to the largest bar. This variable is quantitative.",topic_0,0.08186625272835071
359,"Which bar its larger - categorical

 the ratio between the two graphs - quantitative",topic_0,0.13139953114907998
360,"gender of participant - categorical

difference length of bars - quantitative

age of participant - quantitative

whether a chart is 2D or 3D - categorical",topic_0,0.10350363775463806
361,"The type of graph being used to compare the accuracy between the different chart was categorical. 

The participants being used to guess the shapes measurement was quantitative.",topic_0,3.6070462438814186e-308
362,"Type of Model- Categorial 

Time Taken- Quantitative",topic_0,0.024433470548703123
363,"3D graph or 2D graph- categorical 

Ratio of the smaller bar to the larger bar- quantitative 

which bar is smaller- categorical",topic_0,0.05774478718385249
364,Since I do not know the full experiment I would guess that the participants were the independent variables because we were manipulated and the dependent variables would be quantitative because of how many questions we could answer correctly and accurately.,topic_0,4.051468992807692e-308
365,The values examined were what people said the correct number on the graph was which was categorical,topic_0,0.24817195221319915
366,"Height of the graph: Quantitative 

Which one is smaller: Quantitative",topic_0,0.14340067998417602
367,quantitative: the amount of difference between the correct answer and participant response,topic_0,1.6372152635723287e-308
368,"Height of bars - quantitative

Difference in height of bars - quantitative",topic_0,1.449600067245031e-308
369,"The variables that were examined was the background information asked in the beginning such as age, race, and sex. These variables would be categorical.",topic_0,3.5565597652783693e-308
370,"The estimated height of the bar is quantitative, if the bar is shorter or taller is categorical, it also asks for a couple characteristics at the beginning of the participant which would be categorical.",topic_0,0.06087841195486278
371,The size estimations can be quantitative when given in numerical form. Deciding which is larger Aor B is categorical. Also for students in person the figures that are 3D printed compared to the figures shown on screen are categorical,topic_0,0.02952441884609413
372,The variables that were examined were which line was smaller which is a categorical variable and the size of the smaller line in comparison to the larger line which is a quantitative variable.,topic_0,0.03546990541353895
373,A variable I saw examined a lot was the angle at which the graphs were shown. This is a categorical variable.,topic_0,0.43611909157860523
374,One variable in this experiment was how close the participants were able to get to the accurate height of the bar. This is quantitative. The other variable in this experiment was whether the bars were next to each other or separated by other bars. This is categorical.,topic_0,0.06604885976371684
375,"To provide an accurate response, I need the specific context or details about the study or data set you are referring to. Please provide more information about the variables in question.",topic_0,2.805449724926463e-308
376,"Shape of Bars - categorical

size of Bars - quantitative",topic_0,1.439200104713822e-308
377,"some variables for the test was either having an interactive graph or if it was a just a picture, and that variable is categorical. another one was the ages which is also categorical. one last one would have been whether the two options to pick were right next tot eachother or if they were apart from eachother which is quantitive.",topic_0,1.0
378,We examined which shape was smaller (categorical) and what the ratio of the shapes were compared to each other (quantitative),topic_0,0.027557195453912414
379,"accuracy of estimate: quantitative

online or in person class: categorical",topic_0,0.057282162863561234
380,"Weather a bar was the smallest categoeial, and how small.it was quantitative",topic_0,0.020894403016223397
381,"Some variables examined were the circle and triangle and which was taller =categorical, another was by how much smaller was the bar compared to the other=quantitative.",topic_0,2.043768155295494e-308
382,The variables that were examined in this experiment were shape and percentage associated with each bar graph. The shape of the graphs is categorial and the percentage was quantitative.,topic_0,3.65884908164154e-308
383,"Quantitative: how tall the bar was in comparison to the taller one

Categorical: Circle bar and triangle bar",topic_0,0.028323242878851854
384,"The variable of the students in STAT 218 would be quantitative.

The variable of bar graphs being measured would be quantitative.",topic_0,0.1094489089823105
385,"Favorite zoo animal - Categorical

Gender - Categorical

Age - quantitative",topic_0,0.04147560358998415
386,"which bar is smaller-categorical

the proportion of the two bars- quantitative",topic_0,1.4965730974538243e-308
387,"The variables were if the bars were next to each other or separated, which is categorical and how close the guesses are, which is quantitative.",topic_0,0.08246375455936558
388,"Which bar was shorter- categorical (circle or triangle) 

Then how high/low do we think the bar was in comparison to the other- quantitative",topic_0,0.02600620261286399
389,"quantitative by height

categorial by circle or triangle",topic_0,0.02955178919543103
390,how students read the graphs and estimate how big the graphs are. The estimation I quantitative.,topic_0,0.18046170474287868
391,"The variables examined in the experiment were, 

Whether or not the subject correctly identified which structure was smaller - categorial.

How close the subject was to the correct answer of height of the structure - quantitative",topic_0,0.024407825781353868
392,Circle or triangle,topic_0,0.05347519943868859
393,"the circle bar - categorical

the triangle bar - categorical",topic_0,0.050441470531047486
394,"Age and performance scores are examples of quantitative variables because they can be measured on a numerical scale, while gender and treatment type are categorical variables because they involve distinct categories or groups",topic_0,0.06960942728673318
395,Percentages of bar graphs - quantitative and which bar was larger or smaller - categorical.,topic_0,0.12852773115146163
396,"block length - quantitive, color of blocks - categorical, perspective of the block (3D or not) - categorical.",topic_0,0.040363180386029526
397,"Students - categorical

Graphs (longer/shorter; triangle/circle) - categorical",topic_0,0.23279465511816527
398,"The height of the bar graph - it would be quantitative 

The participant guesses - would be quantitative variable 

The graphical presentation - would be categorical variable 

The participants characteristics - categorical (speaking of age, gender, education level)",topic_0,0.16728271234905673
399,"height of the column- quantitative 

which was taller- categorical",topic_0,0.02695718592237265
400,The variables were whether or not a person could accurately say how much smaller a bar was. It was qualitative,topic_0,2.9160284010158336e-308
401,I remember comparing height of columns by using percentages: quantitative data.,topic_0,0.03454511464877281
402,"Variables examined were:

The height of the triangle line (quantitative)

The height of the circle line (quantitative)

If something was taller or shorter (categorical)",topic_0,2.114660130116182e-308
403,"The variables examined was which bar was taller (categorical), the circle or the triangle, and if the taller one is 100 units, how tall is the shorter bar (quantitative).",topic_0,2.064804890813363e-308
404,-Which bar graphs were greater - categorical,topic_0,0.137048266705648
405,"The variables that were examined were sets of data with two different letters given. In our case, those were the two sets of data for our experiment that we answered questions about. and they were quantitative because they changed over the course of the experiment.",topic_0,0.05059902359931501
406,"percent of correct estimations - quantitative

which 3-D print models were used - categorical",topic_0,0.038178391928125034
407,One variable could be the correct or incorrect answer ratio. This would be quantitative. A categorical variable would be the accuracy based on gender. A quantitative variable would be the percentage of accuracy between having the online models and the physical models.,topic_0,0.08054323149801708
408,"2D models vs. 3D models - categorical variable

The accuracy of the guess - quantitative",topic_0,0.03823949830183612
409,I do not remember.,topic_0,0.04074804407090943
410,"Correct vs. Incorrect 

=> categorical 

the height of the assigned bar in the sample => quantitative.",topic_0,0.02742672941801085
411,"how close the guess was to actual answer(quantitative)

correctly identifying smaller bar(categorical)",topic_0,0.02629579258908428
412,"the variables examined was triangle or circle. explanatory

also, the height difference between the two variables. response",topic_0,1.915160537649453e-308
413,"Larger and Smaller bar: categorical

Height of smaller bar: quantitative",topic_0,1.425310726780663e-308
414,there where two options circle or triangle,topic_0,0.05160462156461699
415,Size of bar-quantitive.,topic_0,1.410807154396301e-308
416,"The students ability to get close, quantitative.",topic_0,0.02926006610888715
417,"Size: Quantitative

Color: Categorical

Shape: Categorical",topic_0,1.647218608089779e-308
418,"The person's guess which is a number, so quantitative. What the actual different is also quantitative. The comparison between the two, also quantitative.",topic_0,1.877571722112172e-308
419,"Accuracy (quantitative)

Which bar is smaller (categorical)",topic_0,0.02684946131842637
420,Whether the circle or triangle section of the graph was taller was categorical and the height of the smaller graph was quantitative.,topic_0,0.15824049766458867
421,The two variables examined were which bar is smaller and what the size of the smaller would be if the larger was 100. Determining the smaller is categorical and determining the size in comparison to the larger is quantitative.,topic_0,2.11479803578243e-308
422,"Triangle or Circle (which one is smaller) - categorical

Number chosen relative to 100 - Quantitative",topic_0,0.04857233445583996
423,"The height of bars - quantitative

which bar was smaller - categorical",topic_0,1.4248610171948663e-308
424,"Which graph was higher, Triangle or circle, categorical

Which graph was taller or shorter by how many meters, quantative.",topic_0,0.1473374075614721
425,"Variables being examined were the different bar graph models, categorical.",topic_0,0.2846074836723514
426,"the bar graphs - quantitative

participants - categorical",topic_0,0.09697962489440314
427,"how people see things differently 

quantitative",topic_0,1.975321463725983e-308
428,"What set of blocks we chose, categorical.",topic_0,0.03995568452220471
429,The students or the people who were doing the experiments it was quantitative because they had to the measurement of how long it us to submit the answer.,topic_0,0.05412647777446531
430,"Stats 218 students - categorical

Whether or not the student can get the height of the bar right - categorical",topic_0,0.02035726645091624
431,"Quantitative- Triangle or Circle

Categorical- Difference in Units (0-100)",topic_0,0.038802172890773416
432,How diffeent people interpret different graphs whether its 2d or 3d or real.,topic_0,0.0658868385046081
433,How accurate the student was in finding the differences between heights. I would say its quantitative as were pulling numerical values.,topic_0,0.029967299583433527
434,The variable was categorical and students ability of observe graphs.,topic_0,0.38432711244665807
435,This was quantitative because we were asked to report a percentage.,topic_0,0.0224100546093134
436,The percentage difference between blocks- qualitative,topic_0,1.6135096170933693e-308
437,Percentages and height. These are quantitative since they measure in percentages and numbers.,topic_0,0.031867290604540154
438,The variables that were examined were the height of the bar graph in percentage which would be quantitative.,topic_0,0.08054576853139962
439,"Quantitative: how tall the bar graphs were

Categorical: different bar graphs (digital/physical), 5 different types of bar graphs, triangle vs circle",topic_0,6.884176795352311e-308
440,"Triangles versus circles

categorical.",topic_0,0.05202385299350957
441,"One variable was the type of graph we were looking at which in that case would be categorical, another would be how much each student thought each bar was, which would be a quantitative variable.",topic_0,1.0
442,"The variables that were examined were which bar a study participant claimed was smaller, which was categorical, as well as the degree to which they claimed it was smaller, which was quantitative.",topic_0,2.3855639535863307e-308
443,"The information of a person could get would influence his feeling.

Categorical",topic_0,1.3750621473071093e-308
444,The variables were examined were our participation (Categorical) and our responses (Quantitative).,topic_0,3.2739270482118707e-308
445,"the variables that were examined were the models which were 2D, 3D, and real life ones. I would say it was quantitative since we had to estimate the size and say how small we thought it was.",topic_0,0.05587364076763438
446,"Type of graph - categorical

Accuracy of response (regarding height differences) - quantitative",topic_0,0.0884165866254312
447,"What type of graph was shown, which is categorical.

How much smaller the smaller data point is, which is quantitative.",topic_0,0.3399053502386197
448,"Ratio Comparisons:  Involves the ratio of heights between the bars in the bar charts which is quantitative. 

Graph Type: Specific characteristics of the bar charts including whether they were adjacent or separated, and whether they were presented in 2D or 3D formats which is categorical.

Type of Data Visualization: Type of graph used to represent the data. It includes three categories: 2D graphs, 3D digital graphs projected in 2D environments, and 3D printed bar graphs. This is categorical.",topic_0,3.935270243298419e-308
449,Estimated difference in tower hits on blocks. Quantitative.,topic_0,0.024049820546795612
450,"Height of objects- quantitative.

Accuracy- (right/wrong) categorical.",topic_0,0.04054244987288996
451,One variable that was examined was the percentage that the student thought was the height of the bar. This is a quantitative variable.,topic_0,0.053691742756713894
452,"The variables were us, the graphs and the website we used. These would be both quantitative and categorical.",topic_0,1.0
453,"Types of graphs (categorical), height perception (categorical), order of presentation (categorical)",topic_0,0.061795287963284234
454,"Size of culoms, quantitative",topic_0,0.030870881680288526
455,"Experimental, quantitative: block size

Response, quantitative: block value",topic_0,1.5884394766204207e-308
456,It was mostly quantitative because it measured which bar length was longer and by how much. I suppose a categorical would be short very long.,topic_0,0.05096556908370158
457,"As I recall, we may have been asked to determine which bar was smaller (categorical) and also, assuming the larger bar was 100, what value the smaller bar would be (quantitative).",topic_0,0.019631175167427663
458,"Response variable, quantitative",topic_0,0.0686888552290945
459,"Height, color, size, and shape were all variables that were examined. I would say it was both variables, since it was asking for a number for height, otherwise this would be categorical.",topic_0,0.06255313877163125
460,Weight in comparison to another height. Color. Which bar was taller.,topic_0,1.4652313683810463e-308
461,"Categorical Variables: The different types of charts (2D, 3D digital, 3D models)

Quantitative Variables: The number of participants and the specific value each participant put on each of the charts.",topic_0,0.11946170306987734
462,"It asked about our sex and that would be categorical, the score on the test and it is quantitative",topic_0,3.902503756728393e-308
463,Categorically how people visualize the graph heights.,topic_0,0.050888877977032766
464,"It was categorical since there were spits in the data, also the variables were seeing if the blocks were squares or triangles, and what that person picked.",topic_0,0.05854688383567795
465,"How close students could estimate the comparative heights of physical bar graphs. Quantitative. 

How close students could estimate the comparative heights of digital depictions of bar graphs. Quantitative.",topic_0,3.128709054462512e-308
466,"categorical, because there was a correct answer out of the given options.",topic_0,1.427836850070644e-308
467,"categorical variable is the type of way the graph was presented: 

* 3d printed (4d?)

* 3d image that can be moved around

* 3d image

* 2d image

quantitative variable is the height estimation of graph bars compaired with other graph bars:

numerical values from 0.0- 100.0.",topic_0,1.0
468,"Stat 218 students (quantitative) 

How well students could read a graph (quantitative)",topic_0,0.19164129792553625
469,The variables examined were quantitative.,topic_0,2.9103978306947203e-308
470,Quantitative,topic_0,1.9346800621477765e-308
471,How well someone could estimate a value. Quantitative,topic_0,0.05209728941335169
472,"The explanatory variable was the person doing the experiment. The results changed every time a new person was doing it.

 The response variable was the color of the shape picked. The color picked was impacted by the person conducting the experiment.",topic_0,0.08936923152636062
473,"age - quantitative 

gender - categorical",topic_0,0.046193773028080955
474,The variable examined was the height between 2 bars on different graphs. The variable was quantitative.,topic_0,0.06558782790440795
475,How we responded to the prompts is one of the variables and it is categorical,topic_0,0.07911980027796459
476,"Can someone accurately match the real proportion? Categorical. The degree of difference in their response to the true number, quantitative.",topic_0,0.03604210745079032
477,"Number of correct answers - quantitative 

Visual or physical - categorical",topic_0,1.622001694340156e-308
478,"The variables examined in this experiment were nominal variables which have no rank. The participants were choosing between a triangle or circle, both being categorical variables.",topic_0,1.9097522531824107e-308
479,"Dependent variable : accuracy of reading 

Independent: Changing graphs from virtual reading to actual reading from figures.",topic_0,5.610506926088294e-308
480,"There was color, categorical.",topic_0,1.5242482986977735e-308
481,"1) Distance between objects - quantitative

2) Task complexity - categorical",topic_0,0.04069917299489443
482,The variables were categorical,topic_0,0.06741055978963965
483,"the range of accuracy, how close students guesses got to the actual numerical value of the bar graph, quantitative",topic_0,0.12931785721150743
484,"The variables examined are the materials used (digital graph on computer vs. physical model) which is categorical, and the accuracy of the participants guesses (quantitative).",topic_0,0.1185905257940566
485,"heights of the blocks - quantitative 

if the circle or triangle was taller - categorical",topic_0,0.029187864493031988
486,"The variables that were being examinated were quantitative and random assigment. For quantitative the participant had to chose which amount bettwen 0-100 units they thought one of the bars was and submit it. In the case of random assigment, I noticed they were multiple bags for different kits so I guess the random assigment of the bags and selection of the bars was present and examinated in the experiment.",topic_0,0.07580363736240389
487,The variables examined were which bar was higher (categorical) and what was the estimated value of that bar compared to another (quantitative).,topic_0,2.1720509941823793e-308
488,whether you could get it or not so categorical,topic_0,1.4071194375080427e-308
489,"The variables that were examined are determine which shape was taller, this is categorical. Then it asked to estimate how small the smaller graph was if the taller one was 100 units. this is a quantitative variable.",topic_0,0.0943060856661767
490,"Type of bar chart used (2D or 3D) - categorical

What the individual perceived the data to be - quantitative",topic_0,0.10421236794006442
491,"Independent: type of chart and color of the bars (quantitative)

 

Dependent: participant accuracy and response time (quantitative)",topic_0,0.041159391633270724
492,"The length of the bars, this variable would be quantitative. Which bar the people chose to longer or shorter, this variable would be categorial because they are observing it, but when it asked you to say how much bigger or smaller one bar was from another, that part would be quantitative.",topic_0,0.06486107988411663
493,"The variables examined is if people better estimate the values of graphs, which is quantitative as we estimated with numbers.",topic_0,1.0
494,"Accuracy scores (quantitative)

Age of students (quantitative)",topic_0,1.6984956604875824e-308
495,"Size comparison - categorical

Difference in percentage - quantitative",topic_0,0.027562600688668816
496,"2d : quantitative

3d: quantitative",topic_0,0.03724961155074245
497,"How close the person was able to get to the correct number of the bar (quantitative) 

Which bar is higher? triangle or circle (categorical)",topic_0,0.031286191810957736
498,The variable is the different bar graphs; categorical.,topic_0,0.27615660661271774
499,"Age: quantitative

Major: categorical

Accuracy of height-guessing: quantitative",topic_0,0.0469791163561571
500,Yes or No --> categorical,topic_0,1.438306468889864e-308
501,"Which of the 21 kits each person gets would be a quantitative variable.

Whether each person chooses triangle or circle on each chart would be a categorical variable. 

A potential confounding variable would be whether or not each participant got a good nights rest the evening prior to taking the experiment.",topic_0,0.13411241038115593
502,"size of objects: quantitative

perceived size: quantitative",topic_0,0.030064558336658515
503,"Physical or digital, categorical. Difference between 2 graphs, quantitative.",topic_0,0.16634276713573468
504,"Which was smaller?

* categorical

Deciphering by how much the tower was smaller?

- quantitative",topic_0,0.04929305543016711
505,"specific model kits, in person vs online, these categorical 

results of counting - quantitative",topic_0,0.057954345213143264
506,One of the variables was male or female (categorial) the other was age (19 or older: categorial) and another variable was the value of a certain bar on the graph (quantitative),topic_0,0.35570207847030316
507,The accuracy of what we guessed on the visuals. This is a quantitative variable.,topic_0,0.03410795318321022
508,"The variables examined are the sizes in bar graphs along with the comparison to one another. The variable was categorical to start as you would determine which is smaller or larger, then based off that you would determine by how much the smaller graph differed from the larger one which would be quantitative.",topic_0,1.0
509,"Visualization medium: represents the type of chart used for data visualization (2D, 3D digital, or 3D printed) categorical.

Perceived ratio judgments: The participants' judgments of the ratio between two bars in the chart. Quantitative

Bar chart layout: The layout of the bar charts, including the positioning of bars and the grouping of data. Categorical

Ratio comparison: The specific ratio values used for comparing bar heights in the charts. Quantitative

Graph identification: The identification of specific bars within the charts for comparison is controlled to ensure consistency across participants. Categorical",topic_0,3.4728587996307967e-308
510,"Which bar students pick as higher -categorical

How tall the smaller bar is compared to the larger bar -quantitative",topic_0,0.0252447778563104
511,"categorial - the blocks, the height of the blocks",topic_0,0.028649637013512117
512,Rayshader and graphs are categorical variables.,topic_0,0.39021169587768395
513,"Type of visual, categorical. The guess in the size of the bar, quantitative.",topic_0,0.04350979008140112
514,"The variables that were examined is whether the student can accurately guess the value of the bar - categorical

Also it could have been the numerical value of how far off the student guessed from the actual value - this would be quantitative",topic_0,0.08175382025300554
0,Circle and Triangle graph. Quantitative,topic_1,0.06737540167681592
1,Model size- quantitative color- categorical,topic_1,2.28639026540587e-308
2,The height which was quantitative and the other variable was the shape on the model which is categorical.,topic_1,0.07326369749429865
3,"There were a few variables that were examined, one of them was being able to judge the size difference between the blocks which is quantitative. Another variable could possibly be genders which would be a categorical variable. Also, we are all college students which could be a categorical variable as well.",topic_1,0.5752070601972143
4,"One variable could’ve been gender (categorical)

another variable may be major (categorical)",topic_1,0.04308366660299269
5,"Each individual graph and what size they were, quantitative

The individual and their selection is a categorical observational unit",topic_1,1.6602666570407555e-308
6,"Number of blocks in a bag: quantitive

whether a student participated or not: caregorical",topic_1,1.0
7,"Size difference in the two bars, quantitative

Physical or online bar chart, categorical",topic_1,1.4346812559901555e-308
8,"-assigned either an adjacent graph or separated comparison graph (categorical)

-estimating ratios (quantitative)",topic_1,0.02292573722057846
9,"1. The response of statistic students to the 3D kits - Categorial 

2. Effectiveness of 3D printed charts to their 2D rendered parts - Quantitative",topic_1,0.034000126319546776
10,The first variable was which peak in the chart was the tallest between the two. This is categorical. The second variable was how big the difference between the two peaks are and this is quantitative.,topic_1,1.8280658135360127e-308
11,"2D vs. 3D graphs; categorical 

A number out of 100; quantitative",topic_1,0.026921053035473267
12,"How close we were to guessing the percent compared to the other bar. This would be quantitative. Also guessing which bar was bigger, which was categorical.",topic_1,1.4320762814077556e-308
13,"Interpreting 3D graph correctly- categorical

3D compared to 2D- categorical",topic_1,0.026798715886036308
14,The variables were the answers of the subjects on which bar as smaller. This can be a categorical variable,topic_1,2.179051741043228e-308
15,More accurate description - categorical,topic_1,1.840022637211669e-308
16,"1) Type of graph (categorical)
2) Student observations (quantitative)
3) Student characteristics (categorical)",topic_1,0.033814212734529434
17,"the categorical variables were: type of chart (2D, 3D Digital, 3D printed), determining which bar was smaller, and whether it was adjacent or separated. 

the quantitative variable was the number we put (on the slider) on the difference between the smaller and larger bar",topic_1,0.042580944329279474
18,"The bar graphs, percentages were quantitative.",topic_1,0.043496983355512546
19,The variables that are examined are the blocks and the numbers which are all categorical.,topic_1,0.46770715816196484
20,"The study was a little bit ago so I am going to do my best to remember, but we were asked to compare 2 variables in a bar graph and compare their hights based off how much of a percentage they were bigger or smaller than the other. They were quantitative variables.",topic_1,0.027183232219779547
21,The explanatory variable could have been color of graph (categorical) and the response could have been accuracy of estimation of values (categorical).,topic_1,1.5039010820411166e-308
22,"Height: categorical 

color: categorical",topic_1,2.1908965537779954e-308
23,"Variables that were examined were 2D chart v.s 3D chart, that would be categorical. And how big/small was letter A to letter B for a 2D and 3D chart, that would be quantitative.",topic_1,0.029502705967136552
24,"Variables that were examined include whether 3D digital, 2D digital, or 3D physical models are easier to understand/are better, which would be categorical and how close people are to estimating the correct lengths of the bars, which would be quantitative.",topic_1,0.033261990411422186
25,"2D and 3D shape designs  - categorical 

Perceived height compared to actual taller or shorter - categorical 

Peoples ratio of judged heights - categorical (numerical)",topic_1,0.09923555619774374
26,"One variable examined is the ratio between different bars on a bar graph. This variable is quantitative because the ratios are number values. Another variable is the chart type. This variable is categorical because the three types of graphs are 2D graphs, 3D digital graphs, and 3D printed graphs.",topic_1,0.03715760430589628
27,"Correct bar chosen, categorical 

Ration of the bar, quantitative",topic_1,1.330979111004017e-308
28,Did the student guess correctly? Categorical,topic_1,0.029413360005145616
29,"Variables examined: Age, specific school (university), class, grades

 Age: Quantitative

Specific School (university): Categorical

Class: Categorical

Grades: Categorical",topic_1,1.870182058499924e-308
30,"The student's perception of height analysis - categorical

Height of the building - quantitative",topic_1,0.10915181212791378
31,"Explanatory: Which block is larger (quantitative)

Response: Student estimate (quantitative)",topic_1,1.0
32,The variables examined were the shape things we were given and it is categorical.,topic_1,0.04667869375969849
33,the percentage of size one bar is compared to another -- quantitative,topic_1,1.3931921560736553e-308
34,"Whether or not the student chose the correct answer- categorical

the percent that the students guessed- quantitative",topic_1,1.474501673798414e-308
35,"2D or 3D = categorical

Correct value or Incorrect value = quantitative",topic_1,0.03778308741304398
36,"What percentage of a bar compared to another in the physical/digital graphs - Quantitative

Whether the graph/bar is physical/digital - categorical.",topic_1,0.055556586077662125
37,"The variables examined are categorical, as we are testing understanding of graphs, which is kind of a yes or no question, you either understand or you didn't. A variable that could have been examined by this is if more students guessed values correctly on the 3D graph or the online 2D graphs.",topic_1,0.04076949336948315
38,accuracy of data to graph and it would be quantitative because it is a numerical response,topic_1,0.030445098406063943
39,"Whether the person said the point on the block was taller or shorter: Categorical

The height the person said the point on the block was: Quantitative",topic_1,1.0
40,the difference between shapes and it was quantitative,topic_1,0.06309634388148688
41,* heights of blocks: quantitive,topic_1,1.0
42,I think the variable is if they guess the right block and thats categorical.,topic_1,0.4423974338069595
43,"Students answer- quantitative

how accurate their answer was- quantitative",topic_1,1.426154550208391e-308
44,"Graphs and percentages were given to the students, but finding if they choose the correct percentage is categorical.",topic_1,1.499452936730469e-308
45,"The variable examined was the different column sizes of 3D blocks. This would make it categorical.

(*I did the online version due to a COVID diagnosis so I'm not sure if things were different in-person.*)",topic_1,0.3876135424657555
46,whether or not the comparison of triangle and circle was correct-categorical,topic_1,0.0641444763763381
47,One quantitative variable is the percentage/amount of difference in each bar. A categorical variable is whether the individual thinks one bar is bigger/smaller than another. Another categorical variable is whether the bar graph is a 3D model or graphic on a computer/screen.,topic_1,1.7245112606594126e-308
48,I would say the experiment was more categorical than quantitative.,topic_1,0.04736558844657795
49,"Accuracy of answers may have been a variable (ie. how close to the correct answer each answer was), and that would have been a categorical variable. Another variable would have been the participant within the study, such as if they were male or female, and that would have also been a categorical variable.",topic_1,1.838865564136705e-308
50,"independent: form of data (categorical)

dependent: accuracy of data interpretation (quantitative)",topic_1,0.022714515257516683
51,The hights of the blocks were they variable examined and that is a quantitative variable.,topic_1,1.0
52,They examined the estimated size ratio using a percentage. This would be mostly quantitative because they are valuing a number. They also could be testing if you are correct or not which would classify more as categorical.,topic_1,0.045650757697935654
53,Which graph was smaller which is categorical and what percentage the bar was in relation to the other bar which was quantitative.,topic_1,0.057142191556563283
54,They were categorical and it was a circle or triangle.,topic_1,0.06049919621792288
55,"It was a quantitative variable that was determined as we had to always enter a number for the graphs. Then from the results we can conclude many categorical variables such as if age, gender, or any other variables have a trend with corresponding answers.",topic_1,1.6547013741004083e-308
56,The variables that were examined were the test we chose which would be categorical and the amount of tests we did which were quantitative.,topic_1,1.857903975530058e-308
57,"Length- quantitative

Age- categorical

Gender- categorical",topic_1,0.04584982561492924
58,the height of the blocks - quantitative,topic_1,1.0
59,Whether or not each question involved a physical graph model or a picture (categorical) and the accuracy of the value estimation (quantitative).,topic_1,0.021974492526094392
60,"wether someone was a researcher or not- categorical

the accuracy of their responses- quantitive (most likely)",topic_1,1.5962704390221573e-308
61,"categorical variables -- smaller/larger

quantitative -- the actual number assigned to the interpreted size",topic_1,0.02816303327901404
62,"We examined the color - categorical

shape-categorical 

what number block it was- quantitative

where we thought a certain number would lie on each block- quantitative",topic_1,0.4789129321456343
63,The number we were choosing for the supposed values could be quantitative data while seeing if the triangle or circle columns matched could be categorical.,topic_1,2.5611449782807045e-308
64,"Quantitative- the assumptions made

categorical- was the assumption correct

quantitative- the degree of correctness",topic_1,0.027924953752960287
65,"physical blocks/digital blocks - qualitative

size of blocks - quantitative",topic_1,1.0
66,Independent variables were examined in this.,topic_1,1.8616040220945e-308
67,"Size difference. Quantitative

calculation error. Quantitative",topic_1,0.03171792950128971
68,"what number you thought the graph was at - quantitative

which graph was larger - categorigcal",topic_1,1.5624971029956087e-308
69,"Some of the variables that may have been examined include: whether or not the participant identified which graph was larger (categorical), and how close or far the participant identified the correct numerical difference between the graphs (quantitative).",topic_1,1.6641150421327893e-308
70,ability to interpret the graph and make estimates could be categorical and the number that was inferred could be the quantitative variable.,topic_1,0.033588801625068505
71,"Which graph was read more accurately on average, which is categorical.",topic_1,0.03491443297189116
72,The variable that was examined was categorical because they determined whether or not people correctly estimated the range of the 3D and 2D graphs.,topic_1,0.04641163824988709
73,"Which bar on each bar graph was smaller, and the value of the smaller bar when you are told that the larger bar has a value of 100. Whether a particular bar is smaller is categorical, while the comparative value of the smaller bar is quantitative.",topic_1,0.034724428673435004
74,The variables were the arrangement of the data bars and the estimated values of the data bars by the students. The first one is categorical and the second one is quantitative.,topic_1,0.043881573019662695
75,"Independent- the triangles and circles on the model (quantitative) 

Dependent- number of collector identified shapes within the percentage (quantitative) 

control- the models were kept the same",topic_1,0.023345301358630655
76,I think the variables were which graph portion we tested was bigger than the other (categorical) and the quantitative were the numbers we were guessing. This can also be a categorical variable too because it was either right or wrong. The other quantitative variables were how many correct guesses we had and how many we got wrong.,topic_1,1.7155649888236697e-308
77,"Accuracy of estimate - yes or no would be categorical, percentage would be quantitative

Which bar is taller - categorical",topic_1,0.026698155223423788
78,"Independent variable: Changing units- categorical

Dependent variable: Comparing of two units, circle and triangle- quantitative

Categorical variable: Age, gender, perception- categorical",topic_1,2.714312611117771e-308
79,how accurate we guessed on the online or in person graphs - i want to say quantative because they are just numbers,topic_1,0.04975058022852186
80,"The variables was whether the triangle or circle bar was taller, this is categorical. The other variable was the prediction made by the people being sampled, this is quantitative.",topic_1,0.05758424714908957
81,Our personal information and how accurately we could determine dimensions.,topic_1,0.05139041520396944
82,One variable is what kit the participant was given to use during the survey. This would be a categorical variable. Another variable could be what height each participant said the model/graph was. This would be a quantitative variable as there is a complete range of possible entries. Another variable might be the percentage of questions participants got correct. This would be a quantitative variable. A fourth variable could be if the participants met a set threshold for correct answers. This would be a categorical variable.,topic_1,0.02441343519791306
83,The different sizes of the columns are compared to another bigger one. The variables are quantitive.,topic_1,2.2340544974897974e-308
84,The smaller and bigger columns and the difference in them. The variables are quantitive because we are looking at the different sizes of the columns which could be changed to amounts of money to be compared.,topic_1,2.1994249339094094e-308
85,"Independent:the type of model (categorical digital 2D, digital 3D, physical model)

Dependent:the accuracy of the guess (quantitative)",topic_1,0.02370303954996523
86,Which one was high which is categorical and by how much which is quantitative,topic_1,1.517287130976509e-308
87,"The two variables that we examined were which of the two selected bars were smaller, which was a categorical variable, and how big the smaller bar was in relation to the larger bar, which was a quantitative variable.",topic_1,2.035009447779222e-308
88,"the independent variable was the blocks they were given (categorical)

dependent is what height they guessed and how accurate (Quantitative)",topic_1,0.29635704790084677
89,The variables examined would have been what percentage the different spaces on the charts represented which is a quantitative variable.,topic_1,0.04517616946056027
90,"People learn better in 2D graphs than 3D - Categorical 

 

People have a higher chance of getting a question right when they use a 3D graph - Quantitative",topic_1,0.027689053835373935
91,"There were many variables, but I think that most of them were quantitative, because when we were doing the experiment, it was a lot of guessing with numbers.",topic_1,0.05038766011464824
92,"graphical encoding types, which are categorical

accuracy of participant estimates which is quantitative

task type or graph type, categorical",topic_1,0.03169762642067623
93,"Online vs physical (categorical)

data percent perceived (quantitative)",topic_1,0.04676818353083437
94,"The experiment looked at a mix of chart features and participant responses. It compared different chart types—2D digital, 3D digital, and 3D printed—as well as how the bars were arranged (either next to each other or separated), which are both categorical variables. Participants were asked to judge which bar was smaller and estimate the ratio between them, giving quantitative data. The actual ratio and the error in their guess were also measured, both of which are quantitative too. So overall, the study tracked both the kinds of charts used and how accurately people could read the data",topic_1,1.363904015570149e-308
95,"time- quantitative, shape-categorical, color-categorical",topic_1,2.2606719634890275e-308
96,One variable was if the graph was 3D or 2D on the computer which would be quantitative. Another variable would be what color the printed graph was which would also be quantitative.,topic_1,1.61892701098314e-308
97,The variables examined were if the participants were able to identify with decent accuracy the correct data from the 3D bar chart.,topic_1,0.035394884125713934
98,I feel like a variable of this could be the judgement of the graphs. This would be a categorical variable.,topic_1,0.03741494017080253
99,"Explanatory: 2D vs 3D (categorical) 

Response: The estimated distance/height between the two (quantitative)",topic_1,0.037985264744250374
100,"The symbol pi was used, and so were Hypothesis A and Hypothesis O.",topic_1,0.05042380790842352
101,Which graph used (categorical) and how accurate the reading was (quantitative),topic_1,1.452468223671707e-308
102,the variables that were examined where the number of the graph and how tall we thought each bar was. The heigh we thought the bar was is a quantitative variable. The bar that was observed would be a categorical value.,topic_1,1.6966881988428167e-308
103,"Height of the graph (quantitative)

Participants correct answer vs not (categorical)",topic_1,0.03842574583038853
104,"Accuracy of guess: quantitative 

Medium: qualitative",topic_1,0.04233480348174252
105,"Chart format categorical, time to complete response quantitative, judged ratio quantitative",topic_1,1.384879815337737e-308
106,hours of sleep and it is quantitative,topic_1,0.030213278144756564
107,The ratios of the circle bar compared to the triangle var were examined. I would say finding the ratios is a quantitative variable.,topic_1,0.04973937240743748
108,"number of scores that students get right, quantitative

type of problems given, categorical",topic_1,1.454075392021366e-308
109,"The type of graph was a variable that was examined, and this variable is a categorical variable. other variables that were examined were, the true height between the bars and the height found by the participants. both of these are quantitative.",topic_1,1.757890151946573e-308
110,"The variable examined were the bar graph data between two bar A and bar B. It could be categorical because you are choosing which graph is greater, either A or B not a number.",topic_1,1.7014646789201385e-308
111,"variables

which was bigger a or b - this is catagorical

What percent bigger - quantitative",topic_1,0.017189461964391754
112,"The number of people who participated in this, quantitative

Examining 2d and 3d graphs, categorical",topic_1,0.04477173196228972
113,"Height of the bar- quantitative 

Correct/ incorrect guess- categorical",topic_1,0.025929821432181387
114,"Graph type, which is categorical because it's a category so it's categorical. And valid perceptions, which I suppose could be quantitative because you could convert it into a ratio.",topic_1,0.031576624162605586
115,"Chart Type: categorical

Bar spacing: categorical

Ratio accuracy: quantitative

Bar size: quantitative",topic_1,1.3458798142267e-308
116,"Whether or not participants could correctly guess difference - categorical

How far off participants were in their guesses - quantitative",topic_1,1.492000777304698e-308
117,"One variable was correct or incorrect answers with 2D graphs, which is categorical. Another variable was correct or incorrect answers with 3D graphs, which is also categorical.",topic_1,0.03924344444325186
118,"The variables were the data model formats presented and the values assigned to each perceived value of said data models. The data model formats are categorical, either 2D or 3D, and the values assigned to each data model is a quantitative variable, assigning numerical values that can be averaged and calculated against.",topic_1,0.0446844988001856
119,"Some were asking which bar had a bigger value. -- categorical

Some were asking to give a value to a bar. -- quantitative",topic_1,1.4780673199847327e-308
120,"bar height (quantitate) 

bar color (categorical) 

label on each bar (categorical)",topic_1,0.02158389944695182
121,"graph type, categorical

ratio of bars, quantitative

accuracy of judgment, quantitative

individual participants, categorical

bar grouping, categorical",topic_1,0.02517154165372028
122,Variables that were examined would be graph difference in height which is quantitative.,topic_1,0.051396950924887615
123,if the graph is larger. Categorical,topic_1,1.567777596205954e-308
124,"Chart Type: Categorical

Participant Judged ratio: Quantitative

Ratio between bars: Quantitative

Log error of judgement: Quantitative

Which bar is smaller between bar a and bar b: Categorical",topic_1,1.308798356211823e-308
125,One variable was if the graph was 3D or 2D on the computer which would be quantitative. Another variable would be what color the printed graph was which would also be quantitative.,topic_1,1.632029974479062e-308
126,"graphical encoding types, which are categorical

accuracy of participant estimates which is quantitative

task type or graph type, categorical",topic_1,0.03476860473144768
127,the variables that were examined where the number of the graph and how tall we thought each bar was. The heigh we thought the bar was is a quantitative variable. The bar that was observed would be a categorical value.,topic_1,1.759625587434965e-308
128,"time- quantitative, shape-categorical, color-categorical",topic_1,2.2757856032603413e-308
129,Which graph used (categorical) and how accurate the reading was (quantitative),topic_1,1.441911034971181e-308
130,I feel like a variable of this could be the judgement of the graphs. This would be a categorical variable.,topic_1,0.03650066783823464
131,"The experiment looked at a mix of chart features and participant responses. It compared different chart types—2D digital, 3D digital, and 3D printed—as well as how the bars were arranged (either next to each other or separated), which are both categorical variables. Participants were asked to judge which bar was smaller and estimate the ratio between them, giving quantitative data. The actual ratio and the error in their guess were also measured, both of which are quantitative too. So overall, the study tracked both the kinds of charts used and how accurately people could read the data",topic_1,1.3765153061797397e-308
132,"There were many variables, but I think that most of them were quantitative, because when we were doing the experiment, it was a lot of guessing with numbers.",topic_1,0.052916566491920045
133,The variables examined were if the participants were able to identify with decent accuracy the correct data from the 3D bar chart.,topic_1,0.035230789394726646
134,"People learn better in 2D graphs than 3D - Categorical 

 

People have a higher chance of getting a question right when they use a 3D graph - Quantitative",topic_1,0.02742566368234981
135,"the independent variable was the blocks they were given (categorical)

dependent is what height they guessed and how accurate (Quantitative)",topic_1,0.28088135751488796
136,"The symbol pi was used, and so were Hypothesis A and Hypothesis O.",topic_1,0.05237339139219154
137,The variables examined would have been what percentage the different spaces on the charts represented which is a quantitative variable.,topic_1,0.04473786068173962
138,"Online vs physical (categorical)

data percent perceived (quantitative)",topic_1,0.046750132576840644
139,"Explanatory: 2D vs 3D (categorical) 

Response: The estimated distance/height between the two (quantitative)",topic_1,0.037929925604728375
140,The variable examined was what height we thought the shorter graph was compared to the larger bar. This variable was quantitative.,topic_1,0.04749422420827402
141,The variables being examined were that of: 'accuracy in estimation of the distances' and 'male vs. female'. I would say both are categorical.,topic_1,0.04985024576641012
142,[expirement -2.docx] (/users/286374/files/21155815?wrap=1&verifier=fC22T9TgCcZie7zS8sKiVPG12cMajTtaj2MbI7Lo),topic_1,0.04597197271457844
143,"Here are the main variables examined in the experiment:

 

* Chart type (2D, 3D digital, 3D printed) – Categorical

* Bar layout (adjacent vs. separated) – Categorical

* Ratio judgment given by the participant – Quantitative

* Accuracy of the ratio (measured as log error) – Quantitative

* Which bar was identified as smaller – Categorical

These variables helped the researchers measure how chart format and layout affect people’s ability to judge data accurately.",topic_1,1.3152490942777746e-308
144,"Accuracy - quantitative 

Gender - categorical

Age - categorical

Taking STATs? - categorical",topic_1,0.044794947654750075
145,Circle and triangle,topic_1,0.06615820625110369
146,"Effectiveness of 2D screen graphs: Categorical

Effectiveness of 3D screen graphs: Categorical

Effectiveness of 3D in hand graphs: Categorical",topic_1,0.02781006649874932
147,"The amount of time spent on each question - quantitative 

Which tower was taller - categorical",topic_1,0.09897530884795588
148,"The variable that was examined was if the circle or square tower was higher, which is a categorical variable.",topic_1,0.04626656124123545
149,The variable that was exmined was triangle or circle and that is categorical.,topic_1,2.476515266664566e-308
150,Which bar was bigger and what the percentage bigger- quantitative.,topic_1,1.365316685608016e-308
151,One variable was the height of the graph and that was quantitative because it asked for how tall they were and also categorical because on the graphs they had the circle or triangle.,topic_1,1.691941683321018e-308
152,"Height of the towers - quantitative 

Which tower was taller (triangle or square) - categorical",topic_1,0.10995758855552902
153,"Selecting whether circle or triangle was the highest or lowest compared to each other, and I selecting by how much lower or higher. I think that this experiment is quantitative.",topic_1,2.564874058488825e-308
154,"Bar height estimation: quantitative.

Trial number: quantitative.

Participant ID/code: categorical.",topic_1,0.04800752896581535
155,it was quantitive because we are guessing a number or percentage based on the naked eye,topic_1,1.580069733058563e-308
156,"The person's favorite animal, which is categorical. And their estimation of bar height percentages in each scale which is quantitative.",topic_1,0.05495433683158765
157,"Bar graph size: quantitative

What kind of graph: categorical",topic_1,1.6419559928481833e-308
158,"same graphs given to everyone, assigned in different orders both are categorical",topic_1,1.569560220607827e-308
159,"Human analysis ability - quantitative

tower height - quantitative

bigger or smaller - categorical",topic_1,0.08763281802489052
160,"Triangles and circles, this is categorical. Shorter versus taller graphs or models, this is categorical. The actual hight of the shorter section of the table/graph, this is quantitative.",topic_1,0.041377191587440645
161,"One variable that was examined would be if the participant guessed the right proportion which would be qualitative.

Another variable that was examined was age group, this was also qualitative.",topic_1,0.03580667885049813
162,"charts you got correct online- categorical

charts you got right with physical copy- categorical",topic_1,0.028919678141977007
163,"Height of a bar, categorical.",topic_1,1.4685652535476213e-308
164,"How long we think the block is, quantitative 

Which block is smaller, categorical",topic_1,1.0
165,"The different types of graphs, being physical, 2d, or 3d- quantitative 

The size of the bar in question- quantitative

If it was either a circle or triangle bar- categorical",topic_1,1.6940696762250364e-308
166,"triangle or circle bar--categorical 

the height of the bar--quantitative",topic_1,0.03967897972651503
167,The variables examined were the proportion of one tower to the next and if it was a star or circle. The first one is quantitative and the second is categorical.,topic_1,3.259552617264309e-308
168,Quantitative because there were more then two possibilities.,topic_1,1.685373143586249e-308
169,"Is the bar shorter vs taller - categorical

What percent shorter or taller is the bar - quantitative",topic_1,1.422193405809072e-308
170,"* If the students can estimate the height of the block properly - categorical

* The package of bars given to the students - quantitative",topic_1,1.0
171,"There were at least two variables recorded, whether the subject got the percentage right, and whether they stayed consistent. These were both categorical.",topic_1,1.52502233877932e-308
172,Interpretation of graphs - Quantitative,topic_1,1.526110372492533e-308
173,"* the percentage guess = quantitative

* did they follow directions (was the guess close at all) = categorical",topic_1,1.5697373989931685e-308
174,"which bar was larger, circle or triangle. this is categorical

how many units tall is the shorter bar if the larger bar is 100. this is quantitative",topic_1,0.03293735699736181
175,"1. chart type: categorical

2. bar spacing: categorical

3. spacing between bars: quantitative

4. individual judgement: quantitative

5. accuracy: quantitative

6. size (a or b): categorical",topic_1,0.02545514078130996
176,Type of bar chart (categorical) and the height judgement (quantitative),topic_1,0.0231879432730191
177,"Type of Graph (2D, 3D digital, 3D printed)

Categorical

Perceived Bar Ratio 

Quantitative

Accuracy of Comparison 

Quantitative

Participant's Choice of the Smaller Bar 

Categorical

Order of Chart Presentation

Categorical",topic_1,1.309511523358261e-308
178,"The main variable looked at where the different types of graphs in the accuracy of the individuals answers the type of graph whether it was 3-D 2-D, digital or 3-D printed there is a category variable because it will involve different groups of categories, so the accuracy of the ratio judgment is quantitive because it measures with numbers specifically using a log air formula, another possibility is a categorical variable. This could be the layout of the bars like is it adjacent or separated.",topic_1,0.02541418440787438
179,na,topic_1,0.06247176382627131
180,"Type of Data visualization: categorical variable with three levels, 2D graphs, 3D digital graphs, 3D printed graphs

Ratio of Smaller Bar to Larger Bar: Quantitative variable the ratio is numerical values

Perceived Ratio of Smaller Bar to Larger Bar: Quantitative variable it represents the participants estimate of the ratio

Log Error of Ratio Judgment: Quantitative variable its a calculated numerical value representing a difference

Bar Chart Comparison Type: categorical variable with two levels, adjacent and separated",topic_1,1.296158997619584e-308
181,The size of the graph - quantitative,topic_1,1.5681550636093917e-308
182,The variables examined were the block size percentages compared to one another. They were quantitative because we were guessing the size of the block based upon another.,topic_1,1.0
183,"the people used - categorical

and the style of bar chart- categorical",topic_1,0.02954642108292318
184,"This experiment examined multiple variables, including quantitative variables and categorical variables. Quantitative variables include the proportion value estimated by the participants (the relative length of the triangular cuboid and the circular cuboid) and the true value of the proportion, which are numerical data that can be mathematically calculated and error analyzed. Categorical variables include the shape of the labeled figure (circle or triangle), the number or code of each model (used to distinguish different 3D bar graph models). By analyzing these variables, the experiment can explore whether the shape of the figure and the characteristics of the model have a systematic impact on the estimation of visual proportions.",topic_1,1.3206956801814617e-308
185,categorical,topic_1,1.771753028724263e-308
186,"Accuracy of noticing the tallest of the bars: qualitative

Type of graph: categorical

Response time: qualitative",topic_1,0.035084322704802266
187,The variables were how we were able to read the graphs.,topic_1,1.610396205645392e-308
188,"The ratio of heights was categorical, each graph was presented quantitatively, and then the test was administered categorical.",topic_1,0.039196327013729444
189,"One variable is the type of chart, which is categorical. Another variable is the accuracy of bar size judgement, which is quantitative.",topic_1,0.04475528256384539
190,"size estimated - quantitative

over or underestimate - categorical",topic_1,0.033046264038454315
191,Variables examined were participants reading charts and making judgements without physical measuring and this is qualitative and they found the difference in their judgement and the actual result and this is quantitative.,topic_1,0.03885569637776676
192,"The variables examined were the X, Y, and Z axes (quantitative), the color of the points  (categorical), and the shape of the points (categorical).",topic_1,0.04294712452587088
193,"I do not remember the exact variable used, but they were most likley categorial because we did not have to do any numerical calculations.",topic_1,0.04984712244487667
194,"The variables that are examined are the chart type which is categorical, bar spacing which is categorical, true ratio between bars which is quantitative, participant’s judged ratio which is quantitative, log error of judgment which is quantitative, and which bar was chosen as smaller which is categorical.",topic_1,1.3579711188246326e-308
195,"1. Type of graph – Categorical

2. Accuracy of bar height judgment – Quantitative

3. Time taken to respond – Quantitative

4. Participant background or experience – Categorical",topic_1,0.03769681457959334
196,The quantitative variables were the participant's numerical guess and the actual answer. The categorical variable was the type of graph.,topic_1,0.03562154223368398
197,"Type of chart- categorical

If the correct answer was given- quantitative",topic_1,0.028328710325391943
198,"1. Age of the Cow

*

Type: Quantitative

*

Description: The exact age of each cow, usually measured in years or months, to identify how age influences calving difficulties.

2. Calving Difficulty

*

Type: Categorical

*

Description: A classification of how difficult the calving process was (e.g., easy, moderate, or difficult). This could be assessed based on the need for human intervention or complications during delivery.

3. Calving Assistance Type

*

Type: Categorical

*

Description: The type of assistance provided during calving (e.g., no assistance, mechanical assistance, veterinary intervention, etc.).

4. Calving Outcome

*

Type: Categorical

*

Description: The outcome of the calving process (e.g., healthy calf, stillbirth, live calf with complications). This could also be categorized based on the health of the calf or cow after the birth.

5. Weight of the Cow

*

Type: Quantitative

*

Description: The weight of the cow could be used to explore how body condition or size influences calving ease.",topic_1,0.037901074578931
199,"Some variables that were mentioned in this abstract were the bar spacing/color, and also how the graph was being formed or the orientation of the graph whether it was horizontal, or vertical pertaining to the data collected. These variables are categorical. Other variables such as the height of both bars (2D and 3D), and the size of the data represented, are examples of quantitative variables.",topic_1,0.03682062491244559
200,"Graph type- categorial 

Bar grouping type- categorial 

Judged ratio of bar heights- quantitative

True ratio of bar heights- quantitative

Error in ratio judgement- quantitative",topic_1,0.02325651764893829
201,The categorical variable would be if students were able to perceive data better with the 3D models.,topic_1,0.029947918471894423
202,"Variables I remember asked was age and if I was a member of stat 218. Age is quantitative and if I was in the class or not is categorical. The response variable is my score on the experiment, quantitative.",topic_1,1.839258230036203e-308
203,"The variables which were examined where the type of graphical display (categorical) as well as the graph features; color, size, and shape, which is also categorical. Another variable examined would be the accuracy of participants responses. This would be quantitative because students were asked to give a number for a portion of the graph depending on the number assigned to the other portion of the graph.",topic_1,0.029283993125399532
204,"Explanatory variable: Type of graph (i.e., 2D, 3D, or 3D printed); categorical
Response variable: Accuracy of participant in estimating bar length; quantitative.",topic_1,1.551708950690979e-308
205,The variable that was examined in this experiment is if people view 2D and 3D differently and which is more accurate.  It would be categorical because there are only two groups.,topic_1,0.03132508662721116
206,"The actual height difference between the blocks is quantitative, as the testers estimated. The estimation of error would also be quantitative. The taller block correctly identified would be categorical.",topic_1,1.0
207,"*

How long something took – that’s a number, so it’s quantitative.

*

What choice someone made – like picking A or B, that’s a categorical variable.

*

Which group someone was in – like Group 1 or Group 2, that’s also categorical.

*

How many things someone got right – that’s a number, so it’s quantitative.",topic_1,0.03452288223132347
208,"Percentage - quantitative

How many people guessed what number - quantitative",topic_1,0.030903364145492686
209,"Im not sure what variables were exactly examined. I belive this reflection should be closer to the time we take the experiment, as we are college students trying to retain a lot of information, especially me as a senior graduating this year. I hardly remember the expeierment",topic_1,0.04451531573806135
210,"The experiment looked at the type of graph and bar spacing, which were categories. The judged ratio and log error were numbers. The correct bar choice was also a category.",topic_1,1.2960977245483216e-308
211,Ratio accuracy and Graph type,topic_1,1.2802457763917597e-308
212,"*

Chart type (2D, 3D, 3D printed) – categorical

*

Ratio judgment accuracy – quantitative",topic_1,0.023532967153194268
213,"Chart Type is categorical, the bar type was categorical.",topic_1,0.029311305240420995
214,The variables examined were the use of a computer or physical model. This was categorical. The response variable was how close to the true value the students responses were. This response was quantitative.,topic_1,0.0216761949422919
215,"Bar size- quantitative

Age- categorical

Education- categorical

Sex/gender- categorical",topic_1,0.04824663334201387
216,"The first variable is which bar was smaller, circle or triangle; categorical. The second variable is that if the bigger/taller bar of the two was 100 units, what is the size of the smaller; quantitative.",topic_1,2.4394610640009047e-308
217,"Categorical: chart type - 3D vs 2D charts

Quantitative: Response Time - how long it took to make a judgement",topic_1,0.03625016105409629
218,"quantitative data

the percent height difference between the two bars",topic_1,0.021845718072205825
219,"How good a person's memory is - qualitative 

How good of eyesight they have - qualitative

seeing or not seeing color - qualitative",topic_1,0.039439443414866965
220,"Categorical is whether triangle or circle was smaller or taller, and quantitative would be the number of units of the smaller one compared to the taller one.",topic_1,0.04215456592009367
221,the size of the columns and that was quantative,topic_1,2.5168480475263873e-308
222,One variable could be which graph the student said was the smallest. This is categorical because it was either a circle or a triangle response.,topic_1,1.51081259544625e-308
223,"We first decided what tower was taller (whether the circle or triangle), this was fairly easy (categorical). Then we compared the 2 towers and gave an estimation how tall the shorter one was if the other was 100 units high (quantitative).",topic_1,0.07061014847962727
224,The size of the stacks was given which would be quantitative seeing as it was a numbered amount.,topic_1,2.545407478250193e-308
225,"Independent: Gender (categorical) 

Dependent: accurate interpretationEach  of graphs (quantitative)",topic_1,0.02103609485884456
226,"Size of bar graphs (height): quantitative

If triangle or circle was smaller than the other: categorical",topic_1,0.03509801597579808
227,"Categorical: Circle vs. Triangle 

Quantitive: Difference in units between the circle and triangle",topic_1,0.06516517284913385
228,how accurate our observed ratio is to the actual ratio :quantitative,topic_1,0.0366118007905295
229,"The independent variable is the type of graph viewed (screen or in-person), which is categorical. The dependent variable is the numerical value the participant assigned to the bars, which is quantitative.",topic_1,1.7102596807086907e-308
230,"smaller or larger bar: categorical

how much bigger or smaller: quantitative",topic_1,1.4185213351603024e-308
231,"Which bar was larger-categorical

Percentage- quantitative",topic_1,1.3517916704544236e-308
232,"The graphs, categorical

The measurements, quantitative",topic_1,1.6408006174887453e-308
233,The variable observed was how well each student did on the examination. This was a quantitive variable.,topic_1,0.04520547397924568
234,"Bars - Quantitative

Gender - Categorical

Age - Quantitative",topic_1,0.047419495971402506
235,"Students ability to understand graphs - Categorical

Students ability to identify the matching picture of the graph - Categorical",topic_1,0.03741960538738098
236,"The variables examined were the heights of the graphs, and this would be quantitative. I also think that other questions we were asked were along the lines of ""is line A taller than line B"", which would count as a categorical answer, being ""Yes"" or ""No"".",topic_1,1.8604346503919587e-308
237,"Type of model (physical/digital): categorical

Accuracy of identifying proportion: quantitative",topic_1,0.02958130984365017
238,"The time it takes to identify the taller one and the methods by which one identifies the taller one such as how they choose how much taller/shorter the block is. This would be quantitative. 

Whether students choose the right or left block as the taller one is categorical. 

The number in which students measured the difference in height of the blocks would be quantitative.",topic_1,1.0
239,"The experiment most likely looked at characteristics like the number of blocks counted or estimated (quantitative), the color or arrangement of blocks (categorical), and the accuracy of student replies (quantitative). These variables were used to investigate the effects of visual data presentation on interpretation and estimating abilities.",topic_1,0.04035139521403462
240,Heights of figures compared to other figures: quantitative,topic_1,0.028182223211498443
241,There were categorical and quentitative variables being examined.,topic_1,1.8269235464944123e-308
242,"The different variables were the bar graph that the student is examining (categorical), and the percentage at which the student thought the bar was at (quantitative).",topic_1,0.04033396265817466
243,The proportion of the bars on the graph were examined. This is a quantitative variable.,topic_1,0.04495047246064774
244,"The study examined several key variables. Chart type (2D, 3D digital, or 3D printed) and bar spacing (adjacent or separated) were categorical variables. The true ratio of the compared bar heights and the participant’s judged ratio were both quantitative variables. The error in perception, calculated as log2 error, is also a quantitative variable. Additionally, the identification of which bar (marked by a circle or triangle) was smaller is a categorical variable. These variables collectively helped analyze both accuracy and perception across chart types and layouts.",topic_1,1.281008832025341e-308
245,The level of shape (quantitative),topic_1,0.06475961743469587
246,"Color- Categorical

In-person versus picture- Categorical",topic_1,2.111836147028118e-308
247,The variables would be the graphs which is quantitive and the students would be categorical.,topic_1,0.023073953706280535
248,"Possible variables include task completion time (quantitative), accuracy of performance (quantitative), and participant feedback or preference for certain models (categorical). If models were labeled by design type, that would be another categorical variable. If ratings were collected on a scale (like a 1–5 satisfaction scale), those would be quantitative as well.",topic_1,0.04642777859201513
249,"Which version of the graph they are using (2-D, 3-D, 3-D digital) - Categorical

Accuracy in peoples answers about the height - Quantitative",topic_1,0.0273171436708241
250,which bar graph is easier to read which is categorial.,topic_1,0.05270170556634302
251,I don't remember a lot of the experiment since it was so long ago but I know we were asked to choose the larger or smaller part and I feel that would be both categorical and quantitive.,topic_1,0.044891686162914855
252,"The variables examined are computer bar graphs vs 3D printed bar graph which are categorical, and the other variable is how close the estimated values are to the actual graph values which is quantitative.",topic_1,0.03789285928267563
253,"some variables that i remember from the experiment include, height of the block(quantitative variable), The circle or triangle shape on the block specifying which height to focus on (categorical), the bag participants got (categorical).",topic_1,0.4072694674258017
254,shape of part on graph is categorical and percentages on the comparison of the percentages is quantitative.,topic_1,0.05573402487536433
255,"The variables examined might have included things like the type of chart shown (categorical), the accuracy of responses (quantitative), and possibly the amount of time taken to complete tasks (quantitative)",topic_1,0.03871663924062372
256,variables where the data represent groups.,topic_1,0.03856600407172807
257,The variable of which shape was smaller or larger. (quantitative),topic_1,0.05973045533514646
258,"The variables being examined are weather or not the triangle or circle was smaller and correctly identified. That would be categorical. a yes or no. Another variable could be how far off or on peoples guesses where, if most people thought were smaller or bigger. That would also be categorical variables. More over, or more under.",topic_1,2.551791774929858e-308
259,"categorical, whether the triangle was smaller or the dot.",topic_1,0.05933369023760496
260,Type of student (categorical) and distance between the two graphs (quantitative).,topic_1,0.03672609038600296
261,Categorical  triangle or circle,topic_1,0.06840822280913093
262,"The variables that are examined is which column is bigger, which is categorical, and the difference of value between the columns, which is quantitative.",topic_1,2.061354786921917e-308
263,It was categorial and it was based off of whether the triangle or circle bar was smaller.,topic_1,2.366674774377356e-308
264,"The variables was which one of the circle and the triangle was smaller, and also by how much it was smaller. The circle or triangle is categorical and the how much smaller is a percentage so its quantitative.",topic_1,2.640851615915218e-308
265,size of the bar if it was smaller or larger - categorical,topic_1,0.021628497327715247
266,"Independent variable: which bar was shorter- categorical

Dependent variable: how much shorter was the bar compared to the larger bar- quantitative",topic_1,1.423483124575818e-308
267,"Which bar is smaller - categorical

how much smaller was one bar compared to the other - quantitative",topic_1,1.3862948548723485e-308
268,One variable would be how the graphs were displayed making it categorical and the other variable would be the amount of times the answers were correct making it quantitative.,topic_1,0.03501916892410937
269,"Difference in height of bar- quantitative 

Which bar was small (circle or triangle)- categorical",topic_1,0.03404730803695723
270,"Stistical graphics - quatitative 

the circle and triangle- categorical",topic_1,0.06611734879797572
271,"One of the variables observed was the color intensity, which is quantitative. As well as the estimated variables of how much smaller the units are. A couple of categorical groups observed are gender, age, and education level.",topic_1,0.0456689714892588
272,"The quantitative variables present are the numerical values associated/estimated with each color shade or height, and how accurate the responses were. The categorical variables measured are which letter represents a larger value (Y or y).",topic_1,0.04214522081251112
273,"Did the participant answer correctly - categorical

How confident was the participant- categorical 

What the participant estimated the quantity of the smaller value to be - quantitative",topic_1,1.579106474951285e-308
274,"Variables were which letter was larger (categorical), and how much larger than the comparison (quantitative).",topic_1,1.9952711644368024e-308
275,"The variables examined were the heat map type, the locations of objects on the heat map, and the rating of the difference between the two objects. The first two variables listed are categorical because they refer to visual data that cannot be counted. The last variable is quantitative because you are answering based on a numeric scale.",topic_1,0.05003437509805684
276,It was probably testing how people used visual information like color and location on the grid to show which two things are bigger and base it on a number value.,topic_1,1.3873387587319325e-308
277,There was a categorical variable in form of determining which area represented a larger number as well as a quantitative variable when I had to estimate the difference of two areas represented by a number.,topic_1,0.03979331620043923
278,The variables that were examined were which letter was higher in value and how much less the second letter was compared to the first. The first is categorical and the second is quantitative.,topic_1,1.9484002084334443e-308
279,"*

Independent variable: How the heat map was presented or how the values were spread across the grid 

*

Dependent variable: Whether the participant picked the right letter",topic_1,0.05129044809818321
280,"If people can correctly identify which value is larger; categorical

If people can correctly estimate the difference between two values; quantitative",topic_1,0.031200403988354747
281,"color (darker or lighter)- categorical 

depth (categorical)- higher or lower 

slider (quantitative)",topic_1,0.037631102452501834
282,"One variable was whether or not the participant had access to the 3D-printed charts. This is a categorical variable because it’s a yes or no question. Another variable could be how accurate the participants were in answering questions about the data — this would be a quantitative variable because it deals with numbers, like how many answers they got right. They might have also looked at how long it took people to answer questions, which is also quantitative, since it's measured in time. There could be other categorical variables too, like whether the person was a student or not, or what kind of device they used.",topic_1,0.03590586081321021
283,"Color Intensity (shade on the heat map): Quantitative (represents a numeric value).

Letter Label (e.g., ""R"" or ""r""): Categorical (identifies a specific position/value).

Relative Position on the Grid: Categorical (row/column location).

Estimated Smaller Value (slider response): Quantitative (numeric scale from 0-100).",topic_1,0.05141701718576933
284,"Independent variable would be each student that participated which would a quantitative variable based on how many actually participate. Categorical variable would be ""which answer did they choose for each question"".",topic_1,1.778539801961417e-308
285,"There were two variables with were the factor 1 and 2. These were the axis variables and main area of interests which was represented by color that define the heat map grid. The variables are quantative because they are based on numbers, for example the higher or lower the number the warmer or colder it would be.",topic_1,0.05050775625225736
286,the variables that were examined were which was the larger value and since it wasn't numbers and only letters that is categorical and then the second variable was how much smaller is the smaller variable and that would be quantitative because that was when we were given numbers.,topic_1,1.995470206119434e-308
287,"* Graph type, categorical (3D or flat)

* Which of the two quantities was larger, categorical

* Approximate difference between the two quantities, quantitative",topic_1,0.04208619696010541
288,"The variables examined are as follows: 

1. Current enrollment in a statistics class: categorical 

2. Male or Female: Categorical

3. Access to 3-D models: categorical 

4. Type of test (2-D v 3-D): categorical 

5. Which coordinate was chosen as higher or lower in temperature: categorical 

6. The number of accurate choices: Quantitative",topic_1,0.029256462574024308
289,"The type of Chart: 2D or 3D, Categorial.

Accuracy of reading: quantitative.",topic_1,0.036021368978560245
290,"A couple of variables that were examined could have been either 2-D or 3-D, the score or accuracy, and the amount of time taken to preform the experiment. 2-D or 3-D is categorical because it places the two into different groups. Score or accuracy is quantitative because it is a numerical measurement showing how well you preformed. Lastly, the amount of time it took is quantitative because it is a numerical value representing duration.",topic_1,0.03227878525397962
291,"color: categorical

height: quantitative",topic_1,2.3450771263206126e-308
292,"Variables:

* if the respondent identified the greater of 2 choices correctly (categorical)

* how close the respondent was to the correct valuation (quantitative)",topic_1,0.027182620578386673
293,The variables being designed were size/color (categorical) and units of value (quantitative).,topic_1,0.05374712974933538
294,"Response variable- how accurate the reading of the graph is 

Explanatory variable- The type of graph used

Both are quantitive",topic_1,0.015056377457490782
295,One variable that was examined was the difference in size of the graph bars which is quantitative. Another variable that is examined is how close to the right answer the test taker is which would categorical.,topic_1,0.03341900655534912
296,"whether or not student got it right is categorical

the amount of student that changed their answers for the same questions is quantitative",topic_1,1.4837700568101053e-308
297,"Which one was smaller, categorical

Which one was larger by what amount, quantitative",topic_1,0.022519261749432265
298,"Age: Quantitive 

Favorite zoo animal: Categorial",topic_1,0.04057536360961978
299,"The first variable is deciding which graph is smaller and this is categorical because we are choosing between two options. The second variable is deciding how much smaller the smaller bar on the graph is, which is quantitative because we are determining an amount.",topic_1,1.7501172224741347e-308
300,One variable was the type of graph presented (categorical) and the other was people’s perception of the graph (categorical).,topic_1,1.5962311703571393e-308
301,I think it was categorical whether the participant identified the correct smaller bar and then quantitative how close the slider was to the actual size of the bar.,topic_1,1.9751275522775916e-308
302,"Independent: chart type (categorical)

Dependent: accuracy of ratio judgment (quantitative)",topic_1,0.020842232049546917
303,"The variables were which graph was smaller and how much smaller the bar is compared to the larger one. 

Deciding which graph is smaller is categorical.

How much smaller the bar is, would be quantitative.",topic_1,1.760441073726492e-308
304,"One variable is how many graphics a student was able to successfully perceive - this variable is qualitative.

Another variable is how well students were able to read information from charts and how far off they were from the actual measurement- this variable is also qualitative.",topic_1,0.03827203903276827
305,"color- categorical

dimension-categorical

size-quantitative

understanding-categorical",topic_1,2.1946500448020524e-308
306,"the variables were:

which bar was perceived as smaller: categorical 

how much smaller the bar was to the taller one: quantitative",topic_1,2.13294247465135e-308
307,The variables that were examined were if either the triangle or circle bars were smaller (categorical) and then determining how small said bar was in comparison to the other (quantitative).,topic_1,2.5573271166739504e-308
308,The variable examined were weather the graph was 2D or 3D which is categorical.,topic_1,0.034603762626763006
309,"The variables that were examined were what type of chart, 2D or 3D, and this was categorical. The also examined the variable of how accurately the participant was able to compare the difference in data. This was quantitative.",topic_1,0.039014946200145506
310,"* which bar was smaller (categorical)

* by how much smaller was the bar compared to the larger one (quantitative)",topic_1,1.398949493825381e-308
311,"Age range - Quantitive

Gender - Categorical

Accuracy of estimating size ratios - Quantitive",topic_1,0.0493800065885615
312,shape which is categorical and length of difference which is quantitative,topic_1,0.06180403428768215
313,"Which circle is bigger - categorical

How much bigger is the larger graph from the other - quantitative",topic_1,0.056421297209577725
314,"If the correct bar was identified as shorter - categorical

The difference in size for the two bars - quantitative",topic_1,1.4125698073242856e-308
315,"Which bar is bigger triangle or circle, categorical

How much smaller is the bar than the other bar, quantitative",topic_1,0.036685116247453964
316,Variables would be if the graph is smaller or larger- categorical,topic_1,0.029103076016928412
317,"Explanatory variable: is the difference between 2D and 3D graph types, this is categorical. 

Response variable: Which graph type has more accurate results/responses, this is quantitative.",topic_1,1.4964739979395173e-308
318,The variables were which was taller and that was categorical and where you slide the bar and that was quantitative.,topic_1,2.562606625395383e-308
319,"What were the two bars: Categorical 

How much bigger and smaller the bar is: Quantitative",topic_1,0.02180254846571607
320,The variables examined were proportional size and visual representation. Proportional size is quantitative and visual representation is categorical.,topic_1,0.05949533234434422
321,Which bar was smaller- categorical. Proportion of how much smaller the bar was to the larger bar-quantitative.,topic_1,1.3926179464291073e-308
322,"size - categorical

amount of size difference - quantitative",topic_1,0.030582899282971834
323,"2d or 3d height categorical

about how much smaller each bar was, quantatative",topic_1,1.480280853089843e-308
324,"3D or 2D printed - categorical

answers given - quantitative",topic_1,0.03474471767013795
325,Categorical,topic_1,1.7372462764927255e-308
326,which bar was larger which is categorical and how much smaller the smaller bar was which is quantitative,topic_1,1.440481814903213e-308
327,"Accuracy: quantitative 

weather they chose a square or triangle: categorical

How fast they took to take the survey: quantitative",topic_1,0.025501058677280555
328,"Variable 1: The smaller chart - categorical.

Variable 2: How much smaller one chart is compared to another - quantitative.",topic_1,1.7945760048608927e-308
329,"Which bar graph was smaller (categorical)

How much smaller or larger the graph was to the bigger graph (categorical)",topic_1,0.056381022807677185
330,"the variables examined were: 

* the 2-D graphs: catagorical 

* the 3-D graphs catagorical 

* wether the partipants chose the correct answer (circle or triangle was bigger) catagorical",topic_1,0.04574819139569984
331,"The variables examined were:

* Number of close friends (quantitative).

* Gender  (categorical).",topic_1,1.826070725015275e-308
332,"2D, 3D and 3D printed. Determining the size. These would be quantitative because it would be a numerical value.",topic_1,0.037896638422281775
333,"2D or 3D bar graph - categorical

Color of graph- categorical

Position of graph - categorical 

Size of graph - categorical",topic_1,1.658719551103459e-308
334,Types of graphs used. Categorical,topic_1,0.019876217502008894
335,The variables were quantitative because we had to gauge how much taller or shorter one of the bars was.,topic_1,0.031319749864314114
336,"Some variables in this experiment may include the quantitative variables of graphs that are interpreted correct or incorrect,  and how long it took each participant in the experiment to interpret the graphs and fill out thee experiment. 

The categorical variables include, how the information was presented and in what type of statistical graph, if the participant is in stats 218 or not or has any prior knowledge, and the age of the participants.",topic_1,0.03153575228453759
337,The percentage that one bar is of the another bar. It is quantitative.,topic_1,0.018954853828912918
338,"*

Understanding of Statistical Concepts: Quantitative – Measured through scores on assessment questions focused on concepts like significance, confidence intervals, and effect sizes after interacting with 3D models.

*

Improvement in Interpretation Skills: Quantitative – This could involve comparing pre- and post-experiment scores to see if the 3D models improved students' ability to interpret data.

*

Chart Type (2D vs. 3D Printed): Categorical – This variable examines whether participants using 3D-printed charts are more accurate in interpreting statistical data compared to those using traditional 2D charts, assessing the effectiveness of each chart type.

*

Ease of Interpretation (Self-Reported): Categorical – Participants might rate how easy or difficult they found the 3D models to understand, giving insight into perceived clarity.",topic_1,0.04051972993763643
339,Type of picture is categorical. The size selected was quantitative.,topic_1,0.05875166832900718
340,"The first variable is categorical and it would be whether or not the student was able to identify the smaller bar or not. This would be a correct or incorrect or yes/no variable. 

The second variable is quantitative and would be a numerical value of how far off the student was from the correct difference in size, measured in units, between the two objects.",topic_1,0.02793272275688996
341,"The explanatory variable for this experiment would be the dimension the rectangles were in, which is categorical. While the response variable would be the height of the second block, which would be quantitative.",topic_1,0.3160269699417218
342,"Whether the student answered the question correctly (categorical), or the proportion of correct answers (quantitative), whether the model was 3D or 2D (categorical).",topic_1,0.030955274835207915
343,"stats 218 students: categorical 

how many answered the question correctly: quantitative.",topic_1,0.025252865177536183
344,"From my memory, I believe the variables were what graph was proposed (how the data was presented) which would be categorical. The other variable would be what we determined the proportion of a specific block's height was compared to another block. This would be quantitative",topic_1,0.254793838868419
345,"the number for the graph- quantitative 

whether the graph was smaller or larger- categorical",topic_1,1.5675018635104217e-308
346,The variables examined were the independent and dependent variable and it was quantitative.,topic_1,1.8677770134793376e-308
347,"People: categorical

bar graphs: categorical",topic_1,0.030536025375597988
348,Percent of blocks being represented. It is a quantitative variable because it contains numbers.,topic_1,1.0
349,"Explanatory variable: Whether the blocks were 3D or 2D: Categorial 

Response variable: Size of the non-control block recorded: Quantitative",topic_1,0.4206995968776318
350,amount of time the test subject allocated for assignments. assignments are quantitative. Test subjects are categorical.,topic_1,0.042732559381792004
351,The variable observed was the height of one column compared to another and was quantitative.,topic_1,2.4250738101341855e-308
352,"Interpretation Accuracy:

Type: Quantitative

Description: A measure of how accurately participants interpreted the data in each graphic, likely represented by a score based on correct answers.

Interpretation Time:

Type: Quantitative

Description: The time it took each participant to interpret and answer questions about each chart, likely measured in seconds.

Confidence Level:

Type: Quantitative (if measured on a numerical scale) or Categorical (if measured by discrete levels like ""Low,"" ""Medium,"" ""High"")

Description: Participants’ self-reported confidence in their answers to questions about the charts.

Participant Background Knowledge:

Type: Categorical

Description: Experience level in statistics or familiarity with data visualization, potentially categorized as ""Novice,"" ""Intermediate,"" and ""Expert.""

Device Type:

Type: Categorical

Description: The device used by participants to complete the survey, such as ""Computer,"" ""Tablet,"" or ""Phone.""

Demographic Information (e.g., Age, Gender):

Type: Age – Quantitative; Gender – Categorical

Description: Basic demographic details that might be collected to see if they correlate with interpretation skills (e.g., age measured in years, gender categories).",topic_1,0.03808567062785979
353,"Height of Larger Bar
Quantitative: This is a reference height, fixed at some value (e.g., 100 units) since the participant makes comparative judgments.
Predicted Height of the Smaller
Bar (Quantitative): Participant's estimate of height of the smaller bar, usually asked with slider or input field.",topic_1,0.025302587849529868
354,"Which bar is smaller compared to the two picked out? categorical 

What is the height of the smaller bar graph out of 100? quantitative",topic_1,0.059022175838659624
355,"Graph values and trends; Categorical

Interpretation Accuracy; Quantitative",topic_1,1.493502390666152e-308
356,"Independent Variable:

The type of model (2D rectangle or 3D rectangular prism) – categorical.

Dependent Variables:

Perceived height of the shorter model in comparison to the taller model set at 100 – quantitative.

Error margin in estimation (difference between actual and estimated height) – quantitative.

Shape complexity (2D or 3D) – categorical.",topic_1,0.1289570404479723
357,The measured variable was the different strips that had the shapes on them and we had to find out which ones were bigger. I believe it was quantitative because it was measuring size and numbers.,topic_1,0.053208700657217875
358,"One variable that was examined was how the data was read, either online or the physical data. This variable is categorical. Another variable was the percent each subject estimated of the smallest bar compared to the largest bar. This variable is quantitative.",topic_1,0.04503576391866472
359,"Which bar its larger - categorical

 the ratio between the two graphs - quantitative",topic_1,0.057106596470985434
360,"gender of participant - categorical

difference length of bars - quantitative

age of participant - quantitative

whether a chart is 2D or 3D - categorical",topic_1,0.039691833681557515
361,"The type of graph being used to compare the accuracy between the different chart was categorical. 

The participants being used to guess the shapes measurement was quantitative.",topic_1,1.4050842669188953e-308
362,"Type of Model- Categorial 

Time Taken- Quantitative",topic_1,0.031377974657532864
363,"3D graph or 2D graph- categorical 

Ratio of the smaller bar to the larger bar- quantitative 

which bar is smaller- categorical",topic_1,0.025273610967686422
364,Since I do not know the full experiment I would guess that the participants were the independent variables because we were manipulated and the dependent variables would be quantitative because of how many questions we could answer correctly and accurately.,topic_1,1.8484917252553827e-308
365,The values examined were what people said the correct number on the graph was which was categorical,topic_1,0.02770158743156985
366,"Height of the graph: Quantitative 

Which one is smaller: Quantitative",topic_1,0.05592637299583757
367,quantitative: the amount of difference between the correct answer and participant response,topic_1,1.440450474698194e-308
368,"Height of bars - quantitative

Difference in height of bars - quantitative",topic_1,1.479364609757426e-308
369,"The variables that were examined was the background information asked in the beginning such as age, race, and sex. These variables would be categorical.",topic_1,1.875764771994196e-308
370,"The estimated height of the bar is quantitative, if the bar is shorter or taller is categorical, it also asks for a couple characteristics at the beginning of the participant which would be categorical.",topic_1,0.051579554043480115
371,The size estimations can be quantitative when given in numerical form. Deciding which is larger Aor B is categorical. Also for students in person the figures that are 3D printed compared to the figures shown on screen are categorical,topic_1,0.06302458650283854
372,The variables that were examined were which line was smaller which is a categorical variable and the size of the smaller line in comparison to the larger line which is a quantitative variable.,topic_1,0.046144474731588954
373,A variable I saw examined a lot was the angle at which the graphs were shown. This is a categorical variable.,topic_1,0.03680464019624018
374,One variable in this experiment was how close the participants were able to get to the accurate height of the bar. This is quantitative. The other variable in this experiment was whether the bars were next to each other or separated by other bars. This is categorical.,topic_1,0.05125872584453989
375,"To provide an accurate response, I need the specific context or details about the study or data set you are referring to. Please provide more information about the variables in question.",topic_1,1.8609699833478043e-308
376,"Shape of Bars - categorical

size of Bars - quantitative",topic_1,1.4420917042232435e-308
377,"some variables for the test was either having an interactive graph or if it was a just a picture, and that variable is categorical. another one was the ages which is also categorical. one last one would have been whether the two options to pick were right next tot eachother or if they were apart from eachother which is quantitive.",topic_1,1.823471506794981e-308
378,We examined which shape was smaller (categorical) and what the ratio of the shapes were compared to each other (quantitative),topic_1,0.0647677967823398
379,"accuracy of estimate: quantitative

online or in person class: categorical",topic_1,0.04545100586436206
380,"Weather a bar was the smallest categoeial, and how small.it was quantitative",topic_1,0.021311758860728454
381,"Some variables examined were the circle and triangle and which was taller =categorical, another was by how much smaller was the bar compared to the other=quantitative.",topic_1,2.622518627793716e-308
382,The variables that were examined in this experiment were shape and percentage associated with each bar graph. The shape of the graphs is categorial and the percentage was quantitative.,topic_1,1.3472908565186135e-308
383,"Quantitative: how tall the bar was in comparison to the taller one

Categorical: Circle bar and triangle bar",topic_1,0.031610458326170696
384,"The variable of the students in STAT 218 would be quantitative.

The variable of bar graphs being measured would be quantitative.",topic_1,0.04621330316191668
385,"Favorite zoo animal - Categorical

Gender - Categorical

Age - quantitative",topic_1,0.0442659932500118
386,"which bar is smaller-categorical

the proportion of the two bars- quantitative",topic_1,1.350389134511714e-308
387,"The variables were if the bars were next to each other or separated, which is categorical and how close the guesses are, which is quantitative.",topic_1,0.05120833170809995
388,"Which bar was shorter- categorical (circle or triangle) 

Then how high/low do we think the bar was in comparison to the other- quantitative",topic_1,0.02844756049435464
389,"quantitative by height

categorial by circle or triangle",topic_1,0.03785407638314627
390,how students read the graphs and estimate how big the graphs are. The estimation I quantitative.,topic_1,0.03831983662594157
391,"The variables examined in the experiment were, 

Whether or not the subject correctly identified which structure was smaller - categorial.

How close the subject was to the correct answer of height of the structure - quantitative",topic_1,0.041160981958145514
392,Circle or triangle,topic_1,0.072609595442854
393,"the circle bar - categorical

the triangle bar - categorical",topic_1,0.06735814097168487
394,"Age and performance scores are examples of quantitative variables because they can be measured on a numerical scale, while gender and treatment type are categorical variables because they involve distinct categories or groups",topic_1,0.024265360587025428
395,Percentages of bar graphs - quantitative and which bar was larger or smaller - categorical.,topic_1,0.05851797068667785
396,"block length - quantitive, color of blocks - categorical, perspective of the block (3D or not) - categorical.",topic_1,0.5428181303868778
397,"Students - categorical

Graphs (longer/shorter; triangle/circle) - categorical",topic_1,0.03611522756253472
398,"The height of the bar graph - it would be quantitative 

The participant guesses - would be quantitative variable 

The graphical presentation - would be categorical variable 

The participants characteristics - categorical (speaking of age, gender, education level)",topic_1,0.03537158641910682
399,"height of the column- quantitative 

which was taller- categorical",topic_1,0.029475946607589766
400,The variables were whether or not a person could accurately say how much smaller a bar was. It was qualitative,topic_1,2.253236031365506e-308
401,I remember comparing height of columns by using percentages: quantitative data.,topic_1,0.03531690374394595
402,"Variables examined were:

The height of the triangle line (quantitative)

The height of the circle line (quantitative)

If something was taller or shorter (categorical)",topic_1,3.072465298377998e-308
403,"The variables examined was which bar was taller (categorical), the circle or the triangle, and if the taller one is 100 units, how tall is the shorter bar (quantitative).",topic_1,2.6861592657951793e-308
404,-Which bar graphs were greater - categorical,topic_1,0.053900286912075386
405,"The variables that were examined were sets of data with two different letters given. In our case, those were the two sets of data for our experiment that we answered questions about. and they were quantitative because they changed over the course of the experiment.",topic_1,0.03617693813939375
406,"percent of correct estimations - quantitative

which 3-D print models were used - categorical",topic_1,0.03429142610780699
407,One variable could be the correct or incorrect answer ratio. This would be quantitative. A categorical variable would be the accuracy based on gender. A quantitative variable would be the percentage of accuracy between having the online models and the physical models.,topic_1,0.03549573787073235
408,"2D models vs. 3D models - categorical variable

The accuracy of the guess - quantitative",topic_1,0.03569524188861904
409,I do not remember.,topic_1,0.059860140731740924
410,"Correct vs. Incorrect 

=> categorical 

the height of the assigned bar in the sample => quantitative.",topic_1,0.02772093910322724
411,"how close the guess was to actual answer(quantitative)

correctly identifying smaller bar(categorical)",topic_1,0.023842926994421608
412,"the variables examined was triangle or circle. explanatory

also, the height difference between the two variables. response",topic_1,2.917697520868333e-308
413,"Larger and Smaller bar: categorical

Height of smaller bar: quantitative",topic_1,1.4738750196444605e-308
414,there where two options circle or triangle,topic_1,0.06933532584911754
415,Size of bar-quantitive.,topic_1,1.436805238948135e-308
416,"The students ability to get close, quantitative.",topic_1,0.026945103083935936
417,"Size: Quantitative

Color: Categorical

Shape: Categorical",topic_1,2.3261560677298866e-308
418,"The person's guess which is a number, so quantitative. What the actual different is also quantitative. The comparison between the two, also quantitative.",topic_1,1.7148509233142726e-308
419,"Accuracy (quantitative)

Which bar is smaller (categorical)",topic_1,0.02420161098362841
420,Whether the circle or triangle section of the graph was taller was categorical and the height of the smaller graph was quantitative.,topic_1,0.05829155591050914
421,The two variables examined were which bar is smaller and what the size of the smaller would be if the larger was 100. Determining the smaller is categorical and determining the size in comparison to the larger is quantitative.,topic_1,1.921266664746175e-308
422,"Triangle or Circle (which one is smaller) - categorical

Number chosen relative to 100 - Quantitative",topic_1,0.060550847012821464
423,"The height of bars - quantitative

which bar was smaller - categorical",topic_1,1.458850074461766e-308
424,"Which graph was higher, Triangle or circle, categorical

Which graph was taller or shorter by how many meters, quantative.",topic_1,0.05621039452483487
425,"Variables being examined were the different bar graph models, categorical.",topic_1,0.033134418748172516
426,"the bar graphs - quantitative

participants - categorical",topic_1,0.03138314310150668
427,"how people see things differently 

quantitative",topic_1,1.7129614467981256e-308
428,"What set of blocks we chose, categorical.",topic_1,0.545211356545705
429,The students or the people who were doing the experiments it was quantitative because they had to the measurement of how long it us to submit the answer.,topic_1,0.050158517911668865
430,"Stats 218 students - categorical

Whether or not the student can get the height of the bar right - categorical",topic_1,0.023327911949516323
431,"Quantitative- Triangle or Circle

Categorical- Difference in Units (0-100)",topic_1,0.04655523467077518
432,How diffeent people interpret different graphs whether its 2d or 3d or real.,topic_1,0.026881336696632608
433,How accurate the student was in finding the differences between heights. I would say its quantitative as were pulling numerical values.,topic_1,0.030063016823313728
434,The variable was categorical and students ability of observe graphs.,topic_1,0.03051286512360822
435,This was quantitative because we were asked to report a percentage.,topic_1,0.01893482198733266
436,The percentage difference between blocks- qualitative,topic_1,1.0
437,Percentages and height. These are quantitative since they measure in percentages and numbers.,topic_1,0.035272485980809114
438,The variables that were examined were the height of the bar graph in percentage which would be quantitative.,topic_1,0.043518142488921885
439,"Quantitative: how tall the bar graphs were

Categorical: different bar graphs (digital/physical), 5 different types of bar graphs, triangle vs circle",topic_1,1.6887711917165205e-308
440,"Triangles versus circles

categorical.",topic_1,0.06817818215380247
441,"One variable was the type of graph we were looking at which in that case would be categorical, another would be how much each student thought each bar was, which would be a quantitative variable.",topic_1,1.687434013742548e-308
442,"The variables that were examined were which bar a study participant claimed was smaller, which was categorical, as well as the degree to which they claimed it was smaller, which was quantitative.",topic_1,2.0591949421562147e-308
443,"The information of a person could get would influence his feeling.

Categorical",topic_1,1.6407252808742737e-308
444,The variables were examined were our participation (Categorical) and our responses (Quantitative).,topic_1,1.8048300209337614e-308
445,"the variables that were examined were the models which were 2D, 3D, and real life ones. I would say it was quantitative since we had to estimate the size and say how small we thought it was.",topic_1,0.05521819571056232
446,"Type of graph - categorical

Accuracy of response (regarding height differences) - quantitative",topic_1,0.03774450122089399
447,"What type of graph was shown, which is categorical.

How much smaller the smaller data point is, which is quantitative.",topic_1,0.036203924394847195
448,"Ratio Comparisons:  Involves the ratio of heights between the bars in the bar charts which is quantitative. 

Graph Type: Specific characteristics of the bar charts including whether they were adjacent or separated, and whether they were presented in 2D or 3D formats which is categorical.

Type of Data Visualization: Type of graph used to represent the data. It includes three categories: 2D graphs, 3D digital graphs projected in 2D environments, and 3D printed bar graphs. This is categorical.",topic_1,1.308193899070303e-308
449,Estimated difference in tower hits on blocks. Quantitative.,topic_1,0.6900844243752348
450,"Height of objects- quantitative.

Accuracy- (right/wrong) categorical.",topic_1,0.07551168083759104
451,One variable that was examined was the percentage that the student thought was the height of the bar. This is a quantitative variable.,topic_1,0.03461384250721431
452,"The variables were us, the graphs and the website we used. These would be both quantitative and categorical.",topic_1,1.5926492583528666e-308
453,"Types of graphs (categorical), height perception (categorical), order of presentation (categorical)",topic_1,0.024081901126955754
454,"Size of culoms, quantitative",topic_1,0.6225234355495177
455,"Experimental, quantitative: block size

Response, quantitative: block value",topic_1,1.0
456,It was mostly quantitative because it measured which bar length was longer and by how much. I suppose a categorical would be short very long.,topic_1,0.04781728608564639
457,"As I recall, we may have been asked to determine which bar was smaller (categorical) and also, assuming the larger bar was 100, what value the smaller bar would be (quantitative).",topic_1,0.01784208816004595
458,"Response variable, quantitative",topic_1,0.034219738294482445
459,"Height, color, size, and shape were all variables that were examined. I would say it was both variables, since it was asking for a number for height, otherwise this would be categorical.",topic_1,0.04576666295316072
460,Weight in comparison to another height. Color. Which bar was taller.,topic_1,1.527171270920554e-308
461,"Categorical Variables: The different types of charts (2D, 3D digital, 3D models)

Quantitative Variables: The number of participants and the specific value each participant put on each of the charts.",topic_1,0.039113486464542116
462,"It asked about our sex and that would be categorical, the score on the test and it is quantitative",topic_1,1.874767694772636e-308
463,Categorically how people visualize the graph heights.,topic_1,0.024894850540751315
464,"It was categorical since there were spits in the data, also the variables were seeing if the blocks were squares or triangles, and what that person picked.",topic_1,0.4077857060977706
465,"How close students could estimate the comparative heights of physical bar graphs. Quantitative. 

How close students could estimate the comparative heights of digital depictions of bar graphs. Quantitative.",topic_1,1.2862305803622645e-308
466,"categorical, because there was a correct answer out of the given options.",topic_1,1.7034076620211067e-308
467,"categorical variable is the type of way the graph was presented: 

* 3d printed (4d?)

* 3d image that can be moved around

* 3d image

* 2d image

quantitative variable is the height estimation of graph bars compaired with other graph bars:

numerical values from 0.0- 100.0.",topic_1,1.6709216557860175e-308
468,"Stat 218 students (quantitative) 

How well students could read a graph (quantitative)",topic_1,0.03811391922720938
469,The variables examined were quantitative.,topic_1,1.8411645095024026e-308
470,Quantitative,topic_1,1.762008713348218e-308
471,How well someone could estimate a value. Quantitative,topic_1,0.042880599511720296
472,"The explanatory variable was the person doing the experiment. The results changed every time a new person was doing it.

 The response variable was the color of the shape picked. The color picked was impacted by the person conducting the experiment.",topic_1,0.24149715259038493
473,"age - quantitative 

gender - categorical",topic_1,0.04713935381003691
474,The variable examined was the height between 2 bars on different graphs. The variable was quantitative.,topic_1,0.045858984011641214
475,How we responded to the prompts is one of the variables and it is categorical,topic_1,0.04596412906953235
476,"Can someone accurately match the real proportion? Categorical. The degree of difference in their response to the true number, quantitative.",topic_1,0.031107929082537764
477,"Number of correct answers - quantitative 

Visual or physical - categorical",topic_1,1.4416041383551785e-308
478,"The variables examined in this experiment were nominal variables which have no rank. The participants were choosing between a triangle or circle, both being categorical variables.",topic_1,2.581445048803507e-308
479,"Dependent variable : accuracy of reading 

Independent: Changing graphs from virtual reading to actual reading from figures.",topic_1,1.4353134597789395e-308
480,"There was color, categorical.",topic_1,2.0227956029449753e-308
481,"1) Distance between objects - quantitative

2) Task complexity - categorical",topic_1,0.08163349519347544
482,The variables were categorical,topic_1,0.042085033263433845
483,"the range of accuracy, how close students guesses got to the actual numerical value of the bar graph, quantitative",topic_1,0.03312332791331052
484,"The variables examined are the materials used (digital graph on computer vs. physical model) which is categorical, and the accuracy of the participants guesses (quantitative).",topic_1,0.038506947171447405
485,"heights of the blocks - quantitative 

if the circle or triangle was taller - categorical",topic_1,0.6213275705394928
486,"The variables that were being examinated were quantitative and random assigment. For quantitative the participant had to chose which amount bettwen 0-100 units they thought one of the bars was and submit it. In the case of random assigment, I noticed they were multiple bags for different kits so I guess the random assigment of the bags and selection of the bars was present and examinated in the experiment.",topic_1,0.050649177545025216
487,The variables examined were which bar was higher (categorical) and what was the estimated value of that bar compared to another (quantitative).,topic_1,1.921144927224325e-308
488,whether you could get it or not so categorical,topic_1,1.694009591221985e-308
489,"The variables that were examined are determine which shape was taller, this is categorical. Then it asked to estimate how small the smaller graph was if the taller one was 100 units. this is a quantitative variable.",topic_1,0.030366582480077623
490,"Type of bar chart used (2D or 3D) - categorical

What the individual perceived the data to be - quantitative",topic_1,0.03757741399813895
491,"Independent: type of chart and color of the bars (quantitative)

 

Dependent: participant accuracy and response time (quantitative)",topic_1,0.022301532357262708
492,"The length of the bars, this variable would be quantitative. Which bar the people chose to longer or shorter, this variable would be categorial because they are observing it, but when it asked you to say how much bigger or smaller one bar was from another, that part would be quantitative.",topic_1,0.05128553293350266
493,"The variables examined is if people better estimate the values of graphs, which is quantitative as we estimated with numbers.",topic_1,1.611746489608917e-308
494,"Accuracy scores (quantitative)

Age of students (quantitative)",topic_1,1.461269905488759e-308
495,"Size comparison - categorical

Difference in percentage - quantitative",topic_1,0.027056299855198206
496,"2d : quantitative

3d: quantitative",topic_1,0.03839810972915812
497,"How close the person was able to get to the correct number of the bar (quantitative) 

Which bar is higher? triangle or circle (categorical)",topic_1,0.03524181392412788
498,The variable is the different bar graphs; categorical.,topic_1,0.03164488183874437
499,"Age: quantitative

Major: categorical

Accuracy of height-guessing: quantitative",topic_1,0.049579940765129143
500,Yes or No --> categorical,topic_1,1.759403362131709e-308
501,"Which of the 21 kits each person gets would be a quantitative variable.

Whether each person chooses triangle or circle on each chart would be a categorical variable. 

A potential confounding variable would be whether or not each participant got a good nights rest the evening prior to taking the experiment.",topic_1,0.046831818578685236
502,"size of objects: quantitative

perceived size: quantitative",topic_1,0.05611467326319617
503,"Physical or digital, categorical. Difference between 2 graphs, quantitative.",topic_1,0.03943105611846592
504,"Which was smaller?

* categorical

Deciphering by how much the tower was smaller?

- quantitative",topic_1,0.09855364415211937
505,"specific model kits, in person vs online, these categorical 

results of counting - quantitative",topic_1,0.04553683227141729
506,One of the variables was male or female (categorial) the other was age (19 or older: categorial) and another variable was the value of a certain bar on the graph (quantitative),topic_1,0.030726752676167188
507,The accuracy of what we guessed on the visuals. This is a quantitative variable.,topic_1,0.02137188336550303
508,"The variables examined are the sizes in bar graphs along with the comparison to one another. The variable was categorical to start as you would determine which is smaller or larger, then based off that you would determine by how much the smaller graph differed from the larger one which would be quantitative.",topic_1,1.770237805784802e-308
509,"Visualization medium: represents the type of chart used for data visualization (2D, 3D digital, or 3D printed) categorical.

Perceived ratio judgments: The participants' judgments of the ratio between two bars in the chart. Quantitative

Bar chart layout: The layout of the bar charts, including the positioning of bars and the grouping of data. Categorical

Ratio comparison: The specific ratio values used for comparing bar heights in the charts. Quantitative

Graph identification: The identification of specific bars within the charts for comparison is controlled to ensure consistency across participants. Categorical",topic_1,1.2842472542307653e-308
510,"Which bar students pick as higher -categorical

How tall the smaller bar is compared to the larger bar -quantitative",topic_1,0.024174821968955054
511,"categorial - the blocks, the height of the blocks",topic_1,0.6533505451273768
512,Rayshader and graphs are categorical variables.,topic_1,0.022367277556171756
513,"Type of visual, categorical. The guess in the size of the bar, quantitative.",topic_1,0.024519157151201947
514,"The variables that were examined is whether the student can accurately guess the value of the bar - categorical

Also it could have been the numerical value of how far off the student guessed from the actual value - this would be quantitative",topic_1,0.050657996948531285
0,Circle and Triangle graph. Quantitative,topic_2,0.12125819064326895
1,Model size- quantitative color- categorical,topic_2,1.407581369733067e-308
2,The height which was quantitative and the other variable was the shape on the model which is categorical.,topic_2,0.030108164726531432
3,"There were a few variables that were examined, one of them was being able to judge the size difference between the blocks which is quantitative. Another variable could possibly be genders which would be a categorical variable. Also, we are all college students which could be a categorical variable as well.",topic_2,0.021858059312893134
4,"One variable could’ve been gender (categorical)

another variable may be major (categorical)",topic_2,0.03685722154121025
5,"Each individual graph and what size they were, quantitative

The individual and their selection is a categorical observational unit",topic_2,1.6406514386831835e-308
6,"Number of blocks in a bag: quantitive

whether a student participated or not: caregorical",topic_2,1.436333832971275e-308
7,"Size difference in the two bars, quantitative

Physical or online bar chart, categorical",topic_2,1.0
8,"-assigned either an adjacent graph or separated comparison graph (categorical)

-estimating ratios (quantitative)",topic_2,0.020405246267516285
9,"1. The response of statistic students to the 3D kits - Categorial 

2. Effectiveness of 3D printed charts to their 2D rendered parts - Quantitative",topic_2,0.02698916082735516
10,The first variable was which peak in the chart was the tallest between the two. This is categorical. The second variable was how big the difference between the two peaks are and this is quantitative.,topic_2,1.9004375613256427e-308
11,"2D vs. 3D graphs; categorical 

A number out of 100; quantitative",topic_2,0.02308515063381016
12,"How close we were to guessing the percent compared to the other bar. This would be quantitative. Also guessing which bar was bigger, which was categorical.",topic_2,1.0
13,"Interpreting 3D graph correctly- categorical

3D compared to 2D- categorical",topic_2,0.022882685080714508
14,The variables were the answers of the subjects on which bar as smaller. This can be a categorical variable,topic_2,4.946623916534997e-308
15,More accurate description - categorical,topic_2,1.354596869718787e-308
16,"1) Type of graph (categorical)
2) Student observations (quantitative)
3) Student characteristics (categorical)",topic_2,0.031244557119607923
17,"the categorical variables were: type of chart (2D, 3D Digital, 3D printed), determining which bar was smaller, and whether it was adjacent or separated. 

the quantitative variable was the number we put (on the slider) on the difference between the smaller and larger bar",topic_2,0.03677043766680155
18,"The bar graphs, percentages were quantitative.",topic_2,0.06922271067959472
19,The variables that are examined are the blocks and the numbers which are all categorical.,topic_2,0.03803010095243814
20,"The study was a little bit ago so I am going to do my best to remember, but we were asked to compare 2 variables in a bar graph and compare their hights based off how much of a percentage they were bigger or smaller than the other. They were quantitative variables.",topic_2,0.05326553350483639
21,The explanatory variable could have been color of graph (categorical) and the response could have been accuracy of estimation of values (categorical).,topic_2,1.3972299521646575e-308
22,"Height: categorical 

color: categorical",topic_2,1.3964147131842393e-308
23,"Variables that were examined were 2D chart v.s 3D chart, that would be categorical. And how big/small was letter A to letter B for a 2D and 3D chart, that would be quantitative.",topic_2,0.022858079979799585
24,"Variables that were examined include whether 3D digital, 2D digital, or 3D physical models are easier to understand/are better, which would be categorical and how close people are to estimating the correct lengths of the bars, which would be quantitative.",topic_2,0.024784811068554114
25,"2D and 3D shape designs  - categorical 

Perceived height compared to actual taller or shorter - categorical 

Peoples ratio of judged heights - categorical (numerical)",topic_2,0.032384096325430795
26,"One variable examined is the ratio between different bars on a bar graph. This variable is quantitative because the ratios are number values. Another variable is the chart type. This variable is categorical because the three types of graphs are 2D graphs, 3D digital graphs, and 3D printed graphs.",topic_2,0.032537156546925856
27,"Correct bar chosen, categorical 

Ration of the bar, quantitative",topic_2,1.0
28,Did the student guess correctly? Categorical,topic_2,0.02533309714668523
29,"Variables examined: Age, specific school (university), class, grades

 Age: Quantitative

Specific School (university): Categorical

Class: Categorical

Grades: Categorical",topic_2,1.9321720415003415e-308
30,"The student's perception of height analysis - categorical

Height of the building - quantitative",topic_2,0.034303792578216724
31,"Explanatory: Which block is larger (quantitative)

Response: Student estimate (quantitative)",topic_2,1.4084526641598196e-308
32,The variables examined were the shape things we were given and it is categorical.,topic_2,0.024097447527219387
33,the percentage of size one bar is compared to another -- quantitative,topic_2,1.0
34,"Whether or not the student chose the correct answer- categorical

the percent that the students guessed- quantitative",topic_2,1.5626629192436257e-308
35,"2D or 3D = categorical

Correct value or Incorrect value = quantitative",topic_2,0.022410101978869067
36,"What percentage of a bar compared to another in the physical/digital graphs - Quantitative

Whether the graph/bar is physical/digital - categorical.",topic_2,0.08300406261675386
37,"The variables examined are categorical, as we are testing understanding of graphs, which is kind of a yes or no question, you either understand or you didn't. A variable that could have been examined by this is if more students guessed values correctly on the 3D graph or the online 2D graphs.",topic_2,0.03483709623654567
38,accuracy of data to graph and it would be quantitative because it is a numerical response,topic_2,0.033417845089926686
39,"Whether the person said the point on the block was taller or shorter: Categorical

The height the person said the point on the block was: Quantitative",topic_2,1.5990452409079217e-308
40,the difference between shapes and it was quantitative,topic_2,0.03859983504473875
41,* heights of blocks: quantitive,topic_2,1.416958795218771e-308
42,I think the variable is if they guess the right block and thats categorical.,topic_2,0.03981204690898291
43,"Students answer- quantitative

how accurate their answer was- quantitative",topic_2,1.571905391688698e-308
44,"Graphs and percentages were given to the students, but finding if they choose the correct percentage is categorical.",topic_2,1.523930067021835e-308
45,"The variable examined was the different column sizes of 3D blocks. This would make it categorical.

(*I did the online version due to a COVID diagnosis so I'm not sure if things were different in-person.*)",topic_2,0.04329661931500664
46,whether or not the comparison of triangle and circle was correct-categorical,topic_2,0.1018471447991947
47,One quantitative variable is the percentage/amount of difference in each bar. A categorical variable is whether the individual thinks one bar is bigger/smaller than another. Another categorical variable is whether the bar graph is a 3D model or graphic on a computer/screen.,topic_2,1.6092379932361167e-308
48,I would say the experiment was more categorical than quantitative.,topic_2,0.057087249384765386
49,"Accuracy of answers may have been a variable (ie. how close to the correct answer each answer was), and that would have been a categorical variable. Another variable would have been the participant within the study, such as if they were male or female, and that would have also been a categorical variable.",topic_2,1.695702554018491e-308
50,"independent: form of data (categorical)

dependent: accuracy of data interpretation (quantitative)",topic_2,0.013881093542799964
51,The hights of the blocks were they variable examined and that is a quantitative variable.,topic_2,1.425712794327642e-308
52,They examined the estimated size ratio using a percentage. This would be mostly quantitative because they are valuing a number. They also could be testing if you are correct or not which would classify more as categorical.,topic_2,0.07363885660792219
53,Which graph was smaller which is categorical and what percentage the bar was in relation to the other bar which was quantitative.,topic_2,0.09636839109476998
54,They were categorical and it was a circle or triangle.,topic_2,0.08406278765802393
55,"It was a quantitative variable that was determined as we had to always enter a number for the graphs. Then from the results we can conclude many categorical variables such as if age, gender, or any other variables have a trend with corresponding answers.",topic_2,1.461935561408183e-308
56,The variables that were examined were the test we chose which would be categorical and the amount of tests we did which were quantitative.,topic_2,1.9688661140344314e-308
57,"Length- quantitative

Age- categorical

Gender- categorical",topic_2,0.035840535239110634
58,the height of the blocks - quantitative,topic_2,1.414791454501669e-308
59,Whether or not each question involved a physical graph model or a picture (categorical) and the accuracy of the value estimation (quantitative).,topic_2,0.018667939617374982
60,"wether someone was a researcher or not- categorical

the accuracy of their responses- quantitive (most likely)",topic_2,1.7581818792825095e-308
61,"categorical variables -- smaller/larger

quantitative -- the actual number assigned to the interpreted size",topic_2,0.20281706896551882
62,"We examined the color - categorical

shape-categorical 

what number block it was- quantitative

where we thought a certain number would lie on each block- quantitative",topic_2,0.03746933872980257
63,The number we were choosing for the supposed values could be quantitative data while seeing if the triangle or circle columns matched could be categorical.,topic_2,3.5426351570532024e-308
64,"Quantitative- the assumptions made

categorical- was the assumption correct

quantitative- the degree of correctness",topic_2,0.03237314094905565
65,"physical blocks/digital blocks - qualitative

size of blocks - quantitative",topic_2,1.337905899241555e-308
66,Independent variables were examined in this.,topic_2,2.1060767766538876e-308
67,"Size difference. Quantitative

calculation error. Quantitative",topic_2,0.17260526129833223
68,"what number you thought the graph was at - quantitative

which graph was larger - categorigcal",topic_2,1.831871547507984e-308
69,"Some of the variables that may have been examined include: whether or not the participant identified which graph was larger (categorical), and how close or far the participant identified the correct numerical difference between the graphs (quantitative).",topic_2,1.5066048643449375e-308
70,ability to interpret the graph and make estimates could be categorical and the number that was inferred could be the quantitative variable.,topic_2,0.0320184618003266
71,"Which graph was read more accurately on average, which is categorical.",topic_2,0.04278262527040162
72,The variable that was examined was categorical because they determined whether or not people correctly estimated the range of the 3D and 2D graphs.,topic_2,0.03770180777638543
73,"Which bar on each bar graph was smaller, and the value of the smaller bar when you are told that the larger bar has a value of 100. Whether a particular bar is smaller is categorical, while the comparative value of the smaller bar is quantitative.",topic_2,0.04098114567105102
74,The variables were the arrangement of the data bars and the estimated values of the data bars by the students. The first one is categorical and the second one is quantitative.,topic_2,0.050270056295618766
75,"Independent- the triangles and circles on the model (quantitative) 

Dependent- number of collector identified shapes within the percentage (quantitative) 

control- the models were kept the same",topic_2,0.01403726252956564
76,I think the variables were which graph portion we tested was bigger than the other (categorical) and the quantitative were the numbers we were guessing. This can also be a categorical variable too because it was either right or wrong. The other quantitative variables were how many correct guesses we had and how many we got wrong.,topic_2,1.52963527711745e-308
77,"Accuracy of estimate - yes or no would be categorical, percentage would be quantitative

Which bar is taller - categorical",topic_2,0.2106304724157017
78,"Independent variable: Changing units- categorical

Dependent variable: Comparing of two units, circle and triangle- quantitative

Categorical variable: Age, gender, perception- categorical",topic_2,3.9369289848305094e-308
79,how accurate we guessed on the online or in person graphs - i want to say quantative because they are just numbers,topic_2,0.05646714379259947
80,"The variables was whether the triangle or circle bar was taller, this is categorical. The other variable was the prediction made by the people being sampled, this is quantitative.",topic_2,0.05503136441813372
81,Our personal information and how accurately we could determine dimensions.,topic_2,0.032957840040890904
82,One variable is what kit the participant was given to use during the survey. This would be a categorical variable. Another variable could be what height each participant said the model/graph was. This would be a quantitative variable as there is a complete range of possible entries. Another variable might be the percentage of questions participants got correct. This would be a quantitative variable. A fourth variable could be if the participants met a set threshold for correct answers. This would be a categorical variable.,topic_2,0.021760336217232376
83,The different sizes of the columns are compared to another bigger one. The variables are quantitive.,topic_2,4.951073223993926e-308
84,The smaller and bigger columns and the difference in them. The variables are quantitive because we are looking at the different sizes of the columns which could be changed to amounts of money to be compared.,topic_2,4.962792267429745e-308
85,"Independent:the type of model (categorical digital 2D, digital 3D, physical model)

Dependent:the accuracy of the guess (quantitative)",topic_2,0.014132097158310217
86,Which one was high which is categorical and by how much which is quantitative,topic_2,1.0
87,"The two variables that we examined were which of the two selected bars were smaller, which was a categorical variable, and how big the smaller bar was in relation to the larger bar, which was a quantitative variable.",topic_2,8.601695075855293e-308
88,"the independent variable was the blocks they were given (categorical)

dependent is what height they guessed and how accurate (Quantitative)",topic_2,0.04839171640328439
89,The variables examined would have been what percentage the different spaces on the charts represented which is a quantitative variable.,topic_2,0.05939650811503186
90,"People learn better in 2D graphs than 3D - Categorical 

 

People have a higher chance of getting a question right when they use a 3D graph - Quantitative",topic_2,0.023111361828156044
91,"There were many variables, but I think that most of them were quantitative, because when we were doing the experiment, it was a lot of guessing with numbers.",topic_2,0.05109497139940942
92,"graphical encoding types, which are categorical

accuracy of participant estimates which is quantitative

task type or graph type, categorical",topic_2,0.02730264549291366
93,"Online vs physical (categorical)

data percent perceived (quantitative)",topic_2,0.05302815602355384
94,"The experiment looked at a mix of chart features and participant responses. It compared different chart types—2D digital, 3D digital, and 3D printed—as well as how the bars were arranged (either next to each other or separated), which are both categorical variables. Participants were asked to judge which bar was smaller and estimate the ratio between them, giving quantitative data. The actual ratio and the error in their guess were also measured, both of which are quantitative too. So overall, the study tracked both the kinds of charts used and how accurately people could read the data",topic_2,1.1245680855340854e-308
95,"time- quantitative, shape-categorical, color-categorical",topic_2,1.395305685941255e-308
96,One variable was if the graph was 3D or 2D on the computer which would be quantitative. Another variable would be what color the printed graph was which would also be quantitative.,topic_2,1.395521947022482e-308
97,The variables examined were if the participants were able to identify with decent accuracy the correct data from the 3D bar chart.,topic_2,0.028728954808741308
98,I feel like a variable of this could be the judgement of the graphs. This would be a categorical variable.,topic_2,0.03437844290682658
99,"Explanatory: 2D vs 3D (categorical) 

Response: The estimated distance/height between the two (quantitative)",topic_2,0.022423708590972542
100,"The symbol pi was used, and so were Hypothesis A and Hypothesis O.",topic_2,0.060516161709349016
101,Which graph used (categorical) and how accurate the reading was (quantitative),topic_2,1.660584168893352e-308
102,the variables that were examined where the number of the graph and how tall we thought each bar was. The heigh we thought the bar was is a quantitative variable. The bar that was observed would be a categorical value.,topic_2,1.609854656758387e-308
103,"Height of the graph (quantitative)

Participants correct answer vs not (categorical)",topic_2,0.035784320446470654
104,"Accuracy of guess: quantitative 

Medium: qualitative",topic_2,0.049548190955460605
105,"Chart format categorical, time to complete response quantitative, judged ratio quantitative",topic_2,1.160831960708058e-308
106,hours of sleep and it is quantitative,topic_2,0.0313559851316584
107,The ratios of the circle bar compared to the triangle var were examined. I would say finding the ratios is a quantitative variable.,topic_2,0.06958784402277093
108,"number of scores that students get right, quantitative

type of problems given, categorical",topic_2,1.5162374908064137e-308
109,"The type of graph was a variable that was examined, and this variable is a categorical variable. other variables that were examined were, the true height between the bars and the height found by the participants. both of these are quantitative.",topic_2,1.602672186918496e-308
110,"The variable examined were the bar graph data between two bar A and bar B. It could be categorical because you are choosing which graph is greater, either A or B not a number.",topic_2,1.65283745433167e-308
111,"variables

which was bigger a or b - this is catagorical

What percent bigger - quantitative",topic_2,0.41405991440767703
112,"The number of people who participated in this, quantitative

Examining 2d and 3d graphs, categorical",topic_2,0.037947677495262705
113,"Height of the bar- quantitative 

Correct/ incorrect guess- categorical",topic_2,0.22591848477631152
114,"Graph type, which is categorical because it's a category so it's categorical. And valid perceptions, which I suppose could be quantitative because you could convert it into a ratio.",topic_2,0.027459041450023994
115,"Chart Type: categorical

Bar spacing: categorical

Ratio accuracy: quantitative

Bar size: quantitative",topic_2,1.14689363640988e-308
116,"Whether or not participants could correctly guess difference - categorical

How far off participants were in their guesses - quantitative",topic_2,1.6766115677601863e-308
117,"One variable was correct or incorrect answers with 2D graphs, which is categorical. Another variable was correct or incorrect answers with 3D graphs, which is also categorical.",topic_2,0.032958024606589795
118,"The variables were the data model formats presented and the values assigned to each perceived value of said data models. The data model formats are categorical, either 2D or 3D, and the values assigned to each data model is a quantitative variable, assigning numerical values that can be averaged and calculated against.",topic_2,0.034094211753781106
119,"Some were asking which bar had a bigger value. -- categorical

Some were asking to give a value to a bar. -- quantitative",topic_2,1.0
120,"bar height (quantitate) 

bar color (categorical) 

label on each bar (categorical)",topic_2,0.09685876444388744
121,"graph type, categorical

ratio of bars, quantitative

accuracy of judgment, quantitative

individual participants, categorical

bar grouping, categorical",topic_2,0.021319601956922667
122,Variables that were examined would be graph difference in height which is quantitative.,topic_2,0.06451152707588402
123,if the graph is larger. Categorical,topic_2,1.6835862385074615e-308
124,"Chart Type: Categorical

Participant Judged ratio: Quantitative

Ratio between bars: Quantitative

Log error of judgement: Quantitative

Which bar is smaller between bar a and bar b: Categorical",topic_2,1.1079942658922285e-308
125,One variable was if the graph was 3D or 2D on the computer which would be quantitative. Another variable would be what color the printed graph was which would also be quantitative.,topic_2,1.4141352987672035e-308
126,"graphical encoding types, which are categorical

accuracy of participant estimates which is quantitative

task type or graph type, categorical",topic_2,0.029693379751833143
127,the variables that were examined where the number of the graph and how tall we thought each bar was. The heigh we thought the bar was is a quantitative variable. The bar that was observed would be a categorical value.,topic_2,1.633952248760905e-308
128,"time- quantitative, shape-categorical, color-categorical",topic_2,1.389222106430506e-308
129,Which graph used (categorical) and how accurate the reading was (quantitative),topic_2,1.658630430231665e-308
130,I feel like a variable of this could be the judgement of the graphs. This would be a categorical variable.,topic_2,0.03350961300409728
131,"The experiment looked at a mix of chart features and participant responses. It compared different chart types—2D digital, 3D digital, and 3D printed—as well as how the bars were arranged (either next to each other or separated), which are both categorical variables. Participants were asked to judge which bar was smaller and estimate the ratio between them, giving quantitative data. The actual ratio and the error in their guess were also measured, both of which are quantitative too. So overall, the study tracked both the kinds of charts used and how accurately people could read the data",topic_2,1.1342149446027817e-308
132,"There were many variables, but I think that most of them were quantitative, because when we were doing the experiment, it was a lot of guessing with numbers.",topic_2,0.05264163623181973
133,The variables examined were if the participants were able to identify with decent accuracy the correct data from the 3D bar chart.,topic_2,0.0288354353808227
134,"People learn better in 2D graphs than 3D - Categorical 

 

People have a higher chance of getting a question right when they use a 3D graph - Quantitative",topic_2,0.023090712783566097
135,"the independent variable was the blocks they were given (categorical)

dependent is what height they guessed and how accurate (Quantitative)",topic_2,0.04922353890137389
136,"The symbol pi was used, and so were Hypothesis A and Hypothesis O.",topic_2,0.06377813991181647
137,The variables examined would have been what percentage the different spaces on the charts represented which is a quantitative variable.,topic_2,0.05966652040650586
138,"Online vs physical (categorical)

data percent perceived (quantitative)",topic_2,0.052939528114926734
139,"Explanatory: 2D vs 3D (categorical) 

Response: The estimated distance/height between the two (quantitative)",topic_2,0.022395256450285242
140,The variable examined was what height we thought the shorter graph was compared to the larger bar. This variable was quantitative.,topic_2,0.06899800972575369
141,The variables being examined were that of: 'accuracy in estimation of the distances' and 'male vs. female'. I would say both are categorical.,topic_2,0.049126840199681276
142,[expirement -2.docx] (/users/286374/files/21155815?wrap=1&verifier=fC22T9TgCcZie7zS8sKiVPG12cMajTtaj2MbI7Lo),topic_2,0.04391035141887213
143,"Here are the main variables examined in the experiment:

 

* Chart type (2D, 3D digital, 3D printed) – Categorical

* Bar layout (adjacent vs. separated) – Categorical

* Ratio judgment given by the participant – Quantitative

* Accuracy of the ratio (measured as log error) – Quantitative

* Which bar was identified as smaller – Categorical

These variables helped the researchers measure how chart format and layout affect people’s ability to judge data accurately.",topic_2,1.0886397842878465e-308
144,"Accuracy - quantitative 

Gender - categorical

Age - categorical

Taking STATs? - categorical",topic_2,0.03632474321556482
145,Circle and triangle,topic_2,0.10669664101650891
146,"Effectiveness of 2D screen graphs: Categorical

Effectiveness of 3D screen graphs: Categorical

Effectiveness of 3D in hand graphs: Categorical",topic_2,0.023058374826183635
147,"The amount of time spent on each question - quantitative 

Which tower was taller - categorical",topic_2,0.064284356255733
148,"The variable that was examined was if the circle or square tower was higher, which is a categorical variable.",topic_2,0.05013913199575793
149,The variable that was exmined was triangle or circle and that is categorical.,topic_2,3.3252943199126175e-308
150,Which bar was bigger and what the percentage bigger- quantitative.,topic_2,1.0
151,One variable was the height of the graph and that was quantitative because it asked for how tall they were and also categorical because on the graphs they had the circle or triangle.,topic_2,1.467511801472816e-308
152,"Height of the towers - quantitative 

Which tower was taller (triangle or square) - categorical",topic_2,0.07502482584871917
153,"Selecting whether circle or triangle was the highest or lowest compared to each other, and I selecting by how much lower or higher. I think that this experiment is quantitative.",topic_2,3.8110252874217253e-308
154,"Bar height estimation: quantitative.

Trial number: quantitative.

Participant ID/code: categorical.",topic_2,0.0770693396622105
155,it was quantitive because we are guessing a number or percentage based on the naked eye,topic_2,1.90138784795942e-308
156,"The person's favorite animal, which is categorical. And their estimation of bar height percentages in each scale which is quantitative.",topic_2,0.08030291513113706
157,"Bar graph size: quantitative

What kind of graph: categorical",topic_2,1.6763582686875422e-308
158,"same graphs given to everyone, assigned in different orders both are categorical",topic_2,1.617229137109432e-308
159,"Human analysis ability - quantitative

tower height - quantitative

bigger or smaller - categorical",topic_2,0.03828340032438629
160,"Triangles and circles, this is categorical. Shorter versus taller graphs or models, this is categorical. The actual hight of the shorter section of the table/graph, this is quantitative.",topic_2,0.03717125673924088
161,"One variable that was examined would be if the participant guessed the right proportion which would be qualitative.

Another variable that was examined was age group, this was also qualitative.",topic_2,0.03481529762617226
162,"charts you got correct online- categorical

charts you got right with physical copy- categorical",topic_2,0.027979226921660636
163,"Height of a bar, categorical.",topic_2,1.0
164,"How long we think the block is, quantitative 

Which block is smaller, categorical",topic_2,1.307712609238008e-308
165,"The different types of graphs, being physical, 2d, or 3d- quantitative 

The size of the bar in question- quantitative

If it was either a circle or triangle bar- categorical",topic_2,1.672072436885371e-308
166,"triangle or circle bar--categorical 

the height of the bar--quantitative",topic_2,0.15925677729262327
167,The variables examined were the proportion of one tower to the next and if it was a star or circle. The first one is quantitative and the second is categorical.,topic_2,3.3918360091267624e-308
168,Quantitative because there were more then two possibilities.,topic_2,2.0282780088410613e-308
169,"Is the bar shorter vs taller - categorical

What percent shorter or taller is the bar - quantitative",topic_2,1.0
170,"* If the students can estimate the height of the block properly - categorical

* The package of bars given to the students - quantitative",topic_2,1.5423329264821845e-308
171,"There were at least two variables recorded, whether the subject got the percentage right, and whether they stayed consistent. These were both categorical.",topic_2,1.774495303771616e-308
172,Interpretation of graphs - Quantitative,topic_2,1.6990305878750933e-308
173,"* the percentage guess = quantitative

* did they follow directions (was the guess close at all) = categorical",topic_2,1.7261689115220307e-308
174,"which bar was larger, circle or triangle. this is categorical

how many units tall is the shorter bar if the larger bar is 100. this is quantitative",topic_2,0.07958702838117782
175,"1. chart type: categorical

2. bar spacing: categorical

3. spacing between bars: quantitative

4. individual judgement: quantitative

5. accuracy: quantitative

6. size (a or b): categorical",topic_2,0.02148068266058071
176,Type of bar chart (categorical) and the height judgement (quantitative),topic_2,0.02143185893450065
177,"Type of Graph (2D, 3D digital, 3D printed)

Categorical

Perceived Bar Ratio 

Quantitative

Accuracy of Comparison 

Quantitative

Participant's Choice of the Smaller Bar 

Categorical

Order of Chart Presentation

Categorical",topic_2,1.096032100562716e-308
178,"The main variable looked at where the different types of graphs in the accuracy of the individuals answers the type of graph whether it was 3-D 2-D, digital or 3-D printed there is a category variable because it will involve different groups of categories, so the accuracy of the ratio judgment is quantitive because it measures with numbers specifically using a log air formula, another possibility is a categorical variable. This could be the layout of the bars like is it adjacent or separated.",topic_2,0.022592204816031893
179,na,topic_2,0.07508479104290627
180,"Type of Data visualization: categorical variable with three levels, 2D graphs, 3D digital graphs, 3D printed graphs

Ratio of Smaller Bar to Larger Bar: Quantitative variable the ratio is numerical values

Perceived Ratio of Smaller Bar to Larger Bar: Quantitative variable it represents the participants estimate of the ratio

Log Error of Ratio Judgment: Quantitative variable its a calculated numerical value representing a difference

Bar Chart Comparison Type: categorical variable with two levels, adjacent and separated",topic_2,1.104194130478023e-308
181,The size of the graph - quantitative,topic_2,1.8038224096076283e-308
182,The variables examined were the block size percentages compared to one another. They were quantitative because we were guessing the size of the block based upon another.,topic_2,1.368125248238488e-308
183,"the people used - categorical

and the style of bar chart- categorical",topic_2,0.028703416214076797
184,"This experiment examined multiple variables, including quantitative variables and categorical variables. Quantitative variables include the proportion value estimated by the participants (the relative length of the triangular cuboid and the circular cuboid) and the true value of the proportion, which are numerical data that can be mathematically calculated and error analyzed. Categorical variables include the shape of the labeled figure (circle or triangle), the number or code of each model (used to distinguish different 3D bar graph models). By analyzing these variables, the experiment can explore whether the shape of the figure and the characteristics of the model have a systematic impact on the estimation of visual proportions.",topic_2,1.0948656919131426e-308
185,categorical,topic_2,1.347391274642289e-308
186,"Accuracy of noticing the tallest of the bars: qualitative

Type of graph: categorical

Response time: qualitative",topic_2,0.03149628514823532
187,The variables were how we were able to read the graphs.,topic_2,1.4010130919048475e-308
188,"The ratio of heights was categorical, each graph was presented quantitatively, and then the test was administered categorical.",topic_2,0.035798969019280175
189,"One variable is the type of chart, which is categorical. Another variable is the accuracy of bar size judgement, which is quantitative.",topic_2,0.039960459491526844
190,"size estimated - quantitative

over or underestimate - categorical",topic_2,0.16025834449599727
191,Variables examined were participants reading charts and making judgements without physical measuring and this is qualitative and they found the difference in their judgement and the actual result and this is quantitative.,topic_2,0.03762606727630832
192,"The variables examined were the X, Y, and Z axes (quantitative), the color of the points  (categorical), and the shape of the points (categorical).",topic_2,0.03233690836467826
193,"I do not remember the exact variable used, but they were most likley categorial because we did not have to do any numerical calculations.",topic_2,0.0673684492045945
194,"The variables that are examined are the chart type which is categorical, bar spacing which is categorical, true ratio between bars which is quantitative, participant’s judged ratio which is quantitative, log error of judgment which is quantitative, and which bar was chosen as smaller which is categorical.",topic_2,1.139045267670785e-308
195,"1. Type of graph – Categorical

2. Accuracy of bar height judgment – Quantitative

3. Time taken to respond – Quantitative

4. Participant background or experience – Categorical",topic_2,0.033139978581289205
196,The quantitative variables were the participant's numerical guess and the actual answer. The categorical variable was the type of graph.,topic_2,0.03125902437718054
197,"Type of chart- categorical

If the correct answer was given- quantitative",topic_2,0.025300726338300234
198,"1. Age of the Cow

*

Type: Quantitative

*

Description: The exact age of each cow, usually measured in years or months, to identify how age influences calving difficulties.

2. Calving Difficulty

*

Type: Categorical

*

Description: A classification of how difficult the calving process was (e.g., easy, moderate, or difficult). This could be assessed based on the need for human intervention or complications during delivery.

3. Calving Assistance Type

*

Type: Categorical

*

Description: The type of assistance provided during calving (e.g., no assistance, mechanical assistance, veterinary intervention, etc.).

4. Calving Outcome

*

Type: Categorical

*

Description: The outcome of the calving process (e.g., healthy calf, stillbirth, live calf with complications). This could also be categorized based on the health of the calf or cow after the birth.

5. Weight of the Cow

*

Type: Quantitative

*

Description: The weight of the cow could be used to explore how body condition or size influences calving ease.",topic_2,0.03112272878510186
199,"Some variables that were mentioned in this abstract were the bar spacing/color, and also how the graph was being formed or the orientation of the graph whether it was horizontal, or vertical pertaining to the data collected. These variables are categorical. Other variables such as the height of both bars (2D and 3D), and the size of the data represented, are examples of quantitative variables.",topic_2,0.032008771687232644
200,"Graph type- categorial 

Bar grouping type- categorial 

Judged ratio of bar heights- quantitative

True ratio of bar heights- quantitative

Error in ratio judgement- quantitative",topic_2,0.019997067151320977
201,The categorical variable would be if students were able to perceive data better with the 3D models.,topic_2,0.020920488518537617
202,"Variables I remember asked was age and if I was a member of stat 218. Age is quantitative and if I was in the class or not is categorical. The response variable is my score on the experiment, quantitative.",topic_2,1.7663819309081435e-308
203,"The variables which were examined where the type of graphical display (categorical) as well as the graph features; color, size, and shape, which is also categorical. Another variable examined would be the accuracy of participants responses. This would be quantitative because students were asked to give a number for a portion of the graph depending on the number assigned to the other portion of the graph.",topic_2,0.025863121094075247
204,"Explanatory variable: Type of graph (i.e., 2D, 3D, or 3D printed); categorical
Response variable: Accuracy of participant in estimating bar length; quantitative.",topic_2,1.3729191382164435e-308
205,The variable that was examined in this experiment is if people view 2D and 3D differently and which is more accurate.  It would be categorical because there are only two groups.,topic_2,0.020064091505404363
206,"The actual height difference between the blocks is quantitative, as the testers estimated. The estimation of error would also be quantitative. The taller block correctly identified would be categorical.",topic_2,1.5475208165597777e-308
207,"*

How long something took – that’s a number, so it’s quantitative.

*

What choice someone made – like picking A or B, that’s a categorical variable.

*

Which group someone was in – like Group 1 or Group 2, that’s also categorical.

*

How many things someone got right – that’s a number, so it’s quantitative.",topic_2,0.032149299799466916
208,"Percentage - quantitative

How many people guessed what number - quantitative",topic_2,0.035605674459595525
209,"Im not sure what variables were exactly examined. I belive this reflection should be closer to the time we take the experiment, as we are college students trying to retain a lot of information, especially me as a senior graduating this year. I hardly remember the expeierment",topic_2,0.04684030504342003
210,"The experiment looked at the type of graph and bar spacing, which were categories. The judged ratio and log error were numbers. The correct bar choice was also a category.",topic_2,1.102600157293875e-308
211,Ratio accuracy and Graph type,topic_2,1.107224795169844e-308
212,"*

Chart type (2D, 3D, 3D printed) – categorical

*

Ratio judgment accuracy – quantitative",topic_2,0.019260649021327483
213,"Chart Type is categorical, the bar type was categorical.",topic_2,0.028479988150977697
214,The variables examined were the use of a computer or physical model. This was categorical. The response variable was how close to the true value the students responses were. This response was quantitative.,topic_2,0.019515613515126054
215,"Bar size- quantitative

Age- categorical

Education- categorical

Sex/gender- categorical",topic_2,0.04010738288127262
216,"The first variable is which bar was smaller, circle or triangle; categorical. The second variable is that if the bigger/taller bar of the two was 100 units, what is the size of the smaller; quantitative.",topic_2,4.499770575431645e-308
217,"Categorical: chart type - 3D vs 2D charts

Quantitative: Response Time - how long it took to make a judgement",topic_2,0.029466375896310494
218,"quantitative data

the percent height difference between the two bars",topic_2,0.41635779292039693
219,"How good a person's memory is - qualitative 

How good of eyesight they have - qualitative

seeing or not seeing color - qualitative",topic_2,0.037860768413506836
220,"Categorical is whether triangle or circle was smaller or taller, and quantitative would be the number of units of the smaller one compared to the taller one.",topic_2,0.0776557594419376
221,the size of the columns and that was quantative,topic_2,4.2340406399769767e-308
222,One variable could be which graph the student said was the smallest. This is categorical because it was either a circle or a triangle response.,topic_2,1.3838240769142153e-308
223,"We first decided what tower was taller (whether the circle or triangle), this was fairly easy (categorical). Then we compared the 2 towers and gave an estimation how tall the shorter one was if the other was 100 units high (quantitative).",topic_2,0.06922027294278013
224,The size of the stacks was given which would be quantitative seeing as it was a numbered amount.,topic_2,3.9976401667841713e-308
225,"Independent: Gender (categorical) 

Dependent: accurate interpretationEach  of graphs (quantitative)",topic_2,0.013358488191508127
226,"Size of bar graphs (height): quantitative

If triangle or circle was smaller than the other: categorical",topic_2,0.21581932242929305
227,"Categorical: Circle vs. Triangle 

Quantitive: Difference in units between the circle and triangle",topic_2,0.1146939080967106
228,how accurate our observed ratio is to the actual ratio :quantitative,topic_2,0.04259840925460926
229,"The independent variable is the type of graph viewed (screen or in-person), which is categorical. The dependent variable is the numerical value the participant assigned to the bars, which is quantitative.",topic_2,1.494666986863226e-308
230,"smaller or larger bar: categorical

how much bigger or smaller: quantitative",topic_2,1.0
231,"Which bar was larger-categorical

Percentage- quantitative",topic_2,1.0
232,"The graphs, categorical

The measurements, quantitative",topic_2,1.5715158480046366e-308
233,The variable observed was how well each student did on the examination. This was a quantitive variable.,topic_2,0.05337198336360266
234,"Bars - Quantitative

Gender - Categorical

Age - Quantitative",topic_2,0.03945571755446167
235,"Students ability to understand graphs - Categorical

Students ability to identify the matching picture of the graph - Categorical",topic_2,0.034936542651946005
236,"The variables examined were the heights of the graphs, and this would be quantitative. I also think that other questions we were asked were along the lines of ""is line A taller than line B"", which would count as a categorical answer, being ""Yes"" or ""No"".",topic_2,1.663290342815102e-308
237,"Type of model (physical/digital): categorical

Accuracy of identifying proportion: quantitative",topic_2,0.03080505758408433
238,"The time it takes to identify the taller one and the methods by which one identifies the taller one such as how they choose how much taller/shorter the block is. This would be quantitative. 

Whether students choose the right or left block as the taller one is categorical. 

The number in which students measured the difference in height of the blocks would be quantitative.",topic_2,1.5159554234009623e-308
239,"The experiment most likely looked at characteristics like the number of blocks counted or estimated (quantitative), the color or arrangement of blocks (categorical), and the accuracy of student replies (quantitative). These variables were used to investigate the effects of visual data presentation on interpretation and estimating abilities.",topic_2,0.034210034430830545
240,Heights of figures compared to other figures: quantitative,topic_2,0.2613907048108132
241,There were categorical and quentitative variables being examined.,topic_2,1.926949261959267e-308
242,"The different variables were the bar graph that the student is examining (categorical), and the percentage at which the student thought the bar was at (quantitative).",topic_2,0.047082721123995544
243,The proportion of the bars on the graph were examined. This is a quantitative variable.,topic_2,0.06261466883555442
244,"The study examined several key variables. Chart type (2D, 3D digital, or 3D printed) and bar spacing (adjacent or separated) were categorical variables. The true ratio of the compared bar heights and the participant’s judged ratio were both quantitative variables. The error in perception, calculated as log2 error, is also a quantitative variable. Additionally, the identification of which bar (marked by a circle or triangle) was smaller is a categorical variable. These variables collectively helped analyze both accuracy and perception across chart types and layouts.",topic_2,1.070505999340388e-308
245,The level of shape (quantitative),topic_2,0.03821608261079705
246,"Color- Categorical

In-person versus picture- Categorical",topic_2,1.379868075439162e-308
247,The variables would be the graphs which is quantitive and the students would be categorical.,topic_2,0.02090492475729443
248,"Possible variables include task completion time (quantitative), accuracy of performance (quantitative), and participant feedback or preference for certain models (categorical). If models were labeled by design type, that would be another categorical variable. If ratings were collected on a scale (like a 1–5 satisfaction scale), those would be quantitative as well.",topic_2,0.04143017030018336
249,"Which version of the graph they are using (2-D, 3-D, 3-D digital) - Categorical

Accuracy in peoples answers about the height - Quantitative",topic_2,0.02197165813057884
250,which bar graph is easier to read which is categorial.,topic_2,0.08021536007079105
251,I don't remember a lot of the experiment since it was so long ago but I know we were asked to choose the larger or smaller part and I feel that would be both categorical and quantitive.,topic_2,0.06891945710098513
252,"The variables examined are computer bar graphs vs 3D printed bar graph which are categorical, and the other variable is how close the estimated values are to the actual graph values which is quantitative.",topic_2,0.03284442127182177
253,"some variables that i remember from the experiment include, height of the block(quantitative variable), The circle or triangle shape on the block specifying which height to focus on (categorical), the bag participants got (categorical).",topic_2,0.041682876700971344
254,shape of part on graph is categorical and percentages on the comparison of the percentages is quantitative.,topic_2,0.07838053796388204
255,"The variables examined might have included things like the type of chart shown (categorical), the accuracy of responses (quantitative), and possibly the amount of time taken to complete tasks (quantitative)",topic_2,0.03370439587901512
256,variables where the data represent groups.,topic_2,0.04371801049808639
257,The variable of which shape was smaller or larger. (quantitative),topic_2,0.039735573216056114
258,"The variables being examined are weather or not the triangle or circle was smaller and correctly identified. That would be categorical. a yes or no. Another variable could be how far off or on peoples guesses where, if most people thought were smaller or bigger. That would also be categorical variables. More over, or more under.",topic_2,3.750059518783845e-308
259,"categorical, whether the triangle was smaller or the dot.",topic_2,0.09215401351342505
260,Type of student (categorical) and distance between the two graphs (quantitative).,topic_2,0.035670120313706574
261,Categorical  triangle or circle,topic_2,0.10608477509431814
262,"The variables that are examined is which column is bigger, which is categorical, and the difference of value between the columns, which is quantitative.",topic_2,6.400682881488172e-308
263,It was categorial and it was based off of whether the triangle or circle bar was smaller.,topic_2,3.9559091986297203e-308
264,"The variables was which one of the circle and the triangle was smaller, and also by how much it was smaller. The circle or triangle is categorical and the how much smaller is a percentage so its quantitative.",topic_2,3.6021575940653567e-308
265,size of the bar if it was smaller or larger - categorical,topic_2,0.731054256311255
266,"Independent variable: which bar was shorter- categorical

Dependent variable: how much shorter was the bar compared to the larger bar- quantitative",topic_2,1.0
267,"Which bar is smaller - categorical

how much smaller was one bar compared to the other - quantitative",topic_2,1.0
268,One variable would be how the graphs were displayed making it categorical and the other variable would be the amount of times the answers were correct making it quantitative.,topic_2,0.03171954594552438
269,"Difference in height of bar- quantitative 

Which bar was small (circle or triangle)- categorical",topic_2,0.22571991444059925
270,"Stistical graphics - quatitative 

the circle and triangle- categorical",topic_2,0.10203131272993383
271,"One of the variables observed was the color intensity, which is quantitative. As well as the estimated variables of how much smaller the units are. A couple of categorical groups observed are gender, age, and education level.",topic_2,0.025434837387419643
272,"The quantitative variables present are the numerical values associated/estimated with each color shade or height, and how accurate the responses were. The categorical variables measured are which letter represents a larger value (Y or y).",topic_2,0.024657587616849247
273,"Did the participant answer correctly - categorical

How confident was the participant- categorical 

What the participant estimated the quantity of the smaller value to be - quantitative",topic_2,1.7589590527405305e-308
274,"Variables were which letter was larger (categorical), and how much larger than the comparison (quantitative).",topic_2,6.373393419105196e-308
275,"The variables examined were the heat map type, the locations of objects on the heat map, and the rating of the difference between the two objects. The first two variables listed are categorical because they refer to visual data that cannot be counted. The last variable is quantitative because you are answering based on a numeric scale.",topic_2,0.03356399796539711
276,It was probably testing how people used visual information like color and location on the grid to show which two things are bigger and base it on a number value.,topic_2,1.127576954539697e-308
277,There was a categorical variable in form of determining which area represented a larger number as well as a quantitative variable when I had to estimate the difference of two areas represented by a number.,topic_2,0.12101430796813872
278,The variables that were examined were which letter was higher in value and how much less the second letter was compared to the first. The first is categorical and the second is quantitative.,topic_2,6.422806716601914e-308
279,"*

Independent variable: How the heat map was presented or how the values were spread across the grid 

*

Dependent variable: Whether the participant picked the right letter",topic_2,0.03373606895274082
280,"If people can correctly identify which value is larger; categorical

If people can correctly estimate the difference between two values; quantitative",topic_2,0.04272867123591378
281,"color (darker or lighter)- categorical 

depth (categorical)- higher or lower 

slider (quantitative)",topic_2,0.022907624204392896
282,"One variable was whether or not the participant had access to the 3D-printed charts. This is a categorical variable because it’s a yes or no question. Another variable could be how accurate the participants were in answering questions about the data — this would be a quantitative variable because it deals with numbers, like how many answers they got right. They might have also looked at how long it took people to answer questions, which is also quantitative, since it's measured in time. There could be other categorical variables too, like whether the person was a student or not, or what kind of device they used.",topic_2,0.031177746215250306
283,"Color Intensity (shade on the heat map): Quantitative (represents a numeric value).

Letter Label (e.g., ""R"" or ""r""): Categorical (identifies a specific position/value).

Relative Position on the Grid: Categorical (row/column location).

Estimated Smaller Value (slider response): Quantitative (numeric scale from 0-100).",topic_2,0.0339007515195095
284,"Independent variable would be each student that participated which would a quantitative variable based on how many actually participate. Categorical variable would be ""which answer did they choose for each question"".",topic_2,1.6065608657603267e-308
285,"There were two variables with were the factor 1 and 2. These were the axis variables and main area of interests which was represented by color that define the heat map grid. The variables are quantative because they are based on numbers, for example the higher or lower the number the warmer or colder it would be.",topic_2,0.03361516343104094
286,the variables that were examined were which was the larger value and since it wasn't numbers and only letters that is categorical and then the second variable was how much smaller is the smaller variable and that would be quantitative because that was when we were given numbers.,topic_2,5.962778220614679e-308
287,"* Graph type, categorical (3D or flat)

* Which of the two quantities was larger, categorical

* Approximate difference between the two quantities, quantitative",topic_2,0.050191816240197897
288,"The variables examined are as follows: 

1. Current enrollment in a statistics class: categorical 

2. Male or Female: Categorical

3. Access to 3-D models: categorical 

4. Type of test (2-D v 3-D): categorical 

5. Which coordinate was chosen as higher or lower in temperature: categorical 

6. The number of accurate choices: Quantitative",topic_2,0.024099134647875668
289,"The type of Chart: 2D or 3D, Categorial.

Accuracy of reading: quantitative.",topic_2,0.02996751623889192
290,"A couple of variables that were examined could have been either 2-D or 3-D, the score or accuracy, and the amount of time taken to preform the experiment. 2-D or 3-D is categorical because it places the two into different groups. Score or accuracy is quantitative because it is a numerical measurement showing how well you preformed. Lastly, the amount of time it took is quantitative because it is a numerical value representing duration.",topic_2,0.025140142996157293
291,"color: categorical

height: quantitative",topic_2,1.446683003522347e-308
292,"Variables:

* if the respondent identified the greater of 2 choices correctly (categorical)

* how close the respondent was to the correct valuation (quantitative)",topic_2,0.035519842499760396
293,The variables being designed were size/color (categorical) and units of value (quantitative).,topic_2,0.027013091225371134
294,"Response variable- how accurate the reading of the graph is 

Explanatory variable- The type of graph used

Both are quantitive",topic_2,0.014024913652883587
295,One variable that was examined was the difference in size of the graph bars which is quantitative. Another variable that is examined is how close to the right answer the test taker is which would categorical.,topic_2,0.03068739388185238
296,"whether or not student got it right is categorical

the amount of student that changed their answers for the same questions is quantitative",topic_2,1.5619379087082943e-308
297,"Which one was smaller, categorical

Which one was larger by what amount, quantitative",topic_2,0.5392572394629589
298,"Age: Quantitive 

Favorite zoo animal: Categorial",topic_2,0.03193778476059276
299,"The first variable is deciding which graph is smaller and this is categorical because we are choosing between two options. The second variable is deciding how much smaller the smaller bar on the graph is, which is quantitative because we are determining an amount.",topic_2,1.838459656260931e-308
300,One variable was the type of graph presented (categorical) and the other was people’s perception of the graph (categorical).,topic_2,1.4626459204516403e-308
301,I think it was categorical whether the participant identified the correct smaller bar and then quantitative how close the slider was to the actual size of the bar.,topic_2,9.24722799256984e-308
302,"Independent: chart type (categorical)

Dependent: accuracy of ratio judgment (quantitative)",topic_2,0.013289796322229925
303,"The variables were which graph was smaller and how much smaller the bar is compared to the larger one. 

Deciding which graph is smaller is categorical.

How much smaller the bar is, would be quantitative.",topic_2,1.7896819852010665e-308
304,"One variable is how many graphics a student was able to successfully perceive - this variable is qualitative.

Another variable is how well students were able to read information from charts and how far off they were from the actual measurement- this variable is also qualitative.",topic_2,0.0362826575487268
305,"color- categorical

dimension-categorical

size-quantitative

understanding-categorical",topic_2,1.384189288509612e-308
306,"the variables were:

which bar was perceived as smaller: categorical 

how much smaller the bar was to the taller one: quantitative",topic_2,6.520384921469621e-308
307,The variables that were examined were if either the triangle or circle bars were smaller (categorical) and then determining how small said bar was in comparison to the other (quantitative).,topic_2,3.9943343079625287e-308
308,The variable examined were weather the graph was 2D or 3D which is categorical.,topic_2,0.029178007883774615
309,"The variables that were examined were what type of chart, 2D or 3D, and this was categorical. The also examined the variable of how accurately the participant was able to compare the difference in data. This was quantitative.",topic_2,0.03147610744395083
310,"* which bar was smaller (categorical)

* by how much smaller was the bar compared to the larger one (quantitative)",topic_2,1.0
311,"Age range - Quantitive

Gender - Categorical

Accuracy of estimating size ratios - Quantitive",topic_2,0.0397255499298164
312,shape which is categorical and length of difference which is quantitative,topic_2,0.039711456681772644
313,"Which circle is bigger - categorical

How much bigger is the larger graph from the other - quantitative",topic_2,0.08134908621833097
314,"If the correct bar was identified as shorter - categorical

The difference in size for the two bars - quantitative",topic_2,1.0
315,"Which bar is bigger triangle or circle, categorical

How much smaller is the bar than the other bar, quantitative",topic_2,0.1983679529039247
316,Variables would be if the graph is smaller or larger- categorical,topic_2,0.027289123842936712
317,"Explanatory variable: is the difference between 2D and 3D graph types, this is categorical. 

Response variable: Which graph type has more accurate results/responses, this is quantitative.",topic_2,1.3694677292824207e-308
318,The variables were which was taller and that was categorical and where you slide the bar and that was quantitative.,topic_2,3.870306563338463e-308
319,"What were the two bars: Categorical 

How much bigger and smaller the bar is: Quantitative",topic_2,0.2781726720684963
320,The variables examined were proportional size and visual representation. Proportional size is quantitative and visual representation is categorical.,topic_2,0.031778727408157154
321,Which bar was smaller- categorical. Proportion of how much smaller the bar was to the larger bar-quantitative.,topic_2,1.0
322,"size - categorical

amount of size difference - quantitative",topic_2,0.19422121432012332
323,"2d or 3d height categorical

about how much smaller each bar was, quantatative",topic_2,1.0
324,"3D or 2D printed - categorical

answers given - quantitative",topic_2,0.021721890610273915
325,Categorical,topic_2,1.3408218409498935e-308
326,which bar was larger which is categorical and how much smaller the smaller bar was which is quantitative,topic_2,1.0
327,"Accuracy: quantitative 

weather they chose a square or triangle: categorical

How fast they took to take the survey: quantitative",topic_2,0.026870862074509762
328,"Variable 1: The smaller chart - categorical.

Variable 2: How much smaller one chart is compared to another - quantitative.",topic_2,1.882894614067198e-308
329,"Which bar graph was smaller (categorical)

How much smaller or larger the graph was to the bigger graph (categorical)",topic_2,0.09049427992503548
330,"the variables examined were: 

* the 2-D graphs: catagorical 

* the 3-D graphs catagorical 

* wether the partipants chose the correct answer (circle or triangle was bigger) catagorical",topic_2,0.03966141013695963
331,"The variables examined were:

* Number of close friends (quantitative).

* Gender  (categorical).",topic_2,1.917668617221421e-308
332,"2D, 3D and 3D printed. Determining the size. These would be quantitative because it would be a numerical value.",topic_2,0.0224879882777522
333,"2D or 3D bar graph - categorical

Color of graph- categorical

Position of graph - categorical 

Size of graph - categorical",topic_2,1.652016444215469e-308
334,Types of graphs used. Categorical,topic_2,0.01883666152897043
335,The variables were quantitative because we had to gauge how much taller or shorter one of the bars was.,topic_2,0.04621927638310861
336,"Some variables in this experiment may include the quantitative variables of graphs that are interpreted correct or incorrect,  and how long it took each participant in the experiment to interpret the graphs and fill out thee experiment. 

The categorical variables include, how the information was presented and in what type of statistical graph, if the participant is in stats 218 or not or has any prior knowledge, and the age of the participants.",topic_2,0.027759467294458426
337,The percentage that one bar is of the another bar. It is quantitative.,topic_2,0.3505528116094867
338,"*

Understanding of Statistical Concepts: Quantitative – Measured through scores on assessment questions focused on concepts like significance, confidence intervals, and effect sizes after interacting with 3D models.

*

Improvement in Interpretation Skills: Quantitative – This could involve comparing pre- and post-experiment scores to see if the 3D models improved students' ability to interpret data.

*

Chart Type (2D vs. 3D Printed): Categorical – This variable examines whether participants using 3D-printed charts are more accurate in interpreting statistical data compared to those using traditional 2D charts, assessing the effectiveness of each chart type.

*

Ease of Interpretation (Self-Reported): Categorical – Participants might rate how easy or difficult they found the 3D models to understand, giving insight into perceived clarity.",topic_2,0.03151014737033332
339,Type of picture is categorical. The size selected was quantitative.,topic_2,0.030051913358656774
340,"The first variable is categorical and it would be whether or not the student was able to identify the smaller bar or not. This would be a correct or incorrect or yes/no variable. 

The second variable is quantitative and would be a numerical value of how far off the student was from the correct difference in size, measured in units, between the two objects.",topic_2,0.04496519317443905
341,"The explanatory variable for this experiment would be the dimension the rectangles were in, which is categorical. While the response variable would be the height of the second block, which would be quantitative.",topic_2,0.04714804116858195
342,"Whether the student answered the question correctly (categorical), or the proportion of correct answers (quantitative), whether the model was 3D or 2D (categorical).",topic_2,0.031672730853522554
343,"stats 218 students: categorical 

how many answered the question correctly: quantitative.",topic_2,0.025951122775527226
344,"From my memory, I believe the variables were what graph was proposed (how the data was presented) which would be categorical. The other variable would be what we determined the proportion of a specific block's height was compared to another block. This would be quantitative",topic_2,0.05104726011436396
345,"the number for the graph- quantitative 

whether the graph was smaller or larger- categorical",topic_2,1.7936249218813627e-308
346,The variables examined were the independent and dependent variable and it was quantitative.,topic_2,2.145892282787656e-308
347,"People: categorical

bar graphs: categorical",topic_2,0.029695263478267078
348,Percent of blocks being represented. It is a quantitative variable because it contains numbers.,topic_2,1.3838929883382597e-308
349,"Explanatory variable: Whether the blocks were 3D or 2D: Categorial 

Response variable: Size of the non-control block recorded: Quantitative",topic_2,0.040867481625127045
350,amount of time the test subject allocated for assignments. assignments are quantitative. Test subjects are categorical.,topic_2,0.04480975106076838
351,The variable observed was the height of one column compared to another and was quantitative.,topic_2,4.67476567069623e-308
352,"Interpretation Accuracy:

Type: Quantitative

Description: A measure of how accurately participants interpreted the data in each graphic, likely represented by a score based on correct answers.

Interpretation Time:

Type: Quantitative

Description: The time it took each participant to interpret and answer questions about each chart, likely measured in seconds.

Confidence Level:

Type: Quantitative (if measured on a numerical scale) or Categorical (if measured by discrete levels like ""Low,"" ""Medium,"" ""High"")

Description: Participants’ self-reported confidence in their answers to questions about the charts.

Participant Background Knowledge:

Type: Categorical

Description: Experience level in statistics or familiarity with data visualization, potentially categorized as ""Novice,"" ""Intermediate,"" and ""Expert.""

Device Type:

Type: Categorical

Description: The device used by participants to complete the survey, such as ""Computer,"" ""Tablet,"" or ""Phone.""

Demographic Information (e.g., Age, Gender):

Type: Age – Quantitative; Gender – Categorical

Description: Basic demographic details that might be collected to see if they correlate with interpretation skills (e.g., age measured in years, gender categories).",topic_2,0.03141738724687248
353,"Height of Larger Bar
Quantitative: This is a reference height, fixed at some value (e.g., 100 units) since the participant makes comparative judgments.
Predicted Height of the Smaller
Bar (Quantitative): Participant's estimate of height of the smaller bar, usually asked with slider or input field.",topic_2,0.07336410875711792
354,"Which bar is smaller compared to the two picked out? categorical 

What is the height of the smaller bar graph out of 100? quantitative",topic_2,0.11187469153894998
355,"Graph values and trends; Categorical

Interpretation Accuracy; Quantitative",topic_2,1.6914815153380707e-308
356,"Independent Variable:

The type of model (2D rectangle or 3D rectangular prism) – categorical.

Dependent Variables:

Perceived height of the shorter model in comparison to the taller model set at 100 – quantitative.

Error margin in estimation (difference between actual and estimated height) – quantitative.

Shape complexity (2D or 3D) – categorical.",topic_2,0.03482458331078226
357,The measured variable was the different strips that had the shapes on them and we had to find out which ones were bigger. I believe it was quantitative because it was measuring size and numbers.,topic_2,0.054149800878035156
358,"One variable that was examined was how the data was read, either online or the physical data. This variable is categorical. Another variable was the percent each subject estimated of the smallest bar compared to the largest bar. This variable is quantitative.",topic_2,0.05060730393541589
359,"Which bar its larger - categorical

 the ratio between the two graphs - quantitative",topic_2,0.0914800728404459
360,"gender of participant - categorical

difference length of bars - quantitative

age of participant - quantitative

whether a chart is 2D or 3D - categorical",topic_2,0.03285233533881163
361,"The type of graph being used to compare the accuracy between the different chart was categorical. 

The participants being used to guess the shapes measurement was quantitative.",topic_2,1.1601050769210923e-308
362,"Type of Model- Categorial 

Time Taken- Quantitative",topic_2,0.019166574389498568
363,"3D graph or 2D graph- categorical 

Ratio of the smaller bar to the larger bar- quantitative 

which bar is smaller- categorical",topic_2,0.02298704485017655
364,Since I do not know the full experiment I would guess that the participants were the independent variables because we were manipulated and the dependent variables would be quantitative because of how many questions we could answer correctly and accurately.,topic_2,1.6775050310398906e-308
365,The values examined were what people said the correct number on the graph was which was categorical,topic_2,0.02855367003248929
366,"Height of the graph: Quantitative 

Which one is smaller: Quantitative",topic_2,0.07319742549325708
367,quantitative: the amount of difference between the correct answer and participant response,topic_2,1.5997874219628056e-308
368,"Height of bars - quantitative

Difference in height of bars - quantitative",topic_2,1.0
369,"The variables that were examined was the background information asked in the beginning such as age, race, and sex. These variables would be categorical.",topic_2,1.814657866769476e-308
370,"The estimated height of the bar is quantitative, if the bar is shorter or taller is categorical, it also asks for a couple characteristics at the beginning of the participant which would be categorical.",topic_2,0.07738690241757865
371,The size estimations can be quantitative when given in numerical form. Deciding which is larger Aor B is categorical. Also for students in person the figures that are 3D printed compared to the figures shown on screen are categorical,topic_2,0.03447461821071606
372,The variables that were examined were which line was smaller which is a categorical variable and the size of the smaller line in comparison to the larger line which is a quantitative variable.,topic_2,0.06322992061067723
373,A variable I saw examined a lot was the angle at which the graphs were shown. This is a categorical variable.,topic_2,0.03371159810921721
374,One variable in this experiment was how close the participants were able to get to the accurate height of the bar. This is quantitative. The other variable in this experiment was whether the bars were next to each other or separated by other bars. This is categorical.,topic_2,0.06587054215754357
375,"To provide an accurate response, I need the specific context or details about the study or data set you are referring to. Please provide more information about the variables in question.",topic_2,2.13469887491093e-308
376,"Shape of Bars - categorical

size of Bars - quantitative",topic_2,1.0
377,"some variables for the test was either having an interactive graph or if it was a just a picture, and that variable is categorical. another one was the ages which is also categorical. one last one would have been whether the two options to pick were right next tot eachother or if they were apart from eachother which is quantitive.",topic_2,1.7186333121291754e-308
378,We examined which shape was smaller (categorical) and what the ratio of the shapes were compared to each other (quantitative),topic_2,0.037769152673454716
379,"accuracy of estimate: quantitative

online or in person class: categorical",topic_2,0.05163493112831683
380,"Weather a bar was the smallest categoeial, and how small.it was quantitative",topic_2,0.11423083659150224
381,"Some variables examined were the circle and triangle and which was taller =categorical, another was by how much smaller was the bar compared to the other=quantitative.",topic_2,3.942273509206573e-308
382,The variables that were examined in this experiment were shape and percentage associated with each bar graph. The shape of the graphs is categorial and the percentage was quantitative.,topic_2,1.129570635371467e-308
383,"Quantitative: how tall the bar was in comparison to the taller one

Categorical: Circle bar and triangle bar",topic_2,0.24726649382376475
384,"The variable of the students in STAT 218 would be quantitative.

The variable of bar graphs being measured would be quantitative.",topic_2,0.05445798840258982
385,"Favorite zoo animal - Categorical

Gender - Categorical

Age - quantitative",topic_2,0.03550144780539479
386,"which bar is smaller-categorical

the proportion of the two bars- quantitative",topic_2,1.0
387,"The variables were if the bars were next to each other or separated, which is categorical and how close the guesses are, which is quantitative.",topic_2,0.06321710542350246
388,"Which bar was shorter- categorical (circle or triangle) 

Then how high/low do we think the bar was in comparison to the other- quantitative",topic_2,0.2835026922402565
389,"quantitative by height

categorial by circle or triangle",topic_2,0.09864862594942615
390,how students read the graphs and estimate how big the graphs are. The estimation I quantitative.,topic_2,0.039499044128492804
391,"The variables examined in the experiment were, 

Whether or not the subject correctly identified which structure was smaller - categorial.

How close the subject was to the correct answer of height of the structure - quantitative",topic_2,0.02944481982580881
392,Circle or triangle,topic_2,0.1103921323962366
393,"the circle bar - categorical

the triangle bar - categorical",topic_2,0.10377327178140877
394,"Age and performance scores are examples of quantitative variables because they can be measured on a numerical scale, while gender and treatment type are categorical variables because they involve distinct categories or groups",topic_2,0.023143194185144475
395,Percentages of bar graphs - quantitative and which bar was larger or smaller - categorical.,topic_2,0.10276314594976053
396,"block length - quantitive, color of blocks - categorical, perspective of the block (3D or not) - categorical.",topic_2,0.03247663340787928
397,"Students - categorical

Graphs (longer/shorter; triangle/circle) - categorical",topic_2,0.03433419811182715
398,"The height of the bar graph - it would be quantitative 

The participant guesses - would be quantitative variable 

The graphical presentation - would be categorical variable 

The participants characteristics - categorical (speaking of age, gender, education level)",topic_2,0.032530144741722895
399,"height of the column- quantitative 

which was taller- categorical",topic_2,0.4387213591822275
400,The variables were whether or not a person could accurately say how much smaller a bar was. It was qualitative,topic_2,4.014739856570093e-308
401,I remember comparing height of columns by using percentages: quantitative data.,topic_2,0.27531098806251486
402,"Variables examined were:

The height of the triangle line (quantitative)

The height of the circle line (quantitative)

If something was taller or shorter (categorical)",topic_2,3.640029243829932e-308
403,"The variables examined was which bar was taller (categorical), the circle or the triangle, and if the taller one is 100 units, how tall is the shorter bar (quantitative).",topic_2,4.1659086877382083e-308
404,-Which bar graphs were greater - categorical,topic_2,0.08231046590782258
405,"The variables that were examined were sets of data with two different letters given. In our case, those were the two sets of data for our experiment that we answered questions about. and they were quantitative because they changed over the course of the experiment.",topic_2,0.04885474115063781
406,"percent of correct estimations - quantitative

which 3-D print models were used - categorical",topic_2,0.021701341050428646
407,One variable could be the correct or incorrect answer ratio. This would be quantitative. A categorical variable would be the accuracy based on gender. A quantitative variable would be the percentage of accuracy between having the online models and the physical models.,topic_2,0.032437685344484775
408,"2D models vs. 3D models - categorical variable

The accuracy of the guess - quantitative",topic_2,0.021882975324829263
409,I do not remember.,topic_2,0.06848839560559507
410,"Correct vs. Incorrect 

=> categorical 

the height of the assigned bar in the sample => quantitative.",topic_2,0.050333116040757624
411,"how close the guess was to actual answer(quantitative)

correctly identifying smaller bar(categorical)",topic_2,0.2493158497609846
412,"the variables examined was triangle or circle. explanatory

also, the height difference between the two variables. response",topic_2,3.7434066358313704e-308
413,"Larger and Smaller bar: categorical

Height of smaller bar: quantitative",topic_2,1.0
414,there where two options circle or triangle,topic_2,0.1083745471922493
415,Size of bar-quantitive.,topic_2,1.0
416,"The students ability to get close, quantitative.",topic_2,0.027235643734650778
417,"Size: Quantitative

Color: Categorical

Shape: Categorical",topic_2,1.4143569773284153e-308
418,"The person's guess which is a number, so quantitative. What the actual different is also quantitative. The comparison between the two, also quantitative.",topic_2,2.0756462924454416e-308
419,"Accuracy (quantitative)

Which bar is smaller (categorical)",topic_2,0.24319897085964778
420,Whether the circle or triangle section of the graph was taller was categorical and the height of the smaller graph was quantitative.,topic_2,0.0705907963067105
421,The two variables examined were which bar is smaller and what the size of the smaller would be if the larger was 100. Determining the smaller is categorical and determining the size in comparison to the larger is quantitative.,topic_2,1.0531567150001578e-307
422,"Triangle or Circle (which one is smaller) - categorical

Number chosen relative to 100 - Quantitative",topic_2,0.12713419284223418
423,"The height of bars - quantitative

which bar was smaller - categorical",topic_2,1.0
424,"Which graph was higher, Triangle or circle, categorical

Which graph was taller or shorter by how many meters, quantative.",topic_2,0.06754825683080043
425,"Variables being examined were the different bar graph models, categorical.",topic_2,0.030614955332197775
426,"the bar graphs - quantitative

participants - categorical",topic_2,0.02885865505995445
427,"how people see things differently 

quantitative",topic_2,2.0869976516003587e-308
428,"What set of blocks we chose, categorical.",topic_2,0.03232778755515885
429,The students or the people who were doing the experiments it was quantitative because they had to the measurement of how long it us to submit the answer.,topic_2,0.05274881006100786
430,"Stats 218 students - categorical

Whether or not the student can get the height of the bar right - categorical",topic_2,0.02338678044883376
431,"Quantitative- Triangle or Circle

Categorical- Difference in Units (0-100)",topic_2,0.11260391074753319
432,How diffeent people interpret different graphs whether its 2d or 3d or real.,topic_2,0.022860594794819087
433,How accurate the student was in finding the differences between heights. I would say its quantitative as were pulling numerical values.,topic_2,0.03301870019567332
434,The variable was categorical and students ability of observe graphs.,topic_2,0.02803477386953443
435,This was quantitative because we were asked to report a percentage.,topic_2,0.023242820840454894
436,The percentage difference between blocks- qualitative,topic_2,1.3914209680690183e-308
437,Percentages and height. These are quantitative since they measure in percentages and numbers.,topic_2,0.03796216373027108
438,The variables that were examined were the height of the bar graph in percentage which would be quantitative.,topic_2,0.06545342841341517
439,"Quantitative: how tall the bar graphs were

Categorical: different bar graphs (digital/physical), 5 different types of bar graphs, triangle vs circle",topic_2,1.722935287465245e-308
440,"Triangles versus circles

categorical.",topic_2,0.10955865998306454
441,"One variable was the type of graph we were looking at which in that case would be categorical, another would be how much each student thought each bar was, which would be a quantitative variable.",topic_2,1.592479965993583e-308
442,"The variables that were examined were which bar a study participant claimed was smaller, which was categorical, as well as the degree to which they claimed it was smaller, which was quantitative.",topic_2,6.246580226684242e-308
443,"The information of a person could get would influence his feeling.

Categorical",topic_2,1.327928220839818e-308
444,The variables were examined were our participation (Categorical) and our responses (Quantitative).,topic_2,1.8288228575647417e-308
445,"the variables that were examined were the models which were 2D, 3D, and real life ones. I would say it was quantitative since we had to estimate the size and say how small we thought it was.",topic_2,0.052913874374231853
446,"Type of graph - categorical

Accuracy of response (regarding height differences) - quantitative",topic_2,0.035321166434111886
447,"What type of graph was shown, which is categorical.

How much smaller the smaller data point is, which is quantitative.",topic_2,0.041040618709217984
448,"Ratio Comparisons:  Involves the ratio of heights between the bars in the bar charts which is quantitative. 

Graph Type: Specific characteristics of the bar charts including whether they were adjacent or separated, and whether they were presented in 2D or 3D formats which is categorical.

Type of Data Visualization: Type of graph used to represent the data. It includes three categories: 2D graphs, 3D digital graphs projected in 2D environments, and 3D printed bar graphs. This is categorical.",topic_2,1.1142876256379996e-308
449,Estimated difference in tower hits on blocks. Quantitative.,topic_2,0.022524730939124615
450,"Height of objects- quantitative.

Accuracy- (right/wrong) categorical.",topic_2,0.039778527920724144
451,One variable that was examined was the percentage that the student thought was the height of the bar. This is a quantitative variable.,topic_2,0.05284042216333204
452,"The variables were us, the graphs and the website we used. These would be both quantitative and categorical.",topic_2,1.425113837340813e-308
453,"Types of graphs (categorical), height perception (categorical), order of presentation (categorical)",topic_2,0.021038845268935378
454,"Size of culoms, quantitative",topic_2,0.02838612593699093
455,"Experimental, quantitative: block size

Response, quantitative: block value",topic_2,1.3561271338535655e-308
456,It was mostly quantitative because it measured which bar length was longer and by how much. I suppose a categorical would be short very long.,topic_2,0.07237425439705582
457,"As I recall, we may have been asked to determine which bar was smaller (categorical) and also, assuming the larger bar was 100, what value the smaller bar would be (quantitative).",topic_2,0.2779886048953024
458,"Response variable, quantitative",topic_2,0.03650461256671
459,"Height, color, size, and shape were all variables that were examined. I would say it was both variables, since it was asking for a number for height, otherwise this would be categorical.",topic_2,0.02609136342561577
460,Weight in comparison to another height. Color. Which bar was taller.,topic_2,1.0
461,"Categorical Variables: The different types of charts (2D, 3D digital, 3D models)

Quantitative Variables: The number of participants and the specific value each participant put on each of the charts.",topic_2,0.03179140831523103
462,"It asked about our sex and that would be categorical, the score on the test and it is quantitative",topic_2,1.8062361425959387e-308
463,Categorically how people visualize the graph heights.,topic_2,0.02085044983618243
464,"It was categorical since there were spits in the data, also the variables were seeing if the blocks were squares or triangles, and what that person picked.",topic_2,0.0418973080553016
465,"How close students could estimate the comparative heights of physical bar graphs. Quantitative. 

How close students could estimate the comparative heights of digital depictions of bar graphs. Quantitative.",topic_2,1.0830650928911285e-308
466,"categorical, because there was a correct answer out of the given options.",topic_2,1.349189877775196e-308
467,"categorical variable is the type of way the graph was presented: 

* 3d printed (4d?)

* 3d image that can be moved around

* 3d image

* 2d image

quantitative variable is the height estimation of graph bars compaired with other graph bars:

numerical values from 0.0- 100.0.",topic_2,1.459729377451205e-308
468,"Stat 218 students (quantitative) 

How well students could read a graph (quantitative)",topic_2,0.03925372537423163
469,The variables examined were quantitative.,topic_2,2.1107871491680036e-308
470,Quantitative,topic_2,2.101201772911947e-308
471,How well someone could estimate a value. Quantitative,topic_2,0.05098421464753272
472,"The explanatory variable was the person doing the experiment. The results changed every time a new person was doing it.

 The response variable was the color of the shape picked. The color picked was impacted by the person conducting the experiment.",topic_2,0.050443151041821385
473,"age - quantitative 

gender - categorical",topic_2,0.03853254669668399
474,The variable examined was the height between 2 bars on different graphs. The variable was quantitative.,topic_2,0.07371136807377905
475,How we responded to the prompts is one of the variables and it is categorical,topic_2,0.039833222695761214
476,"Can someone accurately match the real proportion? Categorical. The degree of difference in their response to the true number, quantitative.",topic_2,0.0354969211747417
477,"Number of correct answers - quantitative 

Visual or physical - categorical",topic_2,1.5566426440018367e-308
478,"The variables examined in this experiment were nominal variables which have no rank. The participants were choosing between a triangle or circle, both being categorical variables.",topic_2,3.702461058995642e-308
479,"Dependent variable : accuracy of reading 

Independent: Changing graphs from virtual reading to actual reading from figures.",topic_2,1.6370497341677335e-308
480,"There was color, categorical.",topic_2,1.3620016799733367e-308
481,"1) Distance between objects - quantitative

2) Task complexity - categorical",topic_2,0.03844986207780482
482,The variables were categorical,topic_2,0.03494661727747742
483,"the range of accuracy, how close students guesses got to the actual numerical value of the bar graph, quantitative",topic_2,0.03511617292114025
484,"The variables examined are the materials used (digital graph on computer vs. physical model) which is categorical, and the accuracy of the participants guesses (quantitative).",topic_2,0.03152730467441077
485,"heights of the blocks - quantitative 

if the circle or triangle was taller - categorical",topic_2,0.02832724859582131
486,"The variables that were being examinated were quantitative and random assigment. For quantitative the participant had to chose which amount bettwen 0-100 units they thought one of the bars was and submit it. In the case of random assigment, I noticed they were multiple bags for different kits so I guess the random assigment of the bags and selection of the bars was present and examinated in the experiment.",topic_2,0.056797703044667545
487,The variables examined were which bar was higher (categorical) and what was the estimated value of that bar compared to another (quantitative).,topic_2,8.813253472741553e-308
488,whether you could get it or not so categorical,topic_2,1.3305019928881593e-308
489,"The variables that were examined are determine which shape was taller, this is categorical. Then it asked to estimate how small the smaller graph was if the taller one was 100 units. this is a quantitative variable.",topic_2,0.022695723888299834
490,"Type of bar chart used (2D or 3D) - categorical

What the individual perceived the data to be - quantitative",topic_2,0.031221979382871926
491,"Independent: type of chart and color of the bars (quantitative)

 

Dependent: participant accuracy and response time (quantitative)",topic_2,0.013762747055908396
492,"The length of the bars, this variable would be quantitative. Which bar the people chose to longer or shorter, this variable would be categorial because they are observing it, but when it asked you to say how much bigger or smaller one bar was from another, that part would be quantitative.",topic_2,0.07307379097412595
493,"The variables examined is if people better estimate the values of graphs, which is quantitative as we estimated with numbers.",topic_2,1.457576994866061e-308
494,"Accuracy scores (quantitative)

Age of students (quantitative)",topic_2,1.521674121882106e-308
495,"Size comparison - categorical

Difference in percentage - quantitative",topic_2,0.2309662326068526
496,"2d : quantitative

3d: quantitative",topic_2,0.022652978521110013
497,"How close the person was able to get to the correct number of the bar (quantitative) 

Which bar is higher? triangle or circle (categorical)",topic_2,0.20995477937112614
498,The variable is the different bar graphs; categorical.,topic_2,0.02931230738606112
499,"Age: quantitative

Major: categorical

Accuracy of height-guessing: quantitative",topic_2,0.03795940940106637
500,Yes or No --> categorical,topic_2,1.343360840075397e-308
501,"Which of the 21 kits each person gets would be a quantitative variable.

Whether each person chooses triangle or circle on each chart would be a categorical variable. 

A potential confounding variable would be whether or not each participant got a good nights rest the evening prior to taking the experiment.",topic_2,0.03992257697433315
502,"size of objects: quantitative

perceived size: quantitative",topic_2,0.03383027390535387
503,"Physical or digital, categorical. Difference between 2 graphs, quantitative.",topic_2,0.045362861008747875
504,"Which was smaller?

* categorical

Deciphering by how much the tower was smaller?

- quantitative",topic_2,0.07692154883062899
505,"specific model kits, in person vs online, these categorical 

results of counting - quantitative",topic_2,0.04969058624299982
506,One of the variables was male or female (categorial) the other was age (19 or older: categorial) and another variable was the value of a certain bar on the graph (quantitative),topic_2,0.030455917370917025
507,The accuracy of what we guessed on the visuals. This is a quantitative variable.,topic_2,0.017707993274724745
508,"The variables examined are the sizes in bar graphs along with the comparison to one another. The variable was categorical to start as you would determine which is smaller or larger, then based off that you would determine by how much the smaller graph differed from the larger one which would be quantitative.",topic_2,1.655844338778039e-308
509,"Visualization medium: represents the type of chart used for data visualization (2D, 3D digital, or 3D printed) categorical.

Perceived ratio judgments: The participants' judgments of the ratio between two bars in the chart. Quantitative

Bar chart layout: The layout of the bar charts, including the positioning of bars and the grouping of data. Categorical

Ratio comparison: The specific ratio values used for comparing bar heights in the charts. Quantitative

Graph identification: The identification of specific bars within the charts for comparison is controlled to ensure consistency across participants. Categorical",topic_2,1.0798679875928026e-308
510,"Which bar students pick as higher -categorical

How tall the smaller bar is compared to the larger bar -quantitative",topic_2,0.4895261780090545
511,"categorial - the blocks, the height of the blocks",topic_2,0.02589641067133456
512,Rayshader and graphs are categorical variables.,topic_2,0.0206709745629474
513,"Type of visual, categorical. The guess in the size of the bar, quantitative.",topic_2,0.020716270895940293
514,"The variables that were examined is whether the student can accurately guess the value of the bar - categorical

Also it could have been the numerical value of how far off the student guessed from the actual value - this would be quantitative",topic_2,0.0625460509120887
0,Circle and Triangle graph. Quantitative,topic_3,0.048951118887022485
1,Model size- quantitative color- categorical,topic_3,2.0281198981208896e-308
2,The height which was quantitative and the other variable was the shape on the model which is categorical.,topic_3,0.046851486091589366
3,"There were a few variables that were examined, one of them was being able to judge the size difference between the blocks which is quantitative. Another variable could possibly be genders which would be a categorical variable. Also, we are all college students which could be a categorical variable as well.",topic_3,0.029453032059204257
4,"One variable could’ve been gender (categorical)

another variable may be major (categorical)",topic_3,0.3288014606752087
5,"Each individual graph and what size they were, quantitative

The individual and their selection is a categorical observational unit",topic_3,2.5292864205260953e-308
6,"Number of blocks in a bag: quantitive

whether a student participated or not: caregorical",topic_3,1.847980249752623e-308
7,"Size difference in the two bars, quantitative

Physical or online bar chart, categorical",topic_3,1.6097029180845176e-308
8,"-assigned either an adjacent graph or separated comparison graph (categorical)

-estimating ratios (quantitative)",topic_3,0.03503998131441483
9,"1. The response of statistic students to the 3D kits - Categorial 

2. Effectiveness of 3D printed charts to their 2D rendered parts - Quantitative",topic_3,0.057854398638979655
10,The first variable was which peak in the chart was the tallest between the two. This is categorical. The second variable was how big the difference between the two peaks are and this is quantitative.,topic_3,3.1959457544348023e-308
11,"2D vs. 3D graphs; categorical 

A number out of 100; quantitative",topic_3,0.030418637175024795
12,"How close we were to guessing the percent compared to the other bar. This would be quantitative. Also guessing which bar was bigger, which was categorical.",topic_3,1.7964140424450576e-308
13,"Interpreting 3D graph correctly- categorical

3D compared to 2D- categorical",topic_3,0.030801466211179414
14,The variables were the answers of the subjects on which bar as smaller. This can be a categorical variable,topic_3,3.6994339756514205e-308
15,More accurate description - categorical,topic_3,1.8779145351811292e-308
16,"1) Type of graph (categorical)
2) Student observations (quantitative)
3) Student characteristics (categorical)",topic_3,0.05416391939998349
17,"the categorical variables were: type of chart (2D, 3D Digital, 3D printed), determining which bar was smaller, and whether it was adjacent or separated. 

the quantitative variable was the number we put (on the slider) on the difference between the smaller and larger bar",topic_3,0.09189888691317256
18,"The bar graphs, percentages were quantitative.",topic_3,0.07768919948684906
19,The variables that are examined are the blocks and the numbers which are all categorical.,topic_3,0.052170137906790266
20,"The study was a little bit ago so I am going to do my best to remember, but we were asked to compare 2 variables in a bar graph and compare their hights based off how much of a percentage they were bigger or smaller than the other. They were quantitative variables.",topic_3,0.040186208237244614
21,The explanatory variable could have been color of graph (categorical) and the response could have been accuracy of estimation of values (categorical).,topic_3,2.850198483078796e-308
22,"Height: categorical 

color: categorical",topic_3,1.9704367725493503e-308
23,"Variables that were examined were 2D chart v.s 3D chart, that would be categorical. And how big/small was letter A to letter B for a 2D and 3D chart, that would be quantitative.",topic_3,0.06785591138917066
24,"Variables that were examined include whether 3D digital, 2D digital, or 3D physical models are easier to understand/are better, which would be categorical and how close people are to estimating the correct lengths of the bars, which would be quantitative.",topic_3,0.06286456697951885
25,"2D and 3D shape designs  - categorical 

Perceived height compared to actual taller or shorter - categorical 

Peoples ratio of judged heights - categorical (numerical)",topic_3,0.0443209538341433
26,"One variable examined is the ratio between different bars on a bar graph. This variable is quantitative because the ratios are number values. Another variable is the chart type. This variable is categorical because the three types of graphs are 2D graphs, 3D digital graphs, and 3D printed graphs.",topic_3,0.07617467864693576
27,"Correct bar chosen, categorical 

Ration of the bar, quantitative",topic_3,1.552246177822152e-308
28,Did the student guess correctly? Categorical,topic_3,0.0359062031748186
29,"Variables examined: Age, specific school (university), class, grades

 Age: Quantitative

Specific School (university): Categorical

Class: Categorical

Grades: Categorical",topic_3,1.0
30,"The student's perception of height analysis - categorical

Height of the building - quantitative",topic_3,0.037971955430865637
31,"Explanatory: Which block is larger (quantitative)

Response: Student estimate (quantitative)",topic_3,1.7399139883078607e-308
32,The variables examined were the shape things we were given and it is categorical.,topic_3,0.06840463975002431
33,the percentage of size one bar is compared to another -- quantitative,topic_3,1.63750680557235e-308
34,"Whether or not the student chose the correct answer- categorical

the percent that the students guessed- quantitative",topic_3,2.5766393958283234e-308
35,"2D or 3D = categorical

Correct value or Incorrect value = quantitative",topic_3,0.040612875288476194
36,"What percentage of a bar compared to another in the physical/digital graphs - Quantitative

Whether the graph/bar is physical/digital - categorical.",topic_3,0.07145941302519626
37,"The variables examined are categorical, as we are testing understanding of graphs, which is kind of a yes or no question, you either understand or you didn't. A variable that could have been examined by this is if more students guessed values correctly on the 3D graph or the online 2D graphs.",topic_3,0.06852096879085272
38,accuracy of data to graph and it would be quantitative because it is a numerical response,topic_3,0.051286091984904275
39,"Whether the person said the point on the block was taller or shorter: Categorical

The height the person said the point on the block was: Quantitative",topic_3,1.8112066996829223e-308
40,the difference between shapes and it was quantitative,topic_3,0.03298632424073628
41,* heights of blocks: quantitive,topic_3,1.6041695050994575e-308
42,I think the variable is if they guess the right block and thats categorical.,topic_3,0.055889926400991656
43,"Students answer- quantitative

how accurate their answer was- quantitative",topic_3,2.614912509131774e-308
44,"Graphs and percentages were given to the students, but finding if they choose the correct percentage is categorical.",topic_3,2.487635379694142e-308
45,"The variable examined was the different column sizes of 3D blocks. This would make it categorical.

(*I did the online version due to a COVID diagnosis so I'm not sure if things were different in-person.*)",topic_3,0.06423171915054003
46,whether or not the comparison of triangle and circle was correct-categorical,topic_3,0.045843651370024184
47,One quantitative variable is the percentage/amount of difference in each bar. A categorical variable is whether the individual thinks one bar is bigger/smaller than another. Another categorical variable is whether the bar graph is a 3D model or graphic on a computer/screen.,topic_3,3.621988791157818e-308
48,I would say the experiment was more categorical than quantitative.,topic_3,0.1437809344421356
49,"Accuracy of answers may have been a variable (ie. how close to the correct answer each answer was), and that would have been a categorical variable. Another variable would have been the participant within the study, such as if they were male or female, and that would have also been a categorical variable.",topic_3,1.0
50,"independent: form of data (categorical)

dependent: accuracy of data interpretation (quantitative)",topic_3,0.025978302168544957
51,The hights of the blocks were they variable examined and that is a quantitative variable.,topic_3,1.796186615382791e-308
52,They examined the estimated size ratio using a percentage. This would be mostly quantitative because they are valuing a number. They also could be testing if you are correct or not which would classify more as categorical.,topic_3,0.07253608321481554
53,Which graph was smaller which is categorical and what percentage the bar was in relation to the other bar which was quantitative.,topic_3,0.07279764090215535
54,They were categorical and it was a circle or triangle.,topic_3,0.04139694695600677
55,"It was a quantitative variable that was determined as we had to always enter a number for the graphs. Then from the results we can conclude many categorical variables such as if age, gender, or any other variables have a trend with corresponding answers.",topic_3,3.7888506821760475e-308
56,The variables that were examined were the test we chose which would be categorical and the amount of tests we did which were quantitative.,topic_3,1.0
57,"Length- quantitative

Age- categorical

Gender- categorical",topic_3,0.0512637843141455
58,the height of the blocks - quantitative,topic_3,1.6068072309141617e-308
59,Whether or not each question involved a physical graph model or a picture (categorical) and the accuracy of the value estimation (quantitative).,topic_3,0.05605592555901624
60,"wether someone was a researcher or not- categorical

the accuracy of their responses- quantitive (most likely)",topic_3,3.2753795617623297e-308
61,"categorical variables -- smaller/larger

quantitative -- the actual number assigned to the interpreted size",topic_3,0.0340350972796237
62,"We examined the color - categorical

shape-categorical 

what number block it was- quantitative

where we thought a certain number would lie on each block- quantitative",topic_3,0.0496013484742692
63,The number we were choosing for the supposed values could be quantitative data while seeing if the triangle or circle columns matched could be categorical.,topic_3,1.855949621604329e-308
64,"Quantitative- the assumptions made

categorical- was the assumption correct

quantitative- the degree of correctness",topic_3,0.056816901545476264
65,"physical blocks/digital blocks - qualitative

size of blocks - quantitative",topic_3,1.613788632623981e-308
66,Independent variables were examined in this.,topic_3,1.0
67,"Size difference. Quantitative

calculation error. Quantitative",topic_3,0.03778560617187336
68,"what number you thought the graph was at - quantitative

which graph was larger - categorigcal",topic_3,2.12967614402232e-308
69,"Some of the variables that may have been examined include: whether or not the participant identified which graph was larger (categorical), and how close or far the participant identified the correct numerical difference between the graphs (quantitative).",topic_3,3.702167271003187e-308
70,ability to interpret the graph and make estimates could be categorical and the number that was inferred could be the quantitative variable.,topic_3,0.06701704272304967
71,"Which graph was read more accurately on average, which is categorical.",topic_3,0.051201309168654896
72,The variable that was examined was categorical because they determined whether or not people correctly estimated the range of the 3D and 2D graphs.,topic_3,0.07617190089164978
73,"Which bar on each bar graph was smaller, and the value of the smaller bar when you are told that the larger bar has a value of 100. Whether a particular bar is smaller is categorical, while the comparative value of the smaller bar is quantitative.",topic_3,0.051813881462333046
74,The variables were the arrangement of the data bars and the estimated values of the data bars by the students. The first one is categorical and the second one is quantitative.,topic_3,0.2894953583734605
75,"Independent- the triangles and circles on the model (quantitative) 

Dependent- number of collector identified shapes within the percentage (quantitative) 

control- the models were kept the same",topic_3,0.026355519526567513
76,I think the variables were which graph portion we tested was bigger than the other (categorical) and the quantitative were the numbers we were guessing. This can also be a categorical variable too because it was either right or wrong. The other quantitative variables were how many correct guesses we had and how many we got wrong.,topic_3,3.852481349218362e-308
77,"Accuracy of estimate - yes or no would be categorical, percentage would be quantitative

Which bar is taller - categorical",topic_3,0.031840906819427875
78,"Independent variable: Changing units- categorical

Dependent variable: Comparing of two units, circle and triangle- quantitative

Categorical variable: Age, gender, perception- categorical",topic_3,2.163678300920733e-308
79,how accurate we guessed on the online or in person graphs - i want to say quantative because they are just numbers,topic_3,0.0966905535687441
80,"The variables was whether the triangle or circle bar was taller, this is categorical. The other variable was the prediction made by the people being sampled, this is quantitative.",topic_3,0.12912854009411623
81,Our personal information and how accurately we could determine dimensions.,topic_3,0.04391761862172515
82,One variable is what kit the participant was given to use during the survey. This would be a categorical variable. Another variable could be what height each participant said the model/graph was. This would be a quantitative variable as there is a complete range of possible entries. Another variable might be the percentage of questions participants got correct. This would be a quantitative variable. A fourth variable could be if the participants met a set threshold for correct answers. This would be a categorical variable.,topic_3,0.59219304952761
83,The different sizes of the columns are compared to another bigger one. The variables are quantitive.,topic_3,3.631115700975844e-308
84,The smaller and bigger columns and the difference in them. The variables are quantitive because we are looking at the different sizes of the columns which could be changed to amounts of money to be compared.,topic_3,3.672151506535327e-308
85,"Independent:the type of model (categorical digital 2D, digital 3D, physical model)

Dependent:the accuracy of the guess (quantitative)",topic_3,0.026540676098258827
86,Which one was high which is categorical and by how much which is quantitative,topic_3,1.947707621258784e-308
87,"The two variables that we examined were which of the two selected bars were smaller, which was a categorical variable, and how big the smaller bar was in relation to the larger bar, which was a quantitative variable.",topic_3,2.7852914026980553e-308
88,"the independent variable was the blocks they were given (categorical)

dependent is what height they guessed and how accurate (Quantitative)",topic_3,0.0774655120509225
89,The variables examined would have been what percentage the different spaces on the charts represented which is a quantitative variable.,topic_3,0.09349934587356615
90,"People learn better in 2D graphs than 3D - Categorical 

 

People have a higher chance of getting a question right when they use a 3D graph - Quantitative",topic_3,0.03206142221867312
91,"There were many variables, but I think that most of them were quantitative, because when we were doing the experiment, it was a lot of guessing with numbers.",topic_3,0.1830870440916971
92,"graphical encoding types, which are categorical

accuracy of participant estimates which is quantitative

task type or graph type, categorical",topic_3,0.06418734392406165
93,"Online vs physical (categorical)

data percent perceived (quantitative)",topic_3,0.0912629144610998
94,"The experiment looked at a mix of chart features and participant responses. It compared different chart types—2D digital, 3D digital, and 3D printed—as well as how the bars were arranged (either next to each other or separated), which are both categorical variables. Participants were asked to judge which bar was smaller and estimate the ratio between them, giving quantitative data. The actual ratio and the error in their guess were also measured, both of which are quantitative too. So overall, the study tracked both the kinds of charts used and how accurately people could read the data",topic_3,2.3035174611488605e-308
95,"time- quantitative, shape-categorical, color-categorical",topic_3,2.1134370443334223e-308
96,One variable was if the graph was 3D or 2D on the computer which would be quantitative. Another variable would be what color the printed graph was which would also be quantitative.,topic_3,3.5620557694410657e-308
97,The variables examined were if the participants were able to identify with decent accuracy the correct data from the 3D bar chart.,topic_3,0.07226125574777328
98,I feel like a variable of this could be the judgement of the graphs. This would be a categorical variable.,topic_3,0.07290107907000634
99,"Explanatory: 2D vs 3D (categorical) 

Response: The estimated distance/height between the two (quantitative)",topic_3,0.040274968233762844
100,"The symbol pi was used, and so were Hypothesis A and Hypothesis O.",topic_3,0.033101666975759024
101,Which graph used (categorical) and how accurate the reading was (quantitative),topic_3,2.2347654159807107e-308
102,the variables that were examined where the number of the graph and how tall we thought each bar was. The heigh we thought the bar was is a quantitative variable. The bar that was observed would be a categorical value.,topic_3,3.499973772319817e-308
103,"Height of the graph (quantitative)

Participants correct answer vs not (categorical)",topic_3,0.05256817432878936
104,"Accuracy of guess: quantitative 

Medium: qualitative",topic_3,0.08129909527310326
105,"Chart format categorical, time to complete response quantitative, judged ratio quantitative",topic_3,2.2680878049448937e-308
106,hours of sleep and it is quantitative,topic_3,0.07651946597602613
107,The ratios of the circle bar compared to the triangle var were examined. I would say finding the ratios is a quantitative variable.,topic_3,0.04100478420851648
108,"number of scores that students get right, quantitative

type of problems given, categorical",topic_3,2.488350563372944e-308
109,"The type of graph was a variable that was examined, and this variable is a categorical variable. other variables that were examined were, the true height between the bars and the height found by the participants. both of these are quantitative.",topic_3,3.6355601025035194e-308
110,"The variable examined were the bar graph data between two bar A and bar B. It could be categorical because you are choosing which graph is greater, either A or B not a number.",topic_3,3.19754827152451e-308
111,"variables

which was bigger a or b - this is catagorical

What percent bigger - quantitative",topic_3,0.022050773406617485
112,"The number of people who participated in this, quantitative

Examining 2d and 3d graphs, categorical",topic_3,0.0706388660309815
113,"Height of the bar- quantitative 

Correct/ incorrect guess- categorical",topic_3,0.030208631614710515
114,"Graph type, which is categorical because it's a category so it's categorical. And valid perceptions, which I suppose could be quantitative because you could convert it into a ratio.",topic_3,0.05184349308134982
115,"Chart Type: categorical

Bar spacing: categorical

Ratio accuracy: quantitative

Bar size: quantitative",topic_3,2.17202982156653e-308
116,"Whether or not participants could correctly guess difference - categorical

How far off participants were in their guesses - quantitative",topic_3,2.843004795723176e-308
117,"One variable was correct or incorrect answers with 2D graphs, which is categorical. Another variable was correct or incorrect answers with 3D graphs, which is also categorical.",topic_3,0.06877030008208607
118,"The variables were the data model formats presented and the values assigned to each perceived value of said data models. The data model formats are categorical, either 2D or 3D, and the values assigned to each data model is a quantitative variable, assigning numerical values that can be averaged and calculated against.",topic_3,0.12082620315953192
119,"Some were asking which bar had a bigger value. -- categorical

Some were asking to give a value to a bar. -- quantitative",topic_3,1.8540303365061297e-308
120,"bar height (quantitate) 

bar color (categorical) 

label on each bar (categorical)",topic_3,0.024690605655950364
121,"graph type, categorical

ratio of bars, quantitative

accuracy of judgment, quantitative

individual participants, categorical

bar grouping, categorical",topic_3,0.03984623151272595
122,Variables that were examined would be graph difference in height which is quantitative.,topic_3,0.0770889127343974
123,if the graph is larger. Categorical,topic_3,2.219033274043169e-308
124,"Chart Type: Categorical

Participant Judged ratio: Quantitative

Ratio between bars: Quantitative

Log error of judgement: Quantitative

Which bar is smaller between bar a and bar b: Categorical",topic_3,2.058389928196956e-308
125,One variable was if the graph was 3D or 2D on the computer which would be quantitative. Another variable would be what color the printed graph was which would also be quantitative.,topic_3,3.654105740689874e-308
126,"graphical encoding types, which are categorical

accuracy of participant estimates which is quantitative

task type or graph type, categorical",topic_3,0.06988106109381298
127,the variables that were examined where the number of the graph and how tall we thought each bar was. The heigh we thought the bar was is a quantitative variable. The bar that was observed would be a categorical value.,topic_3,3.476188169570749e-308
128,"time- quantitative, shape-categorical, color-categorical",topic_3,2.1644975119236515e-308
129,Which graph used (categorical) and how accurate the reading was (quantitative),topic_3,2.281669865209864e-308
130,I feel like a variable of this could be the judgement of the graphs. This would be a categorical variable.,topic_3,0.07085657369402651
131,"The experiment looked at a mix of chart features and participant responses. It compared different chart types—2D digital, 3D digital, and 3D printed—as well as how the bars were arranged (either next to each other or separated), which are both categorical variables. Participants were asked to judge which bar was smaller and estimate the ratio between them, giving quantitative data. The actual ratio and the error in their guess were also measured, both of which are quantitative too. So overall, the study tracked both the kinds of charts used and how accurately people could read the data",topic_3,2.3513514571393103e-308
132,"There were many variables, but I think that most of them were quantitative, because when we were doing the experiment, it was a lot of guessing with numbers.",topic_3,0.16666470895725913
133,The variables examined were if the participants were able to identify with decent accuracy the correct data from the 3D bar chart.,topic_3,0.07230738944698176
134,"People learn better in 2D graphs than 3D - Categorical 

 

People have a higher chance of getting a question right when they use a 3D graph - Quantitative",topic_3,0.03162655556537333
135,"the independent variable was the blocks they were given (categorical)

dependent is what height they guessed and how accurate (Quantitative)",topic_3,0.08004144649287075
136,"The symbol pi was used, and so were Hypothesis A and Hypothesis O.",topic_3,0.03452785769509874
137,The variables examined would have been what percentage the different spaces on the charts represented which is a quantitative variable.,topic_3,0.09396823469115358
138,"Online vs physical (categorical)

data percent perceived (quantitative)",topic_3,0.09122345612949644
139,"Explanatory: 2D vs 3D (categorical) 

Response: The estimated distance/height between the two (quantitative)",topic_3,0.04013209898766128
140,The variable examined was what height we thought the shorter graph was compared to the larger bar. This variable was quantitative.,topic_3,0.07294430555387163
141,The variables being examined were that of: 'accuracy in estimation of the distances' and 'male vs. female'. I would say both are categorical.,topic_3,0.16416899154732936
142,[expirement -2.docx] (/users/286374/files/21155815?wrap=1&verifier=fC22T9TgCcZie7zS8sKiVPG12cMajTtaj2MbI7Lo),topic_3,0.028250666618761192
143,"Here are the main variables examined in the experiment:

 

* Chart type (2D, 3D digital, 3D printed) – Categorical

* Bar layout (adjacent vs. separated) – Categorical

* Ratio judgment given by the participant – Quantitative

* Accuracy of the ratio (measured as log error) – Quantitative

* Which bar was identified as smaller – Categorical

These variables helped the researchers measure how chart format and layout affect people’s ability to judge data accurately.",topic_3,2.108594227850729e-308
144,"Accuracy - quantitative 

Gender - categorical

Age - categorical

Taking STATs? - categorical",topic_3,0.05288503566127677
145,Circle and triangle,topic_3,0.04717899346715362
146,"Effectiveness of 2D screen graphs: Categorical

Effectiveness of 3D screen graphs: Categorical

Effectiveness of 3D in hand graphs: Categorical",topic_3,0.032330872387381776
147,"The amount of time spent on each question - quantitative 

Which tower was taller - categorical",topic_3,0.04441480554741009
148,"The variable that was examined was if the circle or square tower was higher, which is a categorical variable.",topic_3,0.02884239678734781
149,The variable that was exmined was triangle or circle and that is categorical.,topic_3,1.711553464229232e-308
150,Which bar was bigger and what the percentage bigger- quantitative.,topic_3,1.619951225894749e-308
151,One variable was the height of the graph and that was quantitative because it asked for how tall they were and also categorical because on the graphs they had the circle or triangle.,topic_3,3.9217003922653466e-308
152,"Height of the towers - quantitative 

Which tower was taller (triangle or square) - categorical",topic_3,0.05035296311794006
153,"Selecting whether circle or triangle was the highest or lowest compared to each other, and I selecting by how much lower or higher. I think that this experiment is quantitative.",topic_3,1.9159288756759324e-308
154,"Bar height estimation: quantitative.

Trial number: quantitative.

Participant ID/code: categorical.",topic_3,0.0674637267763674
155,it was quantitive because we are guessing a number or percentage based on the naked eye,topic_3,3.504827675911551e-308
156,"The person's favorite animal, which is categorical. And their estimation of bar height percentages in each scale which is quantitative.",topic_3,0.07234922347119181
157,"Bar graph size: quantitative

What kind of graph: categorical",topic_3,2.301703307480588e-308
158,"same graphs given to everyone, assigned in different orders both are categorical",topic_3,2.228314004262231e-308
159,"Human analysis ability - quantitative

tower height - quantitative

bigger or smaller - categorical",topic_3,0.03716358724509766
160,"Triangles and circles, this is categorical. Shorter versus taller graphs or models, this is categorical. The actual hight of the shorter section of the table/graph, this is quantitative.",topic_3,0.02536092745114597
161,"One variable that was examined would be if the participant guessed the right proportion which would be qualitative.

Another variable that was examined was age group, this was also qualitative.",topic_3,0.26192742181064893
162,"charts you got correct online- categorical

charts you got right with physical copy- categorical",topic_3,0.05092502234476729
163,"Height of a bar, categorical.",topic_3,1.470119240251796e-308
164,"How long we think the block is, quantitative 

Which block is smaller, categorical",topic_3,1.584283499839347e-308
165,"The different types of graphs, being physical, 2d, or 3d- quantitative 

The size of the bar in question- quantitative

If it was either a circle or triangle bar- categorical",topic_3,2.433677492462629e-308
166,"triangle or circle bar--categorical 

the height of the bar--quantitative",topic_3,0.03271543367456881
167,The variables examined were the proportion of one tower to the next and if it was a star or circle. The first one is quantitative and the second is categorical.,topic_3,2.009660181610608e-308
168,Quantitative because there were more then two possibilities.,topic_3,3.74851323073221e-308
169,"Is the bar shorter vs taller - categorical

What percent shorter or taller is the bar - quantitative",topic_3,1.532317533863371e-308
170,"* If the students can estimate the height of the block properly - categorical

* The package of bars given to the students - quantitative",topic_3,1.8096246866739157e-308
171,"There were at least two variables recorded, whether the subject got the percentage right, and whether they stayed consistent. These were both categorical.",topic_3,3.3804616264112967e-308
172,Interpretation of graphs - Quantitative,topic_3,2.1436225073232967e-308
173,"* the percentage guess = quantitative

* did they follow directions (was the guess close at all) = categorical",topic_3,3.0284953408482277e-308
174,"which bar was larger, circle or triangle. this is categorical

how many units tall is the shorter bar if the larger bar is 100. this is quantitative",topic_3,0.03022650972617676
175,"1. chart type: categorical

2. bar spacing: categorical

3. spacing between bars: quantitative

4. individual judgement: quantitative

5. accuracy: quantitative

6. size (a or b): categorical",topic_3,0.042068629450642304
176,Type of bar chart (categorical) and the height judgement (quantitative),topic_3,0.02212148064936815
177,"Type of Graph (2D, 3D digital, 3D printed)

Categorical

Perceived Bar Ratio 

Quantitative

Accuracy of Comparison 

Quantitative

Participant's Choice of the Smaller Bar 

Categorical

Order of Chart Presentation

Categorical",topic_3,2.0536395688166675e-308
178,"The main variable looked at where the different types of graphs in the accuracy of the individuals answers the type of graph whether it was 3-D 2-D, digital or 3-D printed there is a category variable because it will involve different groups of categories, so the accuracy of the ratio judgment is quantitive because it measures with numbers specifically using a log air formula, another possibility is a categorical variable. This could be the layout of the bars like is it adjacent or separated.",topic_3,0.045324586903420824
179,na,topic_3,0.04178372730017477
180,"Type of Data visualization: categorical variable with three levels, 2D graphs, 3D digital graphs, 3D printed graphs

Ratio of Smaller Bar to Larger Bar: Quantitative variable the ratio is numerical values

Perceived Ratio of Smaller Bar to Larger Bar: Quantitative variable it represents the participants estimate of the ratio

Log Error of Ratio Judgment: Quantitative variable its a calculated numerical value representing a difference

Bar Chart Comparison Type: categorical variable with two levels, adjacent and separated",topic_3,2.0093994646969884e-308
181,The size of the graph - quantitative,topic_3,2.123842115196584e-308
182,The variables examined were the block size percentages compared to one another. They were quantitative because we were guessing the size of the block based upon another.,topic_3,1.725410060372965e-308
183,"the people used - categorical

and the style of bar chart- categorical",topic_3,0.05117016860881646
184,"This experiment examined multiple variables, including quantitative variables and categorical variables. Quantitative variables include the proportion value estimated by the participants (the relative length of the triangular cuboid and the circular cuboid) and the true value of the proportion, which are numerical data that can be mathematically calculated and error analyzed. Categorical variables include the shape of the labeled figure (circle or triangle), the number or code of each model (used to distinguish different 3D bar graph models). By analyzing these variables, the experiment can explore whether the shape of the figure and the characteristics of the model have a systematic impact on the estimation of visual proportions.",topic_3,2.1388574992730485e-308
185,categorical,topic_3,1.8323027779941323e-308
186,"Accuracy of noticing the tallest of the bars: qualitative

Type of graph: categorical

Response time: qualitative",topic_3,0.05263478166323707
187,The variables were how we were able to read the graphs.,topic_3,3.6295592798182157e-308
188,"The ratio of heights was categorical, each graph was presented quantitatively, and then the test was administered categorical.",topic_3,0.06906026121803578
189,"One variable is the type of chart, which is categorical. Another variable is the accuracy of bar size judgement, which is quantitative.",topic_3,0.0935103378434998
190,"size estimated - quantitative

over or underestimate - categorical",topic_3,0.039838519040702264
191,Variables examined were participants reading charts and making judgements without physical measuring and this is qualitative and they found the difference in their judgement and the actual result and this is quantitative.,topic_3,0.21378450101043472
192,"The variables examined were the X, Y, and Z axes (quantitative), the color of the points  (categorical), and the shape of the points (categorical).",topic_3,0.10283578034537671
193,"I do not remember the exact variable used, but they were most likley categorial because we did not have to do any numerical calculations.",topic_3,0.0858307415681465
194,"The variables that are examined are the chart type which is categorical, bar spacing which is categorical, true ratio between bars which is quantitative, participant’s judged ratio which is quantitative, log error of judgment which is quantitative, and which bar was chosen as smaller which is categorical.",topic_3,2.2128681054838887e-308
195,"1. Type of graph – Categorical

2. Accuracy of bar height judgment – Quantitative

3. Time taken to respond – Quantitative

4. Participant background or experience – Categorical",topic_3,0.0574292283720439
196,The quantitative variables were the participant's numerical guess and the actual answer. The categorical variable was the type of graph.,topic_3,0.08606298479909057
197,"Type of chart- categorical

If the correct answer was given- quantitative",topic_3,0.05581964903461187
198,"1. Age of the Cow

*

Type: Quantitative

*

Description: The exact age of each cow, usually measured in years or months, to identify how age influences calving difficulties.

2. Calving Difficulty

*

Type: Categorical

*

Description: A classification of how difficult the calving process was (e.g., easy, moderate, or difficult). This could be assessed based on the need for human intervention or complications during delivery.

3. Calving Assistance Type

*

Type: Categorical

*

Description: The type of assistance provided during calving (e.g., no assistance, mechanical assistance, veterinary intervention, etc.).

4. Calving Outcome

*

Type: Categorical

*

Description: The outcome of the calving process (e.g., healthy calf, stillbirth, live calf with complications). This could also be categorized based on the health of the calf or cow after the birth.

5. Weight of the Cow

*

Type: Quantitative

*

Description: The weight of the cow could be used to explore how body condition or size influences calving ease.",topic_3,0.06112889600102776
199,"Some variables that were mentioned in this abstract were the bar spacing/color, and also how the graph was being formed or the orientation of the graph whether it was horizontal, or vertical pertaining to the data collected. These variables are categorical. Other variables such as the height of both bars (2D and 3D), and the size of the data represented, are examples of quantitative variables.",topic_3,0.0740386057052118
200,"Graph type- categorial 

Bar grouping type- categorial 

Judged ratio of bar heights- quantitative

True ratio of bar heights- quantitative

Error in ratio judgement- quantitative",topic_3,0.03566800358700027
201,The categorical variable would be if students were able to perceive data better with the 3D models.,topic_3,0.048319826853255775
202,"Variables I remember asked was age and if I was a member of stat 218. Age is quantitative and if I was in the class or not is categorical. The response variable is my score on the experiment, quantitative.",topic_3,1.0
203,"The variables which were examined where the type of graphical display (categorical) as well as the graph features; color, size, and shape, which is also categorical. Another variable examined would be the accuracy of participants responses. This would be quantitative because students were asked to give a number for a portion of the graph depending on the number assigned to the other portion of the graph.",topic_3,0.058250787921111116
204,"Explanatory variable: Type of graph (i.e., 2D, 3D, or 3D printed); categorical
Response variable: Accuracy of participant in estimating bar length; quantitative.",topic_3,3.186724123844148e-308
205,The variable that was examined in this experiment is if people view 2D and 3D differently and which is more accurate.  It would be categorical because there are only two groups.,topic_3,0.05070895461276167
206,"The actual height difference between the blocks is quantitative, as the testers estimated. The estimation of error would also be quantitative. The taller block correctly identified would be categorical.",topic_3,1.835752072916873e-308
207,"*

How long something took – that’s a number, so it’s quantitative.

*

What choice someone made – like picking A or B, that’s a categorical variable.

*

Which group someone was in – like Group 1 or Group 2, that’s also categorical.

*

How many things someone got right – that’s a number, so it’s quantitative.",topic_3,0.24362748237328202
208,"Percentage - quantitative

How many people guessed what number - quantitative",topic_3,0.05902950601272809
209,"Im not sure what variables were exactly examined. I belive this reflection should be closer to the time we take the experiment, as we are college students trying to retain a lot of information, especially me as a senior graduating this year. I hardly remember the expeierment",topic_3,0.24127549788333175
210,"The experiment looked at the type of graph and bar spacing, which were categories. The judged ratio and log error were numbers. The correct bar choice was also a category.",topic_3,2.0863466071865546e-308
211,Ratio accuracy and Graph type,topic_3,2.0302208736553697e-308
212,"*

Chart type (2D, 3D, 3D printed) – categorical

*

Ratio judgment accuracy – quantitative",topic_3,0.036405529958863064
213,"Chart Type is categorical, the bar type was categorical.",topic_3,0.05150325037364796
214,The variables examined were the use of a computer or physical model. This was categorical. The response variable was how close to the true value the students responses were. This response was quantitative.,topic_3,0.05568962224561662
215,"Bar size- quantitative

Age- categorical

Education- categorical

Sex/gender- categorical",topic_3,0.05547490609584528
216,"The first variable is which bar was smaller, circle or triangle; categorical. The second variable is that if the bigger/taller bar of the two was 100 units, what is the size of the smaller; quantitative.",topic_3,2.159590424549927e-308
217,"Categorical: chart type - 3D vs 2D charts

Quantitative: Response Time - how long it took to make a judgement",topic_3,0.06215797401107435
218,"quantitative data

the percent height difference between the two bars",topic_3,0.023067931893368726
219,"How good a person's memory is - qualitative 

How good of eyesight they have - qualitative

seeing or not seeing color - qualitative",topic_3,0.20767414330503553
220,"Categorical is whether triangle or circle was smaller or taller, and quantitative would be the number of units of the smaller one compared to the taller one.",topic_3,0.03089156357445956
221,the size of the columns and that was quantative,topic_3,3.8172218758457905e-308
222,One variable could be which graph the student said was the smallest. This is categorical because it was either a circle or a triangle response.,topic_3,2.7647283088695284e-308
223,"We first decided what tower was taller (whether the circle or triangle), this was fairly easy (categorical). Then we compared the 2 towers and gave an estimation how tall the shorter one was if the other was 100 units high (quantitative).",topic_3,0.03966639824408651
224,The size of the stacks was given which would be quantitative seeing as it was a numbered amount.,topic_3,4.0843029734364727e-308
225,"Independent: Gender (categorical) 

Dependent: accurate interpretationEach  of graphs (quantitative)",topic_3,0.02499964019338151
226,"Size of bar graphs (height): quantitative

If triangle or circle was smaller than the other: categorical",topic_3,0.030616845155877148
227,"Categorical: Circle vs. Triangle 

Quantitive: Difference in units between the circle and triangle",topic_3,0.04819423165701821
228,how accurate our observed ratio is to the actual ratio :quantitative,topic_3,0.07125897591412633
229,"The independent variable is the type of graph viewed (screen or in-person), which is categorical. The dependent variable is the numerical value the participant assigned to the bars, which is quantitative.",topic_3,3.4247364194685725e-308
230,"smaller or larger bar: categorical

how much bigger or smaller: quantitative",topic_3,1.586196952157432e-308
231,"Which bar was larger-categorical

Percentage- quantitative",topic_3,1.632450265445407e-308
232,"The graphs, categorical

The measurements, quantitative",topic_3,2.3955559140846877e-308
233,The variable observed was how well each student did on the examination. This was a quantitive variable.,topic_3,0.26471854770186437
234,"Bars - Quantitative

Gender - Categorical

Age - Quantitative",topic_3,0.05546738108856341
235,"Students ability to understand graphs - Categorical

Students ability to identify the matching picture of the graph - Categorical",topic_3,0.057217991093978446
236,"The variables examined were the heights of the graphs, and this would be quantitative. I also think that other questions we were asked were along the lines of ""is line A taller than line B"", which would count as a categorical answer, being ""Yes"" or ""No"".",topic_3,4.02472378723908e-308
237,"Type of model (physical/digital): categorical

Accuracy of identifying proportion: quantitative",topic_3,0.055763935238884496
238,"The time it takes to identify the taller one and the methods by which one identifies the taller one such as how they choose how much taller/shorter the block is. This would be quantitative. 

Whether students choose the right or left block as the taller one is categorical. 

The number in which students measured the difference in height of the blocks would be quantitative.",topic_3,1.847692757700612e-308
239,"The experiment most likely looked at characteristics like the number of blocks counted or estimated (quantitative), the color or arrangement of blocks (categorical), and the accuracy of student replies (quantitative). These variables were used to investigate the effects of visual data presentation on interpretation and estimating abilities.",topic_3,0.0776940830501121
240,Heights of figures compared to other figures: quantitative,topic_3,0.0267326595036054
241,There were categorical and quentitative variables being examined.,topic_3,1.0
242,"The different variables were the bar graph that the student is examining (categorical), and the percentage at which the student thought the bar was at (quantitative).",topic_3,0.13182769956882184
243,The proportion of the bars on the graph were examined. This is a quantitative variable.,topic_3,0.08654769503656659
244,"The study examined several key variables. Chart type (2D, 3D digital, or 3D printed) and bar spacing (adjacent or separated) were categorical variables. The true ratio of the compared bar heights and the participant’s judged ratio were both quantitative variables. The error in perception, calculated as log2 error, is also a quantitative variable. Additionally, the identification of which bar (marked by a circle or triangle) was smaller is a categorical variable. These variables collectively helped analyze both accuracy and perception across chart types and layouts.",topic_3,2.019156992089714e-308
245,The level of shape (quantitative),topic_3,0.03330125322317163
246,"Color- Categorical

In-person versus picture- Categorical",topic_3,1.920959542850889e-308
247,The variables would be the graphs which is quantitive and the students would be categorical.,topic_3,0.04069842009038308
248,"Possible variables include task completion time (quantitative), accuracy of performance (quantitative), and participant feedback or preference for certain models (categorical). If models were labeled by design type, that would be another categorical variable. If ratings were collected on a scale (like a 1–5 satisfaction scale), those would be quantitative as well.",topic_3,0.3467129628469495
249,"Which version of the graph they are using (2-D, 3-D, 3-D digital) - Categorical

Accuracy in peoples answers about the height - Quantitative",topic_3,0.03131309530203408
250,which bar graph is easier to read which is categorial.,topic_3,0.06898204114083382
251,I don't remember a lot of the experiment since it was so long ago but I know we were asked to choose the larger or smaller part and I feel that would be both categorical and quantitive.,topic_3,0.09918963416277413
252,"The variables examined are computer bar graphs vs 3D printed bar graph which are categorical, and the other variable is how close the estimated values are to the actual graph values which is quantitative.",topic_3,0.08031472969253398
253,"some variables that i remember from the experiment include, height of the block(quantitative variable), The circle or triangle shape on the block specifying which height to focus on (categorical), the bag participants got (categorical).",topic_3,0.06155271160009172
254,shape of part on graph is categorical and percentages on the comparison of the percentages is quantitative.,topic_3,0.06941883576344823
255,"The variables examined might have included things like the type of chart shown (categorical), the accuracy of responses (quantitative), and possibly the amount of time taken to complete tasks (quantitative)",topic_3,0.2181654153709355
256,variables where the data represent groups.,topic_3,0.3725114316280599
257,The variable of which shape was smaller or larger. (quantitative),topic_3,0.032703969407201355
258,"The variables being examined are weather or not the triangle or circle was smaller and correctly identified. That would be categorical. a yes or no. Another variable could be how far off or on peoples guesses where, if most people thought were smaller or bigger. That would also be categorical variables. More over, or more under.",topic_3,1.888311371014518e-308
259,"categorical, whether the triangle was smaller or the dot.",topic_3,0.042251909539955994
260,Type of student (categorical) and distance between the two graphs (quantitative).,topic_3,0.05841155483979306
261,Categorical  triangle or circle,topic_3,0.04853585477216723
262,"The variables that are examined is which column is bigger, which is categorical, and the difference of value between the columns, which is quantitative.",topic_3,3.2113623931988244e-308
263,It was categorial and it was based off of whether the triangle or circle bar was smaller.,topic_3,1.771320521582991e-308
264,"The variables was which one of the circle and the triangle was smaller, and also by how much it was smaller. The circle or triangle is categorical and the how much smaller is a percentage so its quantitative.",topic_3,1.93717933562957e-308
265,size of the bar if it was smaller or larger - categorical,topic_3,0.0232339708221113
266,"Independent variable: which bar was shorter- categorical

Dependent variable: how much shorter was the bar compared to the larger bar- quantitative",topic_3,1.620269685344326e-308
267,"Which bar is smaller - categorical

how much smaller was one bar compared to the other - quantitative",topic_3,1.640216789183562e-308
268,One variable would be how the graphs were displayed making it categorical and the other variable would be the amount of times the answers were correct making it quantitative.,topic_3,0.10243365461727144
269,"Difference in height of bar- quantitative 

Which bar was small (circle or triangle)- categorical",topic_3,0.029988228435358723
270,"Stistical graphics - quatitative 

the circle and triangle- categorical",topic_3,0.04704454909301777
271,"One of the variables observed was the color intensity, which is quantitative. As well as the estimated variables of how much smaller the units are. A couple of categorical groups observed are gender, age, and education level.",topic_3,0.05536702823870045
272,"The quantitative variables present are the numerical values associated/estimated with each color shade or height, and how accurate the responses were. The categorical variables measured are which letter represents a larger value (Y or y).",topic_3,0.06937290054355733
273,"Did the participant answer correctly - categorical

How confident was the participant- categorical 

What the participant estimated the quantity of the smaller value to be - quantitative",topic_3,2.982960748744687e-308
274,"Variables were which letter was larger (categorical), and how much larger than the comparison (quantitative).",topic_3,3.253746883847266e-308
275,"The variables examined were the heat map type, the locations of objects on the heat map, and the rating of the difference between the two objects. The first two variables listed are categorical because they refer to visual data that cannot be counted. The last variable is quantitative because you are answering based on a numeric scale.",topic_3,0.11571767067131
276,It was probably testing how people used visual information like color and location on the grid to show which two things are bigger and base it on a number value.,topic_3,2.357920656942e-308
277,There was a categorical variable in form of determining which area represented a larger number as well as a quantitative variable when I had to estimate the difference of two areas represented by a number.,topic_3,0.05355996872766676
278,The variables that were examined were which letter was higher in value and how much less the second letter was compared to the first. The first is categorical and the second is quantitative.,topic_3,3.206825897273915e-308
279,"*

Independent variable: How the heat map was presented or how the values were spread across the grid 

*

Dependent variable: Whether the participant picked the right letter",topic_3,0.1131847406479307
280,"If people can correctly identify which value is larger; categorical

If people can correctly estimate the difference between two values; quantitative",topic_3,0.0652421480401286
281,"color (darker or lighter)- categorical 

depth (categorical)- higher or lower 

slider (quantitative)",topic_3,0.05971303534691781
282,"One variable was whether or not the participant had access to the 3D-printed charts. This is a categorical variable because it’s a yes or no question. Another variable could be how accurate the participants were in answering questions about the data — this would be a quantitative variable because it deals with numbers, like how many answers they got right. They might have also looked at how long it took people to answer questions, which is also quantitative, since it's measured in time. There could be other categorical variables too, like whether the person was a student or not, or what kind of device they used.",topic_3,0.5077141337264628
283,"Color Intensity (shade on the heat map): Quantitative (represents a numeric value).

Letter Label (e.g., ""R"" or ""r""): Categorical (identifies a specific position/value).

Relative Position on the Grid: Categorical (row/column location).

Estimated Smaller Value (slider response): Quantitative (numeric scale from 0-100).",topic_3,0.11020675507797188
284,"Independent variable would be each student that participated which would a quantitative variable based on how many actually participate. Categorical variable would be ""which answer did they choose for each question"".",topic_3,1.0
285,"There were two variables with were the factor 1 and 2. These were the axis variables and main area of interests which was represented by color that define the heat map grid. The variables are quantative because they are based on numbers, for example the higher or lower the number the warmer or colder it would be.",topic_3,0.11407098293611698
286,the variables that were examined were which was the larger value and since it wasn't numbers and only letters that is categorical and then the second variable was how much smaller is the smaller variable and that would be quantitative because that was when we were given numbers.,topic_3,3.354670472144533e-308
287,"* Graph type, categorical (3D or flat)

* Which of the two quantities was larger, categorical

* Approximate difference between the two quantities, quantitative",topic_3,0.052742660845914904
288,"The variables examined are as follows: 

1. Current enrollment in a statistics class: categorical 

2. Male or Female: Categorical

3. Access to 3-D models: categorical 

4. Type of test (2-D v 3-D): categorical 

5. Which coordinate was chosen as higher or lower in temperature: categorical 

6. The number of accurate choices: Quantitative",topic_3,0.0946554243931384
289,"The type of Chart: 2D or 3D, Categorial.

Accuracy of reading: quantitative.",topic_3,0.06410803573544305
290,"A couple of variables that were examined could have been either 2-D or 3-D, the score or accuracy, and the amount of time taken to preform the experiment. 2-D or 3-D is categorical because it places the two into different groups. Score or accuracy is quantitative because it is a numerical measurement showing how well you preformed. Lastly, the amount of time it took is quantitative because it is a numerical value representing duration.",topic_3,0.08575237235084597
291,"color: categorical

height: quantitative",topic_3,2.0359275940460254e-308
292,"Variables:

* if the respondent identified the greater of 2 choices correctly (categorical)

* how close the respondent was to the correct valuation (quantitative)",topic_3,0.05554089430846593
293,The variables being designed were size/color (categorical) and units of value (quantitative).,topic_3,0.04900818842581617
294,"Response variable- how accurate the reading of the graph is 

Explanatory variable- The type of graph used

Both are quantitive",topic_3,0.02996777723503001
295,One variable that was examined was the difference in size of the graph bars which is quantitative. Another variable that is examined is how close to the right answer the test taker is which would categorical.,topic_3,0.09550926216033519
296,"whether or not student got it right is categorical

the amount of student that changed their answers for the same questions is quantitative",topic_3,2.6023875957857626e-308
297,"Which one was smaller, categorical

Which one was larger by what amount, quantitative",topic_3,0.028295481921371858
298,"Age: Quantitive 

Favorite zoo animal: Categorial",topic_3,0.04363182677668697
299,"The first variable is deciding which graph is smaller and this is categorical because we are choosing between two options. The second variable is deciding how much smaller the smaller bar on the graph is, which is quantitative because we are determining an amount.",topic_3,2.96853556662121e-308
300,One variable was the type of graph presented (categorical) and the other was people’s perception of the graph (categorical).,topic_3,2.825406109737616e-308
301,I think it was categorical whether the participant identified the correct smaller bar and then quantitative how close the slider was to the actual size of the bar.,topic_3,2.6895466608323997e-308
302,"Independent: chart type (categorical)

Dependent: accuracy of ratio judgment (quantitative)",topic_3,0.024946719437170854
303,"The variables were which graph was smaller and how much smaller the bar is compared to the larger one. 

Deciding which graph is smaller is categorical.

How much smaller the bar is, would be quantitative.",topic_3,3.127239005259983e-308
304,"One variable is how many graphics a student was able to successfully perceive - this variable is qualitative.

Another variable is how well students were able to read information from charts and how far off they were from the actual measurement- this variable is also qualitative.",topic_3,0.22541357227042905
305,"color- categorical

dimension-categorical

size-quantitative

understanding-categorical",topic_3,2.0175551813287744e-308
306,"the variables were:

which bar was perceived as smaller: categorical 

how much smaller the bar was to the taller one: quantitative",topic_3,3.0668786424656613e-308
307,The variables that were examined were if either the triangle or circle bars were smaller (categorical) and then determining how small said bar was in comparison to the other (quantitative).,topic_3,1.954190968294532e-308
308,The variable examined were weather the graph was 2D or 3D which is categorical.,topic_3,0.05947941976970902
309,"The variables that were examined were what type of chart, 2D or 3D, and this was categorical. The also examined the variable of how accurately the participant was able to compare the difference in data. This was quantitative.",topic_3,0.09217662042352141
310,"* which bar was smaller (categorical)

* by how much smaller was the bar compared to the larger one (quantitative)",topic_3,1.6710566657780417e-308
311,"Age range - Quantitive

Gender - Categorical

Accuracy of estimating size ratios - Quantitive",topic_3,0.053849585231910656
312,shape which is categorical and length of difference which is quantitative,topic_3,0.03204739478733775
313,"Which circle is bigger - categorical

How much bigger is the larger graph from the other - quantitative",topic_3,0.06306267264880468
314,"If the correct bar was identified as shorter - categorical

The difference in size for the two bars - quantitative",topic_3,1.6179117322443775e-308
315,"Which bar is bigger triangle or circle, categorical

How much smaller is the bar than the other bar, quantitative",topic_3,0.031567800287651
316,Variables would be if the graph is smaller or larger- categorical,topic_3,0.04842461918641315
317,"Explanatory variable: is the difference between 2D and 3D graph types, this is categorical. 

Response variable: Which graph type has more accurate results/responses, this is quantitative.",topic_3,2.9907028129571674e-308
318,The variables were which was taller and that was categorical and where you slide the bar and that was quantitative.,topic_3,4.129560190980278e-308
319,"What were the two bars: Categorical 

How much bigger and smaller the bar is: Quantitative",topic_3,0.025083184778892414
320,The variables examined were proportional size and visual representation. Proportional size is quantitative and visual representation is categorical.,topic_3,0.040608455781685336
321,Which bar was smaller- categorical. Proportion of how much smaller the bar was to the larger bar-quantitative.,topic_3,1.6943048756367767e-308
322,"size - categorical

amount of size difference - quantitative",topic_3,0.036272088824636
323,"2d or 3d height categorical

about how much smaller each bar was, quantatative",topic_3,1.4500135433310875e-308
324,"3D or 2D printed - categorical

answers given - quantitative",topic_3,0.04096831567618226
325,Categorical,topic_3,1.810130387684697e-308
326,which bar was larger which is categorical and how much smaller the smaller bar was which is quantitative,topic_3,1.73671196061405e-308
327,"Accuracy: quantitative 

weather they chose a square or triangle: categorical

How fast they took to take the survey: quantitative",topic_3,0.056248316272161085
328,"Variable 1: The smaller chart - categorical.

Variable 2: How much smaller one chart is compared to another - quantitative.",topic_3,3.0483112372510606e-308
329,"Which bar graph was smaller (categorical)

How much smaller or larger the graph was to the bigger graph (categorical)",topic_3,0.07110835200152804
330,"the variables examined were: 

* the 2-D graphs: catagorical 

* the 3-D graphs catagorical 

* wether the partipants chose the correct answer (circle or triangle was bigger) catagorical",topic_3,0.0663925548808337
331,"The variables examined were:

* Number of close friends (quantitative).

* Gender  (categorical).",topic_3,1.0
332,"2D, 3D and 3D printed. Determining the size. These would be quantitative because it would be a numerical value.",topic_3,0.04184515116052453
333,"2D or 3D bar graph - categorical

Color of graph- categorical

Position of graph - categorical 

Size of graph - categorical",topic_3,2.257697322155757e-308
334,Types of graphs used. Categorical,topic_3,0.029113570848567468
335,The variables were quantitative because we had to gauge how much taller or shorter one of the bars was.,topic_3,0.05087569073046892
336,"Some variables in this experiment may include the quantitative variables of graphs that are interpreted correct or incorrect,  and how long it took each participant in the experiment to interpret the graphs and fill out thee experiment. 

The categorical variables include, how the information was presented and in what type of statistical graph, if the participant is in stats 218 or not or has any prior knowledge, and the age of the participants.",topic_3,0.06392162760751652
337,The percentage that one bar is of the another bar. It is quantitative.,topic_3,0.02359927316980684
338,"*

Understanding of Statistical Concepts: Quantitative – Measured through scores on assessment questions focused on concepts like significance, confidence intervals, and effect sizes after interacting with 3D models.

*

Improvement in Interpretation Skills: Quantitative – This could involve comparing pre- and post-experiment scores to see if the 3D models improved students' ability to interpret data.

*

Chart Type (2D vs. 3D Printed): Categorical – This variable examines whether participants using 3D-printed charts are more accurate in interpreting statistical data compared to those using traditional 2D charts, assessing the effectiveness of each chart type.

*

Ease of Interpretation (Self-Reported): Categorical – Participants might rate how easy or difficult they found the 3D models to understand, giving insight into perceived clarity.",topic_3,0.07472693281038001
339,Type of picture is categorical. The size selected was quantitative.,topic_3,0.0413215529151145
340,"The first variable is categorical and it would be whether or not the student was able to identify the smaller bar or not. This would be a correct or incorrect or yes/no variable. 

The second variable is quantitative and would be a numerical value of how far off the student was from the correct difference in size, measured in units, between the two objects.",topic_3,0.03432917161630932
341,"The explanatory variable for this experiment would be the dimension the rectangles were in, which is categorical. While the response variable would be the height of the second block, which would be quantitative.",topic_3,0.0755344874587944
342,"Whether the student answered the question correctly (categorical), or the proportion of correct answers (quantitative), whether the model was 3D or 2D (categorical).",topic_3,0.05677183480746204
343,"stats 218 students: categorical 

how many answered the question correctly: quantitative.",topic_3,0.03984717696116213
344,"From my memory, I believe the variables were what graph was proposed (how the data was presented) which would be categorical. The other variable would be what we determined the proportion of a specific block's height was compared to another block. This would be quantitative",topic_3,0.08402581784766897
345,"the number for the graph- quantitative 

whether the graph was smaller or larger- categorical",topic_3,2.1474754348907677e-308
346,The variables examined were the independent and dependent variable and it was quantitative.,topic_3,1.0
347,"People: categorical

bar graphs: categorical",topic_3,0.04840379798480802
348,Percent of blocks being represented. It is a quantitative variable because it contains numbers.,topic_3,1.730123907639564e-308
349,"Explanatory variable: Whether the blocks were 3D or 2D: Categorial 

Response variable: Size of the non-control block recorded: Quantitative",topic_3,0.05958842414607595
350,amount of time the test subject allocated for assignments. assignments are quantitative. Test subjects are categorical.,topic_3,0.14038965603317688
351,The variable observed was the height of one column compared to another and was quantitative.,topic_3,3.504849062213237e-308
352,"Interpretation Accuracy:

Type: Quantitative

Description: A measure of how accurately participants interpreted the data in each graphic, likely represented by a score based on correct answers.

Interpretation Time:

Type: Quantitative

Description: The time it took each participant to interpret and answer questions about each chart, likely measured in seconds.

Confidence Level:

Type: Quantitative (if measured on a numerical scale) or Categorical (if measured by discrete levels like ""Low,"" ""Medium,"" ""High"")

Description: Participants’ self-reported confidence in their answers to questions about the charts.

Participant Background Knowledge:

Type: Categorical

Description: Experience level in statistics or familiarity with data visualization, potentially categorized as ""Novice,"" ""Intermediate,"" and ""Expert.""

Device Type:

Type: Categorical

Description: The device used by participants to complete the survey, such as ""Computer,"" ""Tablet,"" or ""Phone.""

Demographic Information (e.g., Age, Gender):

Type: Age – Quantitative; Gender – Categorical

Description: Basic demographic details that might be collected to see if they correlate with interpretation skills (e.g., age measured in years, gender categories).",topic_3,0.06679745241642997
353,"Height of Larger Bar
Quantitative: This is a reference height, fixed at some value (e.g., 100 units) since the participant makes comparative judgments.
Predicted Height of the Smaller
Bar (Quantitative): Participant's estimate of height of the smaller bar, usually asked with slider or input field.",topic_3,0.02583490448656064
354,"Which bar is smaller compared to the two picked out? categorical 

What is the height of the smaller bar graph out of 100? quantitative",topic_3,0.07300960410782782
355,"Graph values and trends; Categorical

Interpretation Accuracy; Quantitative",topic_3,2.1759190618072254e-308
356,"Independent Variable:

The type of model (2D rectangle or 3D rectangular prism) – categorical.

Dependent Variables:

Perceived height of the shorter model in comparison to the taller model set at 100 – quantitative.

Error margin in estimation (difference between actual and estimated height) – quantitative.

Shape complexity (2D or 3D) – categorical.",topic_3,0.056508101344391305
357,The measured variable was the different strips that had the shapes on them and we had to find out which ones were bigger. I believe it was quantitative because it was measuring size and numbers.,topic_3,0.15085386703581305
358,"One variable that was examined was how the data was read, either online or the physical data. This variable is categorical. Another variable was the percent each subject estimated of the smallest bar compared to the largest bar. This variable is quantitative.",topic_3,0.1722773049286053
359,"Which bar its larger - categorical

 the ratio between the two graphs - quantitative",topic_3,0.07113888064428371
360,"gender of participant - categorical

difference length of bars - quantitative

age of participant - quantitative

whether a chart is 2D or 3D - categorical",topic_3,0.06713011912943866
361,"The type of graph being used to compare the accuracy between the different chart was categorical. 

The participants being used to guess the shapes measurement was quantitative.",topic_3,2.467945304513907e-308
362,"Type of Model- Categorial 

Time Taken- Quantitative",topic_3,0.031107866253467356
363,"3D graph or 2D graph- categorical 

Ratio of the smaller bar to the larger bar- quantitative 

which bar is smaller- categorical",topic_3,0.02833899150869302
364,Since I do not know the full experiment I would guess that the participants were the independent variables because we were manipulated and the dependent variables would be quantitative because of how many questions we could answer correctly and accurately.,topic_3,1.0
365,The values examined were what people said the correct number on the graph was which was categorical,topic_3,0.049181231889992
366,"Height of the graph: Quantitative 

Which one is smaller: Quantitative",topic_3,0.06559234448518644
367,quantitative: the amount of difference between the correct answer and participant response,topic_3,2.6665456139971215e-308
368,"Height of bars - quantitative

Difference in height of bars - quantitative",topic_3,1.4832668293587777e-308
369,"The variables that were examined was the background information asked in the beginning such as age, race, and sex. These variables would be categorical.",topic_3,1.0
370,"The estimated height of the bar is quantitative, if the bar is shorter or taller is categorical, it also asks for a couple characteristics at the beginning of the participant which would be categorical.",topic_3,0.07707926539431345
371,The size estimations can be quantitative when given in numerical form. Deciding which is larger Aor B is categorical. Also for students in person the figures that are 3D printed compared to the figures shown on screen are categorical,topic_3,0.03727434644921676
372,The variables that were examined were which line was smaller which is a categorical variable and the size of the smaller line in comparison to the larger line which is a quantitative variable.,topic_3,0.0407592175176445
373,A variable I saw examined a lot was the angle at which the graphs were shown. This is a categorical variable.,topic_3,0.07205935831034167
374,One variable in this experiment was how close the participants were able to get to the accurate height of the bar. This is quantitative. The other variable in this experiment was whether the bars were next to each other or separated by other bars. This is categorical.,topic_3,0.09408219493772634
375,"To provide an accurate response, I need the specific context or details about the study or data set you are referring to. Please provide more information about the variables in question.",topic_3,1.0
376,"Shape of Bars - categorical

size of Bars - quantitative",topic_3,1.5524088749107406e-308
377,"some variables for the test was either having an interactive graph or if it was a just a picture, and that variable is categorical. another one was the ages which is also categorical. one last one would have been whether the two options to pick were right next tot eachother or if they were apart from eachother which is quantitive.",topic_3,4.641420512258959e-308
378,We examined which shape was smaller (categorical) and what the ratio of the shapes were compared to each other (quantitative),topic_3,0.032919355974565724
379,"accuracy of estimate: quantitative

online or in person class: categorical",topic_3,0.08769138092156922
380,"Weather a bar was the smallest categoeial, and how small.it was quantitative",topic_3,0.023578924537394744
381,"Some variables examined were the circle and triangle and which was taller =categorical, another was by how much smaller was the bar compared to the other=quantitative.",topic_3,2.019181718458184e-308
382,The variables that were examined in this experiment were shape and percentage associated with each bar graph. The shape of the graphs is categorial and the percentage was quantitative.,topic_3,2.2859775424452633e-308
383,"Quantitative: how tall the bar was in comparison to the taller one

Categorical: Circle bar and triangle bar",topic_3,0.028367035395488432
384,"The variable of the students in STAT 218 would be quantitative.

The variable of bar graphs being measured would be quantitative.",topic_3,0.2428341148022934
385,"Favorite zoo animal - Categorical

Gender - Categorical

Age - quantitative",topic_3,0.04910592545119629
386,"which bar is smaller-categorical

the proportion of the two bars- quantitative",topic_3,1.6222266276839143e-308
387,"The variables were if the bars were next to each other or separated, which is categorical and how close the guesses are, which is quantitative.",topic_3,0.1276458787154817
388,"Which bar was shorter- categorical (circle or triangle) 

Then how high/low do we think the bar was in comparison to the other- quantitative",topic_3,0.026069433506011066
389,"quantitative by height

categorial by circle or triangle",topic_3,0.02865721183811284
390,how students read the graphs and estimate how big the graphs are. The estimation I quantitative.,topic_3,0.06507841045040427
391,"The variables examined in the experiment were, 

Whether or not the subject correctly identified which structure was smaller - categorial.

How close the subject was to the correct answer of height of the structure - quantitative",topic_3,0.027755179125980276
392,Circle or triangle,topic_3,0.05044171137323838
393,"the circle bar - categorical

the triangle bar - categorical",topic_3,0.0476848842811579
394,"Age and performance scores are examples of quantitative variables because they can be measured on a numerical scale, while gender and treatment type are categorical variables because they involve distinct categories or groups",topic_3,0.138136636581883
395,Percentages of bar graphs - quantitative and which bar was larger or smaller - categorical.,topic_3,0.07356822186206509
396,"block length - quantitive, color of blocks - categorical, perspective of the block (3D or not) - categorical.",topic_3,0.04199473972816033
397,"Students - categorical

Graphs (longer/shorter; triangle/circle) - categorical",topic_3,0.05461290506582529
398,"The height of the bar graph - it would be quantitative 

The participant guesses - would be quantitative variable 

The graphical presentation - would be categorical variable 

The participants characteristics - categorical (speaking of age, gender, education level)",topic_3,0.15758338716512216
399,"height of the column- quantitative 

which was taller- categorical",topic_3,0.028044175375672938
400,The variables were whether or not a person could accurately say how much smaller a bar was. It was qualitative,topic_3,4.310487093246298e-308
401,I remember comparing height of columns by using percentages: quantitative data.,topic_3,0.035532229889114836
402,"Variables examined were:

The height of the triangle line (quantitative)

The height of the circle line (quantitative)

If something was taller or shorter (categorical)",topic_3,2.18781982705388e-308
403,"The variables examined was which bar was taller (categorical), the circle or the triangle, and if the taller one is 100 units, how tall is the shorter bar (quantitative).",topic_3,2.1330407350854925e-308
404,-Which bar graphs were greater - categorical,topic_3,0.06923694203131267
405,"The variables that were examined were sets of data with two different letters given. In our case, those were the two sets of data for our experiment that we answered questions about. and they were quantitative because they changed over the course of the experiment.",topic_3,0.22273433790198427
406,"percent of correct estimations - quantitative

which 3-D print models were used - categorical",topic_3,0.0408325576774098
407,One variable could be the correct or incorrect answer ratio. This would be quantitative. A categorical variable would be the accuracy based on gender. A quantitative variable would be the percentage of accuracy between having the online models and the physical models.,topic_3,0.21942260353242854
408,"2D models vs. 3D models - categorical variable

The accuracy of the guess - quantitative",topic_3,0.040578888243384306
409,I do not remember.,topic_3,0.039891721574609275
410,"Correct vs. Incorrect 

=> categorical 

the height of the assigned bar in the sample => quantitative.",topic_3,0.0301317382539453
411,"how close the guess was to actual answer(quantitative)

correctly identifying smaller bar(categorical)",topic_3,0.028397150289851267
412,"the variables examined was triangle or circle. explanatory

also, the height difference between the two variables. response",topic_3,1.9565161470064906e-308
413,"Larger and Smaller bar: categorical

Height of smaller bar: quantitative",topic_3,1.469927859326129e-308
414,there where two options circle or triangle,topic_3,0.04862241503949082
415,Size of bar-quantitive.,topic_3,1.4935377582536015e-308
416,"The students ability to get close, quantitative.",topic_3,0.04897759481382265
417,"Size: Quantitative

Color: Categorical

Shape: Categorical",topic_3,2.009028563634819e-308
418,"The person's guess which is a number, so quantitative. What the actual different is also quantitative. The comparison between the two, also quantitative.",topic_3,3.669647202739097e-308
419,"Accuracy (quantitative)

Which bar is smaller (categorical)",topic_3,0.02907897945958437
420,Whether the circle or triangle section of the graph was taller was categorical and the height of the smaller graph was quantitative.,topic_3,0.06692620594917688
421,The two variables examined were which bar is smaller and what the size of the smaller would be if the larger was 100. Determining the smaller is categorical and determining the size in comparison to the larger is quantitative.,topic_3,2.7254807841835007e-308
422,"Triangle or Circle (which one is smaller) - categorical

Number chosen relative to 100 - Quantitative",topic_3,0.0461756575495981
423,"The height of bars - quantitative

which bar was smaller - categorical",topic_3,1.473669370944124e-308
424,"Which graph was higher, Triangle or circle, categorical

Which graph was taller or shorter by how many meters, quantative.",topic_3,0.064049397969428
425,"Variables being examined were the different bar graph models, categorical.",topic_3,0.061773792897584806
426,"the bar graphs - quantitative

participants - categorical",topic_3,0.05141722809907018
427,"how people see things differently 

quantitative",topic_3,4.0264200216624964e-308
428,"What set of blocks we chose, categorical.",topic_3,0.04154118072276003
429,The students or the people who were doing the experiments it was quantitative because they had to the measurement of how long it us to submit the answer.,topic_3,0.15900878415702305
430,"Stats 218 students - categorical

Whether or not the student can get the height of the bar right - categorical",topic_3,0.027122766238841276
431,"Quantitative- Triangle or Circle

Categorical- Difference in Units (0-100)",topic_3,0.037482237267794156
432,How diffeent people interpret different graphs whether its 2d or 3d or real.,topic_3,0.031249523896481522
433,How accurate the student was in finding the differences between heights. I would say its quantitative as were pulling numerical values.,topic_3,0.055592023800004706
434,The variable was categorical and students ability of observe graphs.,topic_3,0.05329660400710407
435,This was quantitative because we were asked to report a percentage.,topic_3,0.04354349372306784
436,The percentage difference between blocks- qualitative,topic_3,1.700052907536294e-308
437,Percentages and height. These are quantitative since they measure in percentages and numbers.,topic_3,0.051315654309256754
438,The variables that were examined were the height of the bar graph in percentage which would be quantitative.,topic_3,0.08156047348574881
439,"Quantitative: how tall the bar graphs were

Categorical: different bar graphs (digital/physical), 5 different types of bar graphs, triangle vs circle",topic_3,2.3688257001042894e-308
440,"Triangles versus circles

categorical.",topic_3,0.049017772401867166
441,"One variable was the type of graph we were looking at which in that case would be categorical, another would be how much each student thought each bar was, which would be a quantitative variable.",topic_3,3.9385065522754454e-308
442,"The variables that were examined were which bar a study participant claimed was smaller, which was categorical, as well as the degree to which they claimed it was smaller, which was quantitative.",topic_3,3.24075478229323e-308
443,"The information of a person could get would influence his feeling.

Categorical",topic_3,1.778671210851238e-308
444,The variables were examined were our participation (Categorical) and our responses (Quantitative).,topic_3,1.0
445,"the variables that were examined were the models which were 2D, 3D, and real life ones. I would say it was quantitative since we had to estimate the size and say how small we thought it was.",topic_3,0.15389028221591686
446,"Type of graph - categorical

Accuracy of response (regarding height differences) - quantitative",topic_3,0.05192763895812224
447,"What type of graph was shown, which is categorical.

How much smaller the smaller data point is, which is quantitative.",topic_3,0.05426413602322842
448,"Ratio Comparisons:  Involves the ratio of heights between the bars in the bar charts which is quantitative. 

Graph Type: Specific characteristics of the bar charts including whether they were adjacent or separated, and whether they were presented in 2D or 3D formats which is categorical.

Type of Data Visualization: Type of graph used to represent the data. It includes three categories: 2D graphs, 3D digital graphs projected in 2D environments, and 3D printed bar graphs. This is categorical.",topic_3,2.0464290127829784e-308
449,Estimated difference in tower hits on blocks. Quantitative.,topic_3,0.025489109240148855
450,"Height of objects- quantitative.

Accuracy- (right/wrong) categorical.",topic_3,0.03863990955647111
451,One variable that was examined was the percentage that the student thought was the height of the bar. This is a quantitative variable.,topic_3,0.07660823684922946
452,"The variables were us, the graphs and the website we used. These would be both quantitative and categorical.",topic_3,3.950458423735361e-308
453,"Types of graphs (categorical), height perception (categorical), order of presentation (categorical)",topic_3,0.029892593728973852
454,"Size of culoms, quantitative",topic_3,0.033494354949107234
455,"Experimental, quantitative: block size

Response, quantitative: block value",topic_3,1.67438084780834e-308
456,It was mostly quantitative because it measured which bar length was longer and by how much. I suppose a categorical would be short very long.,topic_3,0.07935579449861349
457,"As I recall, we may have been asked to determine which bar was smaller (categorical) and also, assuming the larger bar was 100, what value the smaller bar would be (quantitative).",topic_3,0.022647384718796272
458,"Response variable, quantitative",topic_3,0.4965484874713567
459,"Height, color, size, and shape were all variables that were examined. I would say it was both variables, since it was asking for a number for height, otherwise this would be categorical.",topic_3,0.05742748296857608
460,Weight in comparison to another height. Color. Which bar was taller.,topic_3,1.4856858759483747e-308
461,"Categorical Variables: The different types of charts (2D, 3D digital, 3D models)

Quantitative Variables: The number of participants and the specific value each participant put on each of the charts.",topic_3,0.12978489231517706
462,"It asked about our sex and that would be categorical, the score on the test and it is quantitative",topic_3,1.0
463,Categorically how people visualize the graph heights.,topic_3,0.02711448481553553
464,"It was categorical since there were spits in the data, also the variables were seeing if the blocks were squares or triangles, and what that person picked.",topic_3,0.060956962281332475
465,"How close students could estimate the comparative heights of physical bar graphs. Quantitative. 

How close students could estimate the comparative heights of digital depictions of bar graphs. Quantitative.",topic_3,2.052351341209167e-308
466,"categorical, because there was a correct answer out of the given options.",topic_3,1.8389320194308453e-308
467,"categorical variable is the type of way the graph was presented: 

* 3d printed (4d?)

* 3d image that can be moved around

* 3d image

* 2d image

quantitative variable is the height estimation of graph bars compaired with other graph bars:

numerical values from 0.0- 100.0.",topic_3,3.7018444609580655e-308
468,"Stat 218 students (quantitative) 

How well students could read a graph (quantitative)",topic_3,0.06468147153806028
469,The variables examined were quantitative.,topic_3,1.0
470,Quantitative,topic_3,4.030328826679839e-308
471,How well someone could estimate a value. Quantitative,topic_3,0.08291290766012192
472,"The explanatory variable was the person doing the experiment. The results changed every time a new person was doing it.

 The response variable was the color of the shape picked. The color picked was impacted by the person conducting the experiment.",topic_3,0.09179764775661371
473,"age - quantitative 

gender - categorical",topic_3,0.053502531838708275
474,The variable examined was the height between 2 bars on different graphs. The variable was quantitative.,topic_3,0.07101711944504652
475,How we responded to the prompts is one of the variables and it is categorical,topic_3,0.4950329275181265
476,"Can someone accurately match the real proportion? Categorical. The degree of difference in their response to the true number, quantitative.",topic_3,0.06311979100103089
477,"Number of correct answers - quantitative 

Visual or physical - categorical",topic_3,2.5726248858893234e-308
478,"The variables examined in this experiment were nominal variables which have no rank. The participants were choosing between a triangle or circle, both being categorical variables.",topic_3,1.9111015792536355e-308
479,"Dependent variable : accuracy of reading 

Independent: Changing graphs from virtual reading to actual reading from figures.",topic_3,2.2572226542677734e-308
480,"There was color, categorical.",topic_3,1.869311962859567e-308
481,"1) Distance between objects - quantitative

2) Task complexity - categorical",topic_3,0.038093527893365606
482,The variables were categorical,topic_3,0.2688394783740124
483,"the range of accuracy, how close students guesses got to the actual numerical value of the bar graph, quantitative",topic_3,0.057727972536880945
484,"The variables examined are the materials used (digital graph on computer vs. physical model) which is categorical, and the accuracy of the participants guesses (quantitative).",topic_3,0.09954489260146039
485,"heights of the blocks - quantitative 

if the circle or triangle was taller - categorical",topic_3,0.030559778052690563
486,"The variables that were being examinated were quantitative and random assigment. For quantitative the participant had to chose which amount bettwen 0-100 units they thought one of the bars was and submit it. In the case of random assigment, I noticed they were multiple bags for different kits so I guess the random assigment of the bags and selection of the bars was present and examinated in the experiment.",topic_3,0.13687489456911803
487,The variables examined were which bar was higher (categorical) and what was the estimated value of that bar compared to another (quantitative).,topic_3,2.909650542574924e-308
488,whether you could get it or not so categorical,topic_3,1.800648403983704e-308
489,"The variables that were examined are determine which shape was taller, this is categorical. Then it asked to estimate how small the smaller graph was if the taller one was 100 units. this is a quantitative variable.",topic_3,0.04129304849410012
490,"Type of bar chart used (2D or 3D) - categorical

What the individual perceived the data to be - quantitative",topic_3,0.06830468488681202
491,"Independent: type of chart and color of the bars (quantitative)

 

Dependent: participant accuracy and response time (quantitative)",topic_3,0.025777231167459752
492,"The length of the bars, this variable would be quantitative. Which bar the people chose to longer or shorter, this variable would be categorial because they are observing it, but when it asked you to say how much bigger or smaller one bar was from another, that part would be quantitative.",topic_3,0.0918587754331263
493,"The variables examined is if people better estimate the values of graphs, which is quantitative as we estimated with numbers.",topic_3,3.465514408778721e-308
494,"Accuracy scores (quantitative)

Age of students (quantitative)",topic_3,2.5359343902883395e-308
495,"Size comparison - categorical

Difference in percentage - quantitative",topic_3,0.03290408059850136
496,"2d : quantitative

3d: quantitative",topic_3,0.04069020188273071
497,"How close the person was able to get to the correct number of the bar (quantitative) 

Which bar is higher? triangle or circle (categorical)",topic_3,0.030921549092716057
498,The variable is the different bar graphs; categorical.,topic_3,0.05924621370561255
499,"Age: quantitative

Major: categorical

Accuracy of height-guessing: quantitative",topic_3,0.05195428689720964
500,Yes or No --> categorical,topic_3,1.815513848021341e-308
501,"Which of the 21 kits each person gets would be a quantitative variable.

Whether each person chooses triangle or circle on each chart would be a categorical variable. 

A potential confounding variable would be whether or not each participant got a good nights rest the evening prior to taking the experiment.",topic_3,0.34495797633448516
502,"size of objects: quantitative

perceived size: quantitative",topic_3,0.04078412996480879
503,"Physical or digital, categorical. Difference between 2 graphs, quantitative.",topic_3,0.0519924641772544
504,"Which was smaller?

* categorical

Deciphering by how much the tower was smaller?

- quantitative",topic_3,0.048630372476776595
505,"specific model kits, in person vs online, these categorical 

results of counting - quantitative",topic_3,0.0886352318721413
506,One of the variables was male or female (categorial) the other was age (19 or older: categorial) and another variable was the value of a certain bar on the graph (quantitative),topic_3,0.07602033308927521
507,The accuracy of what we guessed on the visuals. This is a quantitative variable.,topic_3,0.0360223967933451
508,"The variables examined are the sizes in bar graphs along with the comparison to one another. The variable was categorical to start as you would determine which is smaller or larger, then based off that you would determine by how much the smaller graph differed from the larger one which would be quantitative.",topic_3,3.372440099063187e-308
509,"Visualization medium: represents the type of chart used for data visualization (2D, 3D digital, or 3D printed) categorical.

Perceived ratio judgments: The participants' judgments of the ratio between two bars in the chart. Quantitative

Bar chart layout: The layout of the bar charts, including the positioning of bars and the grouping of data. Categorical

Ratio comparison: The specific ratio values used for comparing bar heights in the charts. Quantitative

Graph identification: The identification of specific bars within the charts for comparison is controlled to ensure consistency across participants. Categorical",topic_3,2.0029182623925607e-308
510,"Which bar students pick as higher -categorical

How tall the smaller bar is compared to the larger bar -quantitative",topic_3,0.026454308530787868
511,"categorial - the blocks, the height of the blocks",topic_3,0.029680987982444677
512,Rayshader and graphs are categorical variables.,topic_3,0.0371222124879554
513,"Type of visual, categorical. The guess in the size of the bar, quantitative.",topic_3,0.03752850918757116
514,"The variables that were examined is whether the student can accurately guess the value of the bar - categorical

Also it could have been the numerical value of how far off the student guessed from the actual value - this would be quantitative",topic_3,0.1329755995378038
0,Circle and Triangle graph. Quantitative,topic_4,0.049884743876333355
1,Model size- quantitative color- categorical,topic_4,1.5654951120923977e-308
2,The height which was quantitative and the other variable was the shape on the model which is categorical.,topic_4,0.03786229952398262
3,"There were a few variables that were examined, one of them was being able to judge the size difference between the blocks which is quantitative. Another variable could possibly be genders which would be a categorical variable. Also, we are all college students which could be a categorical variable as well.",topic_4,0.023892465949461428
4,"One variable could’ve been gender (categorical)

another variable may be major (categorical)",topic_4,0.043349777211973986
5,"Each individual graph and what size they were, quantitative

The individual and their selection is a categorical observational unit",topic_4,1.0
6,"Number of blocks in a bag: quantitive

whether a student participated or not: caregorical",topic_4,1.5385490073600147e-308
7,"Size difference in the two bars, quantitative

Physical or online bar chart, categorical",topic_4,1.4219509022424463e-308
8,"-assigned either an adjacent graph or separated comparison graph (categorical)

-estimating ratios (quantitative)",topic_4,0.0851632542623295
9,"1. The response of statistic students to the 3D kits - Categorial 

2. Effectiveness of 3D printed charts to their 2D rendered parts - Quantitative",topic_4,0.05916218542468058
10,The first variable was which peak in the chart was the tallest between the two. This is categorical. The second variable was how big the difference between the two peaks are and this is quantitative.,topic_4,6.823237959268922e-308
11,"2D vs. 3D graphs; categorical 

A number out of 100; quantitative",topic_4,0.1004604264436811
12,"How close we were to guessing the percent compared to the other bar. This would be quantitative. Also guessing which bar was bigger, which was categorical.",topic_4,1.5268741691645253e-308
13,"Interpreting 3D graph correctly- categorical

3D compared to 2D- categorical",topic_4,0.0971507824827073
14,The variables were the answers of the subjects on which bar as smaller. This can be a categorical variable,topic_4,2.007569843782107e-308
15,More accurate description - categorical,topic_4,1.437262787602876e-308
16,"1) Type of graph (categorical)
2) Student observations (quantitative)
3) Student characteristics (categorical)",topic_4,0.21403368235658474
17,"the categorical variables were: type of chart (2D, 3D Digital, 3D printed), determining which bar was smaller, and whether it was adjacent or separated. 

the quantitative variable was the number we put (on the slider) on the difference between the smaller and larger bar",topic_4,0.12493919084805541
18,"The bar graphs, percentages were quantitative.",topic_4,0.06786428434106594
19,The variables that are examined are the blocks and the numbers which are all categorical.,topic_4,0.04309906861703442
20,"The study was a little bit ago so I am going to do my best to remember, but we were asked to compare 2 variables in a bar graph and compare their hights based off how much of a percentage they were bigger or smaller than the other. They were quantitative variables.",topic_4,0.02935347165499856
21,The explanatory variable could have been color of graph (categorical) and the response could have been accuracy of estimation of values (categorical).,topic_4,6.365646347323865e-308
22,"Height: categorical 

color: categorical",topic_4,1.5512367074058325e-308
23,"Variables that were examined were 2D chart v.s 3D chart, that would be categorical. And how big/small was letter A to letter B for a 2D and 3D chart, that would be quantitative.",topic_4,0.0491112686190887
24,"Variables that were examined include whether 3D digital, 2D digital, or 3D physical models are easier to understand/are better, which would be categorical and how close people are to estimating the correct lengths of the bars, which would be quantitative.",topic_4,0.0454556852716085
25,"2D and 3D shape designs  - categorical 

Perceived height compared to actual taller or shorter - categorical 

Peoples ratio of judged heights - categorical (numerical)",topic_4,0.041880486456338246
26,"One variable examined is the ratio between different bars on a bar graph. This variable is quantitative because the ratios are number values. Another variable is the chart type. This variable is categorical because the three types of graphs are 2D graphs, 3D digital graphs, and 3D printed graphs.",topic_4,0.12769150716720223
27,"Correct bar chosen, categorical 

Ration of the bar, quantitative",topic_4,1.4038817557472813e-308
28,Did the student guess correctly? Categorical,topic_4,0.024225204891148683
29,"Variables examined: Age, specific school (university), class, grades

 Age: Quantitative

Specific School (university): Categorical

Class: Categorical

Grades: Categorical",topic_4,2.1238089122479944e-308
30,"The student's perception of height analysis - categorical

Height of the building - quantitative",topic_4,0.03631465363685007
31,"Explanatory: Which block is larger (quantitative)

Response: Student estimate (quantitative)",topic_4,1.460313861556904e-308
32,The variables examined were the shape things we were given and it is categorical.,topic_4,0.030966989971656866
33,the percentage of size one bar is compared to another -- quantitative,topic_4,1.4707604548553133e-308
34,"Whether or not the student chose the correct answer- categorical

the percent that the students guessed- quantitative",topic_4,1.4078483244276434e-308
35,"2D or 3D = categorical

Correct value or Incorrect value = quantitative",topic_4,0.03258078604078846
36,"What percentage of a bar compared to another in the physical/digital graphs - Quantitative

Whether the graph/bar is physical/digital - categorical.",topic_4,0.2013980248185633
37,"The variables examined are categorical, as we are testing understanding of graphs, which is kind of a yes or no question, you either understand or you didn't. A variable that could have been examined by this is if more students guessed values correctly on the 3D graph or the online 2D graphs.",topic_4,0.12985404542182588
38,accuracy of data to graph and it would be quantitative because it is a numerical response,topic_4,0.40075434504823304
39,"Whether the person said the point on the block was taller or shorter: Categorical

The height the person said the point on the block was: Quantitative",topic_4,1.5527929466213567e-308
40,the difference between shapes and it was quantitative,topic_4,0.024298785817899547
41,* heights of blocks: quantitive,topic_4,1.4018483438393575e-308
42,I think the variable is if they guess the right block and thats categorical.,topic_4,0.045627355527478985
43,"Students answer- quantitative

how accurate their answer was- quantitative",topic_4,1.426557083825358e-308
44,"Graphs and percentages were given to the students, but finding if they choose the correct percentage is categorical.",topic_4,1.429641389964981e-308
45,"The variable examined was the different column sizes of 3D blocks. This would make it categorical.

(*I did the online version due to a COVID diagnosis so I'm not sure if things were different in-person.*)",topic_4,0.05123770446787388
46,whether or not the comparison of triangle and circle was correct-categorical,topic_4,0.044509985503237606
47,One quantitative variable is the percentage/amount of difference in each bar. A categorical variable is whether the individual thinks one bar is bigger/smaller than another. Another categorical variable is whether the bar graph is a 3D model or graphic on a computer/screen.,topic_4,6.075012712674385e-308
48,I would say the experiment was more categorical than quantitative.,topic_4,0.03852174717107671
49,"Accuracy of answers may have been a variable (ie. how close to the correct answer each answer was), and that would have been a categorical variable. Another variable would have been the participant within the study, such as if they were male or female, and that would have also been a categorical variable.",topic_4,2.2401650529477317e-308
50,"independent: form of data (categorical)

dependent: accuracy of data interpretation (quantitative)",topic_4,0.035588032501197416
51,The hights of the blocks were they variable examined and that is a quantitative variable.,topic_4,1.4974367270148124e-308
52,They examined the estimated size ratio using a percentage. This would be mostly quantitative because they are valuing a number. They also could be testing if you are correct or not which would classify more as categorical.,topic_4,0.04046663841256836
53,Which graph was smaller which is categorical and what percentage the bar was in relation to the other bar which was quantitative.,topic_4,0.1871553492153144
54,They were categorical and it was a circle or triangle.,topic_4,0.039191395741299644
55,"It was a quantitative variable that was determined as we had to always enter a number for the graphs. Then from the results we can conclude many categorical variables such as if age, gender, or any other variables have a trend with corresponding answers.",topic_4,4.805061705755759e-308
56,The variables that were examined were the test we chose which would be categorical and the amount of tests we did which were quantitative.,topic_4,2.037087095857342e-308
57,"Length- quantitative

Age- categorical

Gender- categorical",topic_4,0.0410940215859548
58,the height of the blocks - quantitative,topic_4,1.3825413051212077e-308
59,Whether or not each question involved a physical graph model or a picture (categorical) and the accuracy of the value estimation (quantitative).,topic_4,0.048083321540061154
60,"wether someone was a researcher or not- categorical

the accuracy of their responses- quantitive (most likely)",topic_4,1.485835657288822e-308
61,"categorical variables -- smaller/larger

quantitative -- the actual number assigned to the interpreted size",topic_4,0.025592609250467958
62,"We examined the color - categorical

shape-categorical 

what number block it was- quantitative

where we thought a certain number would lie on each block- quantitative",topic_4,0.041846021601346844
63,The number we were choosing for the supposed values could be quantitative data while seeing if the triangle or circle columns matched could be categorical.,topic_4,1.617942430964923e-308
64,"Quantitative- the assumptions made

categorical- was the assumption correct

quantitative- the degree of correctness",topic_4,0.025604059087924607
65,"physical blocks/digital blocks - qualitative

size of blocks - quantitative",topic_4,1.3651942425723024e-308
66,Independent variables were examined in this.,topic_4,1.85627124432105e-308
67,"Size difference. Quantitative

calculation error. Quantitative",topic_4,0.028030453289692923
68,"what number you thought the graph was at - quantitative

which graph was larger - categorigcal",topic_4,1.0
69,"Some of the variables that may have been examined include: whether or not the participant identified which graph was larger (categorical), and how close or far the participant identified the correct numerical difference between the graphs (quantitative).",topic_4,5.160529527863576e-308
70,ability to interpret the graph and make estimates could be categorical and the number that was inferred could be the quantitative variable.,topic_4,0.15958589102998016
71,"Which graph was read more accurately on average, which is categorical.",topic_4,0.5008522192693948
72,The variable that was examined was categorical because they determined whether or not people correctly estimated the range of the 3D and 2D graphs.,topic_4,0.1231940789037496
73,"Which bar on each bar graph was smaller, and the value of the smaller bar when you are told that the larger bar has a value of 100. Whether a particular bar is smaller is categorical, while the comparative value of the smaller bar is quantitative.",topic_4,0.14704853104599425
74,The variables were the arrangement of the data bars and the estimated values of the data bars by the students. The first one is categorical and the second one is quantitative.,topic_4,0.05433360916096116
75,"Independent- the triangles and circles on the model (quantitative) 

Dependent- number of collector identified shapes within the percentage (quantitative) 

control- the models were kept the same",topic_4,0.03530981890147333
76,I think the variables were which graph portion we tested was bigger than the other (categorical) and the quantitative were the numbers we were guessing. This can also be a categorical variable too because it was either right or wrong. The other quantitative variables were how many correct guesses we had and how many we got wrong.,topic_4,5.535583462714934e-308
77,"Accuracy of estimate - yes or no would be categorical, percentage would be quantitative

Which bar is taller - categorical",topic_4,0.028087949144344305
78,"Independent variable: Changing units- categorical

Dependent variable: Comparing of two units, circle and triangle- quantitative

Categorical variable: Age, gender, perception- categorical",topic_4,1.7844542756338985e-308
79,how accurate we guessed on the online or in person graphs - i want to say quantative because they are just numbers,topic_4,0.05619807758050297
80,"The variables was whether the triangle or circle bar was taller, this is categorical. The other variable was the prediction made by the people being sampled, this is quantitative.",topic_4,0.057179907321054095
81,Our personal information and how accurately we could determine dimensions.,topic_4,0.02677527061027057
82,One variable is what kit the participant was given to use during the survey. This would be a categorical variable. Another variable could be what height each participant said the model/graph was. This would be a quantitative variable as there is a complete range of possible entries. Another variable might be the percentage of questions participants got correct. This would be a quantitative variable. A fourth variable could be if the participants met a set threshold for correct answers. This would be a categorical variable.,topic_4,0.03314544257278527
83,The different sizes of the columns are compared to another bigger one. The variables are quantitive.,topic_4,1.8440543508220213e-308
84,The smaller and bigger columns and the difference in them. The variables are quantitive because we are looking at the different sizes of the columns which could be changed to amounts of money to be compared.,topic_4,1.824872832447782e-308
85,"Independent:the type of model (categorical digital 2D, digital 3D, physical model)

Dependent:the accuracy of the guess (quantitative)",topic_4,0.035197419661731046
86,Which one was high which is categorical and by how much which is quantitative,topic_4,1.497529260430575e-308
87,"The two variables that we examined were which of the two selected bars were smaller, which was a categorical variable, and how big the smaller bar was in relation to the larger bar, which was a quantitative variable.",topic_4,1.8323176596578306e-308
88,"the independent variable was the blocks they were given (categorical)

dependent is what height they guessed and how accurate (Quantitative)",topic_4,0.06386681105048955
89,The variables examined would have been what percentage the different spaces on the charts represented which is a quantitative variable.,topic_4,0.06349887690138428
90,"People learn better in 2D graphs than 3D - Categorical 

 

People have a higher chance of getting a question right when they use a 3D graph - Quantitative",topic_4,0.08633613142934325
91,"There were many variables, but I think that most of them were quantitative, because when we were doing the experiment, it was a lot of guessing with numbers.",topic_4,0.039237969157765666
92,"graphical encoding types, which are categorical

accuracy of participant estimates which is quantitative

task type or graph type, categorical",topic_4,0.09209493906383774
93,"Online vs physical (categorical)

data percent perceived (quantitative)",topic_4,0.051455409471445196
94,"The experiment looked at a mix of chart features and participant responses. It compared different chart types—2D digital, 3D digital, and 3D printed—as well as how the bars were arranged (either next to each other or separated), which are both categorical variables. Participants were asked to judge which bar was smaller and estimate the ratio between them, giving quantitative data. The actual ratio and the error in their guess were also measured, both of which are quantitative too. So overall, the study tracked both the kinds of charts used and how accurately people could read the data",topic_4,2.715016084321174e-308
95,"time- quantitative, shape-categorical, color-categorical",topic_4,1.605274499341817e-308
96,One variable was if the graph was 3D or 2D on the computer which would be quantitative. Another variable would be what color the printed graph was which would also be quantitative.,topic_4,4.730278255517351e-308
97,The variables examined were if the participants were able to identify with decent accuracy the correct data from the 3D bar chart.,topic_4,0.0647634288269954
98,I feel like a variable of this could be the judgement of the graphs. This would be a categorical variable.,topic_4,0.12695278838415167
99,"Explanatory: 2D vs 3D (categorical) 

Response: The estimated distance/height between the two (quantitative)",topic_4,0.032711010007290785
100,"The symbol pi was used, and so were Hypothesis A and Hypothesis O.",topic_4,0.029709139823700496
101,Which graph used (categorical) and how accurate the reading was (quantitative),topic_4,1.0
102,the variables that were examined where the number of the graph and how tall we thought each bar was. The heigh we thought the bar was is a quantitative variable. The bar that was observed would be a categorical value.,topic_4,6.406646904316118e-308
103,"Height of the graph (quantitative)

Participants correct answer vs not (categorical)",topic_4,0.1358229467595228
104,"Accuracy of guess: quantitative 

Medium: qualitative",topic_4,0.044851987655561414
105,"Chart format categorical, time to complete response quantitative, judged ratio quantitative",topic_4,3.28610184463438e-308
106,hours of sleep and it is quantitative,topic_4,0.025666300871483194
107,The ratios of the circle bar compared to the triangle var were examined. I would say finding the ratios is a quantitative variable.,topic_4,0.03377096906740697
108,"number of scores that students get right, quantitative

type of problems given, categorical",topic_4,1.4171129048372118e-308
109,"The type of graph was a variable that was examined, and this variable is a categorical variable. other variables that were examined were, the true height between the bars and the height found by the participants. both of these are quantitative.",topic_4,6.449089330066743e-308
110,"The variable examined were the bar graph data between two bar A and bar B. It could be categorical because you are choosing which graph is greater, either A or B not a number.",topic_4,8.651905232565704e-308
111,"variables

which was bigger a or b - this is catagorical

What percent bigger - quantitative",topic_4,0.016867874815194292
112,"The number of people who participated in this, quantitative

Examining 2d and 3d graphs, categorical",topic_4,0.14297847535156746
113,"Height of the bar- quantitative 

Correct/ incorrect guess- categorical",topic_4,0.02697313243703824
114,"Graph type, which is categorical because it's a category so it's categorical. And valid perceptions, which I suppose could be quantitative because you could convert it into a ratio.",topic_4,0.13435414132120935
115,"Chart Type: categorical

Bar spacing: categorical

Ratio accuracy: quantitative

Bar size: quantitative",topic_4,3.4863180659112957e-308
116,"Whether or not participants could correctly guess difference - categorical

How far off participants were in their guesses - quantitative",topic_4,1.413069574339744e-308
117,"One variable was correct or incorrect answers with 2D graphs, which is categorical. Another variable was correct or incorrect answers with 3D graphs, which is also categorical.",topic_4,0.12009494136175637
118,"The variables were the data model formats presented and the values assigned to each perceived value of said data models. The data model formats are categorical, either 2D or 3D, and the values assigned to each data model is a quantitative variable, assigning numerical values that can be averaged and calculated against.",topic_4,0.06300242708974434
119,"Some were asking which bar had a bigger value. -- categorical

Some were asking to give a value to a bar. -- quantitative",topic_4,1.496618183845494e-308
120,"bar height (quantitate) 

bar color (categorical) 

label on each bar (categorical)",topic_4,0.021656121679876916
121,"graph type, categorical

ratio of bars, quantitative

accuracy of judgment, quantitative

individual participants, categorical

bar grouping, categorical",topic_4,0.08372676165962158
122,Variables that were examined would be graph difference in height which is quantitative.,topic_4,0.051689936692368134
123,if the graph is larger. Categorical,topic_4,1.0
124,"Chart Type: Categorical

Participant Judged ratio: Quantitative

Ratio between bars: Quantitative

Log error of judgement: Quantitative

Which bar is smaller between bar a and bar b: Categorical",topic_4,3.3453093340542683e-308
125,One variable was if the graph was 3D or 2D on the computer which would be quantitative. Another variable would be what color the printed graph was which would also be quantitative.,topic_4,4.810840684483785e-308
126,"graphical encoding types, which are categorical

accuracy of participant estimates which is quantitative

task type or graph type, categorical",topic_4,0.09995151299995576
127,the variables that were examined where the number of the graph and how tall we thought each bar was. The heigh we thought the bar was is a quantitative variable. The bar that was observed would be a categorical value.,topic_4,6.809353072504077e-308
128,"time- quantitative, shape-categorical, color-categorical",topic_4,1.620733455325621e-308
129,Which graph used (categorical) and how accurate the reading was (quantitative),topic_4,1.0
130,I feel like a variable of this could be the judgement of the graphs. This would be a categorical variable.,topic_4,0.12232360650345452
131,"The experiment looked at a mix of chart features and participant responses. It compared different chart types—2D digital, 3D digital, and 3D printed—as well as how the bars were arranged (either next to each other or separated), which are both categorical variables. Participants were asked to judge which bar was smaller and estimate the ratio between them, giving quantitative data. The actual ratio and the error in their guess were also measured, both of which are quantitative too. So overall, the study tracked both the kinds of charts used and how accurately people could read the data",topic_4,2.7487741711141007e-308
132,"There were many variables, but I think that most of them were quantitative, because when we were doing the experiment, it was a lot of guessing with numbers.",topic_4,0.039732240628165424
133,The variables examined were if the participants were able to identify with decent accuracy the correct data from the 3D bar chart.,topic_4,0.06567584428980727
134,"People learn better in 2D graphs than 3D - Categorical 

 

People have a higher chance of getting a question right when they use a 3D graph - Quantitative",topic_4,0.09002566642943553
135,"the independent variable was the blocks they were given (categorical)

dependent is what height they guessed and how accurate (Quantitative)",topic_4,0.06585880180573696
136,"The symbol pi was used, and so were Hypothesis A and Hypothesis O.",topic_4,0.03126306515153631
137,The variables examined would have been what percentage the different spaces on the charts represented which is a quantitative variable.,topic_4,0.06421760977587433
138,"Online vs physical (categorical)

data percent perceived (quantitative)",topic_4,0.05144464645577398
139,"Explanatory: 2D vs 3D (categorical) 

Response: The estimated distance/height between the two (quantitative)",topic_4,0.03270487237163691
140,The variable examined was what height we thought the shorter graph was compared to the larger bar. This variable was quantitative.,topic_4,0.05560544698355396
141,The variables being examined were that of: 'accuracy in estimation of the distances' and 'male vs. female'. I would say both are categorical.,topic_4,0.05320347611338093
142,[expirement -2.docx] (/users/286374/files/21155815?wrap=1&verifier=fC22T9TgCcZie7zS8sKiVPG12cMajTtaj2MbI7Lo),topic_4,0.026476245223768482
143,"Here are the main variables examined in the experiment:

 

* Chart type (2D, 3D digital, 3D printed) – Categorical

* Bar layout (adjacent vs. separated) – Categorical

* Ratio judgment given by the participant – Quantitative

* Accuracy of the ratio (measured as log error) – Quantitative

* Which bar was identified as smaller – Categorical

These variables helped the researchers measure how chart format and layout affect people’s ability to judge data accurately.",topic_4,2.7282544762640796e-308
144,"Accuracy - quantitative 

Gender - categorical

Age - categorical

Taking STATs? - categorical",topic_4,0.04124141942716477
145,Circle and triangle,topic_4,0.04625865068959714
146,"Effectiveness of 2D screen graphs: Categorical

Effectiveness of 3D screen graphs: Categorical

Effectiveness of 3D in hand graphs: Categorical",topic_4,0.08383132785390003
147,"The amount of time spent on each question - quantitative 

Which tower was taller - categorical",topic_4,0.040640908187066935
148,"The variable that was examined was if the circle or square tower was higher, which is a categorical variable.",topic_4,0.025251385903608276
149,The variable that was exmined was triangle or circle and that is categorical.,topic_4,1.583870968135725e-308
150,Which bar was bigger and what the percentage bigger- quantitative.,topic_4,1.459632177745205e-308
151,One variable was the height of the graph and that was quantitative because it asked for how tall they were and also categorical because on the graphs they had the circle or triangle.,topic_4,4.749633842404907e-308
152,"Height of the towers - quantitative 

Which tower was taller (triangle or square) - categorical",topic_4,0.04568235105908014
153,"Selecting whether circle or triangle was the highest or lowest compared to each other, and I selecting by how much lower or higher. I think that this experiment is quantitative.",topic_4,1.6577524454486076e-308
154,"Bar height estimation: quantitative.

Trial number: quantitative.

Participant ID/code: categorical.",topic_4,0.048976066211268786
155,it was quantitive because we are guessing a number or percentage based on the naked eye,topic_4,1.5001929551002754e-308
156,"The person's favorite animal, which is categorical. And their estimation of bar height percentages in each scale which is quantitative.",topic_4,0.04975589490270397
157,"Bar graph size: quantitative

What kind of graph: categorical",topic_4,1.0
158,"same graphs given to everyone, assigned in different orders both are categorical",topic_4,1.0
159,"Human analysis ability - quantitative

tower height - quantitative

bigger or smaller - categorical",topic_4,0.03557030071978225
160,"Triangles and circles, this is categorical. Shorter versus taller graphs or models, this is categorical. The actual hight of the shorter section of the table/graph, this is quantitative.",topic_4,0.02565794776500453
161,"One variable that was examined would be if the participant guessed the right proportion which would be qualitative.

Another variable that was examined was age group, this was also qualitative.",topic_4,0.04272357236276319
162,"charts you got correct online- categorical

charts you got right with physical copy- categorical",topic_4,0.11261661979031597
163,"Height of a bar, categorical.",topic_4,1.357168270245793e-308
164,"How long we think the block is, quantitative 

Which block is smaller, categorical",topic_4,1.354155344513636e-308
165,"The different types of graphs, being physical, 2d, or 3d- quantitative 

The size of the bar in question- quantitative

If it was either a circle or triangle bar- categorical",topic_4,1.0
166,"triangle or circle bar--categorical 

the height of the bar--quantitative",topic_4,0.030629103400335266
167,The variables examined were the proportion of one tower to the next and if it was a star or circle. The first one is quantitative and the second is categorical.,topic_4,1.731656305276582e-308
168,Quantitative because there were more then two possibilities.,topic_4,1.5428999830373205e-308
169,"Is the bar shorter vs taller - categorical

What percent shorter or taller is the bar - quantitative",topic_4,1.4003943166407627e-308
170,"* If the students can estimate the height of the block properly - categorical

* The package of bars given to the students - quantitative",topic_4,1.5439917867154375e-308
171,"There were at least two variables recorded, whether the subject got the percentage right, and whether they stayed consistent. These were both categorical.",topic_4,1.464398485148562e-308
172,Interpretation of graphs - Quantitative,topic_4,1.0
173,"* the percentage guess = quantitative

* did they follow directions (was the guess close at all) = categorical",topic_4,1.463909886217842e-308
174,"which bar was larger, circle or triangle. this is categorical

how many units tall is the shorter bar if the larger bar is 100. this is quantitative",topic_4,0.025632419563339576
175,"1. chart type: categorical

2. bar spacing: categorical

3. spacing between bars: quantitative

4. individual judgement: quantitative

5. accuracy: quantitative

6. size (a or b): categorical",topic_4,0.06310467036237555
176,Type of bar chart (categorical) and the height judgement (quantitative),topic_4,0.029775183630243618
177,"Type of Graph (2D, 3D digital, 3D printed)

Categorical

Perceived Bar Ratio 

Quantitative

Accuracy of Comparison 

Quantitative

Participant's Choice of the Smaller Bar 

Categorical

Order of Chart Presentation

Categorical",topic_4,2.934712744738246e-308
178,"The main variable looked at where the different types of graphs in the accuracy of the individuals answers the type of graph whether it was 3-D 2-D, digital or 3-D printed there is a category variable because it will involve different groups of categories, so the accuracy of the ratio judgment is quantitive because it measures with numbers specifically using a log air formula, another possibility is a categorical variable. This could be the layout of the bars like is it adjacent or separated.",topic_4,0.0834629413500478
179,na,topic_4,0.03952581193635061
180,"Type of Data visualization: categorical variable with three levels, 2D graphs, 3D digital graphs, 3D printed graphs

Ratio of Smaller Bar to Larger Bar: Quantitative variable the ratio is numerical values

Perceived Ratio of Smaller Bar to Larger Bar: Quantitative variable it represents the participants estimate of the ratio

Log Error of Ratio Judgment: Quantitative variable its a calculated numerical value representing a difference

Bar Chart Comparison Type: categorical variable with two levels, adjacent and separated",topic_4,3.445093613958099e-308
181,The size of the graph - quantitative,topic_4,1.0
182,The variables examined were the block size percentages compared to one another. They were quantitative because we were guessing the size of the block based upon another.,topic_4,1.430658261941511e-308
183,"the people used - categorical

and the style of bar chart- categorical",topic_4,0.12149762150956805
184,"This experiment examined multiple variables, including quantitative variables and categorical variables. Quantitative variables include the proportion value estimated by the participants (the relative length of the triangular cuboid and the circular cuboid) and the true value of the proportion, which are numerical data that can be mathematically calculated and error analyzed. Categorical variables include the shape of the labeled figure (circle or triangle), the number or code of each model (used to distinguish different 3D bar graph models). By analyzing these variables, the experiment can explore whether the shape of the figure and the characteristics of the model have a systematic impact on the estimation of visual proportions.",topic_4,2.6267696366939063e-308
185,categorical,topic_4,1.3847771947885613e-308
186,"Accuracy of noticing the tallest of the bars: qualitative

Type of graph: categorical

Response time: qualitative",topic_4,0.11443326849856798
187,The variables were how we were able to read the graphs.,topic_4,4.3517762886726653e-308
188,"The ratio of heights was categorical, each graph was presented quantitatively, and then the test was administered categorical.",topic_4,0.15361757801042375
189,"One variable is the type of chart, which is categorical. Another variable is the accuracy of bar size judgement, which is quantitative.",topic_4,0.1361676130756397
190,"size estimated - quantitative

over or underestimate - categorical",topic_4,0.029523482987618165
191,Variables examined were participants reading charts and making judgements without physical measuring and this is qualitative and they found the difference in their judgement and the actual result and this is quantitative.,topic_4,0.04757158533026709
192,"The variables examined were the X, Y, and Z axes (quantitative), the color of the points  (categorical), and the shape of the points (categorical).",topic_4,0.06752920124606301
193,"I do not remember the exact variable used, but they were most likley categorial because we did not have to do any numerical calculations.",topic_4,0.04007927398195282
194,"The variables that are examined are the chart type which is categorical, bar spacing which is categorical, true ratio between bars which is quantitative, participant’s judged ratio which is quantitative, log error of judgment which is quantitative, and which bar was chosen as smaller which is categorical.",topic_4,3.309166984911729e-308
195,"1. Type of graph – Categorical

2. Accuracy of bar height judgment – Quantitative

3. Time taken to respond – Quantitative

4. Participant background or experience – Categorical",topic_4,0.12191784762127564
196,The quantitative variables were the participant's numerical guess and the actual answer. The categorical variable was the type of graph.,topic_4,0.09332947251562355
197,"Type of chart- categorical

If the correct answer was given- quantitative",topic_4,0.06979042191480786
198,"1. Age of the Cow

*

Type: Quantitative

*

Description: The exact age of each cow, usually measured in years or months, to identify how age influences calving difficulties.

2. Calving Difficulty

*

Type: Categorical

*

Description: A classification of how difficult the calving process was (e.g., easy, moderate, or difficult). This could be assessed based on the need for human intervention or complications during delivery.

3. Calving Assistance Type

*

Type: Categorical

*

Description: The type of assistance provided during calving (e.g., no assistance, mechanical assistance, veterinary intervention, etc.).

4. Calving Outcome

*

Type: Categorical

*

Description: The outcome of the calving process (e.g., healthy calf, stillbirth, live calf with complications). This could also be categorized based on the health of the calf or cow after the birth.

5. Weight of the Cow

*

Type: Quantitative

*

Description: The weight of the cow could be used to explore how body condition or size influences calving ease.",topic_4,0.08074885714630854
199,"Some variables that were mentioned in this abstract were the bar spacing/color, and also how the graph was being formed or the orientation of the graph whether it was horizontal, or vertical pertaining to the data collected. These variables are categorical. Other variables such as the height of both bars (2D and 3D), and the size of the data represented, are examples of quantitative variables.",topic_4,0.1224388426807884
200,"Graph type- categorial 

Bar grouping type- categorial 

Judged ratio of bar heights- quantitative

True ratio of bar heights- quantitative

Error in ratio judgement- quantitative",topic_4,0.07148439335684871
201,The categorical variable would be if students were able to perceive data better with the 3D models.,topic_4,0.044720374388035486
202,"Variables I remember asked was age and if I was a member of stat 218. Age is quantitative and if I was in the class or not is categorical. The response variable is my score on the experiment, quantitative.",topic_4,2.185610796572941e-308
203,"The variables which were examined where the type of graphical display (categorical) as well as the graph features; color, size, and shape, which is also categorical. Another variable examined would be the accuracy of participants responses. This would be quantitative because students were asked to give a number for a portion of the graph depending on the number assigned to the other portion of the graph.",topic_4,0.08960793985021913
204,"Explanatory variable: Type of graph (i.e., 2D, 3D, or 3D printed); categorical
Response variable: Accuracy of participant in estimating bar length; quantitative.",topic_4,5.352274171084391e-308
205,The variable that was examined in this experiment is if people view 2D and 3D differently and which is more accurate.  It would be categorical because there are only two groups.,topic_4,0.03883078919818372
206,"The actual height difference between the blocks is quantitative, as the testers estimated. The estimation of error would also be quantitative. The taller block correctly identified would be categorical.",topic_4,1.543847951680569e-308
207,"*

How long something took – that’s a number, so it’s quantitative.

*

What choice someone made – like picking A or B, that’s a categorical variable.

*

Which group someone was in – like Group 1 or Group 2, that’s also categorical.

*

How many things someone got right – that’s a number, so it’s quantitative.",topic_4,0.04836077550863363
208,"Percentage - quantitative

How many people guessed what number - quantitative",topic_4,0.03130435601936162
209,"Im not sure what variables were exactly examined. I belive this reflection should be closer to the time we take the experiment, as we are college students trying to retain a lot of information, especially me as a senior graduating this year. I hardly remember the expeierment",topic_4,0.03697501744035423
210,"The experiment looked at the type of graph and bar spacing, which were categories. The judged ratio and log error were numbers. The correct bar choice was also a category.",topic_4,3.21283889425978e-308
211,Ratio accuracy and Graph type,topic_4,3.574739472726798e-308
212,"*

Chart type (2D, 3D, 3D printed) – categorical

*

Ratio judgment accuracy – quantitative",topic_4,0.05123523530910572
213,"Chart Type is categorical, the bar type was categorical.",topic_4,0.1185930449350188
214,The variables examined were the use of a computer or physical model. This was categorical. The response variable was how close to the true value the students responses were. This response was quantitative.,topic_4,0.02248941947720757
215,"Bar size- quantitative

Age- categorical

Education- categorical

Sex/gender- categorical",topic_4,0.04511521401558858
216,"The first variable is which bar was smaller, circle or triangle; categorical. The second variable is that if the bigger/taller bar of the two was 100 units, what is the size of the smaller; quantitative.",topic_4,1.750285697274952e-308
217,"Categorical: chart type - 3D vs 2D charts

Quantitative: Response Time - how long it took to make a judgement",topic_4,0.07672751099882996
218,"quantitative data

the percent height difference between the two bars",topic_4,0.02177905212574347
219,"How good a person's memory is - qualitative 

How good of eyesight they have - qualitative

seeing or not seeing color - qualitative",topic_4,0.047820887407364725
220,"Categorical is whether triangle or circle was smaller or taller, and quantitative would be the number of units of the smaller one compared to the taller one.",topic_4,0.029267839297761323
221,the size of the columns and that was quantative,topic_4,1.9372703759365097e-308
222,One variable could be which graph the student said was the smallest. This is categorical because it was either a circle or a triangle response.,topic_4,5.583522438646371e-308
223,"We first decided what tower was taller (whether the circle or triangle), this was fairly easy (categorical). Then we compared the 2 towers and gave an estimation how tall the shorter one was if the other was 100 units high (quantitative).",topic_4,0.03587424082033526
224,The size of the stacks was given which would be quantitative seeing as it was a numbered amount.,topic_4,1.95617762328563e-308
225,"Independent: Gender (categorical) 

Dependent: accurate interpretationEach  of graphs (quantitative)",topic_4,0.036467697229310134
226,"Size of bar graphs (height): quantitative

If triangle or circle was smaller than the other: categorical",topic_4,0.029106135410836773
227,"Categorical: Circle vs. Triangle 

Quantitive: Difference in units between the circle and triangle",topic_4,0.046157552931549044
228,how accurate our observed ratio is to the actual ratio :quantitative,topic_4,0.03717038279976934
229,"The independent variable is the type of graph viewed (screen or in-person), which is categorical. The dependent variable is the numerical value the participant assigned to the bars, which is quantitative.",topic_4,6.070099612427982e-308
230,"smaller or larger bar: categorical

how much bigger or smaller: quantitative",topic_4,1.381901586672543e-308
231,"Which bar was larger-categorical

Percentage- quantitative",topic_4,1.4510503582469604e-308
232,"The graphs, categorical

The measurements, quantitative",topic_4,1.0
233,The variable observed was how well each student did on the examination. This was a quantitive variable.,topic_4,0.05631005758406383
234,"Bars - Quantitative

Gender - Categorical

Age - Quantitative",topic_4,0.04572083227982867
235,"Students ability to understand graphs - Categorical

Students ability to identify the matching picture of the graph - Categorical",topic_4,0.2217470146649395
236,"The variables examined were the heights of the graphs, and this would be quantitative. I also think that other questions we were asked were along the lines of ""is line A taller than line B"", which would count as a categorical answer, being ""Yes"" or ""No"".",topic_4,5.672710404946141e-308
237,"Type of model (physical/digital): categorical

Accuracy of identifying proportion: quantitative",topic_4,0.02956756861630025
238,"The time it takes to identify the taller one and the methods by which one identifies the taller one such as how they choose how much taller/shorter the block is. This would be quantitative. 

Whether students choose the right or left block as the taller one is categorical. 

The number in which students measured the difference in height of the blocks would be quantitative.",topic_4,1.5576648022125464e-308
239,"The experiment most likely looked at characteristics like the number of blocks counted or estimated (quantitative), the color or arrangement of blocks (categorical), and the accuracy of student replies (quantitative). These variables were used to investigate the effects of visual data presentation on interpretation and estimating abilities.",topic_4,0.10297206384609513
240,Heights of figures compared to other figures: quantitative,topic_4,0.025527487935873002
241,There were categorical and quentitative variables being examined.,topic_4,1.95834610874275e-308
242,"The different variables were the bar graph that the student is examining (categorical), and the percentage at which the student thought the bar was at (quantitative).",topic_4,0.05749762879554172
243,The proportion of the bars on the graph were examined. This is a quantitative variable.,topic_4,0.06307150821098374
244,"The study examined several key variables. Chart type (2D, 3D digital, or 3D printed) and bar spacing (adjacent or separated) were categorical variables. The true ratio of the compared bar heights and the participant’s judged ratio were both quantitative variables. The error in perception, calculated as log2 error, is also a quantitative variable. Additionally, the identification of which bar (marked by a circle or triangle) was smaller is a categorical variable. These variables collectively helped analyze both accuracy and perception across chart types and layouts.",topic_4,2.6220843164360727e-308
245,The level of shape (quantitative),topic_4,0.024577869209490608
246,"Color- Categorical

In-person versus picture- Categorical",topic_4,1.512550413966815e-308
247,The variables would be the graphs which is quantitive and the students would be categorical.,topic_4,0.08319865319911655
248,"Possible variables include task completion time (quantitative), accuracy of performance (quantitative), and participant feedback or preference for certain models (categorical). If models were labeled by design type, that would be another categorical variable. If ratings were collected on a scale (like a 1–5 satisfaction scale), those would be quantitative as well.",topic_4,0.06740520304007468
249,"Which version of the graph they are using (2-D, 3-D, 3-D digital) - Categorical

Accuracy in peoples answers about the height - Quantitative",topic_4,0.06799553806877869
250,which bar graph is easier to read which is categorial.,topic_4,0.23590279667762995
251,I don't remember a lot of the experiment since it was so long ago but I know we were asked to choose the larger or smaller part and I feel that would be both categorical and quantitive.,topic_4,0.0372808865313837
252,"The variables examined are computer bar graphs vs 3D printed bar graph which are categorical, and the other variable is how close the estimated values are to the actual graph values which is quantitative.",topic_4,0.1169956542941012
253,"some variables that i remember from the experiment include, height of the block(quantitative variable), The circle or triangle shape on the block specifying which height to focus on (categorical), the bag participants got (categorical).",topic_4,0.05005887141955922
254,shape of part on graph is categorical and percentages on the comparison of the percentages is quantitative.,topic_4,0.2131522685339843
255,"The variables examined might have included things like the type of chart shown (categorical), the accuracy of responses (quantitative), and possibly the amount of time taken to complete tasks (quantitative)",topic_4,0.06055928378553751
256,variables where the data represent groups.,topic_4,0.04499181674502464
257,The variable of which shape was smaller or larger. (quantitative),topic_4,0.024129926980944693
258,"The variables being examined are weather or not the triangle or circle was smaller and correctly identified. That would be categorical. a yes or no. Another variable could be how far off or on peoples guesses where, if most people thought were smaller or bigger. That would also be categorical variables. More over, or more under.",topic_4,1.663037934749856e-308
259,"categorical, whether the triangle was smaller or the dot.",topic_4,0.04063072606119471
260,Type of student (categorical) and distance between the two graphs (quantitative).,topic_4,0.22422624227497165
261,Categorical  triangle or circle,topic_4,0.04755700045109943
262,"The variables that are examined is which column is bigger, which is categorical, and the difference of value between the columns, which is quantitative.",topic_4,1.771564158022904e-308
263,It was categorial and it was based off of whether the triangle or circle bar was smaller.,topic_4,1.587120458650281e-308
264,"The variables was which one of the circle and the triangle was smaller, and also by how much it was smaller. The circle or triangle is categorical and the how much smaller is a percentage so its quantitative.",topic_4,1.6894168864659735e-308
265,size of the bar if it was smaller or larger - categorical,topic_4,0.02049038868860389
266,"Independent variable: which bar was shorter- categorical

Dependent variable: how much shorter was the bar compared to the larger bar- quantitative",topic_4,1.3959535888961327e-308
267,"Which bar is smaller - categorical

how much smaller was one bar compared to the other - quantitative",topic_4,1.437138157249574e-308
268,One variable would be how the graphs were displayed making it categorical and the other variable would be the amount of times the answers were correct making it quantitative.,topic_4,0.08344682277457698
269,"Difference in height of bar- quantitative 

Which bar was small (circle or triangle)- categorical",topic_4,0.028020092357259167
270,"Stistical graphics - quatitative 

the circle and triangle- categorical",topic_4,0.04591733425635005
271,"One of the variables observed was the color intensity, which is quantitative. As well as the estimated variables of how much smaller the units are. A couple of categorical groups observed are gender, age, and education level.",topic_4,0.028327624306680777
272,"The quantitative variables present are the numerical values associated/estimated with each color shade or height, and how accurate the responses were. The categorical variables measured are which letter represents a larger value (Y or y).",topic_4,0.03416903130028918
273,"Did the participant answer correctly - categorical

How confident was the participant- categorical 

What the participant estimated the quantity of the smaller value to be - quantitative",topic_4,1.444585491964485e-308
274,"Variables were which letter was larger (categorical), and how much larger than the comparison (quantitative).",topic_4,1.757770962028487e-308
275,"The variables examined were the heat map type, the locations of objects on the heat map, and the rating of the difference between the two objects. The first two variables listed are categorical because they refer to visual data that cannot be counted. The last variable is quantitative because you are answering based on a numeric scale.",topic_4,0.0590177891879673
276,It was probably testing how people used visual information like color and location on the grid to show which two things are bigger and base it on a number value.,topic_4,2.601040323437451e-308
277,There was a categorical variable in form of determining which area represented a larger number as well as a quantitative variable when I had to estimate the difference of two areas represented by a number.,topic_4,0.03235903592545896
278,The variables that were examined were which letter was higher in value and how much less the second letter was compared to the first. The first is categorical and the second is quantitative.,topic_4,1.7262760176190176e-308
279,"*

Independent variable: How the heat map was presented or how the values were spread across the grid 

*

Dependent variable: Whether the participant picked the right letter",topic_4,0.05929769277038733
280,"If people can correctly identify which value is larger; categorical

If people can correctly estimate the difference between two values; quantitative",topic_4,0.028171069173916766
281,"color (darker or lighter)- categorical 

depth (categorical)- higher or lower 

slider (quantitative)",topic_4,0.03703997032130745
282,"One variable was whether or not the participant had access to the 3D-printed charts. This is a categorical variable because it’s a yes or no question. Another variable could be how accurate the participants were in answering questions about the data — this would be a quantitative variable because it deals with numbers, like how many answers they got right. They might have also looked at how long it took people to answer questions, which is also quantitative, since it's measured in time. There could be other categorical variables too, like whether the person was a student or not, or what kind of device they used.",topic_4,0.0481178225640062
283,"Color Intensity (shade on the heat map): Quantitative (represents a numeric value).

Letter Label (e.g., ""R"" or ""r""): Categorical (identifies a specific position/value).

Relative Position on the Grid: Categorical (row/column location).

Estimated Smaller Value (slider response): Quantitative (numeric scale from 0-100).",topic_4,0.059226008454079375
284,"Independent variable would be each student that participated which would a quantitative variable based on how many actually participate. Categorical variable would be ""which answer did they choose for each question"".",topic_4,2.3166900782639724e-308
285,"There were two variables with were the factor 1 and 2. These were the axis variables and main area of interests which was represented by color that define the heat map grid. The variables are quantative because they are based on numbers, for example the higher or lower the number the warmer or colder it would be.",topic_4,0.05942493792149345
286,the variables that were examined were which was the larger value and since it wasn't numbers and only letters that is categorical and then the second variable was how much smaller is the smaller variable and that would be quantitative because that was when we were given numbers.,topic_4,1.743951917676072e-308
287,"* Graph type, categorical (3D or flat)

* Which of the two quantities was larger, categorical

* Approximate difference between the two quantities, quantitative",topic_4,0.45432977141708175
288,"The variables examined are as follows: 

1. Current enrollment in a statistics class: categorical 

2. Male or Female: Categorical

3. Access to 3-D models: categorical 

4. Type of test (2-D v 3-D): categorical 

5. Which coordinate was chosen as higher or lower in temperature: categorical 

6. The number of accurate choices: Quantitative",topic_4,0.03906466733593923
289,"The type of Chart: 2D or 3D, Categorial.

Accuracy of reading: quantitative.",topic_4,0.07696786380994107
290,"A couple of variables that were examined could have been either 2-D or 3-D, the score or accuracy, and the amount of time taken to preform the experiment. 2-D or 3-D is categorical because it places the two into different groups. Score or accuracy is quantitative because it is a numerical measurement showing how well you preformed. Lastly, the amount of time it took is quantitative because it is a numerical value representing duration.",topic_4,0.041765441070532705
291,"color: categorical

height: quantitative",topic_4,1.598949879380816e-308
292,"Variables:

* if the respondent identified the greater of 2 choices correctly (categorical)

* how close the respondent was to the correct valuation (quantitative)",topic_4,0.02404741939616949
293,The variables being designed were size/color (categorical) and units of value (quantitative).,topic_4,0.02960143491972415
294,"Response variable- how accurate the reading of the graph is 

Explanatory variable- The type of graph used

Both are quantitive",topic_4,0.05926696194926691
295,One variable that was examined was the difference in size of the graph bars which is quantitative. Another variable that is examined is how close to the right answer the test taker is which would categorical.,topic_4,0.08203196318916171
296,"whether or not student got it right is categorical

the amount of student that changed their answers for the same questions is quantitative",topic_4,1.4384578709965735e-308
297,"Which one was smaller, categorical

Which one was larger by what amount, quantitative",topic_4,0.02240398701870016
298,"Age: Quantitive 

Favorite zoo animal: Categorial",topic_4,0.034418892143598216
299,"The first variable is deciding which graph is smaller and this is categorical because we are choosing between two options. The second variable is deciding how much smaller the smaller bar on the graph is, which is quantitative because we are determining an amount.",topic_4,7.681115711159183e-308
300,One variable was the type of graph presented (categorical) and the other was people’s perception of the graph (categorical).,topic_4,8.180774877212275e-308
301,I think it was categorical whether the participant identified the correct smaller bar and then quantitative how close the slider was to the actual size of the bar.,topic_4,1.894842825847935e-308
302,"Independent: chart type (categorical)

Dependent: accuracy of ratio judgment (quantitative)",topic_4,0.03594384255043865
303,"The variables were which graph was smaller and how much smaller the bar is compared to the larger one. 

Deciding which graph is smaller is categorical.

How much smaller the bar is, would be quantitative.",topic_4,7.938936423009635e-308
304,"One variable is how many graphics a student was able to successfully perceive - this variable is qualitative.

Another variable is how well students were able to read information from charts and how far off they were from the actual measurement- this variable is also qualitative.",topic_4,0.04740569892370227
305,"color- categorical

dimension-categorical

size-quantitative

understanding-categorical",topic_4,1.557173888063612e-308
306,"the variables were:

which bar was perceived as smaller: categorical 

how much smaller the bar was to the taller one: quantitative",topic_4,1.9471075657366046e-308
307,The variables that were examined were if either the triangle or circle bars were smaller (categorical) and then determining how small said bar was in comparison to the other (quantitative).,topic_4,1.677002010406422e-308
308,The variable examined were weather the graph was 2D or 3D which is categorical.,topic_4,0.1352481832502414
309,"The variables that were examined were what type of chart, 2D or 3D, and this was categorical. The also examined the variable of how accurately the participant was able to compare the difference in data. This was quantitative.",topic_4,0.06698053836369679
310,"* which bar was smaller (categorical)

* by how much smaller was the bar compared to the larger one (quantitative)",topic_4,1.4317710056016544e-308
311,"Age range - Quantitive

Gender - Categorical

Accuracy of estimating size ratios - Quantitive",topic_4,0.04619953431726103
312,shape which is categorical and length of difference which is quantitative,topic_4,0.024400616119822433
313,"Which circle is bigger - categorical

How much bigger is the larger graph from the other - quantitative",topic_4,0.15761555148904788
314,"If the correct bar was identified as shorter - categorical

The difference in size for the two bars - quantitative",topic_4,1.373640059552225e-308
315,"Which bar is bigger triangle or circle, categorical

How much smaller is the bar than the other bar, quantitative",topic_4,0.03012515043207081
316,Variables would be if the graph is smaller or larger- categorical,topic_4,0.22372809100773308
317,"Explanatory variable: is the difference between 2D and 3D graph types, this is categorical. 

Response variable: Which graph type has more accurate results/responses, this is quantitative.",topic_4,5.542682942014572e-308
318,The variables were which was taller and that was categorical and where you slide the bar and that was quantitative.,topic_4,2.0604404767656685e-308
319,"What were the two bars: Categorical 

How much bigger and smaller the bar is: Quantitative",topic_4,0.021398508238263104
320,The variables examined were proportional size and visual representation. Proportional size is quantitative and visual representation is categorical.,topic_4,0.02662778880238784
321,Which bar was smaller- categorical. Proportion of how much smaller the bar was to the larger bar-quantitative.,topic_4,1.4626962972866626e-308
322,"size - categorical

amount of size difference - quantitative",topic_4,0.027880917957402978
323,"2d or 3d height categorical

about how much smaller each bar was, quantatative",topic_4,1.361253425584088e-308
324,"3D or 2D printed - categorical

answers given - quantitative",topic_4,0.033063906816644444
325,Categorical,topic_4,1.3596701610856897e-308
326,which bar was larger which is categorical and how much smaller the smaller bar was which is quantitative,topic_4,1.4701203173603795e-308
327,"Accuracy: quantitative 

weather they chose a square or triangle: categorical

How fast they took to take the survey: quantitative",topic_4,0.023123724681859404
328,"Variable 1: The smaller chart - categorical.

Variable 2: How much smaller one chart is compared to another - quantitative.",topic_4,7.641741494622486e-308
329,"Which bar graph was smaller (categorical)

How much smaller or larger the graph was to the bigger graph (categorical)",topic_4,0.20523681273576758
330,"the variables examined were: 

* the 2-D graphs: catagorical 

* the 3-D graphs catagorical 

* wether the partipants chose the correct answer (circle or triangle was bigger) catagorical",topic_4,0.1361713454662431
331,"The variables examined were:

* Number of close friends (quantitative).

* Gender  (categorical).",topic_4,1.9630188690955987e-308
332,"2D, 3D and 3D printed. Determining the size. These would be quantitative because it would be a numerical value.",topic_4,0.03163303472528891
333,"2D or 3D bar graph - categorical

Color of graph- categorical

Position of graph - categorical 

Size of graph - categorical",topic_4,1.0
334,Types of graphs used. Categorical,topic_4,0.6464611499766014
335,The variables were quantitative because we had to gauge how much taller or shorter one of the bars was.,topic_4,0.02545888945745285
336,"Some variables in this experiment may include the quantitative variables of graphs that are interpreted correct or incorrect,  and how long it took each participant in the experiment to interpret the graphs and fill out thee experiment. 

The categorical variables include, how the information was presented and in what type of statistical graph, if the participant is in stats 218 or not or has any prior knowledge, and the age of the participants.",topic_4,0.09006980127526738
337,The percentage that one bar is of the another bar. It is quantitative.,topic_4,0.02078465251427537
338,"*

Understanding of Statistical Concepts: Quantitative – Measured through scores on assessment questions focused on concepts like significance, confidence intervals, and effect sizes after interacting with 3D models.

*

Improvement in Interpretation Skills: Quantitative – This could involve comparing pre- and post-experiment scores to see if the 3D models improved students' ability to interpret data.

*

Chart Type (2D vs. 3D Printed): Categorical – This variable examines whether participants using 3D-printed charts are more accurate in interpreting statistical data compared to those using traditional 2D charts, assessing the effectiveness of each chart type.

*

Ease of Interpretation (Self-Reported): Categorical – Participants might rate how easy or difficult they found the 3D models to understand, giving insight into perceived clarity.",topic_4,0.0658760481761018
339,Type of picture is categorical. The size selected was quantitative.,topic_4,0.027044567133152647
340,"The first variable is categorical and it would be whether or not the student was able to identify the smaller bar or not. This would be a correct or incorrect or yes/no variable. 

The second variable is quantitative and would be a numerical value of how far off the student was from the correct difference in size, measured in units, between the two objects.",topic_4,0.022331740499206148
341,"The explanatory variable for this experiment would be the dimension the rectangles were in, which is categorical. While the response variable would be the height of the second block, which would be quantitative.",topic_4,0.060372519964346456
342,"Whether the student answered the question correctly (categorical), or the proportion of correct answers (quantitative), whether the model was 3D or 2D (categorical).",topic_4,0.03043209145604593
343,"stats 218 students: categorical 

how many answered the question correctly: quantitative.",topic_4,0.023565696931668986
344,"From my memory, I believe the variables were what graph was proposed (how the data was presented) which would be categorical. The other variable would be what we determined the proportion of a specific block's height was compared to another block. This would be quantitative",topic_4,0.07022259638944651
345,"the number for the graph- quantitative 

whether the graph was smaller or larger- categorical",topic_4,1.0
346,The variables examined were the independent and dependent variable and it was quantitative.,topic_4,1.876710269697963e-308
347,"People: categorical

bar graphs: categorical",topic_4,0.15587322726090336
348,Percent of blocks being represented. It is a quantitative variable because it contains numbers.,topic_4,1.4271482136626246e-308
349,"Explanatory variable: Whether the blocks were 3D or 2D: Categorial 

Response variable: Size of the non-control block recorded: Quantitative",topic_4,0.0486886485509409
350,amount of time the test subject allocated for assignments. assignments are quantitative. Test subjects are categorical.,topic_4,0.037884621814309544
351,The variable observed was the height of one column compared to another and was quantitative.,topic_4,2.0059614530515293e-308
352,"Interpretation Accuracy:

Type: Quantitative

Description: A measure of how accurately participants interpreted the data in each graphic, likely represented by a score based on correct answers.

Interpretation Time:

Type: Quantitative

Description: The time it took each participant to interpret and answer questions about each chart, likely measured in seconds.

Confidence Level:

Type: Quantitative (if measured on a numerical scale) or Categorical (if measured by discrete levels like ""Low,"" ""Medium,"" ""High"")

Description: Participants’ self-reported confidence in their answers to questions about the charts.

Participant Background Knowledge:

Type: Categorical

Description: Experience level in statistics or familiarity with data visualization, potentially categorized as ""Novice,"" ""Intermediate,"" and ""Expert.""

Device Type:

Type: Categorical

Description: The device used by participants to complete the survey, such as ""Computer,"" ""Tablet,"" or ""Phone.""

Demographic Information (e.g., Age, Gender):

Type: Age – Quantitative; Gender – Categorical

Description: Basic demographic details that might be collected to see if they correlate with interpretation skills (e.g., age measured in years, gender categories).",topic_4,0.07987843457710235
353,"Height of Larger Bar
Quantitative: This is a reference height, fixed at some value (e.g., 100 units) since the participant makes comparative judgments.
Predicted Height of the Smaller
Bar (Quantitative): Participant's estimate of height of the smaller bar, usually asked with slider or input field.",topic_4,0.02246953837708173
354,"Which bar is smaller compared to the two picked out? categorical 

What is the height of the smaller bar graph out of 100? quantitative",topic_4,0.15411968758098812
355,"Graph values and trends; Categorical

Interpretation Accuracy; Quantitative",topic_4,1.0
356,"Independent Variable:

The type of model (2D rectangle or 3D rectangular prism) – categorical.

Dependent Variables:

Perceived height of the shorter model in comparison to the taller model set at 100 – quantitative.

Error margin in estimation (difference between actual and estimated height) – quantitative.

Shape complexity (2D or 3D) – categorical.",topic_4,0.04833835282799592
357,The measured variable was the different strips that had the shapes on them and we had to find out which ones were bigger. I believe it was quantitative because it was measuring size and numbers.,topic_4,0.0397639338207674
358,"One variable that was examined was how the data was read, either online or the physical data. This variable is categorical. Another variable was the percent each subject estimated of the smallest bar compared to the largest bar. This variable is quantitative.",topic_4,0.0511887666095508
359,"Which bar its larger - categorical

 the ratio between the two graphs - quantitative",topic_4,0.2022800835159111
360,"gender of participant - categorical

difference length of bars - quantitative

age of participant - quantitative

whether a chart is 2D or 3D - categorical",topic_4,0.08912763916533474
361,"The type of graph being used to compare the accuracy between the different chart was categorical. 

The participants being used to guess the shapes measurement was quantitative.",topic_4,2.8298303739069687e-308
362,"Type of Model- Categorial 

Time Taken- Quantitative",topic_4,0.022658049902727878
363,"3D graph or 2D graph- categorical 

Ratio of the smaller bar to the larger bar- quantitative 

which bar is smaller- categorical",topic_4,0.1195725600323521
364,Since I do not know the full experiment I would guess that the participants were the independent variables because we were manipulated and the dependent variables would be quantitative because of how many questions we could answer correctly and accurately.,topic_4,2.211352708537848e-308
365,The values examined were what people said the correct number on the graph was which was categorical,topic_4,0.21672648025362964
366,"Height of the graph: Quantitative 

Which one is smaller: Quantitative",topic_4,0.24622091226001874
367,quantitative: the amount of difference between the correct answer and participant response,topic_4,1.3941395529073173e-308
368,"Height of bars - quantitative

Difference in height of bars - quantitative",topic_4,1.401095680395249e-308
369,"The variables that were examined was the background information asked in the beginning such as age, race, and sex. These variables would be categorical.",topic_4,2.0589313373615117e-308
370,"The estimated height of the bar is quantitative, if the bar is shorter or taller is categorical, it also asks for a couple characteristics at the beginning of the participant which would be categorical.",topic_4,0.048479746902962605
371,The size estimations can be quantitative when given in numerical form. Deciding which is larger Aor B is categorical. Also for students in person the figures that are 3D printed compared to the figures shown on screen are categorical,topic_4,0.02625737876307074
372,The variables that were examined were which line was smaller which is a categorical variable and the size of the smaller line in comparison to the larger line which is a quantitative variable.,topic_4,0.029522666908831822
373,A variable I saw examined a lot was the angle at which the graphs were shown. This is a categorical variable.,topic_4,0.12270821710182415
374,One variable in this experiment was how close the participants were able to get to the accurate height of the bar. This is quantitative. The other variable in this experiment was whether the bars were next to each other or separated by other bars. This is categorical.,topic_4,0.04749848337557521
375,"To provide an accurate response, I need the specific context or details about the study or data set you are referring to. Please provide more information about the variables in question.",topic_4,1.856378647273388e-308
376,"Shape of Bars - categorical

size of Bars - quantitative",topic_4,1.3624380111372413e-308
377,"some variables for the test was either having an interactive graph or if it was a just a picture, and that variable is categorical. another one was the ages which is also categorical. one last one would have been whether the two options to pick were right next tot eachother or if they were apart from eachother which is quantitive.",topic_4,4.738636185779538e-308
378,We examined which shape was smaller (categorical) and what the ratio of the shapes were compared to each other (quantitative),topic_4,0.02455850151936024
379,"accuracy of estimate: quantitative

online or in person class: categorical",topic_4,0.04976081180711762
380,"Weather a bar was the smallest categoeial, and how small.it was quantitative",topic_4,0.018689529752953692
381,"Some variables examined were the circle and triangle and which was taller =categorical, another was by how much smaller was the bar compared to the other=quantitative.",topic_4,1.757326268002363e-308
382,The variables that were examined in this experiment were shape and percentage associated with each bar graph. The shape of the graphs is categorial and the percentage was quantitative.,topic_4,2.932470029948799e-308
383,"Quantitative: how tall the bar was in comparison to the taller one

Categorical: Circle bar and triangle bar",topic_4,0.02639674704854153
384,"The variable of the students in STAT 218 would be quantitative.

The variable of bar graphs being measured would be quantitative.",topic_4,0.0606533245026487
385,"Favorite zoo animal - Categorical

Gender - Categorical

Age - quantitative",topic_4,0.039462965568371776
386,"which bar is smaller-categorical

the proportion of the two bars- quantitative",topic_4,1.4397160042603507e-308
387,"The variables were if the bars were next to each other or separated, which is categorical and how close the guesses are, which is quantitative.",topic_4,0.05535223417407561
388,"Which bar was shorter- categorical (circle or triangle) 

Then how high/low do we think the bar was in comparison to the other- quantitative",topic_4,0.024383186570062377
389,"quantitative by height

categorial by circle or triangle",topic_4,0.026984944867787932
390,how students read the graphs and estimate how big the graphs are. The estimation I quantitative.,topic_4,0.23401858675510953
391,"The variables examined in the experiment were, 

Whether or not the subject correctly identified which structure was smaller - categorial.

How close the subject was to the correct answer of height of the structure - quantitative",topic_4,0.019910739590392988
392,Circle or triangle,topic_4,0.04984693498188303
393,"the circle bar - categorical

the triangle bar - categorical",topic_4,0.046347955388645064
394,"Age and performance scores are examples of quantitative variables because they can be measured on a numerical scale, while gender and treatment type are categorical variables because they involve distinct categories or groups",topic_4,0.03615047881092185
395,Percentages of bar graphs - quantitative and which bar was larger or smaller - categorical.,topic_4,0.17193751061539203
396,"block length - quantitive, color of blocks - categorical, perspective of the block (3D or not) - categorical.",topic_4,0.035721029950454786
397,"Students - categorical

Graphs (longer/shorter; triangle/circle) - categorical",topic_4,0.2567232376328039
398,"The height of the bar graph - it would be quantitative 

The participant guesses - would be quantitative variable 

The graphical presentation - would be categorical variable 

The participants characteristics - categorical (speaking of age, gender, education level)",topic_4,0.06853321024277716
399,"height of the column- quantitative 

which was taller- categorical",topic_4,0.02562787979404593
400,The variables were whether or not a person could accurately say how much smaller a bar was. It was qualitative,topic_4,2.1564819094982565e-308
401,I remember comparing height of columns by using percentages: quantitative data.,topic_4,0.03305339957076286
402,"Variables examined were:

The height of the triangle line (quantitative)

The height of the circle line (quantitative)

If something was taller or shorter (categorical)",topic_4,1.7991703767169017e-308
403,"The variables examined was which bar was taller (categorical), the circle or the triangle, and if the taller one is 100 units, how tall is the shorter bar (quantitative).",topic_4,1.7632540881407397e-308
404,-Which bar graphs were greater - categorical,topic_4,0.2285968709149513
405,"The variables that were examined were sets of data with two different letters given. In our case, those were the two sets of data for our experiment that we answered questions about. and they were quantitative because they changed over the course of the experiment.",topic_4,0.03507873514092061
406,"percent of correct estimations - quantitative

which 3-D print models were used - categorical",topic_4,0.032898705259861244
407,One variable could be the correct or incorrect answer ratio. This would be quantitative. A categorical variable would be the accuracy based on gender. A quantitative variable would be the percentage of accuracy between having the online models and the physical models.,topic_4,0.0489413127616648
408,"2D models vs. 3D models - categorical variable

The accuracy of the guess - quantitative",topic_4,0.032977007097272165
409,I do not remember.,topic_4,0.0374428291356133
410,"Correct vs. Incorrect 

=> categorical 

the height of the assigned bar in the sample => quantitative.",topic_4,0.023732370343339464
411,"how close the guess was to actual answer(quantitative)

correctly identifying smaller bar(categorical)",topic_4,0.025122576602751728
412,"the variables examined was triangle or circle. explanatory

also, the height difference between the two variables. response",topic_4,1.675546268070468e-308
413,"Larger and Smaller bar: categorical

Height of smaller bar: quantitative",topic_4,1.3694727774938324e-308
414,there where two options circle or triangle,topic_4,0.047892537337129296
415,Size of bar-quantitive.,topic_4,1.3475739602031496e-308
416,"The students ability to get close, quantitative.",topic_4,0.024700044171439655
417,"Size: Quantitative

Color: Categorical

Shape: Categorical",topic_4,1.5696572273184047e-308
418,"The person's guess which is a number, so quantitative. What the actual different is also quantitative. The comparison between the two, also quantitative.",topic_4,1.569669158254873e-308
419,"Accuracy (quantitative)

Which bar is smaller (categorical)",topic_4,0.02564965016232656
420,Whether the circle or triangle section of the graph was taller was categorical and the height of the smaller graph was quantitative.,topic_4,0.2238695263576998
421,The two variables examined were which bar is smaller and what the size of the smaller would be if the larger was 100. Determining the smaller is categorical and determining the size in comparison to the larger is quantitative.,topic_4,1.808587979241605e-308
422,"Triangle or Circle (which one is smaller) - categorical

Number chosen relative to 100 - Quantitative",topic_4,0.0445244072805062
423,"The height of bars - quantitative

which bar was smaller - categorical",topic_4,1.369533182696477e-308
424,"Which graph was higher, Triangle or circle, categorical

Which graph was taller or shorter by how many meters, quantative.",topic_4,0.25754955963338544
425,"Variables being examined were the different bar graph models, categorical.",topic_4,0.15915423743820403
426,"the bar graphs - quantitative

participants - categorical",topic_4,0.11479067875470302
427,"how people see things differently 

quantitative",topic_4,1.6262583890334903e-308
428,"What set of blocks we chose, categorical.",topic_4,0.035476942852414095
429,The students or the people who were doing the experiments it was quantitative because they had to the measurement of how long it us to submit the answer.,topic_4,0.0393314467692129
430,"Stats 218 students - categorical

Whether or not the student can get the height of the bar right - categorical",topic_4,0.018182157857209218
431,"Quantitative- Triangle or Circle

Categorical- Difference in Units (0-100)",topic_4,0.03542646950369045
432,How diffeent people interpret different graphs whether its 2d or 3d or real.,topic_4,0.09306762266804386
433,How accurate the student was in finding the differences between heights. I would say its quantitative as were pulling numerical values.,topic_4,0.025069339874823248
434,The variable was categorical and students ability of observe graphs.,topic_4,0.11336321122270446
435,This was quantitative because we were asked to report a percentage.,topic_4,0.01846584337933285
436,The percentage difference between blocks- qualitative,topic_4,1.4227820838879756e-308
437,Percentages and height. These are quantitative since they measure in percentages and numbers.,topic_4,0.026853001406099503
438,The variables that were examined were the height of the bar graph in percentage which would be quantitative.,topic_4,0.05656350282385095
439,"Quantitative: how tall the bar graphs were

Categorical: different bar graphs (digital/physical), 5 different types of bar graphs, triangle vs circle",topic_4,1.0
440,"Triangles versus circles

categorical.",topic_4,0.04791247309262171
441,"One variable was the type of graph we were looking at which in that case would be categorical, another would be how much each student thought each bar was, which would be a quantitative variable.",topic_4,5.423200205120362e-308
442,"The variables that were examined were which bar a study participant claimed was smaller, which was categorical, as well as the degree to which they claimed it was smaller, which was quantitative.",topic_4,1.929616942969165e-308
443,"The information of a person could get would influence his feeling.

Categorical",topic_4,1.2953100902176843e-308
444,The variables were examined were our participation (Categorical) and our responses (Quantitative).,topic_4,1.976956572161846e-308
445,"the variables that were examined were the models which were 2D, 3D, and real life ones. I would say it was quantitative since we had to estimate the size and say how small we thought it was.",topic_4,0.040598227526038186
446,"Type of graph - categorical

Accuracy of response (regarding height differences) - quantitative",topic_4,0.138578183587539
447,"What type of graph was shown, which is categorical.

How much smaller the smaller data point is, which is quantitative.",topic_4,0.16912275177907704
448,"Ratio Comparisons:  Involves the ratio of heights between the bars in the bar charts which is quantitative. 

Graph Type: Specific characteristics of the bar charts including whether they were adjacent or separated, and whether they were presented in 2D or 3D formats which is categorical.

Type of Data Visualization: Type of graph used to represent the data. It includes three categories: 2D graphs, 3D digital graphs projected in 2D environments, and 3D printed bar graphs. This is categorical.",topic_4,3.533836444129414e-308
449,Estimated difference in tower hits on blocks. Quantitative.,topic_4,0.021707783428268453
450,"Height of objects- quantitative.

Accuracy- (right/wrong) categorical.",topic_4,0.03679805538159693
451,One variable that was examined was the percentage that the student thought was the height of the bar. This is a quantitative variable.,topic_4,0.037364669036749294
452,"The variables were us, the graphs and the website we used. These would be both quantitative and categorical.",topic_4,4.001225770083486e-308
453,"Types of graphs (categorical), height perception (categorical), order of presentation (categorical)",topic_4,0.1431182036189899
454,"Size of culoms, quantitative",topic_4,0.027781378912660998
455,"Experimental, quantitative: block size

Response, quantitative: block value",topic_4,1.397906136724453e-308
456,It was mostly quantitative because it measured which bar length was longer and by how much. I suppose a categorical would be short very long.,topic_4,0.03931606763755461
457,"As I recall, we may have been asked to determine which bar was smaller (categorical) and also, assuming the larger bar was 100, what value the smaller bar would be (quantitative).",topic_4,0.017613887334049925
458,"Response variable, quantitative",topic_4,0.040820388136637284
459,"Height, color, size, and shape were all variables that were examined. I would say it was both variables, since it was asking for a number for height, otherwise this would be categorical.",topic_4,0.04065530534322392
460,Weight in comparison to another height. Color. Which bar was taller.,topic_4,1.4000276038082736e-308
461,"Categorical Variables: The different types of charts (2D, 3D digital, 3D models)

Quantitative Variables: The number of participants and the specific value each participant put on each of the charts.",topic_4,0.0658079737790122
462,"It asked about our sex and that would be categorical, the score on the test and it is quantitative",topic_4,2.1817531574655554e-308
463,Categorically how people visualize the graph heights.,topic_4,0.09723927021217699
464,"It was categorical since there were spits in the data, also the variables were seeing if the blocks were squares or triangles, and what that person picked.",topic_4,0.04949907447888976
465,"How close students could estimate the comparative heights of physical bar graphs. Quantitative. 

How close students could estimate the comparative heights of digital depictions of bar graphs. Quantitative.",topic_4,2.6840262347388037e-308
466,"categorical, because there was a correct answer out of the given options.",topic_4,1.3505576625931565e-308
467,"categorical variable is the type of way the graph was presented: 

* 3d printed (4d?)

* 3d image that can be moved around

* 3d image

* 2d image

quantitative variable is the height estimation of graph bars compaired with other graph bars:

numerical values from 0.0- 100.0.",topic_4,5.238256824834079e-308
468,"Stat 218 students (quantitative) 

How well students could read a graph (quantitative)",topic_4,0.24098757125843684
469,The variables examined were quantitative.,topic_4,1.8965936450185964e-308
470,Quantitative,topic_4,1.5851483297689976e-308
471,How well someone could estimate a value. Quantitative,topic_4,0.045403030682075525
472,"The explanatory variable was the person doing the experiment. The results changed every time a new person was doing it.

 The response variable was the color of the shape picked. The color picked was impacted by the person conducting the experiment.",topic_4,0.06858530374237362
473,"age - quantitative 

gender - categorical",topic_4,0.04392296277741066
474,The variable examined was the height between 2 bars on different graphs. The variable was quantitative.,topic_4,0.050611004558186255
475,How we responded to the prompts is one of the variables and it is categorical,topic_4,0.04621117680313788
476,"Can someone accurately match the real proportion? Categorical. The degree of difference in their response to the true number, quantitative.",topic_4,0.030222793118478045
477,"Number of correct answers - quantitative 

Visual or physical - categorical",topic_4,1.3885361166502347e-308
478,"The variables examined in this experiment were nominal variables which have no rank. The participants were choosing between a triangle or circle, both being categorical variables.",topic_4,1.6517053371164234e-308
479,"Dependent variable : accuracy of reading 

Independent: Changing graphs from virtual reading to actual reading from figures.",topic_4,1.0
480,"There was color, categorical.",topic_4,1.4625935222880734e-308
481,"1) Distance between objects - quantitative

2) Task complexity - categorical",topic_4,0.03710007167803067
482,The variables were categorical,topic_4,0.03981724055000775
483,"the range of accuracy, how close students guesses got to the actual numerical value of the bar graph, quantitative",topic_4,0.18198916638515514
484,"The variables examined are the materials used (digital graph on computer vs. physical model) which is categorical, and the accuracy of the participants guesses (quantitative).",topic_4,0.06929918234789395
485,"heights of the blocks - quantitative 

if the circle or triangle was taller - categorical",topic_4,0.026823944796568553
486,"The variables that were being examinated were quantitative and random assigment. For quantitative the participant had to chose which amount bettwen 0-100 units they thought one of the bars was and submit it. In the case of random assigment, I noticed they were multiple bags for different kits so I guess the random assigment of the bags and selection of the bars was present and examinated in the experiment.",topic_4,0.04950365154911611
487,The variables examined were which bar was higher (categorical) and what was the estimated value of that bar compared to another (quantitative).,topic_4,1.830889403311054e-308
488,whether you could get it or not so categorical,topic_4,1.3353213588237813e-308
489,"The variables that were examined are determine which shape was taller, this is categorical. Then it asked to estimate how small the smaller graph was if the taller one was 100 units. this is a quantitative variable.",topic_4,0.0515112947647203
490,"Type of bar chart used (2D or 3D) - categorical

What the individual perceived the data to be - quantitative",topic_4,0.08085976219459247
491,"Independent: type of chart and color of the bars (quantitative)

 

Dependent: participant accuracy and response time (quantitative)",topic_4,0.03574307552540005
492,"The length of the bars, this variable would be quantitative. Which bar the people chose to longer or shorter, this variable would be categorial because they are observing it, but when it asked you to say how much bigger or smaller one bar was from another, that part would be quantitative.",topic_4,0.0481288674445896
493,"The variables examined is if people better estimate the values of graphs, which is quantitative as we estimated with numbers.",topic_4,4.895933782294939e-308
494,"Accuracy scores (quantitative)

Age of students (quantitative)",topic_4,1.4692615521445323e-308
495,"Size comparison - categorical

Difference in percentage - quantitative",topic_4,0.025961331065250018
496,"2d : quantitative

3d: quantitative",topic_4,0.03213562556791731
497,"How close the person was able to get to the correct number of the bar (quantitative) 

Which bar is higher? triangle or circle (categorical)",topic_4,0.0290175631036629
498,The variable is the different bar graphs; categorical.,topic_4,0.1552400880221619
499,"Age: quantitative

Major: categorical

Accuracy of height-guessing: quantitative",topic_4,0.04548491267904674
500,Yes or No --> categorical,topic_4,1.374855690852087e-308
501,"Which of the 21 kits each person gets would be a quantitative variable.

Whether each person chooses triangle or circle on each chart would be a categorical variable. 

A potential confounding variable would be whether or not each participant got a good nights rest the evening prior to taking the experiment.",topic_4,0.07003809955122804
502,"size of objects: quantitative

perceived size: quantitative",topic_4,0.02634425651510056
503,"Physical or digital, categorical. Difference between 2 graphs, quantitative.",topic_4,0.35434301806171664
504,"Which was smaller?

* categorical

Deciphering by how much the tower was smaller?

- quantitative",topic_4,0.044074473489981315
505,"specific model kits, in person vs online, these categorical 

results of counting - quantitative",topic_4,0.049593776251048806
506,One of the variables was male or female (categorial) the other was age (19 or older: categorial) and another variable was the value of a certain bar on the graph (quantitative),topic_4,0.08178954515316104
507,The accuracy of what we guessed on the visuals. This is a quantitative variable.,topic_4,0.032016047375010404
508,"The variables examined are the sizes in bar graphs along with the comparison to one another. The variable was categorical to start as you would determine which is smaller or larger, then based off that you would determine by how much the smaller graph differed from the larger one which would be quantitative.",topic_4,7.277824649575866e-308
509,"Visualization medium: represents the type of chart used for data visualization (2D, 3D digital, or 3D printed) categorical.

Perceived ratio judgments: The participants' judgments of the ratio between two bars in the chart. Quantitative

Bar chart layout: The layout of the bar charts, including the positioning of bars and the grouping of data. Categorical

Ratio comparison: The specific ratio values used for comparing bar heights in the charts. Quantitative

Graph identification: The identification of specific bars within the charts for comparison is controlled to ensure consistency across participants. Categorical",topic_4,3.021506567643549e-308
510,"Which bar students pick as higher -categorical

How tall the smaller bar is compared to the larger bar -quantitative",topic_4,0.024393791899534514
511,"categorial - the blocks, the height of the blocks",topic_4,0.02611062625368477
512,Rayshader and graphs are categorical variables.,topic_4,0.14601113631449028
513,"Type of visual, categorical. The guess in the size of the bar, quantitative.",topic_4,0.04532689082024016
514,"The variables that were examined is whether the student can accurately guess the value of the bar - categorical

Also it could have been the numerical value of how far off the student guessed from the actual value - this would be quantitative",topic_4,0.054489197430429265
0,Circle and Triangle graph. Quantitative,topic_5,0.08868374901254339
1,Model size- quantitative color- categorical,topic_5,1.9312376776752236e-308
2,The height which was quantitative and the other variable was the shape on the model which is categorical.,topic_5,0.057868840802777564
3,"There were a few variables that were examined, one of them was being able to judge the size difference between the blocks which is quantitative. Another variable could possibly be genders which would be a categorical variable. Also, we are all college students which could be a categorical variable as well.",topic_5,0.03440367210796811
4,"One variable could’ve been gender (categorical)

another variable may be major (categorical)",topic_5,0.06926906721999786
5,"Each individual graph and what size they were, quantitative

The individual and their selection is a categorical observational unit",topic_5,2.2062062794917663e-308
6,"Number of blocks in a bag: quantitive

whether a student participated or not: caregorical",topic_5,2.212158532240721e-308
7,"Size difference in the two bars, quantitative

Physical or online bar chart, categorical",topic_5,4.840150163274941e-308
8,"-assigned either an adjacent graph or separated comparison graph (categorical)

-estimating ratios (quantitative)",topic_5,0.026087194306356833
9,"1. The response of statistic students to the 3D kits - Categorial 

2. Effectiveness of 3D printed charts to their 2D rendered parts - Quantitative",topic_5,0.036223921544611105
10,The first variable was which peak in the chart was the tallest between the two. This is categorical. The second variable was how big the difference between the two peaks are and this is quantitative.,topic_5,2.9422301121600403e-308
11,"2D vs. 3D graphs; categorical 

A number out of 100; quantitative",topic_5,0.02867278703457516
12,"How close we were to guessing the percent compared to the other bar. This would be quantitative. Also guessing which bar was bigger, which was categorical.",topic_5,6.27774259232316e-308
13,"Interpreting 3D graph correctly- categorical

3D compared to 2D- categorical",topic_5,0.02850532336818776
14,The variables were the answers of the subjects on which bar as smaller. This can be a categorical variable,topic_5,1.0
15,More accurate description - categorical,topic_5,1.751377524909005e-308
16,"1) Type of graph (categorical)
2) Student observations (quantitative)
3) Student characteristics (categorical)",topic_5,0.04139362587633709
17,"the categorical variables were: type of chart (2D, 3D Digital, 3D printed), determining which bar was smaller, and whether it was adjacent or separated. 

the quantitative variable was the number we put (on the slider) on the difference between the smaller and larger bar",topic_5,0.05272409206358692
18,"The bar graphs, percentages were quantitative.",topic_5,0.14225302014623933
19,The variables that are examined are the blocks and the numbers which are all categorical.,topic_5,0.056676892338447846
20,"The study was a little bit ago so I am going to do my best to remember, but we were asked to compare 2 variables in a bar graph and compare their hights based off how much of a percentage they were bigger or smaller than the other. They were quantitative variables.",topic_5,0.12287640572942848
21,The explanatory variable could have been color of graph (categorical) and the response could have been accuracy of estimation of values (categorical).,topic_5,1.9236244776546824e-308
22,"Height: categorical 

color: categorical",topic_5,1.8853625449546185e-308
23,"Variables that were examined were 2D chart v.s 3D chart, that would be categorical. And how big/small was letter A to letter B for a 2D and 3D chart, that would be quantitative.",topic_5,0.0361619198215831
24,"Variables that were examined include whether 3D digital, 2D digital, or 3D physical models are easier to understand/are better, which would be categorical and how close people are to estimating the correct lengths of the bars, which would be quantitative.",topic_5,0.03583965692033582
25,"2D and 3D shape designs  - categorical 

Perceived height compared to actual taller or shorter - categorical 

Peoples ratio of judged heights - categorical (numerical)",topic_5,0.05408055777194491
26,"One variable examined is the ratio between different bars on a bar graph. This variable is quantitative because the ratios are number values. Another variable is the chart type. This variable is categorical because the three types of graphs are 2D graphs, 3D digital graphs, and 3D printed graphs.",topic_5,0.046337010390043745
27,"Correct bar chosen, categorical 

Ration of the bar, quantitative",topic_5,4.1667901120721253e-308
28,Did the student guess correctly? Categorical,topic_5,0.03246492334769635
29,"Variables examined: Age, specific school (university), class, grades

 Age: Quantitative

Specific School (university): Categorical

Class: Categorical

Grades: Categorical",topic_5,3.6669042540649337e-308
30,"The student's perception of height analysis - categorical

Height of the building - quantitative",topic_5,0.05638196034145407
31,"Explanatory: Which block is larger (quantitative)

Response: Student estimate (quantitative)",topic_5,2.1225763371054795e-308
32,The variables examined were the shape things we were given and it is categorical.,topic_5,0.045651989792963005
33,the percentage of size one bar is compared to another -- quantitative,topic_5,4.761705181252852e-308
34,"Whether or not the student chose the correct answer- categorical

the percent that the students guessed- quantitative",topic_5,2.0389940829846784e-308
35,"2D or 3D = categorical

Correct value or Incorrect value = quantitative",topic_5,0.03187191641626465
36,"What percentage of a bar compared to another in the physical/digital graphs - Quantitative

Whether the graph/bar is physical/digital - categorical.",topic_5,0.09630058333208637
37,"The variables examined are categorical, as we are testing understanding of graphs, which is kind of a yes or no question, you either understand or you didn't. A variable that could have been examined by this is if more students guessed values correctly on the 3D graph or the online 2D graphs.",topic_5,0.04877196578974573
38,accuracy of data to graph and it would be quantitative because it is a numerical response,topic_5,0.04280661473185563
39,"Whether the person said the point on the block was taller or shorter: Categorical

The height the person said the point on the block was: Quantitative",topic_5,2.442760046641354e-308
40,the difference between shapes and it was quantitative,topic_5,0.060892121596240176
41,* heights of blocks: quantitive,topic_5,2.013318635230552e-308
42,I think the variable is if they guess the right block and thats categorical.,topic_5,0.05983843519245353
43,"Students answer- quantitative

how accurate their answer was- quantitative",topic_5,2.0261376454846384e-308
44,"Graphs and percentages were given to the students, but finding if they choose the correct percentage is categorical.",topic_5,2.003079086196877e-308
45,"The variable examined was the different column sizes of 3D blocks. This would make it categorical.

(*I did the online version due to a COVID diagnosis so I'm not sure if things were different in-person.*)",topic_5,0.0660300650061551
46,whether or not the comparison of triangle and circle was correct-categorical,topic_5,0.07986536175486637
47,One quantitative variable is the percentage/amount of difference in each bar. A categorical variable is whether the individual thinks one bar is bigger/smaller than another. Another categorical variable is whether the bar graph is a 3D model or graphic on a computer/screen.,topic_5,2.420568213347803e-308
48,I would say the experiment was more categorical than quantitative.,topic_5,0.14007282178808111
49,"Accuracy of answers may have been a variable (ie. how close to the correct answer each answer was), and that would have been a categorical variable. Another variable would have been the participant within the study, such as if they were male or female, and that would have also been a categorical variable.",topic_5,2.931347754379068e-308
50,"independent: form of data (categorical)

dependent: accuracy of data interpretation (quantitative)",topic_5,0.01836572281973573
51,The hights of the blocks were they variable examined and that is a quantitative variable.,topic_5,2.175045854142596e-308
52,They examined the estimated size ratio using a percentage. This would be mostly quantitative because they are valuing a number. They also could be testing if you are correct or not which would classify more as categorical.,topic_5,0.13581176463549943
53,Which graph was smaller which is categorical and what percentage the bar was in relation to the other bar which was quantitative.,topic_5,0.09900653067767824
54,They were categorical and it was a circle or triangle.,topic_5,0.07033008866918418
55,"It was a quantitative variable that was determined as we had to always enter a number for the graphs. Then from the results we can conclude many categorical variables such as if age, gender, or any other variables have a trend with corresponding answers.",topic_5,2.139675530759969e-308
56,The variables that were examined were the test we chose which would be categorical and the amount of tests we did which were quantitative.,topic_5,3.713653439328382e-308
57,"Length- quantitative

Age- categorical

Gender- categorical",topic_5,0.047799123442637585
58,the height of the blocks - quantitative,topic_5,2.0240599295888005e-308
59,Whether or not each question involved a physical graph model or a picture (categorical) and the accuracy of the value estimation (quantitative).,topic_5,0.027725675395077417
60,"wether someone was a researcher or not- categorical

the accuracy of their responses- quantitive (most likely)",topic_5,2.448194860037179e-308
61,"categorical variables -- smaller/larger

quantitative -- the actual number assigned to the interpreted size",topic_5,0.12123488522107623
62,"We examined the color - categorical

shape-categorical 

what number block it was- quantitative

where we thought a certain number would lie on each block- quantitative",topic_5,0.05454345603879842
63,The number we were choosing for the supposed values could be quantitative data while seeing if the triangle or circle columns matched could be categorical.,topic_5,3.535642741566525e-308
64,"Quantitative- the assumptions made

categorical- was the assumption correct

quantitative- the degree of correctness",topic_5,0.04481680020166013
65,"physical blocks/digital blocks - qualitative

size of blocks - quantitative",topic_5,1.9474252437610477e-308
66,Independent variables were examined in this.,topic_5,3.966490385042323e-308
67,"Size difference. Quantitative

calculation error. Quantitative",topic_5,0.12262665105439524
68,"what number you thought the graph was at - quantitative

which graph was larger - categorigcal",topic_5,2.2492985301379243e-308
69,"Some of the variables that may have been examined include: whether or not the participant identified which graph was larger (categorical), and how close or far the participant identified the correct numerical difference between the graphs (quantitative).",topic_5,2.198533362859107e-308
70,ability to interpret the graph and make estimates could be categorical and the number that was inferred could be the quantitative variable.,topic_5,0.0456981818736379
71,"Which graph was read more accurately on average, which is categorical.",topic_5,0.052004640334200936
72,The variable that was examined was categorical because they determined whether or not people correctly estimated the range of the 3D and 2D graphs.,topic_5,0.05374690237628818
73,"Which bar on each bar graph was smaller, and the value of the smaller bar when you are told that the larger bar has a value of 100. Whether a particular bar is smaller is categorical, while the comparative value of the smaller bar is quantitative.",topic_5,0.05749822876311701
74,The variables were the arrangement of the data bars and the estimated values of the data bars by the students. The first one is categorical and the second one is quantitative.,topic_5,0.11046372023465345
75,"Independent- the triangles and circles on the model (quantitative) 

Dependent- number of collector identified shapes within the percentage (quantitative) 

control- the models were kept the same",topic_5,0.0186514346535959
76,I think the variables were which graph portion we tested was bigger than the other (categorical) and the quantitative were the numbers we were guessing. This can also be a categorical variable too because it was either right or wrong. The other quantitative variables were how many correct guesses we had and how many we got wrong.,topic_5,2.2705149449223223e-308
77,"Accuracy of estimate - yes or no would be categorical, percentage would be quantitative

Which bar is taller - categorical",topic_5,0.08706374074477445
78,"Independent variable: Changing units- categorical

Dependent variable: Comparing of two units, circle and triangle- quantitative

Categorical variable: Age, gender, perception- categorical",topic_5,5.052496349796194e-308
79,how accurate we guessed on the online or in person graphs - i want to say quantative because they are just numbers,topic_5,0.073166124826052
80,"The variables was whether the triangle or circle bar was taller, this is categorical. The other variable was the prediction made by the people being sampled, this is quantitative.",topic_5,0.13304986556869142
81,Our personal information and how accurately we could determine dimensions.,topic_5,0.06320090448410716
82,One variable is what kit the participant was given to use during the survey. This would be a categorical variable. Another variable could be what height each participant said the model/graph was. This would be a quantitative variable as there is a complete range of possible entries. Another variable might be the percentage of questions participants got correct. This would be a quantitative variable. A fourth variable could be if the participants met a set threshold for correct answers. This would be a categorical variable.,topic_5,0.03609948975780884
83,The different sizes of the columns are compared to another bigger one. The variables are quantitive.,topic_5,1.0
84,The smaller and bigger columns and the difference in them. The variables are quantitive because we are looking at the different sizes of the columns which could be changed to amounts of money to be compared.,topic_5,1.0
85,"Independent:the type of model (categorical digital 2D, digital 3D, physical model)

Dependent:the accuracy of the guess (quantitative)",topic_5,0.01880671505093845
86,Which one was high which is categorical and by how much which is quantitative,topic_5,9.13393637982545e-308
87,"The two variables that we examined were which of the two selected bars were smaller, which was a categorical variable, and how big the smaller bar was in relation to the larger bar, which was a quantitative variable.",topic_5,1.0
88,"the independent variable was the blocks they were given (categorical)

dependent is what height they guessed and how accurate (Quantitative)",topic_5,0.07829656632089634
89,The variables examined would have been what percentage the different spaces on the charts represented which is a quantitative variable.,topic_5,0.13617739930760797
90,"People learn better in 2D graphs than 3D - Categorical 

 

People have a higher chance of getting a question right when they use a 3D graph - Quantitative",topic_5,0.028840339210124057
91,"There were many variables, but I think that most of them were quantitative, because when we were doing the experiment, it was a lot of guessing with numbers.",topic_5,0.11856191032667705
92,"graphical encoding types, which are categorical

accuracy of participant estimates which is quantitative

task type or graph type, categorical",topic_5,0.037836216724156206
93,"Online vs physical (categorical)

data percent perceived (quantitative)",topic_5,0.06866002581483345
94,"The experiment looked at a mix of chart features and participant responses. It compared different chart types—2D digital, 3D digital, and 3D printed—as well as how the bars were arranged (either next to each other or separated), which are both categorical variables. Participants were asked to judge which bar was smaller and estimate the ratio between them, giving quantitative data. The actual ratio and the error in their guess were also measured, both of which are quantitative too. So overall, the study tracked both the kinds of charts used and how accurately people could read the data",topic_5,1.470582788700319e-308
95,"time- quantitative, shape-categorical, color-categorical",topic_5,1.9323416815971e-308
96,One variable was if the graph was 3D or 2D on the computer which would be quantitative. Another variable would be what color the printed graph was which would also be quantitative.,topic_5,2.0022416220469635e-308
97,The variables examined were if the participants were able to identify with decent accuracy the correct data from the 3D bar chart.,topic_5,0.040129814729656856
98,I feel like a variable of this could be the judgement of the graphs. This would be a categorical variable.,topic_5,0.04752392666163403
99,"Explanatory: 2D vs 3D (categorical) 

Response: The estimated distance/height between the two (quantitative)",topic_5,0.03176753714464027
100,"The symbol pi was used, and so were Hypothesis A and Hypothesis O.",topic_5,0.05646292174036838
101,Which graph used (categorical) and how accurate the reading was (quantitative),topic_5,2.073852791003663e-308
102,the variables that were examined where the number of the graph and how tall we thought each bar was. The heigh we thought the bar was is a quantitative variable. The bar that was observed would be a categorical value.,topic_5,2.4067819250767197e-308
103,"Height of the graph (quantitative)

Participants correct answer vs not (categorical)",topic_5,0.04769582812637003
104,"Accuracy of guess: quantitative 

Medium: qualitative",topic_5,0.06249689447462127
105,"Chart format categorical, time to complete response quantitative, judged ratio quantitative",topic_5,1.522218855810122e-308
106,hours of sleep and it is quantitative,topic_5,0.061615681463423715
107,The ratios of the circle bar compared to the triangle var were examined. I would say finding the ratios is a quantitative variable.,topic_5,0.09048113754796605
108,"number of scores that students get right, quantitative

type of problems given, categorical",topic_5,1.9664712068459407e-308
109,"The type of graph was a variable that was examined, and this variable is a categorical variable. other variables that were examined were, the true height between the bars and the height found by the participants. both of these are quantitative.",topic_5,2.412077242075791e-308
110,"The variable examined were the bar graph data between two bar A and bar B. It could be categorical because you are choosing which graph is greater, either A or B not a number.",topic_5,2.4357960752553407e-308
111,"variables

which was bigger a or b - this is catagorical

What percent bigger - quantitative",topic_5,0.08977946735233414
112,"The number of people who participated in this, quantitative

Examining 2d and 3d graphs, categorical",topic_5,0.05267239868330776
113,"Height of the bar- quantitative 

Correct/ incorrect guess- categorical",topic_5,0.08119510644339788
114,"Graph type, which is categorical because it's a category so it's categorical. And valid perceptions, which I suppose could be quantitative because you could convert it into a ratio.",topic_5,0.036903757815617895
115,"Chart Type: categorical

Bar spacing: categorical

Ratio accuracy: quantitative

Bar size: quantitative",topic_5,1.49150701764673e-308
116,"Whether or not participants could correctly guess difference - categorical

How far off participants were in their guesses - quantitative",topic_5,2.2081112711749966e-308
117,"One variable was correct or incorrect answers with 2D graphs, which is categorical. Another variable was correct or incorrect answers with 3D graphs, which is also categorical.",topic_5,0.047003870127246265
118,"The variables were the data model formats presented and the values assigned to each perceived value of said data models. The data model formats are categorical, either 2D or 3D, and the values assigned to each data model is a quantitative variable, assigning numerical values that can be averaged and calculated against.",topic_5,0.05188577037030172
119,"Some were asking which bar had a bigger value. -- categorical

Some were asking to give a value to a bar. -- quantitative",topic_5,7.663141947476907e-308
120,"bar height (quantitate) 

bar color (categorical) 

label on each bar (categorical)",topic_5,0.09366770816572888
121,"graph type, categorical

ratio of bars, quantitative

accuracy of judgment, quantitative

individual participants, categorical

bar grouping, categorical",topic_5,0.02821141787212032
122,Variables that were examined would be graph difference in height which is quantitative.,topic_5,0.1698091331856189
123,if the graph is larger. Categorical,topic_5,2.1372224415464973e-308
124,"Chart Type: Categorical

Participant Judged ratio: Quantitative

Ratio between bars: Quantitative

Log error of judgement: Quantitative

Which bar is smaller between bar a and bar b: Categorical",topic_5,1.4254587730182395e-308
125,One variable was if the graph was 3D or 2D on the computer which would be quantitative. Another variable would be what color the printed graph was which would also be quantitative.,topic_5,2.039295031042343e-308
126,"graphical encoding types, which are categorical

accuracy of participant estimates which is quantitative

task type or graph type, categorical",topic_5,0.0411438465265945
127,the variables that were examined where the number of the graph and how tall we thought each bar was. The heigh we thought the bar was is a quantitative variable. The bar that was observed would be a categorical value.,topic_5,2.459489818193794e-308
128,"time- quantitative, shape-categorical, color-categorical",topic_5,1.9383286888253374e-308
129,Which graph used (categorical) and how accurate the reading was (quantitative),topic_5,2.0826323981507506e-308
130,I feel like a variable of this could be the judgement of the graphs. This would be a categorical variable.,topic_5,0.04630961820112313
131,"The experiment looked at a mix of chart features and participant responses. It compared different chart types—2D digital, 3D digital, and 3D printed—as well as how the bars were arranged (either next to each other or separated), which are both categorical variables. Participants were asked to judge which bar was smaller and estimate the ratio between them, giving quantitative data. The actual ratio and the error in their guess were also measured, both of which are quantitative too. So overall, the study tracked both the kinds of charts used and how accurately people could read the data",topic_5,1.4892012323341403e-308
132,"There were many variables, but I think that most of them were quantitative, because when we were doing the experiment, it was a lot of guessing with numbers.",topic_5,0.1257007316050584
133,The variables examined were if the participants were able to identify with decent accuracy the correct data from the 3D bar chart.,topic_5,0.040305738521903126
134,"People learn better in 2D graphs than 3D - Categorical 

 

People have a higher chance of getting a question right when they use a 3D graph - Quantitative",topic_5,0.028783735313749184
135,"the independent variable was the blocks they were given (categorical)

dependent is what height they guessed and how accurate (Quantitative)",topic_5,0.08009349107577245
136,"The symbol pi was used, and so were Hypothesis A and Hypothesis O.",topic_5,0.05868972420258429
137,The variables examined would have been what percentage the different spaces on the charts represented which is a quantitative variable.,topic_5,0.13464599087378293
138,"Online vs physical (categorical)

data percent perceived (quantitative)",topic_5,0.06859407223879585
139,"Explanatory: 2D vs 3D (categorical) 

Response: The estimated distance/height between the two (quantitative)",topic_5,0.031642616713791635
140,The variable examined was what height we thought the shorter graph was compared to the larger bar. This variable was quantitative.,topic_5,0.17065513626331183
141,The variables being examined were that of: 'accuracy in estimation of the distances' and 'male vs. female'. I would say both are categorical.,topic_5,0.11183748922427171
142,[expirement -2.docx] (/users/286374/files/21155815?wrap=1&verifier=fC22T9TgCcZie7zS8sKiVPG12cMajTtaj2MbI7Lo),topic_5,0.043236895269219505
143,"Here are the main variables examined in the experiment:

 

* Chart type (2D, 3D digital, 3D printed) – Categorical

* Bar layout (adjacent vs. separated) – Categorical

* Ratio judgment given by the participant – Quantitative

* Accuracy of the ratio (measured as log error) – Quantitative

* Which bar was identified as smaller – Categorical

These variables helped the researchers measure how chart format and layout affect people’s ability to judge data accurately.",topic_5,1.4016732340849834e-308
144,"Accuracy - quantitative 

Gender - categorical

Age - categorical

Taking STATs? - categorical",topic_5,0.048391920377978875
145,Circle and triangle,topic_5,0.08222577960861531
146,"Effectiveness of 2D screen graphs: Categorical

Effectiveness of 3D screen graphs: Categorical

Effectiveness of 3D in hand graphs: Categorical",topic_5,0.028775296871190577
147,"The amount of time spent on each question - quantitative 

Which tower was taller - categorical",topic_5,0.07713578356660164
148,"The variable that was examined was if the circle or square tower was higher, which is a categorical variable.",topic_5,0.05336442717351891
149,The variable that was exmined was triangle or circle and that is categorical.,topic_5,3.0494972757258503e-308
150,Which bar was bigger and what the percentage bigger- quantitative.,topic_5,4.582667106728416e-308
151,One variable was the height of the graph and that was quantitative because it asked for how tall they were and also categorical because on the graphs they had the circle or triangle.,topic_5,2.165311506073563e-308
152,"Height of the towers - quantitative 

Which tower was taller (triangle or square) - categorical",topic_5,0.08769050564961048
153,"Selecting whether circle or triangle was the highest or lowest compared to each other, and I selecting by how much lower or higher. I think that this experiment is quantitative.",topic_5,3.899837408239113e-308
154,"Bar height estimation: quantitative.

Trial number: quantitative.

Participant ID/code: categorical.",topic_5,0.14107326453994035
155,it was quantitive because we are guessing a number or percentage based on the naked eye,topic_5,2.6208311194484103e-308
156,"The person's favorite animal, which is categorical. And their estimation of bar height percentages in each scale which is quantitative.",topic_5,0.14500461016138916
157,"Bar graph size: quantitative

What kind of graph: categorical",topic_5,2.166367280027807e-308
158,"same graphs given to everyone, assigned in different orders both are categorical",topic_5,2.063926387527471e-308
159,"Human analysis ability - quantitative

tower height - quantitative

bigger or smaller - categorical",topic_5,0.06007264921058977
160,"Triangles and circles, this is categorical. Shorter versus taller graphs or models, this is categorical. The actual hight of the shorter section of the table/graph, this is quantitative.",topic_5,0.04718550374659034
161,"One variable that was examined would be if the participant guessed the right proportion which would be qualitative.

Another variable that was examined was age group, this was also qualitative.",topic_5,0.05809288341454854
162,"charts you got correct online- categorical

charts you got right with physical copy- categorical",topic_5,0.037050033502572
163,"Height of a bar, categorical.",topic_5,3.8182811857229156e-308
164,"How long we think the block is, quantitative 

Which block is smaller, categorical",topic_5,1.8824890452643663e-308
165,"The different types of graphs, being physical, 2d, or 3d- quantitative 

The size of the bar in question- quantitative

If it was either a circle or triangle bar- categorical",topic_5,2.216386582492116e-308
166,"triangle or circle bar--categorical 

the height of the bar--quantitative",topic_5,0.07696383075088235
167,The variables examined were the proportion of one tower to the next and if it was a star or circle. The first one is quantitative and the second is categorical.,topic_5,3.806010561364118e-308
168,Quantitative because there were more then two possibilities.,topic_5,2.933646826110653e-308
169,"Is the bar shorter vs taller - categorical

What percent shorter or taller is the bar - quantitative",topic_5,4.236883170441156e-308
170,"* If the students can estimate the height of the block properly - categorical

* The package of bars given to the students - quantitative",topic_5,2.368228947455382e-308
171,"There were at least two variables recorded, whether the subject got the percentage right, and whether they stayed consistent. These were both categorical.",topic_5,2.434043809712542e-308
172,Interpretation of graphs - Quantitative,topic_5,2.104142676657544e-308
173,"* the percentage guess = quantitative

* did they follow directions (was the guess close at all) = categorical",topic_5,2.341474813647505e-308
174,"which bar was larger, circle or triangle. this is categorical

how many units tall is the shorter bar if the larger bar is 100. this is quantitative",topic_5,0.08854769277907504
175,"1. chart type: categorical

2. bar spacing: categorical

3. spacing between bars: quantitative

4. individual judgement: quantitative

5. accuracy: quantitative

6. size (a or b): categorical",topic_5,0.028454164414666694
176,Type of bar chart (categorical) and the height judgement (quantitative),topic_5,0.02990018104468652
177,"Type of Graph (2D, 3D digital, 3D printed)

Categorical

Perceived Bar Ratio 

Quantitative

Accuracy of Comparison 

Quantitative

Participant's Choice of the Smaller Bar 

Categorical

Order of Chart Presentation

Categorical",topic_5,1.4047753613769453e-308
178,"The main variable looked at where the different types of graphs in the accuracy of the individuals answers the type of graph whether it was 3-D 2-D, digital or 3-D printed there is a category variable because it will involve different groups of categories, so the accuracy of the ratio judgment is quantitive because it measures with numbers specifically using a log air formula, another possibility is a categorical variable. This could be the layout of the bars like is it adjacent or separated.",topic_5,0.029925156397308247
179,na,topic_5,0.06651662322666806
180,"Type of Data visualization: categorical variable with three levels, 2D graphs, 3D digital graphs, 3D printed graphs

Ratio of Smaller Bar to Larger Bar: Quantitative variable the ratio is numerical values

Perceived Ratio of Smaller Bar to Larger Bar: Quantitative variable it represents the participants estimate of the ratio

Log Error of Ratio Judgment: Quantitative variable its a calculated numerical value representing a difference

Bar Chart Comparison Type: categorical variable with two levels, adjacent and separated",topic_5,1.414292481781957e-308
181,The size of the graph - quantitative,topic_5,2.21973821117741e-308
182,The variables examined were the block size percentages compared to one another. They were quantitative because we were guessing the size of the block based upon another.,topic_5,2.0526583833620927e-308
183,"the people used - categorical

and the style of bar chart- categorical",topic_5,0.03802226609397745
184,"This experiment examined multiple variables, including quantitative variables and categorical variables. Quantitative variables include the proportion value estimated by the participants (the relative length of the triangular cuboid and the circular cuboid) and the true value of the proportion, which are numerical data that can be mathematically calculated and error analyzed. Categorical variables include the shape of the labeled figure (circle or triangle), the number or code of each model (used to distinguish different 3D bar graph models). By analyzing these variables, the experiment can explore whether the shape of the figure and the characteristics of the model have a systematic impact on the estimation of visual proportions.",topic_5,1.4111633022435137e-308
185,categorical,topic_5,1.7194050139986657e-308
186,"Accuracy of noticing the tallest of the bars: qualitative

Type of graph: categorical

Response time: qualitative",topic_5,0.041917228318500144
187,The variables were how we were able to read the graphs.,topic_5,2.0179625816579224e-308
188,"The ratio of heights was categorical, each graph was presented quantitatively, and then the test was administered categorical.",topic_5,0.05514721050922641
189,"One variable is the type of chart, which is categorical. Another variable is the accuracy of bar size judgement, which is quantitative.",topic_5,0.05687040183258486
190,"size estimated - quantitative

over or underestimate - categorical",topic_5,0.12086777496798783
191,Variables examined were participants reading charts and making judgements without physical measuring and this is qualitative and they found the difference in their judgement and the actual result and this is quantitative.,topic_5,0.06150266325785846
192,"The variables examined were the X, Y, and Z axes (quantitative), the color of the points  (categorical), and the shape of the points (categorical).",topic_5,0.050129491371245366
193,"I do not remember the exact variable used, but they were most likley categorial because we did not have to do any numerical calculations.",topic_5,0.28840563356135945
194,"The variables that are examined are the chart type which is categorical, bar spacing which is categorical, true ratio between bars which is quantitative, participant’s judged ratio which is quantitative, log error of judgment which is quantitative, and which bar was chosen as smaller which is categorical.",topic_5,1.485345053253144e-308
195,"1. Type of graph – Categorical

2. Accuracy of bar height judgment – Quantitative

3. Time taken to respond – Quantitative

4. Participant background or experience – Categorical",topic_5,0.04441416922762232
196,The quantitative variables were the participant's numerical guess and the actual answer. The categorical variable was the type of graph.,topic_5,0.045224080138895555
197,"Type of chart- categorical

If the correct answer was given- quantitative",topic_5,0.034643484620441735
198,"1. Age of the Cow

*

Type: Quantitative

*

Description: The exact age of each cow, usually measured in years or months, to identify how age influences calving difficulties.

2. Calving Difficulty

*

Type: Categorical

*

Description: A classification of how difficult the calving process was (e.g., easy, moderate, or difficult). This could be assessed based on the need for human intervention or complications during delivery.

3. Calving Assistance Type

*

Type: Categorical

*

Description: The type of assistance provided during calving (e.g., no assistance, mechanical assistance, veterinary intervention, etc.).

4. Calving Outcome

*

Type: Categorical

*

Description: The outcome of the calving process (e.g., healthy calf, stillbirth, live calf with complications). This could also be categorized based on the health of the calf or cow after the birth.

5. Weight of the Cow

*

Type: Quantitative

*

Description: The weight of the cow could be used to explore how body condition or size influences calving ease.",topic_5,0.04167630163436554
199,"Some variables that were mentioned in this abstract were the bar spacing/color, and also how the graph was being formed or the orientation of the graph whether it was horizontal, or vertical pertaining to the data collected. These variables are categorical. Other variables such as the height of both bars (2D and 3D), and the size of the data represented, are examples of quantitative variables.",topic_5,0.045057597001977354
200,"Graph type- categorial 

Bar grouping type- categorial 

Judged ratio of bar heights- quantitative

True ratio of bar heights- quantitative

Error in ratio judgement- quantitative",topic_5,0.025727539572539655
201,The categorical variable would be if students were able to perceive data better with the 3D models.,topic_5,0.030360708299139765
202,"Variables I remember asked was age and if I was a member of stat 218. Age is quantitative and if I was in the class or not is categorical. The response variable is my score on the experiment, quantitative.",topic_5,3.1491005218720346e-308
203,"The variables which were examined where the type of graphical display (categorical) as well as the graph features; color, size, and shape, which is also categorical. Another variable examined would be the accuracy of participants responses. This would be quantitative because students were asked to give a number for a portion of the graph depending on the number assigned to the other portion of the graph.",topic_5,0.036278903072817704
204,"Explanatory variable: Type of graph (i.e., 2D, 3D, or 3D printed); categorical
Response variable: Accuracy of participant in estimating bar length; quantitative.",topic_5,1.923405474932872e-308
205,The variable that was examined in this experiment is if people view 2D and 3D differently and which is more accurate.  It would be categorical because there are only two groups.,topic_5,0.030876937565217255
206,"The actual height difference between the blocks is quantitative, as the testers estimated. The estimation of error would also be quantitative. The taller block correctly identified would be categorical.",topic_5,2.3936265251532776e-308
207,"*

How long something took – that’s a number, so it’s quantitative.

*

What choice someone made – like picking A or B, that’s a categorical variable.

*

Which group someone was in – like Group 1 or Group 2, that’s also categorical.

*

How many things someone got right – that’s a number, so it’s quantitative.",topic_5,0.05476896774860444
208,"Percentage - quantitative

How many people guessed what number - quantitative",topic_5,0.04537222246119209
209,"Im not sure what variables were exactly examined. I belive this reflection should be closer to the time we take the experiment, as we are college students trying to retain a lot of information, especially me as a senior graduating this year. I hardly remember the expeierment",topic_5,0.10094528311664995
210,"The experiment looked at the type of graph and bar spacing, which were categories. The judged ratio and log error were numbers. The correct bar choice was also a category.",topic_5,1.419320361234543e-308
211,Ratio accuracy and Graph type,topic_5,1.418597882019483e-308
212,"*

Chart type (2D, 3D, 3D printed) – categorical

*

Ratio judgment accuracy – quantitative",topic_5,0.024837652546752582
213,"Chart Type is categorical, the bar type was categorical.",topic_5,0.03777072688158439
214,The variables examined were the use of a computer or physical model. This was categorical. The response variable was how close to the true value the students responses were. This response was quantitative.,topic_5,0.028981941820921613
215,"Bar size- quantitative

Age- categorical

Education- categorical

Sex/gender- categorical",topic_5,0.0534301561935808
216,"The first variable is which bar was smaller, circle or triangle; categorical. The second variable is that if the bigger/taller bar of the two was 100 units, what is the size of the smaller; quantitative.",topic_5,5.805162742258411e-308
217,"Categorical: chart type - 3D vs 2D charts

Quantitative: Response Time - how long it took to make a judgement",topic_5,0.03971532235768127
218,"quantitative data

the percent height difference between the two bars",topic_5,0.06262926618950071
219,"How good a person's memory is - qualitative 

How good of eyesight they have - qualitative

seeing or not seeing color - qualitative",topic_5,0.06113680281306167
220,"Categorical is whether triangle or circle was smaller or taller, and quantitative would be the number of units of the smaller one compared to the taller one.",topic_5,0.06267852360836035
221,the size of the columns and that was quantative,topic_5,1.0
222,One variable could be which graph the student said was the smallest. This is categorical because it was either a circle or a triangle response.,topic_5,1.8955903397678165e-308
223,"We first decided what tower was taller (whether the circle or triangle), this was fairly easy (categorical). Then we compared the 2 towers and gave an estimation how tall the shorter one was if the other was 100 units high (quantitative).",topic_5,0.07173090355489413
224,The size of the stacks was given which would be quantitative seeing as it was a numbered amount.,topic_5,1.0
225,"Independent: Gender (categorical) 

Dependent: accurate interpretationEach  of graphs (quantitative)",topic_5,0.01757673899184194
226,"Size of bar graphs (height): quantitative

If triangle or circle was smaller than the other: categorical",topic_5,0.07645575892471214
227,"Categorical: Circle vs. Triangle 

Quantitive: Difference in units between the circle and triangle",topic_5,0.08650606290596066
228,how accurate our observed ratio is to the actual ratio :quantitative,topic_5,0.05396645985344167
229,"The independent variable is the type of graph viewed (screen or in-person), which is categorical. The dependent variable is the numerical value the participant assigned to the bars, which is quantitative.",topic_5,2.182917263057002e-308
230,"smaller or larger bar: categorical

how much bigger or smaller: quantitative",topic_5,4.588459893077781e-308
231,"Which bar was larger-categorical

Percentage- quantitative",topic_5,4.625684611665533e-308
232,"The graphs, categorical

The measurements, quantitative",topic_5,2.0695085572131465e-308
233,The variable observed was how well each student did on the examination. This was a quantitive variable.,topic_5,0.12005430338966848
234,"Bars - Quantitative

Gender - Categorical

Age - Quantitative",topic_5,0.052077586956853154
235,"Students ability to understand graphs - Categorical

Students ability to identify the matching picture of the graph - Categorical",topic_5,0.04586009352492505
236,"The variables examined were the heights of the graphs, and this would be quantitative. I also think that other questions we were asked were along the lines of ""is line A taller than line B"", which would count as a categorical answer, being ""Yes"" or ""No"".",topic_5,2.5893153013016585e-308
237,"Type of model (physical/digital): categorical

Accuracy of identifying proportion: quantitative",topic_5,0.04051077945195798
238,"The time it takes to identify the taller one and the methods by which one identifies the taller one such as how they choose how much taller/shorter the block is. This would be quantitative. 

Whether students choose the right or left block as the taller one is categorical. 

The number in which students measured the difference in height of the blocks would be quantitative.",topic_5,2.3529885272507586e-308
239,"The experiment most likely looked at characteristics like the number of blocks counted or estimated (quantitative), the color or arrangement of blocks (categorical), and the accuracy of student replies (quantitative). These variables were used to investigate the effects of visual data presentation on interpretation and estimating abilities.",topic_5,0.046702747055378385
240,Heights of figures compared to other figures: quantitative,topic_5,0.07249802378456273
241,There were categorical and quentitative variables being examined.,topic_5,3.5334358572695297e-308
242,"The different variables were the bar graph that the student is examining (categorical), and the percentage at which the student thought the bar was at (quantitative).",topic_5,0.1057764906652942
243,The proportion of the bars on the graph were examined. This is a quantitative variable.,topic_5,0.1455084782717445
244,"The study examined several key variables. Chart type (2D, 3D digital, or 3D printed) and bar spacing (adjacent or separated) were categorical variables. The true ratio of the compared bar heights and the participant’s judged ratio were both quantitative variables. The error in perception, calculated as log2 error, is also a quantitative variable. Additionally, the identification of which bar (marked by a circle or triangle) was smaller is a categorical variable. These variables collectively helped analyze both accuracy and perception across chart types and layouts.",topic_5,1.3651827468411537e-308
245,The level of shape (quantitative),topic_5,0.060909630591442
246,"Color- Categorical

In-person versus picture- Categorical",topic_5,1.8392219240559554e-308
247,The variables would be the graphs which is quantitive and the students would be categorical.,topic_5,0.028341305236551248
248,"Possible variables include task completion time (quantitative), accuracy of performance (quantitative), and participant feedback or preference for certain models (categorical). If models were labeled by design type, that would be another categorical variable. If ratings were collected on a scale (like a 1–5 satisfaction scale), those would be quantitative as well.",topic_5,0.06590221945490479
249,"Which version of the graph they are using (2-D, 3-D, 3-D digital) - Categorical

Accuracy in peoples answers about the height - Quantitative",topic_5,0.029560975236735836
250,which bar graph is easier to read which is categorial.,topic_5,0.08676777086328051
251,I don't remember a lot of the experiment since it was so long ago but I know we were asked to choose the larger or smaller part and I feel that would be both categorical and quantitive.,topic_5,0.2023790688464365
252,"The variables examined are computer bar graphs vs 3D printed bar graph which are categorical, and the other variable is how close the estimated values are to the actual graph values which is quantitative.",topic_5,0.046689412925287166
253,"some variables that i remember from the experiment include, height of the block(quantitative variable), The circle or triangle shape on the block specifying which height to focus on (categorical), the bag participants got (categorical).",topic_5,0.06526160844205532
254,shape of part on graph is categorical and percentages on the comparison of the percentages is quantitative.,topic_5,0.09222353416253605
255,"The variables examined might have included things like the type of chart shown (categorical), the accuracy of responses (quantitative), and possibly the amount of time taken to complete tasks (quantitative)",topic_5,0.05356248682876095
256,variables where the data represent groups.,topic_5,0.09261676139112532
257,The variable of which shape was smaller or larger. (quantitative),topic_5,0.06303371979770844
258,"The variables being examined are weather or not the triangle or circle was smaller and correctly identified. That would be categorical. a yes or no. Another variable could be how far off or on peoples guesses where, if most people thought were smaller or bigger. That would also be categorical variables. More over, or more under.",topic_5,3.7584311954005674e-308
259,"categorical, whether the triangle was smaller or the dot.",topic_5,0.07414012312670269
260,Type of student (categorical) and distance between the two graphs (quantitative).,topic_5,0.04641059554764768
261,Categorical  triangle or circle,topic_5,0.08269845378214521
262,"The variables that are examined is which column is bigger, which is categorical, and the difference of value between the columns, which is quantitative.",topic_5,1.0
263,It was categorial and it was based off of whether the triangle or circle bar was smaller.,topic_5,3.538586086675684e-308
264,"The variables was which one of the circle and the triangle was smaller, and also by how much it was smaller. The circle or triangle is categorical and the how much smaller is a percentage so its quantitative.",topic_5,3.829847514463348e-308
265,size of the bar if it was smaller or larger - categorical,topic_5,0.062272664099984894
266,"Independent variable: which bar was shorter- categorical

Dependent variable: how much shorter was the bar compared to the larger bar- quantitative",topic_5,4.947658889465924e-308
267,"Which bar is smaller - categorical

how much smaller was one bar compared to the other - quantitative",topic_5,4.916061157930147e-308
268,One variable would be how the graphs were displayed making it categorical and the other variable would be the amount of times the answers were correct making it quantitative.,topic_5,0.04786903505530518
269,"Difference in height of bar- quantitative 

Which bar was small (circle or triangle)- categorical",topic_5,0.07589951092792108
270,"Stistical graphics - quatitative 

the circle and triangle- categorical",topic_5,0.08060412974238965
271,"One of the variables observed was the color intensity, which is quantitative. As well as the estimated variables of how much smaller the units are. A couple of categorical groups observed are gender, age, and education level.",topic_5,0.048997981649775806
272,"The quantitative variables present are the numerical values associated/estimated with each color shade or height, and how accurate the responses were. The categorical variables measured are which letter represents a larger value (Y or y).",topic_5,0.04502133345358358
273,"Did the participant answer correctly - categorical

How confident was the participant- categorical 

What the participant estimated the quantity of the smaller value to be - quantitative",topic_5,2.3849779742854777e-308
274,"Variables were which letter was larger (categorical), and how much larger than the comparison (quantitative).",topic_5,1.0
275,"The variables examined were the heat map type, the locations of objects on the heat map, and the rating of the difference between the two objects. The first two variables listed are categorical because they refer to visual data that cannot be counted. The last variable is quantitative because you are answering based on a numeric scale.",topic_5,0.05314514377726607
276,It was probably testing how people used visual information like color and location on the grid to show which two things are bigger and base it on a number value.,topic_5,1.4811178963048926e-308
277,There was a categorical variable in form of determining which area represented a larger number as well as a quantitative variable when I had to estimate the difference of two areas represented by a number.,topic_5,0.43633540983078484
278,The variables that were examined were which letter was higher in value and how much less the second letter was compared to the first. The first is categorical and the second is quantitative.,topic_5,1.0
279,"*

Independent variable: How the heat map was presented or how the values were spread across the grid 

*

Dependent variable: Whether the participant picked the right letter",topic_5,0.05343866453913207
280,"If people can correctly identify which value is larger; categorical

If people can correctly estimate the difference between two values; quantitative",topic_5,0.05964634051061601
281,"color (darker or lighter)- categorical 

depth (categorical)- higher or lower 

slider (quantitative)",topic_5,0.03590806748067329
282,"One variable was whether or not the participant had access to the 3D-printed charts. This is a categorical variable because it’s a yes or no question. Another variable could be how accurate the participants were in answering questions about the data — this would be a quantitative variable because it deals with numbers, like how many answers they got right. They might have also looked at how long it took people to answer questions, which is also quantitative, since it's measured in time. There could be other categorical variables too, like whether the person was a student or not, or what kind of device they used.",topic_5,0.051947520404665576
283,"Color Intensity (shade on the heat map): Quantitative (represents a numeric value).

Letter Label (e.g., ""R"" or ""r""): Categorical (identifies a specific position/value).

Relative Position on the Grid: Categorical (row/column location).

Estimated Smaller Value (slider response): Quantitative (numeric scale from 0-100).",topic_5,0.05343941714763015
284,"Independent variable would be each student that participated which would a quantitative variable based on how many actually participate. Categorical variable would be ""which answer did they choose for each question"".",topic_5,2.687116803712695e-308
285,"There were two variables with were the factor 1 and 2. These were the axis variables and main area of interests which was represented by color that define the heat map grid. The variables are quantative because they are based on numbers, for example the higher or lower the number the warmer or colder it would be.",topic_5,0.05312123069910718
286,the variables that were examined were which was the larger value and since it wasn't numbers and only letters that is categorical and then the second variable was how much smaller is the smaller variable and that would be quantitative because that was when we were given numbers.,topic_5,1.0
287,"* Graph type, categorical (3D or flat)

* Which of the two quantities was larger, categorical

* Approximate difference between the two quantities, quantitative",topic_5,0.06064423207708594
288,"The variables examined are as follows: 

1. Current enrollment in a statistics class: categorical 

2. Male or Female: Categorical

3. Access to 3-D models: categorical 

4. Type of test (2-D v 3-D): categorical 

5. Which coordinate was chosen as higher or lower in temperature: categorical 

6. The number of accurate choices: Quantitative",topic_5,0.03805440228352879
289,"The type of Chart: 2D or 3D, Categorial.

Accuracy of reading: quantitative.",topic_5,0.04039924990624328
290,"A couple of variables that were examined could have been either 2-D or 3-D, the score or accuracy, and the amount of time taken to preform the experiment. 2-D or 3-D is categorical because it places the two into different groups. Score or accuracy is quantitative because it is a numerical measurement showing how well you preformed. Lastly, the amount of time it took is quantitative because it is a numerical value representing duration.",topic_5,0.03903140536858474
291,"color: categorical

height: quantitative",topic_5,1.991898346386345e-308
292,"Variables:

* if the respondent identified the greater of 2 choices correctly (categorical)

* how close the respondent was to the correct valuation (quantitative)",topic_5,0.04909608144170909
293,The variables being designed were size/color (categorical) and units of value (quantitative).,topic_5,0.04979949757397993
294,"Response variable- how accurate the reading of the graph is 

Explanatory variable- The type of graph used

Both are quantitive",topic_5,0.01934367140400145
295,One variable that was examined was the difference in size of the graph bars which is quantitative. Another variable that is examined is how close to the right answer the test taker is which would categorical.,topic_5,0.04855170743963769
296,"whether or not student got it right is categorical

the amount of student that changed their answers for the same questions is quantitative",topic_5,2.0497216183794584e-308
297,"Which one was smaller, categorical

Which one was larger by what amount, quantitative",topic_5,0.1076973511736468
298,"Age: Quantitive 

Favorite zoo animal: Categorial",topic_5,0.04167354748046524
299,"The first variable is deciding which graph is smaller and this is categorical because we are choosing between two options. The second variable is deciding how much smaller the smaller bar on the graph is, which is quantitative because we are determining an amount.",topic_5,2.7447355631343334e-308
300,One variable was the type of graph presented (categorical) and the other was people’s perception of the graph (categorical).,topic_5,2.031911712194766e-308
301,I think it was categorical whether the participant identified the correct smaller bar and then quantitative how close the slider was to the actual size of the bar.,topic_5,1.0
302,"Independent: chart type (categorical)

Dependent: accuracy of ratio judgment (quantitative)",topic_5,0.01747562706634572
303,"The variables were which graph was smaller and how much smaller the bar is compared to the larger one. 

Deciding which graph is smaller is categorical.

How much smaller the bar is, would be quantitative.",topic_5,2.6927547888031956e-308
304,"One variable is how many graphics a student was able to successfully perceive - this variable is qualitative.

Another variable is how well students were able to read information from charts and how far off they were from the actual measurement- this variable is also qualitative.",topic_5,0.058749403888121214
305,"color- categorical

dimension-categorical

size-quantitative

understanding-categorical",topic_5,1.8837773969137256e-308
306,"the variables were:

which bar was perceived as smaller: categorical 

how much smaller the bar was to the taller one: quantitative",topic_5,1.0
307,The variables that were examined were if either the triangle or circle bars were smaller (categorical) and then determining how small said bar was in comparison to the other (quantitative).,topic_5,4.1597797743560874e-308
308,The variable examined were weather the graph was 2D or 3D which is categorical.,topic_5,0.042005431475217195
309,"The variables that were examined were what type of chart, 2D or 3D, and this was categorical. The also examined the variable of how accurately the participant was able to compare the difference in data. This was quantitative.",topic_5,0.04541381010602848
310,"* which bar was smaller (categorical)

* by how much smaller was the bar compared to the larger one (quantitative)",topic_5,5.252013326123834e-308
311,"Age range - Quantitive

Gender - Categorical

Accuracy of estimating size ratios - Quantitive",topic_5,0.05300303359435065
312,shape which is categorical and length of difference which is quantitative,topic_5,0.05845328661393195
313,"Which circle is bigger - categorical

How much bigger is the larger graph from the other - quantitative",topic_5,0.08728179085206719
314,"If the correct bar was identified as shorter - categorical

The difference in size for the two bars - quantitative",topic_5,4.861919359176125e-308
315,"Which bar is bigger triangle or circle, categorical

How much smaller is the bar than the other bar, quantitative",topic_5,0.07672951802836896
316,Variables would be if the graph is smaller or larger- categorical,topic_5,0.03776855068269646
317,"Explanatory variable: is the difference between 2D and 3D graph types, this is categorical. 

Response variable: Which graph type has more accurate results/responses, this is quantitative.",topic_5,1.894164862178156e-308
318,The variables were which was taller and that was categorical and where you slide the bar and that was quantitative.,topic_5,1.0
319,"What were the two bars: Categorical 

How much bigger and smaller the bar is: Quantitative",topic_5,0.09823853804401307
320,The variables examined were proportional size and visual representation. Proportional size is quantitative and visual representation is categorical.,topic_5,0.05863252179535605
321,Which bar was smaller- categorical. Proportion of how much smaller the bar was to the larger bar-quantitative.,topic_5,5.362381414691004e-308
322,"size - categorical

amount of size difference - quantitative",topic_5,0.11108946343163012
323,"2d or 3d height categorical

about how much smaller each bar was, quantatative",topic_5,3.7012911761776457e-308
324,"3D or 2D printed - categorical

answers given - quantitative",topic_5,0.03056634136669035
325,Categorical,topic_5,1.7003676153937006e-308
326,which bar was larger which is categorical and how much smaller the smaller bar was which is quantitative,topic_5,6.087298401794974e-308
327,"Accuracy: quantitative 

weather they chose a square or triangle: categorical

How fast they took to take the survey: quantitative",topic_5,0.04122228438586747
328,"Variable 1: The smaller chart - categorical.

Variable 2: How much smaller one chart is compared to another - quantitative.",topic_5,2.847922644488064e-308
329,"Which bar graph was smaller (categorical)

How much smaller or larger the graph was to the bigger graph (categorical)",topic_5,0.09362896608354933
330,"the variables examined were: 

* the 2-D graphs: catagorical 

* the 3-D graphs catagorical 

* wether the partipants chose the correct answer (circle or triangle was bigger) catagorical",topic_5,0.0554423007038192
331,"The variables examined were:

* Number of close friends (quantitative).

* Gender  (categorical).",topic_5,3.520195275271276e-308
332,"2D, 3D and 3D printed. Determining the size. These would be quantitative because it would be a numerical value.",topic_5,0.03291585476925445
333,"2D or 3D bar graph - categorical

Color of graph- categorical

Position of graph - categorical 

Size of graph - categorical",topic_5,2.1225128638403065e-308
334,Types of graphs used. Categorical,topic_5,0.024781735891075417
335,The variables were quantitative because we had to gauge how much taller or shorter one of the bars was.,topic_5,0.6549627684843953
336,"Some variables in this experiment may include the quantitative variables of graphs that are interpreted correct or incorrect,  and how long it took each participant in the experiment to interpret the graphs and fill out thee experiment. 

The categorical variables include, how the information was presented and in what type of statistical graph, if the participant is in stats 218 or not or has any prior knowledge, and the age of the participants.",topic_5,0.03870193336038983
337,The percentage that one bar is of the another bar. It is quantitative.,topic_5,0.07653944731926521
338,"*

Understanding of Statistical Concepts: Quantitative – Measured through scores on assessment questions focused on concepts like significance, confidence intervals, and effect sizes after interacting with 3D models.

*

Improvement in Interpretation Skills: Quantitative – This could involve comparing pre- and post-experiment scores to see if the 3D models improved students' ability to interpret data.

*

Chart Type (2D vs. 3D Printed): Categorical – This variable examines whether participants using 3D-printed charts are more accurate in interpreting statistical data compared to those using traditional 2D charts, assessing the effectiveness of each chart type.

*

Ease of Interpretation (Self-Reported): Categorical – Participants might rate how easy or difficult they found the 3D models to understand, giving insight into perceived clarity.",topic_5,0.043650776177571696
339,Type of picture is categorical. The size selected was quantitative.,topic_5,0.05494713601851339
340,"The first variable is categorical and it would be whether or not the student was able to identify the smaller bar or not. This would be a correct or incorrect or yes/no variable. 

The second variable is quantitative and would be a numerical value of how far off the student was from the correct difference in size, measured in units, between the two objects.",topic_5,0.1066105209308492
341,"The explanatory variable for this experiment would be the dimension the rectangles were in, which is categorical. While the response variable would be the height of the second block, which would be quantitative.",topic_5,0.07597807508120676
342,"Whether the student answered the question correctly (categorical), or the proportion of correct answers (quantitative), whether the model was 3D or 2D (categorical).",topic_5,0.04213169931560711
343,"stats 218 students: categorical 

how many answered the question correctly: quantitative.",topic_5,0.033707516823755224
344,"From my memory, I believe the variables were what graph was proposed (how the data was presented) which would be categorical. The other variable would be what we determined the proportion of a specific block's height was compared to another block. This would be quantitative",topic_5,0.08366512694255294
345,"the number for the graph- quantitative 

whether the graph was smaller or larger- categorical",topic_5,2.2256337988722374e-308
346,The variables examined were the independent and dependent variable and it was quantitative.,topic_5,4.123944893762342e-308
347,"People: categorical

bar graphs: categorical",topic_5,0.03896687091593091
348,Percent of blocks being represented. It is a quantitative variable because it contains numbers.,topic_5,2.0848841950756825e-308
349,"Explanatory variable: Whether the blocks were 3D or 2D: Categorial 

Response variable: Size of the non-control block recorded: Quantitative",topic_5,0.06374948710390423
350,amount of time the test subject allocated for assignments. assignments are quantitative. Test subjects are categorical.,topic_5,0.08885927463459349
351,The variable observed was the height of one column compared to another and was quantitative.,topic_5,1.0
352,"Interpretation Accuracy:

Type: Quantitative

Description: A measure of how accurately participants interpreted the data in each graphic, likely represented by a score based on correct answers.

Interpretation Time:

Type: Quantitative

Description: The time it took each participant to interpret and answer questions about each chart, likely measured in seconds.

Confidence Level:

Type: Quantitative (if measured on a numerical scale) or Categorical (if measured by discrete levels like ""Low,"" ""Medium,"" ""High"")

Description: Participants’ self-reported confidence in their answers to questions about the charts.

Participant Background Knowledge:

Type: Categorical

Description: Experience level in statistics or familiarity with data visualization, potentially categorized as ""Novice,"" ""Intermediate,"" and ""Expert.""

Device Type:

Type: Categorical

Description: The device used by participants to complete the survey, such as ""Computer,"" ""Tablet,"" or ""Phone.""

Demographic Information (e.g., Age, Gender):

Type: Age – Quantitative; Gender – Categorical

Description: Basic demographic details that might be collected to see if they correlate with interpretation skills (e.g., age measured in years, gender categories).",topic_5,0.04244028024410155
353,"Height of Larger Bar
Quantitative: This is a reference height, fixed at some value (e.g., 100 units) since the participant makes comparative judgments.
Predicted Height of the Smaller
Bar (Quantitative): Participant's estimate of height of the smaller bar, usually asked with slider or input field.",topic_5,0.0961222395078285
354,"Which bar is smaller compared to the two picked out? categorical 

What is the height of the smaller bar graph out of 100? quantitative",topic_5,0.110186771904271
355,"Graph values and trends; Categorical

Interpretation Accuracy; Quantitative",topic_5,2.0995675438571847e-308
356,"Independent Variable:

The type of model (2D rectangle or 3D rectangular prism) – categorical.

Dependent Variables:

Perceived height of the shorter model in comparison to the taller model set at 100 – quantitative.

Error margin in estimation (difference between actual and estimated height) – quantitative.

Shape complexity (2D or 3D) – categorical.",topic_5,0.05834333898426573
357,The measured variable was the different strips that had the shapes on them and we had to find out which ones were bigger. I believe it was quantitative because it was measuring size and numbers.,topic_5,0.13829304105415755
358,"One variable that was examined was how the data was read, either online or the physical data. This variable is categorical. Another variable was the percent each subject estimated of the smallest bar compared to the largest bar. This variable is quantitative.",topic_5,0.11820715624023122
359,"Which bar its larger - categorical

 the ratio between the two graphs - quantitative",topic_5,0.09417828614456436
360,"gender of participant - categorical

difference length of bars - quantitative

age of participant - quantitative

whether a chart is 2D or 3D - categorical",topic_5,0.04445079803903685
361,"The type of graph being used to compare the accuracy between the different chart was categorical. 

The participants being used to guess the shapes measurement was quantitative.",topic_5,1.5373047163018578e-308
362,"Type of Model- Categorial 

Time Taken- Quantitative",topic_5,0.027159612749423762
363,"3D graph or 2D graph- categorical 

Ratio of the smaller bar to the larger bar- quantitative 

which bar is smaller- categorical",topic_5,0.028025341388155774
364,Since I do not know the full experiment I would guess that the participants were the independent variables because we were manipulated and the dependent variables would be quantitative because of how many questions we could answer correctly and accurately.,topic_5,2.8996589182452086e-308
365,The values examined were what people said the correct number on the graph was which was categorical,topic_5,0.03980085156890206
366,"Height of the graph: Quantitative 

Which one is smaller: Quantitative",topic_5,0.08349861967482372
367,quantitative: the amount of difference between the correct answer and participant response,topic_5,2.0669588480460363e-308
368,"Height of bars - quantitative

Difference in height of bars - quantitative",topic_5,3.9178933021306215e-308
369,"The variables that were examined was the background information asked in the beginning such as age, race, and sex. These variables would be categorical.",topic_5,3.302391251119888e-308
370,"The estimated height of the bar is quantitative, if the bar is shorter or taller is categorical, it also asks for a couple characteristics at the beginning of the participant which would be categorical.",topic_5,0.16035639494659612
371,The size estimations can be quantitative when given in numerical form. Deciding which is larger Aor B is categorical. Also for students in person the figures that are 3D printed compared to the figures shown on screen are categorical,topic_5,0.05980671991504019
372,The variables that were examined were which line was smaller which is a categorical variable and the size of the smaller line in comparison to the larger line which is a quantitative variable.,topic_5,0.11003429279438316
373,A variable I saw examined a lot was the angle at which the graphs were shown. This is a categorical variable.,topic_5,0.04666295967412682
374,One variable in this experiment was how close the participants were able to get to the accurate height of the bar. This is quantitative. The other variable in this experiment was whether the bars were next to each other or separated by other bars. This is categorical.,topic_5,0.2567366749648612
375,"To provide an accurate response, I need the specific context or details about the study or data set you are referring to. Please provide more information about the variables in question.",topic_5,4.0498265906867227e-308
376,"Shape of Bars - categorical

size of Bars - quantitative",topic_5,4.4158074226897617e-308
377,"some variables for the test was either having an interactive graph or if it was a just a picture, and that variable is categorical. another one was the ages which is also categorical. one last one would have been whether the two options to pick were right next tot eachother or if they were apart from eachother which is quantitive.",topic_5,2.7642426371935266e-308
378,We examined which shape was smaller (categorical) and what the ratio of the shapes were compared to each other (quantitative),topic_5,0.059298248823346916
379,"accuracy of estimate: quantitative

online or in person class: categorical",topic_5,0.06635107307642918
380,"Weather a bar was the smallest categoeial, and how small.it was quantitative",topic_5,0.10349826608698424
381,"Some variables examined were the circle and triangle and which was taller =categorical, another was by how much smaller was the bar compared to the other=quantitative.",topic_5,4.3476040606660985e-308
382,The variables that were examined in this experiment were shape and percentage associated with each bar graph. The shape of the graphs is categorial and the percentage was quantitative.,topic_5,1.475594967817179e-308
383,"Quantitative: how tall the bar was in comparison to the taller one

Categorical: Circle bar and triangle bar",topic_5,0.0739468624806998
384,"The variable of the students in STAT 218 would be quantitative.

The variable of bar graphs being measured would be quantitative.",topic_5,0.12041870739636046
385,"Favorite zoo animal - Categorical

Gender - Categorical

Age - quantitative",topic_5,0.046487441322369136
386,"which bar is smaller-categorical

the proportion of the two bars- quantitative",topic_5,4.616812200925147e-308
387,"The variables were if the bars were next to each other or separated, which is categorical and how close the guesses are, which is quantitative.",topic_5,0.1957750288213487
388,"Which bar was shorter- categorical (circle or triangle) 

Then how high/low do we think the bar was in comparison to the other- quantitative",topic_5,0.06775005377214474
389,"quantitative by height

categorial by circle or triangle",topic_5,0.06257763377709605
390,how students read the graphs and estimate how big the graphs are. The estimation I quantitative.,topic_5,0.051316881044877166
391,"The variables examined in the experiment were, 

Whether or not the subject correctly identified which structure was smaller - categorial.

How close the subject was to the correct answer of height of the structure - quantitative",topic_5,0.06736130856457387
392,Circle or triangle,topic_5,0.08496912812937946
393,"the circle bar - categorical

the triangle bar - categorical",topic_5,0.08150108053272762
394,"Age and performance scores are examples of quantitative variables because they can be measured on a numerical scale, while gender and treatment type are categorical variables because they involve distinct categories or groups",topic_5,0.04026665427836457
395,Percentages of bar graphs - quantitative and which bar was larger or smaller - categorical.,topic_5,0.10391919840832228
396,"block length - quantitive, color of blocks - categorical, perspective of the block (3D or not) - categorical.",topic_5,0.046931329124297316
397,"Students - categorical

Graphs (longer/shorter; triangle/circle) - categorical",topic_5,0.04471776362697682
398,"The height of the bar graph - it would be quantitative 

The participant guesses - would be quantitative variable 

The graphical presentation - would be categorical variable 

The participants characteristics - categorical (speaking of age, gender, education level)",topic_5,0.051122500461480584
399,"height of the column- quantitative 

which was taller- categorical",topic_5,0.07626436240922072
400,The variables were whether or not a person could accurately say how much smaller a bar was. It was qualitative,topic_5,1.0
401,I remember comparing height of columns by using percentages: quantitative data.,topic_5,0.10007388821910274
402,"Variables examined were:

The height of the triangle line (quantitative)

The height of the circle line (quantitative)

If something was taller or shorter (categorical)",topic_5,4.715839203369618e-308
403,"The variables examined was which bar was taller (categorical), the circle or the triangle, and if the taller one is 100 units, how tall is the shorter bar (quantitative).",topic_5,5.094959218527307e-308
404,-Which bar graphs were greater - categorical,topic_5,0.08861174162646675
405,"The variables that were examined were sets of data with two different letters given. In our case, those were the two sets of data for our experiment that we answered questions about. and they were quantitative because they changed over the course of the experiment.",topic_5,0.11240950981874216
406,"percent of correct estimations - quantitative

which 3-D print models were used - categorical",topic_5,0.030358268432322408
407,One variable could be the correct or incorrect answer ratio. This would be quantitative. A categorical variable would be the accuracy based on gender. A quantitative variable would be the percentage of accuracy between having the online models and the physical models.,topic_5,0.051185414689759436
408,"2D models vs. 3D models - categorical variable

The accuracy of the guess - quantitative",topic_5,0.03074504205321437
409,I do not remember.,topic_5,0.0630703284140274
410,"Correct vs. Incorrect 

=> categorical 

the height of the assigned bar in the sample => quantitative.",topic_5,0.07014543202474936
411,"how close the guess was to actual answer(quantitative)

correctly identifying smaller bar(categorical)",topic_5,0.07749719999743017
412,"the variables examined was triangle or circle. explanatory

also, the height difference between the two variables. response",topic_5,3.905482233561526e-308
413,"Larger and Smaller bar: categorical

Height of smaller bar: quantitative",topic_5,3.834555055381808e-308
414,there where two options circle or triangle,topic_5,0.08347331775866484
415,Size of bar-quantitive.,topic_5,3.9421825921310205e-308
416,"The students ability to get close, quantitative.",topic_5,0.04291259809620443
417,"Size: Quantitative

Color: Categorical

Shape: Categorical",topic_5,1.940178259261785e-308
418,"The person's guess which is a number, so quantitative. What the actual different is also quantitative. The comparison between the two, also quantitative.",topic_5,3.017311293400214e-308
419,"Accuracy (quantitative)

Which bar is smaller (categorical)",topic_5,0.07955046333044337
420,Whether the circle or triangle section of the graph was taller was categorical and the height of the smaller graph was quantitative.,topic_5,0.08581879844455367
421,The two variables examined were which bar is smaller and what the size of the smaller would be if the larger was 100. Determining the smaller is categorical and determining the size in comparison to the larger is quantitative.,topic_5,1.0
422,"Triangle or Circle (which one is smaller) - categorical

Number chosen relative to 100 - Quantitative",topic_5,0.08909368957789694
423,"The height of bars - quantitative

which bar was smaller - categorical",topic_5,3.8682976735749397e-308
424,"Which graph was higher, Triangle or circle, categorical

Which graph was taller or shorter by how many meters, quantative.",topic_5,0.07948690063324049
425,"Variables being examined were the different bar graph models, categorical.",topic_5,0.042674434751327824
426,"the bar graphs - quantitative

participants - categorical",topic_5,0.03873992621916629
427,"how people see things differently 

quantitative",topic_5,3.1032371134729157e-308
428,"What set of blocks we chose, categorical.",topic_5,0.04647308243407039
429,The students or the people who were doing the experiments it was quantitative because they had to the measurement of how long it us to submit the answer.,topic_5,0.1230179996922483
430,"Stats 218 students - categorical

Whether or not the student can get the height of the bar right - categorical",topic_5,0.03226180481131293
431,"Quantitative- Triangle or Circle

Categorical- Difference in Units (0-100)",topic_5,0.07599110600843549
432,How diffeent people interpret different graphs whether its 2d or 3d or real.,topic_5,0.028526084037992276
433,How accurate the student was in finding the differences between heights. I would say its quantitative as were pulling numerical values.,topic_5,0.05730966615365338
434,The variable was categorical and students ability of observe graphs.,topic_5,0.03778075931627692
435,This was quantitative because we were asked to report a percentage.,topic_5,0.031646052403467406
436,The percentage difference between blocks- qualitative,topic_5,2.0789801004692425e-308
437,Percentages and height. These are quantitative since they measure in percentages and numbers.,topic_5,0.07096883616080167
438,The variables that were examined were the height of the bar graph in percentage which would be quantitative.,topic_5,0.17202336484243294
439,"Quantitative: how tall the bar graphs were

Categorical: different bar graphs (digital/physical), 5 different types of bar graphs, triangle vs circle",topic_5,2.254004377550239e-308
440,"Triangles versus circles

categorical.",topic_5,0.08435810357172782
441,"One variable was the type of graph we were looking at which in that case would be categorical, another would be how much each student thought each bar was, which would be a quantitative variable.",topic_5,2.4111189761282155e-308
442,"The variables that were examined were which bar a study participant claimed was smaller, which was categorical, as well as the degree to which they claimed it was smaller, which was quantitative.",topic_5,1.0
443,"The information of a person could get would influence his feeling.

Categorical",topic_5,1.661205791469521e-308
444,The variables were examined were our participation (Categorical) and our responses (Quantitative).,topic_5,3.256078659123721e-308
445,"the variables that were examined were the models which were 2D, 3D, and real life ones. I would say it was quantitative since we had to estimate the size and say how small we thought it was.",topic_5,0.1279282689311885
446,"Type of graph - categorical

Accuracy of response (regarding height differences) - quantitative",topic_5,0.04676970691043963
447,"What type of graph was shown, which is categorical.

How much smaller the smaller data point is, which is quantitative.",topic_5,0.05746882861328126
448,"Ratio Comparisons:  Involves the ratio of heights between the bars in the bar charts which is quantitative. 

Graph Type: Specific characteristics of the bar charts including whether they were adjacent or separated, and whether they were presented in 2D or 3D formats which is categorical.

Type of Data Visualization: Type of graph used to represent the data. It includes three categories: 2D graphs, 3D digital graphs projected in 2D environments, and 3D printed bar graphs. This is categorical.",topic_5,1.432813206892243e-308
449,Estimated difference in tower hits on blocks. Quantitative.,topic_5,0.03274173241153625
450,"Height of objects- quantitative.

Accuracy- (right/wrong) categorical.",topic_5,0.0631119168286881
451,One variable that was examined was the percentage that the student thought was the height of the bar. This is a quantitative variable.,topic_5,0.27565533303431256
452,"The variables were us, the graphs and the website we used. These would be both quantitative and categorical.",topic_5,2.0758342796154996e-308
453,"Types of graphs (categorical), height perception (categorical), order of presentation (categorical)",topic_5,0.027704658236459012
454,"Size of culoms, quantitative",topic_5,0.041490895561141834
455,"Experimental, quantitative: block size

Response, quantitative: block value",topic_5,2.009796273168666e-308
456,It was mostly quantitative because it measured which bar length was longer and by how much. I suppose a categorical would be short very long.,topic_5,0.29452480368056355
457,"As I recall, we may have been asked to determine which bar was smaller (categorical) and also, assuming the larger bar was 100, what value the smaller bar would be (quantitative).",topic_5,0.12281142169862876
458,"Response variable, quantitative",topic_5,0.06648295839836807
459,"Height, color, size, and shape were all variables that were examined. I would say it was both variables, since it was asking for a number for height, otherwise this would be categorical.",topic_5,0.04915064405708411
460,Weight in comparison to another height. Color. Which bar was taller.,topic_5,3.976390965204104e-308
461,"Categorical Variables: The different types of charts (2D, 3D digital, 3D models)

Quantitative Variables: The number of participants and the specific value each participant put on each of the charts.",topic_5,0.048198777389456535
462,"It asked about our sex and that would be categorical, the score on the test and it is quantitative",topic_5,3.292751133558561e-308
463,Categorically how people visualize the graph heights.,topic_5,0.026995372320778407
464,"It was categorical since there were spits in the data, also the variables were seeing if the blocks were squares or triangles, and what that person picked.",topic_5,0.06359307148517372
465,"How close students could estimate the comparative heights of physical bar graphs. Quantitative. 

How close students could estimate the comparative heights of digital depictions of bar graphs. Quantitative.",topic_5,1.3843295230677513e-308
466,"categorical, because there was a correct answer out of the given options.",topic_5,1.709899218308304e-308
467,"categorical variable is the type of way the graph was presented: 

* 3d printed (4d?)

* 3d image that can be moved around

* 3d image

* 2d image

quantitative variable is the height estimation of graph bars compaired with other graph bars:

numerical values from 0.0- 100.0.",topic_5,2.133987720596641e-308
468,"Stat 218 students (quantitative) 

How well students could read a graph (quantitative)",topic_5,0.05102925893781185
469,The variables examined were quantitative.,topic_5,4.022085015421697e-308
470,Quantitative,topic_5,3.1945839201113124e-308
471,How well someone could estimate a value. Quantitative,topic_5,0.06402158664344959
472,"The explanatory variable was the person doing the experiment. The results changed every time a new person was doing it.

 The response variable was the color of the shape picked. The color picked was impacted by the person conducting the experiment.",topic_5,0.08254358740837238
473,"age - quantitative 

gender - categorical",topic_5,0.050815306147509405
474,The variable examined was the height between 2 bars on different graphs. The variable was quantitative.,topic_5,0.1882309414631849
475,How we responded to the prompts is one of the variables and it is categorical,topic_5,0.07258918984154378
476,"Can someone accurately match the real proportion? Categorical. The degree of difference in their response to the true number, quantitative.",topic_5,0.04644951334882709
477,"Number of correct answers - quantitative 

Visual or physical - categorical",topic_5,2.0102593817818863e-308
478,"The variables examined in this experiment were nominal variables which have no rank. The participants were choosing between a triangle or circle, both being categorical variables.",topic_5,3.8136932233229997e-308
479,"Dependent variable : accuracy of reading 

Independent: Changing graphs from virtual reading to actual reading from figures.",topic_5,2.0501380197274396e-308
480,"There was color, categorical.",topic_5,1.790892573252261e-308
481,"1) Distance between objects - quantitative

2) Task complexity - categorical",topic_5,0.0601300635246711
482,The variables were categorical,topic_5,0.06478045223081125
483,"the range of accuracy, how close students guesses got to the actual numerical value of the bar graph, quantitative",topic_5,0.0453564780260674
484,"The variables examined are the materials used (digital graph on computer vs. physical model) which is categorical, and the accuracy of the participants guesses (quantitative).",topic_5,0.04615628378749762
485,"heights of the blocks - quantitative 

if the circle or triangle was taller - categorical",topic_5,0.03960218886894187
486,"The variables that were being examinated were quantitative and random assigment. For quantitative the participant had to chose which amount bettwen 0-100 units they thought one of the bars was and submit it. In the case of random assigment, I noticed they were multiple bags for different kits so I guess the random assigment of the bags and selection of the bars was present and examinated in the experiment.",topic_5,0.1721668043652002
487,The variables examined were which bar was higher (categorical) and what was the estimated value of that bar compared to another (quantitative).,topic_5,1.0
488,whether you could get it or not so categorical,topic_5,1.6791936755518846e-308
489,"The variables that were examined are determine which shape was taller, this is categorical. Then it asked to estimate how small the smaller graph was if the taller one was 100 units. this is a quantitative variable.",topic_5,0.0389349056580659
490,"Type of bar chart used (2D or 3D) - categorical

What the individual perceived the data to be - quantitative",topic_5,0.042311428833467335
491,"Independent: type of chart and color of the bars (quantitative)

 

Dependent: participant accuracy and response time (quantitative)",topic_5,0.01817777186620916
492,"The length of the bars, this variable would be quantitative. Which bar the people chose to longer or shorter, this variable would be categorial because they are observing it, but when it asked you to say how much bigger or smaller one bar was from another, that part would be quantitative.",topic_5,0.23280896368870638
493,"The variables examined is if people better estimate the values of graphs, which is quantitative as we estimated with numbers.",topic_5,2.0848455536841194e-308
494,"Accuracy scores (quantitative)

Age of students (quantitative)",topic_5,1.9840659445612024e-308
495,"Size comparison - categorical

Difference in percentage - quantitative",topic_5,0.1030358012785287
496,"2d : quantitative

3d: quantitative",topic_5,0.03239874694733175
497,"How close the person was able to get to the correct number of the bar (quantitative) 

Which bar is higher? triangle or circle (categorical)",topic_5,0.0779499048886908
498,The variable is the different bar graphs; categorical.,topic_5,0.04077421359902409
499,"Age: quantitative

Major: categorical

Accuracy of height-guessing: quantitative",topic_5,0.05090079283976603
500,Yes or No --> categorical,topic_5,1.7082565904756827e-308
501,"Which of the 21 kits each person gets would be a quantitative variable.

Whether each person chooses triangle or circle on each chart would be a categorical variable. 

A potential confounding variable would be whether or not each participant got a good nights rest the evening prior to taking the experiment.",topic_5,0.06376545975097692
502,"size of objects: quantitative

perceived size: quantitative",topic_5,0.06307821354375988
503,"Physical or digital, categorical. Difference between 2 graphs, quantitative.",topic_5,0.05793024887824808
504,"Which was smaller?

* categorical

Deciphering by how much the tower was smaller?

- quantitative",topic_5,0.08597428149444135
505,"specific model kits, in person vs online, these categorical 

results of counting - quantitative",topic_5,0.06519176268547801
506,One of the variables was male or female (categorial) the other was age (19 or older: categorial) and another variable was the value of a certain bar on the graph (quantitative),topic_5,0.04919240853168535
507,The accuracy of what we guessed on the visuals. This is a quantitative variable.,topic_5,0.02541860700339322
508,"The variables examined are the sizes in bar graphs along with the comparison to one another. The variable was categorical to start as you would determine which is smaller or larger, then based off that you would determine by how much the smaller graph differed from the larger one which would be quantitative.",topic_5,2.4896003319996496e-308
509,"Visualization medium: represents the type of chart used for data visualization (2D, 3D digital, or 3D printed) categorical.

Perceived ratio judgments: The participants' judgments of the ratio between two bars in the chart. Quantitative

Bar chart layout: The layout of the bar charts, including the positioning of bars and the grouping of data. Categorical

Ratio comparison: The specific ratio values used for comparing bar heights in the charts. Quantitative

Graph identification: The identification of specific bars within the charts for comparison is controlled to ensure consistency across participants. Categorical",topic_5,1.3800475576018204e-308
510,"Which bar students pick as higher -categorical

How tall the smaller bar is compared to the larger bar -quantitative",topic_5,0.06928835018730824
511,"categorial - the blocks, the height of the blocks",topic_5,0.0360404982720828
512,Rayshader and graphs are categorical variables.,topic_5,0.028445784613093623
513,"Type of visual, categorical. The guess in the size of the bar, quantitative.",topic_5,0.02954172544039305
514,"The variables that were examined is whether the student can accurately guess the value of the bar - categorical

Also it could have been the numerical value of how far off the student guessed from the actual value - this would be quantitative",topic_5,0.19399242625060675
0,Circle and Triangle graph. Quantitative,topic_6,0.32150104336287294
1,Model size- quantitative color- categorical,topic_6,1.8998611907043944e-308
2,The height which was quantitative and the other variable was the shape on the model which is categorical.,topic_6,0.049647935727492445
3,"There were a few variables that were examined, one of them was being able to judge the size difference between the blocks which is quantitative. Another variable could possibly be genders which would be a categorical variable. Also, we are all college students which could be a categorical variable as well.",topic_6,0.03732231188548139
4,"One variable could’ve been gender (categorical)

another variable may be major (categorical)",topic_6,0.044790851425041994
5,"Each individual graph and what size they were, quantitative

The individual and their selection is a categorical observational unit",topic_6,1.8654789386006223e-308
6,"Number of blocks in a bag: quantitive

whether a student participated or not: caregorical",topic_6,2.5203529547866707e-308
7,"Size difference in the two bars, quantitative

Physical or online bar chart, categorical",topic_6,3.5001710120698527e-308
8,"-assigned either an adjacent graph or separated comparison graph (categorical)

-estimating ratios (quantitative)",topic_6,0.022725926026248098
9,"1. The response of statistic students to the 3D kits - Categorial 

2. Effectiveness of 3D printed charts to their 2D rendered parts - Quantitative",topic_6,0.0303602719949294
10,The first variable was which peak in the chart was the tallest between the two. This is categorical. The second variable was how big the difference between the two peaks are and this is quantitative.,topic_6,2.221023011759433e-308
11,"2D vs. 3D graphs; categorical 

A number out of 100; quantitative",topic_6,0.025235928822733414
12,"How close we were to guessing the percent compared to the other bar. This would be quantitative. Also guessing which bar was bigger, which was categorical.",topic_6,3.448683209248597e-308
13,"Interpreting 3D graph correctly- categorical

3D compared to 2D- categorical",topic_6,0.02495843008154999
14,The variables were the answers of the subjects on which bar as smaller. This can be a categorical variable,topic_6,4.982950812803315e-308
15,More accurate description - categorical,topic_6,1.6818546154068054e-308
16,"1) Type of graph (categorical)
2) Student observations (quantitative)
3) Student characteristics (categorical)",topic_6,0.03489070002265544
17,"the categorical variables were: type of chart (2D, 3D Digital, 3D printed), determining which bar was smaller, and whether it was adjacent or separated. 

the quantitative variable was the number we put (on the slider) on the difference between the smaller and larger bar",topic_6,0.04284033140799398
18,"The bar graphs, percentages were quantitative.",topic_6,0.0690842196912187
19,The variables that are examined are the blocks and the numbers which are all categorical.,topic_6,0.06155301523970646
20,"The study was a little bit ago so I am going to do my best to remember, but we were asked to compare 2 variables in a bar graph and compare their hights based off how much of a percentage they were bigger or smaller than the other. They were quantitative variables.",topic_6,0.05247314117212586
21,The explanatory variable could have been color of graph (categorical) and the response could have been accuracy of estimation of values (categorical).,topic_6,1.552001369219831e-308
22,"Height: categorical 

color: categorical",topic_6,1.8697271494444224e-308
23,"Variables that were examined were 2D chart v.s 3D chart, that would be categorical. And how big/small was letter A to letter B for a 2D and 3D chart, that would be quantitative.",topic_6,0.02721341922052078
24,"Variables that were examined include whether 3D digital, 2D digital, or 3D physical models are easier to understand/are better, which would be categorical and how close people are to estimating the correct lengths of the bars, which would be quantitative.",topic_6,0.028644874398379334
25,"2D and 3D shape designs  - categorical 

Perceived height compared to actual taller or shorter - categorical 

Peoples ratio of judged heights - categorical (numerical)",topic_6,0.05321267979407279
26,"One variable examined is the ratio between different bars on a bar graph. This variable is quantitative because the ratios are number values. Another variable is the chart type. This variable is categorical because the three types of graphs are 2D graphs, 3D digital graphs, and 3D printed graphs.",topic_6,0.037878343293014184
27,"Correct bar chosen, categorical 

Ration of the bar, quantitative",topic_6,2.9613232632136783e-308
28,Did the student guess correctly? Categorical,topic_6,0.02858806469945994
29,"Variables examined: Age, specific school (university), class, grades

 Age: Quantitative

Specific School (university): Categorical

Class: Categorical

Grades: Categorical",topic_6,2.0901581486771736e-308
30,"The student's perception of height analysis - categorical

Height of the building - quantitative",topic_6,0.0678337785989726
31,"Explanatory: Which block is larger (quantitative)

Response: Student estimate (quantitative)",topic_6,2.427442045468882e-308
32,The variables examined were the shape things we were given and it is categorical.,topic_6,0.03378872282495071
33,the percentage of size one bar is compared to another -- quantitative,topic_6,3.183282070448267e-308
34,"Whether or not the student chose the correct answer- categorical

the percent that the students guessed- quantitative",topic_6,1.58855689694227e-308
35,"2D or 3D = categorical

Correct value or Incorrect value = quantitative",topic_6,0.0262770189169562
36,"What percentage of a bar compared to another in the physical/digital graphs - Quantitative

Whether the graph/bar is physical/digital - categorical.",topic_6,0.08096693549119807
37,"The variables examined are categorical, as we are testing understanding of graphs, which is kind of a yes or no question, you either understand or you didn't. A variable that could have been examined by this is if more students guessed values correctly on the 3D graph or the online 2D graphs.",topic_6,0.03937031878446129
38,accuracy of data to graph and it would be quantitative because it is a numerical response,topic_6,0.034429996597703474
39,"Whether the person said the point on the block was taller or shorter: Categorical

The height the person said the point on the block was: Quantitative",topic_6,3.2032398497202706e-308
40,the difference between shapes and it was quantitative,topic_6,0.08009746530431307
41,* heights of blocks: quantitive,topic_6,2.5502558994145544e-308
42,I think the variable is if they guess the right block and thats categorical.,topic_6,0.06382428469143067
43,"Students answer- quantitative

how accurate their answer was- quantitative",topic_6,1.551064488343472e-308
44,"Graphs and percentages were given to the students, but finding if they choose the correct percentage is categorical.",topic_6,1.588293386799197e-308
45,"The variable examined was the different column sizes of 3D blocks. This would make it categorical.

(*I did the online version due to a COVID diagnosis so I'm not sure if things were different in-person.*)",topic_6,0.06765725733796413
46,whether or not the comparison of triangle and circle was correct-categorical,topic_6,0.3768462240833857
47,One quantitative variable is the percentage/amount of difference in each bar. A categorical variable is whether the individual thinks one bar is bigger/smaller than another. Another categorical variable is whether the bar graph is a 3D model or graphic on a computer/screen.,topic_6,1.8979913856858945e-308
48,I would say the experiment was more categorical than quantitative.,topic_6,0.062445458679182254
49,"Accuracy of answers may have been a variable (ie. how close to the correct answer each answer was), and that would have been a categorical variable. Another variable would have been the participant within the study, such as if they were male or female, and that would have also been a categorical variable.",topic_6,1.9214016050713313e-308
50,"independent: form of data (categorical)

dependent: accuracy of data interpretation (quantitative)",topic_6,0.017248195367327405
51,The hights of the blocks were they variable examined and that is a quantitative variable.,topic_6,2.4874454894060457e-308
52,They examined the estimated size ratio using a percentage. This would be mostly quantitative because they are valuing a number. They also could be testing if you are correct or not which would classify more as categorical.,topic_6,0.07911296704160863
53,Which graph was smaller which is categorical and what percentage the bar was in relation to the other bar which was quantitative.,topic_6,0.0860400614758473
54,They were categorical and it was a circle or triangle.,topic_6,0.4346290135720736
55,"It was a quantitative variable that was determined as we had to always enter a number for the graphs. Then from the results we can conclude many categorical variables such as if age, gender, or any other variables have a trend with corresponding answers.",topic_6,1.663388441589908e-308
56,The variables that were examined were the test we chose which would be categorical and the amount of tests we did which were quantitative.,topic_6,2.0831235569856044e-308
57,"Length- quantitative

Age- categorical

Gender- categorical",topic_6,0.04485837228050731
58,the height of the blocks - quantitative,topic_6,2.50954135658104e-308
59,Whether or not each question involved a physical graph model or a picture (categorical) and the accuracy of the value estimation (quantitative).,topic_6,0.020830455377676405
60,"wether someone was a researcher or not- categorical

the accuracy of their responses- quantitive (most likely)",topic_6,1.770686812064791e-308
61,"categorical variables -- smaller/larger

quantitative -- the actual number assigned to the interpreted size",topic_6,0.06349559012155792
62,"We examined the color - categorical

shape-categorical 

what number block it was- quantitative

where we thought a certain number would lie on each block- quantitative",topic_6,0.06096328988005149
63,The number we were choosing for the supposed values could be quantitative data while seeing if the triangle or circle columns matched could be categorical.,topic_6,1.0
64,"Quantitative- the assumptions made

categorical- was the assumption correct

quantitative- the degree of correctness",topic_6,0.03179598704482087
65,"physical blocks/digital blocks - qualitative

size of blocks - quantitative",topic_6,2.244904592225784e-308
66,Independent variables were examined in this.,topic_6,2.1453584116034523e-308
67,"Size difference. Quantitative

calculation error. Quantitative",topic_6,0.06884839917421026
68,"what number you thought the graph was at - quantitative

which graph was larger - categorigcal",topic_6,1.903959404006425e-308
69,"Some of the variables that may have been examined include: whether or not the participant identified which graph was larger (categorical), and how close or far the participant identified the correct numerical difference between the graphs (quantitative).",topic_6,1.684595558329881e-308
70,ability to interpret the graph and make estimates could be categorical and the number that was inferred could be the quantitative variable.,topic_6,0.035989377028633224
71,"Which graph was read more accurately on average, which is categorical.",topic_6,0.04254514261876691
72,The variable that was examined was categorical because they determined whether or not people correctly estimated the range of the 3D and 2D graphs.,topic_6,0.0433950222099363
73,"Which bar on each bar graph was smaller, and the value of the smaller bar when you are told that the larger bar has a value of 100. Whether a particular bar is smaller is categorical, while the comparative value of the smaller bar is quantitative.",topic_6,0.04505187021967889
74,The variables were the arrangement of the data bars and the estimated values of the data bars by the students. The first one is categorical and the second one is quantitative.,topic_6,0.054224173416144085
75,"Independent- the triangles and circles on the model (quantitative) 

Dependent- number of collector identified shapes within the percentage (quantitative) 

control- the models were kept the same",topic_6,0.01754492159703495
76,I think the variables were which graph portion we tested was bigger than the other (categorical) and the quantitative were the numbers we were guessing. This can also be a categorical variable too because it was either right or wrong. The other quantitative variables were how many correct guesses we had and how many we got wrong.,topic_6,1.752397351358724e-308
77,"Accuracy of estimate - yes or no would be categorical, percentage would be quantitative

Which bar is taller - categorical",topic_6,0.05981939643815684
78,"Independent variable: Changing units- categorical

Dependent variable: Comparing of two units, circle and triangle- quantitative

Categorical variable: Age, gender, perception- categorical",topic_6,1.0
79,how accurate we guessed on the online or in person graphs - i want to say quantative because they are just numbers,topic_6,0.053789940705763685
80,"The variables was whether the triangle or circle bar was taller, this is categorical. The other variable was the prediction made by the people being sampled, this is quantitative.",topic_6,0.07493281954890274
81,Our personal information and how accurately we could determine dimensions.,topic_6,0.0463526832965642
82,One variable is what kit the participant was given to use during the survey. This would be a categorical variable. Another variable could be what height each participant said the model/graph was. This would be a quantitative variable as there is a complete range of possible entries. Another variable might be the percentage of questions participants got correct. This would be a quantitative variable. A fourth variable could be if the participants met a set threshold for correct answers. This would be a categorical variable.,topic_6,0.024707124180178282
83,The different sizes of the columns are compared to another bigger one. The variables are quantitive.,topic_6,4.4082404612523073e-308
84,The smaller and bigger columns and the difference in them. The variables are quantitive because we are looking at the different sizes of the columns which could be changed to amounts of money to be compared.,topic_6,4.3432382563871523e-308
85,"Independent:the type of model (categorical digital 2D, digital 3D, physical model)

Dependent:the accuracy of the guess (quantitative)",topic_6,0.01771256889347147
86,Which one was high which is categorical and by how much which is quantitative,topic_6,3.7220044220511183e-308
87,"The two variables that we examined were which of the two selected bars were smaller, which was a categorical variable, and how big the smaller bar was in relation to the larger bar, which was a quantitative variable.",topic_6,5.94090369564902e-308
88,"the independent variable was the blocks they were given (categorical)

dependent is what height they guessed and how accurate (Quantitative)",topic_6,0.07599689356974858
89,The variables examined would have been what percentage the different spaces on the charts represented which is a quantitative variable.,topic_6,0.06448195004362096
90,"People learn better in 2D graphs than 3D - Categorical 

 

People have a higher chance of getting a question right when they use a 3D graph - Quantitative",topic_6,0.025245607829954737
91,"There were many variables, but I think that most of them were quantitative, because when we were doing the experiment, it was a lot of guessing with numbers.",topic_6,0.05852786035794422
92,"graphical encoding types, which are categorical

accuracy of participant estimates which is quantitative

task type or graph type, categorical",topic_6,0.030795881308137787
93,"Online vs physical (categorical)

data percent perceived (quantitative)",topic_6,0.05060012177306094
94,"The experiment looked at a mix of chart features and participant responses. It compared different chart types—2D digital, 3D digital, and 3D printed—as well as how the bars were arranged (either next to each other or separated), which are both categorical variables. Participants were asked to judge which bar was smaller and estimate the ratio between them, giving quantitative data. The actual ratio and the error in their guess were also measured, both of which are quantitative too. So overall, the study tracked both the kinds of charts used and how accurately people could read the data",topic_6,1.2489294246188417e-308
95,"time- quantitative, shape-categorical, color-categorical",topic_6,1.8608481090417443e-308
96,One variable was if the graph was 3D or 2D on the computer which would be quantitative. Another variable would be what color the printed graph was which would also be quantitative.,topic_6,1.599820677926916e-308
97,The variables examined were if the participants were able to identify with decent accuracy the correct data from the 3D bar chart.,topic_6,0.03249084106751934
98,I feel like a variable of this could be the judgement of the graphs. This would be a categorical variable.,topic_6,0.038282363254445485
99,"Explanatory: 2D vs 3D (categorical) 

Response: The estimated distance/height between the two (quantitative)",topic_6,0.026312753472388845
100,"The symbol pi was used, and so were Hypothesis A and Hypothesis O.",topic_6,0.42706213357132333
101,Which graph used (categorical) and how accurate the reading was (quantitative),topic_6,1.700035506881492e-308
102,the variables that were examined where the number of the graph and how tall we thought each bar was. The heigh we thought the bar was is a quantitative variable. The bar that was observed would be a categorical value.,topic_6,1.8794224191189776e-308
103,"Height of the graph (quantitative)

Participants correct answer vs not (categorical)",topic_6,0.04209670394777071
104,"Accuracy of guess: quantitative 

Medium: qualitative",topic_6,0.046490446878425844
105,"Chart format categorical, time to complete response quantitative, judged ratio quantitative",topic_6,1.3206679812945447e-308
106,hours of sleep and it is quantitative,topic_6,0.03581881301945232
107,The ratios of the circle bar compared to the triangle var were examined. I would say finding the ratios is a quantitative variable.,topic_6,0.5150005018934867
108,"number of scores that students get right, quantitative

type of problems given, categorical",topic_6,1.5475266068790743e-308
109,"The type of graph was a variable that was examined, and this variable is a categorical variable. other variables that were examined were, the true height between the bars and the height found by the participants. both of these are quantitative.",topic_6,1.8927680704960146e-308
110,"The variable examined were the bar graph data between two bar A and bar B. It could be categorical because you are choosing which graph is greater, either A or B not a number.",topic_6,1.9081290614188305e-308
111,"variables

which was bigger a or b - this is catagorical

What percent bigger - quantitative",topic_6,0.039777187979275846
112,"The number of people who participated in this, quantitative

Examining 2d and 3d graphs, categorical",topic_6,0.04306670303772214
113,"Height of the bar- quantitative 

Correct/ incorrect guess- categorical",topic_6,0.05869978269595095
114,"Graph type, which is categorical because it's a category so it's categorical. And valid perceptions, which I suppose could be quantitative because you could convert it into a ratio.",topic_6,0.031724021530903784
115,"Chart Type: categorical

Bar spacing: categorical

Ratio accuracy: quantitative

Bar size: quantitative",topic_6,1.3000614098567787e-308
116,"Whether or not participants could correctly guess difference - categorical

How far off participants were in their guesses - quantitative",topic_6,1.6594812732534375e-308
117,"One variable was correct or incorrect answers with 2D graphs, which is categorical. Another variable was correct or incorrect answers with 3D graphs, which is also categorical.",topic_6,0.03771877580615967
118,"The variables were the data model formats presented and the values assigned to each perceived value of said data models. The data model formats are categorical, either 2D or 3D, and the values assigned to each data model is a quantitative variable, assigning numerical values that can be averaged and calculated against.",topic_6,0.03986183551119196
119,"Some were asking which bar had a bigger value. -- categorical

Some were asking to give a value to a bar. -- quantitative",topic_6,3.7366331468721253e-308
120,"bar height (quantitate) 

bar color (categorical) 

label on each bar (categorical)",topic_6,0.055435866532299566
121,"graph type, categorical

ratio of bars, quantitative

accuracy of judgment, quantitative

individual participants, categorical

bar grouping, categorical",topic_6,0.0244663134121258
122,Variables that were examined would be graph difference in height which is quantitative.,topic_6,0.08039629104208706
123,if the graph is larger. Categorical,topic_6,1.81579415431774e-308
124,"Chart Type: Categorical

Participant Judged ratio: Quantitative

Ratio between bars: Quantitative

Log error of judgement: Quantitative

Which bar is smaller between bar a and bar b: Categorical",topic_6,1.2501310586767903e-308
125,One variable was if the graph was 3D or 2D on the computer which would be quantitative. Another variable would be what color the printed graph was which would also be quantitative.,topic_6,1.6189528445141003e-308
126,"graphical encoding types, which are categorical

accuracy of participant estimates which is quantitative

task type or graph type, categorical",topic_6,0.03340084689905247
127,the variables that were examined where the number of the graph and how tall we thought each bar was. The heigh we thought the bar was is a quantitative variable. The bar that was observed would be a categorical value.,topic_6,1.9343907171902483e-308
128,"time- quantitative, shape-categorical, color-categorical",topic_6,1.846734052873222e-308
129,Which graph used (categorical) and how accurate the reading was (quantitative),topic_6,1.6895615012098443e-308
130,I feel like a variable of this could be the judgement of the graphs. This would be a categorical variable.,topic_6,0.03733139082810227
131,"The experiment looked at a mix of chart features and participant responses. It compared different chart types—2D digital, 3D digital, and 3D printed—as well as how the bars were arranged (either next to each other or separated), which are both categorical variables. Participants were asked to judge which bar was smaller and estimate the ratio between them, giving quantitative data. The actual ratio and the error in their guess were also measured, both of which are quantitative too. So overall, the study tracked both the kinds of charts used and how accurately people could read the data",topic_6,1.2614169818752263e-308
132,"There were many variables, but I think that most of them were quantitative, because when we were doing the experiment, it was a lot of guessing with numbers.",topic_6,0.06050297591022175
133,The variables examined were if the participants were able to identify with decent accuracy the correct data from the 3D bar chart.,topic_6,0.03252271452222927
134,"People learn better in 2D graphs than 3D - Categorical 

 

People have a higher chance of getting a question right when they use a 3D graph - Quantitative",topic_6,0.02520431831935351
135,"the independent variable was the blocks they were given (categorical)

dependent is what height they guessed and how accurate (Quantitative)",topic_6,0.07694981251541792
136,"The symbol pi was used, and so were Hypothesis A and Hypothesis O.",topic_6,0.5187653475693673
137,The variables examined would have been what percentage the different spaces on the charts represented which is a quantitative variable.,topic_6,0.06389823785195561
138,"Online vs physical (categorical)

data percent perceived (quantitative)",topic_6,0.050557024423080625
139,"Explanatory: 2D vs 3D (categorical) 

Response: The estimated distance/height between the two (quantitative)",topic_6,0.02628148541054511
140,The variable examined was what height we thought the shorter graph was compared to the larger bar. This variable was quantitative.,topic_6,0.07847840104032659
141,The variables being examined were that of: 'accuracy in estimation of the distances' and 'male vs. female'. I would say both are categorical.,topic_6,0.06168448386085899
142,[expirement -2.docx] (/users/286374/files/21155815?wrap=1&verifier=fC22T9TgCcZie7zS8sKiVPG12cMajTtaj2MbI7Lo),topic_6,0.12359081399708084
143,"Here are the main variables examined in the experiment:

 

* Chart type (2D, 3D digital, 3D printed) – Categorical

* Bar layout (adjacent vs. separated) – Categorical

* Ratio judgment given by the participant – Quantitative

* Accuracy of the ratio (measured as log error) – Quantitative

* Which bar was identified as smaller – Categorical

These variables helped the researchers measure how chart format and layout affect people’s ability to judge data accurately.",topic_6,1.2115753696297557e-308
144,"Accuracy - quantitative 

Gender - categorical

Age - categorical

Taking STATs? - categorical",topic_6,0.04449141802404552
145,Circle and triangle,topic_6,0.357453405447862
146,"Effectiveness of 2D screen graphs: Categorical

Effectiveness of 3D screen graphs: Categorical

Effectiveness of 3D in hand graphs: Categorical",topic_6,0.025194863590006694
147,"The amount of time spent on each question - quantitative 

Which tower was taller - categorical",topic_6,0.2778538418258737
148,"The variable that was examined was if the circle or square tower was higher, which is a categorical variable.",topic_6,0.6617670051433642
149,The variable that was exmined was triangle or circle and that is categorical.,topic_6,1.0
150,Which bar was bigger and what the percentage bigger- quantitative.,topic_6,3.0653376117879973e-308
151,One variable was the height of the graph and that was quantitative because it asked for how tall they were and also categorical because on the graphs they had the circle or triangle.,topic_6,1.6898399090871264e-308
152,"Height of the towers - quantitative 

Which tower was taller (triangle or square) - categorical",topic_6,0.3700102704426815
153,"Selecting whether circle or triangle was the highest or lowest compared to each other, and I selecting by how much lower or higher. I think that this experiment is quantitative.",topic_6,1.0
154,"Bar height estimation: quantitative.

Trial number: quantitative.

Participant ID/code: categorical.",topic_6,0.0933233412579703
155,it was quantitive because we are guessing a number or percentage based on the naked eye,topic_6,1.8119318398649664e-308
156,"The person's favorite animal, which is categorical. And their estimation of bar height percentages in each scale which is quantitative.",topic_6,0.1044789748009698
157,"Bar graph size: quantitative

What kind of graph: categorical",topic_6,1.8767094765145146e-308
158,"same graphs given to everyone, assigned in different orders both are categorical",topic_6,1.767858519055663e-308
159,"Human analysis ability - quantitative

tower height - quantitative

bigger or smaller - categorical",topic_6,0.08163007070231476
160,"Triangles and circles, this is categorical. Shorter versus taller graphs or models, this is categorical. The actual hight of the shorter section of the table/graph, this is quantitative.",topic_6,0.11582856657051549
161,"One variable that was examined would be if the participant guessed the right proportion which would be qualitative.

Another variable that was examined was age group, this was also qualitative.",topic_6,0.03722323702924751
162,"charts you got correct online- categorical

charts you got right with physical copy- categorical",topic_6,0.03160400542078648
163,"Height of a bar, categorical.",topic_6,3.625851275868736e-308
164,"How long we think the block is, quantitative 

Which block is smaller, categorical",topic_6,2.194489920649435e-308
165,"The different types of graphs, being physical, 2d, or 3d- quantitative 

The size of the bar in question- quantitative

If it was either a circle or triangle bar- categorical",topic_6,1.9165258566676387e-308
166,"triangle or circle bar--categorical 

the height of the bar--quantitative",topic_6,0.14701656920511388
167,The variables examined were the proportion of one tower to the next and if it was a star or circle. The first one is quantitative and the second is categorical.,topic_6,1.0
168,Quantitative because there were more then two possibilities.,topic_6,1.9457756479641187e-308
169,"Is the bar shorter vs taller - categorical

What percent shorter or taller is the bar - quantitative",topic_6,3.4305877168209465e-308
170,"* If the students can estimate the height of the block properly - categorical

* The package of bars given to the students - quantitative",topic_6,2.9725035393923085e-308
171,"There were at least two variables recorded, whether the subject got the percentage right, and whether they stayed consistent. These were both categorical.",topic_6,1.719702855023583e-308
172,Interpretation of graphs - Quantitative,topic_6,1.7809716874969706e-308
173,"* the percentage guess = quantitative

* did they follow directions (was the guess close at all) = categorical",topic_6,1.730682172382243e-308
174,"which bar was larger, circle or triangle. this is categorical

how many units tall is the shorter bar if the larger bar is 100. this is quantitative",topic_6,0.2979926190541056
175,"1. chart type: categorical

2. bar spacing: categorical

3. spacing between bars: quantitative

4. individual judgement: quantitative

5. accuracy: quantitative

6. size (a or b): categorical",topic_6,0.024602519124398113
176,Type of bar chart (categorical) and the height judgement (quantitative),topic_6,0.028122788720992185
177,"Type of Graph (2D, 3D digital, 3D printed)

Categorical

Perceived Bar Ratio 

Quantitative

Accuracy of Comparison 

Quantitative

Participant's Choice of the Smaller Bar 

Categorical

Order of Chart Presentation

Categorical",topic_6,1.2222706459781194e-308
178,"The main variable looked at where the different types of graphs in the accuracy of the individuals answers the type of graph whether it was 3-D 2-D, digital or 3-D printed there is a category variable because it will involve different groups of categories, so the accuracy of the ratio judgment is quantitive because it measures with numbers specifically using a log air formula, another possibility is a categorical variable. This could be the layout of the bars like is it adjacent or separated.",topic_6,0.025588430194038503
179,na,topic_6,0.23828877220139014
180,"Type of Data visualization: categorical variable with three levels, 2D graphs, 3D digital graphs, 3D printed graphs

Ratio of Smaller Bar to Larger Bar: Quantitative variable the ratio is numerical values

Perceived Ratio of Smaller Bar to Larger Bar: Quantitative variable it represents the participants estimate of the ratio

Log Error of Ratio Judgment: Quantitative variable its a calculated numerical value representing a difference

Bar Chart Comparison Type: categorical variable with two levels, adjacent and separated",topic_6,1.245720847275715e-308
181,The size of the graph - quantitative,topic_6,1.8929372399701296e-308
182,The variables examined were the block size percentages compared to one another. They were quantitative because we were guessing the size of the block based upon another.,topic_6,2.2742824597933416e-308
183,"the people used - categorical

and the style of bar chart- categorical",topic_6,0.03252770812223572
184,"This experiment examined multiple variables, including quantitative variables and categorical variables. Quantitative variables include the proportion value estimated by the participants (the relative length of the triangular cuboid and the circular cuboid) and the true value of the proportion, which are numerical data that can be mathematically calculated and error analyzed. Categorical variables include the shape of the labeled figure (circle or triangle), the number or code of each model (used to distinguish different 3D bar graph models). By analyzing these variables, the experiment can explore whether the shape of the figure and the characteristics of the model have a systematic impact on the estimation of visual proportions.",topic_6,1.210172066810417e-308
185,categorical,topic_6,1.6398189144758287e-308
186,"Accuracy of noticing the tallest of the bars: qualitative

Type of graph: categorical

Response time: qualitative",topic_6,0.036694702477099404
187,The variables were how we were able to read the graphs.,topic_6,1.58807901522516e-308
188,"The ratio of heights was categorical, each graph was presented quantitatively, and then the test was administered categorical.",topic_6,0.043077943242781226
189,"One variable is the type of chart, which is categorical. Another variable is the accuracy of bar size judgement, which is quantitative.",topic_6,0.04652436553944223
190,"size estimated - quantitative

over or underestimate - categorical",topic_6,0.06954961050407452
191,Variables examined were participants reading charts and making judgements without physical measuring and this is qualitative and they found the difference in their judgement and the actual result and this is quantitative.,topic_6,0.040111525200191796
192,"The variables examined were the X, Y, and Z axes (quantitative), the color of the points  (categorical), and the shape of the points (categorical).",topic_6,0.03961438324455153
193,"I do not remember the exact variable used, but they were most likley categorial because we did not have to do any numerical calculations.",topic_6,0.08813131224244364
194,"The variables that are examined are the chart type which is categorical, bar spacing which is categorical, true ratio between bars which is quantitative, participant’s judged ratio which is quantitative, log error of judgment which is quantitative, and which bar was chosen as smaller which is categorical.",topic_6,1.286404819139066e-308
195,"1. Type of graph – Categorical

2. Accuracy of bar height judgment – Quantitative

3. Time taken to respond – Quantitative

4. Participant background or experience – Categorical",topic_6,0.03867709574385756
196,The quantitative variables were the participant's numerical guess and the actual answer. The categorical variable was the type of graph.,topic_6,0.03497756066315908
197,"Type of chart- categorical

If the correct answer was given- quantitative",topic_6,0.028365808874773853
198,"1. Age of the Cow

*

Type: Quantitative

*

Description: The exact age of each cow, usually measured in years or months, to identify how age influences calving difficulties.

2. Calving Difficulty

*

Type: Categorical

*

Description: A classification of how difficult the calving process was (e.g., easy, moderate, or difficult). This could be assessed based on the need for human intervention or complications during delivery.

3. Calving Assistance Type

*

Type: Categorical

*

Description: The type of assistance provided during calving (e.g., no assistance, mechanical assistance, veterinary intervention, etc.).

4. Calving Outcome

*

Type: Categorical

*

Description: The outcome of the calving process (e.g., healthy calf, stillbirth, live calf with complications). This could also be categorized based on the health of the calf or cow after the birth.

5. Weight of the Cow

*

Type: Quantitative

*

Description: The weight of the cow could be used to explore how body condition or size influences calving ease.",topic_6,0.03627946401031048
199,"Some variables that were mentioned in this abstract were the bar spacing/color, and also how the graph was being formed or the orientation of the graph whether it was horizontal, or vertical pertaining to the data collected. These variables are categorical. Other variables such as the height of both bars (2D and 3D), and the size of the data represented, are examples of quantitative variables.",topic_6,0.037104055008651445
200,"Graph type- categorial 

Bar grouping type- categorial 

Judged ratio of bar heights- quantitative

True ratio of bar heights- quantitative

Error in ratio judgement- quantitative",topic_6,0.022637090715784083
201,The categorical variable would be if students were able to perceive data better with the 3D models.,topic_6,0.02429039721104554
202,"Variables I remember asked was age and if I was a member of stat 218. Age is quantitative and if I was in the class or not is categorical. The response variable is my score on the experiment, quantitative.",topic_6,1.9685324707000903e-308
203,"The variables which were examined where the type of graphical display (categorical) as well as the graph features; color, size, and shape, which is also categorical. Another variable examined would be the accuracy of participants responses. This would be quantitative because students were asked to give a number for a portion of the graph depending on the number assigned to the other portion of the graph.",topic_6,0.028789058966256453
204,"Explanatory variable: Type of graph (i.e., 2D, 3D, or 3D printed); categorical
Response variable: Accuracy of participant in estimating bar length; quantitative.",topic_6,1.564358726134962e-308
205,The variable that was examined in this experiment is if people view 2D and 3D differently and which is more accurate.  It would be categorical because there are only two groups.,topic_6,0.024079593951247875
206,"The actual height difference between the blocks is quantitative, as the testers estimated. The estimation of error would also be quantitative. The taller block correctly identified would be categorical.",topic_6,2.942046871396836e-308
207,"*

How long something took – that’s a number, so it’s quantitative.

*

What choice someone made – like picking A or B, that’s a categorical variable.

*

Which group someone was in – like Group 1 or Group 2, that’s also categorical.

*

How many things someone got right – that’s a number, so it’s quantitative.",topic_6,0.03672962765642066
208,"Percentage - quantitative

How many people guessed what number - quantitative",topic_6,0.03400547758498145
209,"Im not sure what variables were exactly examined. I belive this reflection should be closer to the time we take the experiment, as we are college students trying to retain a lot of information, especially me as a senior graduating this year. I hardly remember the expeierment",topic_6,0.05138680927248856
210,"The experiment looked at the type of graph and bar spacing, which were categories. The judged ratio and log error were numbers. The correct bar choice was also a category.",topic_6,1.232101822452314e-308
211,Ratio accuracy and Graph type,topic_6,1.233596214257248e-308
212,"*

Chart type (2D, 3D, 3D printed) – categorical

*

Ratio judgment accuracy – quantitative",topic_6,0.02176894839676459
213,"Chart Type is categorical, the bar type was categorical.",topic_6,0.03223311499911796
214,The variables examined were the use of a computer or physical model. This was categorical. The response variable was how close to the true value the students responses were. This response was quantitative.,topic_6,0.02061679149742679
215,"Bar size- quantitative

Age- categorical

Education- categorical

Sex/gender- categorical",topic_6,0.049722986527120296
216,"The first variable is which bar was smaller, circle or triangle; categorical. The second variable is that if the bigger/taller bar of the two was 100 units, what is the size of the smaller; quantitative.",topic_6,1.0
217,"Categorical: chart type - 3D vs 2D charts

Quantitative: Response Time - how long it took to make a judgement",topic_6,0.03398604228127944
218,"quantitative data

the percent height difference between the two bars",topic_6,0.05204424325176586
219,"How good a person's memory is - qualitative 

How good of eyesight they have - qualitative

seeing or not seeing color - qualitative",topic_6,0.04044456645745545
220,"Categorical is whether triangle or circle was smaller or taller, and quantitative would be the number of units of the smaller one compared to the taller one.",topic_6,0.37493751293092487
221,the size of the columns and that was quantative,topic_6,4.583354366406706e-308
222,One variable could be which graph the student said was the smallest. This is categorical because it was either a circle or a triangle response.,topic_6,1.531006139807854e-308
223,"We first decided what tower was taller (whether the circle or triangle), this was fairly easy (categorical). Then we compared the 2 towers and gave an estimation how tall the shorter one was if the other was 100 units high (quantitative).",topic_6,0.537422391243755
224,The size of the stacks was given which would be quantitative seeing as it was a numbered amount.,topic_6,4.4270685179513424e-308
225,"Independent: Gender (categorical) 

Dependent: accurate interpretationEach  of graphs (quantitative)",topic_6,0.016384453186587673
226,"Size of bar graphs (height): quantitative

If triangle or circle was smaller than the other: categorical",topic_6,0.10781996582117534
227,"Categorical: Circle vs. Triangle 

Quantitive: Difference in units between the circle and triangle",topic_6,0.3461435470159567
228,how accurate our observed ratio is to the actual ratio :quantitative,topic_6,0.040256186247546975
229,"The independent variable is the type of graph viewed (screen or in-person), which is categorical. The dependent variable is the numerical value the participant assigned to the bars, which is quantitative.",topic_6,1.7775140551255986e-308
230,"smaller or larger bar: categorical

how much bigger or smaller: quantitative",topic_6,3.4026278064120963e-308
231,"Which bar was larger-categorical

Percentage- quantitative",topic_6,3.0037208445397774e-308
232,"The graphs, categorical

The measurements, quantitative",topic_6,1.7893972615930946e-308
233,The variable observed was how well each student did on the examination. This was a quantitive variable.,topic_6,0.05704248261776213
234,"Bars - Quantitative

Gender - Categorical

Age - Quantitative",topic_6,0.04846089354039836
235,"Students ability to understand graphs - Categorical

Students ability to identify the matching picture of the graph - Categorical",topic_6,0.03870900341295567
236,"The variables examined were the heights of the graphs, and this would be quantitative. I also think that other questions we were asked were along the lines of ""is line A taller than line B"", which would count as a categorical answer, being ""Yes"" or ""No"".",topic_6,1.963823076576723e-308
237,"Type of model (physical/digital): categorical

Accuracy of identifying proportion: quantitative",topic_6,0.030783164745353933
238,"The time it takes to identify the taller one and the methods by which one identifies the taller one such as how they choose how much taller/shorter the block is. This would be quantitative. 

Whether students choose the right or left block as the taller one is categorical. 

The number in which students measured the difference in height of the blocks would be quantitative.",topic_6,2.8278797811210986e-308
239,"The experiment most likely looked at characteristics like the number of blocks counted or estimated (quantitative), the color or arrangement of blocks (categorical), and the accuracy of student replies (quantitative). These variables were used to investigate the effects of visual data presentation on interpretation and estimating abilities.",topic_6,0.03799317812011313
240,Heights of figures compared to other figures: quantitative,topic_6,0.07191585970696308
241,There were categorical and quentitative variables being examined.,topic_6,2.030014047308204e-308
242,"The different variables were the bar graph that the student is examining (categorical), and the percentage at which the student thought the bar was at (quantitative).",topic_6,0.05240474634600791
243,The proportion of the bars on the graph were examined. This is a quantitative variable.,topic_6,0.06685550325653943
244,"The study examined several key variables. Chart type (2D, 3D digital, or 3D printed) and bar spacing (adjacent or separated) were categorical variables. The true ratio of the compared bar heights and the participant’s judged ratio were both quantitative variables. The error in perception, calculated as log2 error, is also a quantitative variable. Additionally, the identification of which bar (marked by a circle or triangle) was smaller is a categorical variable. These variables collectively helped analyze both accuracy and perception across chart types and layouts.",topic_6,1.1830125134456458e-308
245,The level of shape (quantitative),topic_6,0.07679111900581015
246,"Color- Categorical

In-person versus picture- Categorical",topic_6,1.8247091187928146e-308
247,The variables would be the graphs which is quantitive and the students would be categorical.,topic_6,0.023112515554064968
248,"Possible variables include task completion time (quantitative), accuracy of performance (quantitative), and participant feedback or preference for certain models (categorical). If models were labeled by design type, that would be another categorical variable. If ratings were collected on a scale (like a 1–5 satisfaction scale), those would be quantitative as well.",topic_6,0.04652431356803088
249,"Which version of the graph they are using (2-D, 3-D, 3-D digital) - Categorical

Accuracy in peoples answers about the height - Quantitative",topic_6,0.02648927237877261
250,which bar graph is easier to read which is categorial.,topic_6,0.07410287434269346
251,I don't remember a lot of the experiment since it was so long ago but I know we were asked to choose the larger or smaller part and I feel that would be both categorical and quantitive.,topic_6,0.0729380282386233
252,"The variables examined are computer bar graphs vs 3D printed bar graph which are categorical, and the other variable is how close the estimated values are to the actual graph values which is quantitative.",topic_6,0.03800891065083415
253,"some variables that i remember from the experiment include, height of the block(quantitative variable), The circle or triangle shape on the block specifying which height to focus on (categorical), the bag participants got (categorical).",topic_6,0.06691925822779593
254,shape of part on graph is categorical and percentages on the comparison of the percentages is quantitative.,topic_6,0.0793289392404336
255,"The variables examined might have included things like the type of chart shown (categorical), the accuracy of responses (quantitative), and possibly the amount of time taken to complete tasks (quantitative)",topic_6,0.03817630318799026
256,variables where the data represent groups.,topic_6,0.04659148001198853
257,The variable of which shape was smaller or larger. (quantitative),topic_6,0.08344628810292422
258,"The variables being examined are weather or not the triangle or circle was smaller and correctly identified. That would be categorical. a yes or no. Another variable could be how far off or on peoples guesses where, if most people thought were smaller or bigger. That would also be categorical variables. More over, or more under.",topic_6,1.0
259,"categorical, whether the triangle was smaller or the dot.",topic_6,0.41916475318449625
260,Type of student (categorical) and distance between the two graphs (quantitative).,topic_6,0.038787725546602765
261,Categorical  triangle or circle,topic_6,0.3479160497212342
262,"The variables that are examined is which column is bigger, which is categorical, and the difference of value between the columns, which is quantitative.",topic_6,4.662043740433917e-308
263,It was categorial and it was based off of whether the triangle or circle bar was smaller.,topic_6,1.0
264,"The variables was which one of the circle and the triangle was smaller, and also by how much it was smaller. The circle or triangle is categorical and the how much smaller is a percentage so its quantitative.",topic_6,1.0
265,size of the bar if it was smaller or larger - categorical,topic_6,0.05091866443847393
266,"Independent variable: which bar was shorter- categorical

Dependent variable: how much shorter was the bar compared to the larger bar- quantitative",topic_6,3.4209699613744374e-308
267,"Which bar is smaller - categorical

how much smaller was one bar compared to the other - quantitative",topic_6,3.212746038144332e-308
268,One variable would be how the graphs were displayed making it categorical and the other variable would be the amount of times the answers were correct making it quantitative.,topic_6,0.03548668381546738
269,"Difference in height of bar- quantitative 

Which bar was small (circle or triangle)- categorical",topic_6,0.10447383446862969
270,"Stistical graphics - quatitative 

the circle and triangle- categorical",topic_6,0.366407784254218
271,"One of the variables observed was the color intensity, which is quantitative. As well as the estimated variables of how much smaller the units are. A couple of categorical groups observed are gender, age, and education level.",topic_6,0.035528787390906924
272,"The quantitative variables present are the numerical values associated/estimated with each color shade or height, and how accurate the responses were. The categorical variables measured are which letter represents a larger value (Y or y).",topic_6,0.033307947126418304
273,"Did the participant answer correctly - categorical

How confident was the participant- categorical 

What the participant estimated the quantity of the smaller value to be - quantitative",topic_6,1.770899715054029e-308
274,"Variables were which letter was larger (categorical), and how much larger than the comparison (quantitative).",topic_6,4.4075917247920796e-308
275,"The variables examined were the heat map type, the locations of objects on the heat map, and the rating of the difference between the two objects. The first two variables listed are categorical because they refer to visual data that cannot be counted. The last variable is quantitative because you are answering based on a numeric scale.",topic_6,0.04283813996544899
276,It was probably testing how people used visual information like color and location on the grid to show which two things are bigger and base it on a number value.,topic_6,1.2544924305801e-308
277,There was a categorical variable in form of determining which area represented a larger number as well as a quantitative variable when I had to estimate the difference of two areas represented by a number.,topic_6,0.11233281009357726
278,The variables that were examined were which letter was higher in value and how much less the second letter was compared to the first. The first is categorical and the second is quantitative.,topic_6,4.25849834181628e-308
279,"*

Independent variable: How the heat map was presented or how the values were spread across the grid 

*

Dependent variable: Whether the participant picked the right letter",topic_6,0.04330994760258691
280,"If people can correctly identify which value is larger; categorical

If people can correctly estimate the difference between two values; quantitative",topic_6,0.03947382403902476
281,"color (darker or lighter)- categorical 

depth (categorical)- higher or lower 

slider (quantitative)",topic_6,0.030088217090447074
282,"One variable was whether or not the participant had access to the 3D-printed charts. This is a categorical variable because it’s a yes or no question. Another variable could be how accurate the participants were in answering questions about the data — this would be a quantitative variable because it deals with numbers, like how many answers they got right. They might have also looked at how long it took people to answer questions, which is also quantitative, since it's measured in time. There could be other categorical variables too, like whether the person was a student or not, or what kind of device they used.",topic_6,0.035881633801120076
283,"Color Intensity (shade on the heat map): Quantitative (represents a numeric value).

Letter Label (e.g., ""R"" or ""r""): Categorical (identifies a specific position/value).

Relative Position on the Grid: Categorical (row/column location).

Estimated Smaller Value (slider response): Quantitative (numeric scale from 0-100).",topic_6,0.043579902728472134
284,"Independent variable would be each student that participated which would a quantitative variable based on how many actually participate. Categorical variable would be ""which answer did they choose for each question"".",topic_6,1.8135307809276087e-308
285,"There were two variables with were the factor 1 and 2. These were the axis variables and main area of interests which was represented by color that define the heat map grid. The variables are quantative because they are based on numbers, for example the higher or lower the number the warmer or colder it would be.",topic_6,0.043035462472391754
286,the variables that were examined were which was the larger value and since it wasn't numbers and only letters that is categorical and then the second variable was how much smaller is the smaller variable and that would be quantitative because that was when we were given numbers.,topic_6,4.232613816502948e-308
287,"* Graph type, categorical (3D or flat)

* Which of the two quantities was larger, categorical

* Approximate difference between the two quantities, quantitative",topic_6,0.05282914047655229
288,"The variables examined are as follows: 

1. Current enrollment in a statistics class: categorical 

2. Male or Female: Categorical

3. Access to 3-D models: categorical 

4. Type of test (2-D v 3-D): categorical 

5. Which coordinate was chosen as higher or lower in temperature: categorical 

6. The number of accurate choices: Quantitative",topic_6,0.02737592522380465
289,"The type of Chart: 2D or 3D, Categorial.

Accuracy of reading: quantitative.",topic_6,0.03424957929813475
290,"A couple of variables that were examined could have been either 2-D or 3-D, the score or accuracy, and the amount of time taken to preform the experiment. 2-D or 3-D is categorical because it places the two into different groups. Score or accuracy is quantitative because it is a numerical measurement showing how well you preformed. Lastly, the amount of time it took is quantitative because it is a numerical value representing duration.",topic_6,0.029170896208526902
291,"color: categorical

height: quantitative",topic_6,1.9789698749598017e-308
292,"Variables:

* if the respondent identified the greater of 2 choices correctly (categorical)

* how close the respondent was to the correct valuation (quantitative)",topic_6,0.03416170544006891
293,The variables being designed were size/color (categorical) and units of value (quantitative).,topic_6,0.03921671433713498
294,"Response variable- how accurate the reading of the graph is 

Explanatory variable- The type of graph used

Both are quantitive",topic_6,0.015545028790147507
295,One variable that was examined was the difference in size of the graph bars which is quantitative. Another variable that is examined is how close to the right answer the test taker is which would categorical.,topic_6,0.035100370192407644
296,"whether or not student got it right is categorical

the amount of student that changed their answers for the same questions is quantitative",topic_6,1.5942523583183183e-308
297,"Which one was smaller, categorical

Which one was larger by what amount, quantitative",topic_6,0.052745806926384385
298,"Age: Quantitive 

Favorite zoo animal: Categorial",topic_6,0.039694831938677254
299,"The first variable is deciding which graph is smaller and this is categorical because we are choosing between two options. The second variable is deciding how much smaller the smaller bar on the graph is, which is quantitative because we are determining an amount.",topic_6,2.1161188566694334e-308
300,One variable was the type of graph presented (categorical) and the other was people’s perception of the graph (categorical).,topic_6,1.6498273123571255e-308
301,I think it was categorical whether the participant identified the correct smaller bar and then quantitative how close the slider was to the actual size of the bar.,topic_6,6.047913814405268e-308
302,"Independent: chart type (categorical)

Dependent: accuracy of ratio judgment (quantitative)",topic_6,0.016267027103063523
303,"The variables were which graph was smaller and how much smaller the bar is compared to the larger one. 

Deciding which graph is smaller is categorical.

How much smaller the bar is, would be quantitative.",topic_6,2.070095379762706e-308
304,"One variable is how many graphics a student was able to successfully perceive - this variable is qualitative.

Another variable is how well students were able to read information from charts and how far off they were from the actual measurement- this variable is also qualitative.",topic_6,0.03898231048712195
305,"color- categorical

dimension-categorical

size-quantitative

understanding-categorical",topic_6,1.8407859586854017e-308
306,"the variables were:

which bar was perceived as smaller: categorical 

how much smaller the bar was to the taller one: quantitative",topic_6,6.00556989122986e-308
307,The variables that were examined were if either the triangle or circle bars were smaller (categorical) and then determining how small said bar was in comparison to the other (quantitative).,topic_6,1.0
308,The variable examined were weather the graph was 2D or 3D which is categorical.,topic_6,0.034154979085254875
309,"The variables that were examined were what type of chart, 2D or 3D, and this was categorical. The also examined the variable of how accurately the participant was able to compare the difference in data. This was quantitative.",topic_6,0.03595817553242438
310,"* which bar was smaller (categorical)

* by how much smaller was the bar compared to the larger one (quantitative)",topic_6,3.2880048973664675e-308
311,"Age range - Quantitive

Gender - Categorical

Accuracy of estimating size ratios - Quantitive",topic_6,0.049950792926045644
312,shape which is categorical and length of difference which is quantitative,topic_6,0.0845253345521162
313,"Which circle is bigger - categorical

How much bigger is the larger graph from the other - quantitative",topic_6,0.08310013095737219
314,"If the correct bar was identified as shorter - categorical

The difference in size for the two bars - quantitative",topic_6,3.317755362521641e-308
315,"Which bar is bigger triangle or circle, categorical

How much smaller is the bar than the other bar, quantitative",topic_6,0.11747995361851836
316,Variables would be if the graph is smaller or larger- categorical,topic_6,0.031123672619225103
317,"Explanatory variable: is the difference between 2D and 3D graph types, this is categorical. 

Response variable: Which graph type has more accurate results/responses, this is quantitative.",topic_6,1.526361335150105e-308
318,The variables were which was taller and that was categorical and where you slide the bar and that was quantitative.,topic_6,4.86612209012755e-308
319,"What were the two bars: Categorical 

How much bigger and smaller the bar is: Quantitative",topic_6,0.06064324883276403
320,The variables examined were proportional size and visual representation. Proportional size is quantitative and visual representation is categorical.,topic_6,0.05053137681015469
321,Which bar was smaller- categorical. Proportion of how much smaller the bar was to the larger bar-quantitative.,topic_6,3.27327862574498e-308
322,"size - categorical

amount of size difference - quantitative",topic_6,0.06566537614804774
323,"2d or 3d height categorical

about how much smaller each bar was, quantatative",topic_6,3.6737880276082956e-308
324,"3D or 2D printed - categorical

answers given - quantitative",topic_6,0.02521122880383816
325,Categorical,topic_6,1.615872822699839e-308
326,which bar was larger which is categorical and how much smaller the smaller bar was which is quantitative,topic_6,3.59606740093482e-308
327,"Accuracy: quantitative 

weather they chose a square or triangle: categorical

How fast they took to take the survey: quantitative",topic_6,0.02838537383480955
328,"Variable 1: The smaller chart - categorical.

Variable 2: How much smaller one chart is compared to another - quantitative.",topic_6,2.1799133311173853e-308
329,"Which bar graph was smaller (categorical)

How much smaller or larger the graph was to the bigger graph (categorical)",topic_6,0.08210530069840173
330,"the variables examined were: 

* the 2-D graphs: catagorical 

* the 3-D graphs catagorical 

* wether the partipants chose the correct answer (circle or triangle was bigger) catagorical",topic_6,0.04543497247062731
331,"The variables examined were:

* Number of close friends (quantitative).

* Gender  (categorical).",topic_6,2.029649504123667e-308
332,"2D, 3D and 3D printed. Determining the size. These would be quantitative because it would be a numerical value.",topic_6,0.026674466108544535
333,"2D or 3D bar graph - categorical

Color of graph- categorical

Position of graph - categorical 

Size of graph - categorical",topic_6,1.861102338451936e-308
334,Types of graphs used. Categorical,topic_6,0.021414161882119486
335,The variables were quantitative because we had to gauge how much taller or shorter one of the bars was.,topic_6,0.05665126025878224
336,"Some variables in this experiment may include the quantitative variables of graphs that are interpreted correct or incorrect,  and how long it took each participant in the experiment to interpret the graphs and fill out thee experiment. 

The categorical variables include, how the information was presented and in what type of statistical graph, if the participant is in stats 218 or not or has any prior knowledge, and the age of the participants.",topic_6,0.030765337462729903
337,The percentage that one bar is of the another bar. It is quantitative.,topic_6,0.044319439987546956
338,"*

Understanding of Statistical Concepts: Quantitative – Measured through scores on assessment questions focused on concepts like significance, confidence intervals, and effect sizes after interacting with 3D models.

*

Improvement in Interpretation Skills: Quantitative – This could involve comparing pre- and post-experiment scores to see if the 3D models improved students' ability to interpret data.

*

Chart Type (2D vs. 3D Printed): Categorical – This variable examines whether participants using 3D-printed charts are more accurate in interpreting statistical data compared to those using traditional 2D charts, assessing the effectiveness of each chart type.

*

Ease of Interpretation (Self-Reported): Categorical – Participants might rate how easy or difficult they found the 3D models to understand, giving insight into perceived clarity.",topic_6,0.03573905530181365
339,Type of picture is categorical. The size selected was quantitative.,topic_6,0.04703484823777788
340,"The first variable is categorical and it would be whether or not the student was able to identify the smaller bar or not. This would be a correct or incorrect or yes/no variable. 

The second variable is quantitative and would be a numerical value of how far off the student was from the correct difference in size, measured in units, between the two objects.",topic_6,0.077799701254713
341,"The explanatory variable for this experiment would be the dimension the rectangles were in, which is categorical. While the response variable would be the height of the second block, which would be quantitative.",topic_6,0.07419280925494895
342,"Whether the student answered the question correctly (categorical), or the proportion of correct answers (quantitative), whether the model was 3D or 2D (categorical).",topic_6,0.03238848907379164
343,"stats 218 students: categorical 

how many answered the question correctly: quantitative.",topic_6,0.0271373861898361
344,"From my memory, I believe the variables were what graph was proposed (how the data was presented) which would be categorical. The other variable would be what we determined the proportion of a specific block's height was compared to another block. This would be quantitative",topic_6,0.07961468693542302
345,"the number for the graph- quantitative 

whether the graph was smaller or larger- categorical",topic_6,1.891450817785731e-308
346,The variables examined were the independent and dependent variable and it was quantitative.,topic_6,2.180171760895265e-308
347,"People: categorical

bar graphs: categorical",topic_6,0.03395984325689158
348,Percent of blocks being represented. It is a quantitative variable because it contains numbers.,topic_6,2.305060435459698e-308
349,"Explanatory variable: Whether the blocks were 3D or 2D: Categorial 

Response variable: Size of the non-control block recorded: Quantitative",topic_6,0.06575699439633588
350,amount of time the test subject allocated for assignments. assignments are quantitative. Test subjects are categorical.,topic_6,0.05029267759687501
351,The variable observed was the height of one column compared to another and was quantitative.,topic_6,4.828479609298442e-308
352,"Interpretation Accuracy:

Type: Quantitative

Description: A measure of how accurately participants interpreted the data in each graphic, likely represented by a score based on correct answers.

Interpretation Time:

Type: Quantitative

Description: The time it took each participant to interpret and answer questions about each chart, likely measured in seconds.

Confidence Level:

Type: Quantitative (if measured on a numerical scale) or Categorical (if measured by discrete levels like ""Low,"" ""Medium,"" ""High"")

Description: Participants’ self-reported confidence in their answers to questions about the charts.

Participant Background Knowledge:

Type: Categorical

Description: Experience level in statistics or familiarity with data visualization, potentially categorized as ""Novice,"" ""Intermediate,"" and ""Expert.""

Device Type:

Type: Categorical

Description: The device used by participants to complete the survey, such as ""Computer,"" ""Tablet,"" or ""Phone.""

Demographic Information (e.g., Age, Gender):

Type: Age – Quantitative; Gender – Categorical

Description: Basic demographic details that might be collected to see if they correlate with interpretation skills (e.g., age measured in years, gender categories).",topic_6,0.036201442940085767
353,"Height of Larger Bar
Quantitative: This is a reference height, fixed at some value (e.g., 100 units) since the participant makes comparative judgments.
Predicted Height of the Smaller
Bar (Quantitative): Participant's estimate of height of the smaller bar, usually asked with slider or input field.",topic_6,0.08956139138581853
354,"Which bar is smaller compared to the two picked out? categorical 

What is the height of the smaller bar graph out of 100? quantitative",topic_6,0.09505621179435127
355,"Graph values and trends; Categorical

Interpretation Accuracy; Quantitative",topic_6,1.7571991490834973e-308
356,"Independent Variable:

The type of model (2D rectangle or 3D rectangular prism) – categorical.

Dependent Variables:

Perceived height of the shorter model in comparison to the taller model set at 100 – quantitative.

Error margin in estimation (difference between actual and estimated height) – quantitative.

Shape complexity (2D or 3D) – categorical.",topic_6,0.05389964409035456
357,The measured variable was the different strips that had the shapes on them and we had to find out which ones were bigger. I believe it was quantitative because it was measuring size and numbers.,topic_6,0.06326564328694521
358,"One variable that was examined was how the data was read, either online or the physical data. This variable is categorical. Another variable was the percent each subject estimated of the smallest bar compared to the largest bar. This variable is quantitative.",topic_6,0.05778573024149079
359,"Which bar its larger - categorical

 the ratio between the two graphs - quantitative",topic_6,0.08317854040507505
360,"gender of participant - categorical

difference length of bars - quantitative

age of participant - quantitative

whether a chart is 2D or 3D - categorical",topic_6,0.03814085525197156
361,"The type of graph being used to compare the accuracy between the different chart was categorical. 

The participants being used to guess the shapes measurement was quantitative.",topic_6,1.290587266959644e-308
362,"Type of Model- Categorial 

Time Taken- Quantitative",topic_6,0.025323420972760705
363,"3D graph or 2D graph- categorical 

Ratio of the smaller bar to the larger bar- quantitative 

which bar is smaller- categorical",topic_6,0.024729590594147775
364,Since I do not know the full experiment I would guess that the participants were the independent variables because we were manipulated and the dependent variables would be quantitative because of how many questions we could answer correctly and accurately.,topic_6,1.9014207010267614e-308
365,The values examined were what people said the correct number on the graph was which was categorical,topic_6,0.031420595214463054
366,"Height of the graph: Quantitative 

Which one is smaller: Quantitative",topic_6,0.07543319131381689
367,quantitative: the amount of difference between the correct answer and participant response,topic_6,1.581058764745772e-308
368,"Height of bars - quantitative

Difference in height of bars - quantitative",topic_6,3.6291017978202193e-308
369,"The variables that were examined was the background information asked in the beginning such as age, race, and sex. These variables would be categorical.",topic_6,2.017326634530176e-308
370,"The estimated height of the bar is quantitative, if the bar is shorter or taller is categorical, it also asks for a couple characteristics at the beginning of the participant which would be categorical.",topic_6,0.09744009880719806
371,The size estimations can be quantitative when given in numerical form. Deciding which is larger Aor B is categorical. Also for students in person the figures that are 3D printed compared to the figures shown on screen are categorical,topic_6,0.05709225909911551
372,The variables that were examined were which line was smaller which is a categorical variable and the size of the smaller line in comparison to the larger line which is a quantitative variable.,topic_6,0.221017560242466
373,A variable I saw examined a lot was the angle at which the graphs were shown. This is a categorical variable.,topic_6,0.03758407192402801
374,One variable in this experiment was how close the participants were able to get to the accurate height of the bar. This is quantitative. The other variable in this experiment was whether the bars were next to each other or separated by other bars. This is categorical.,topic_6,0.0863459232694952
375,"To provide an accurate response, I need the specific context or details about the study or data set you are referring to. Please provide more information about the variables in question.",topic_6,2.161959686789427e-308
376,"Shape of Bars - categorical

size of Bars - quantitative",topic_6,3.5816299698782566e-308
377,"some variables for the test was either having an interactive graph or if it was a just a picture, and that variable is categorical. another one was the ages which is also categorical. one last one would have been whether the two options to pick were right next tot eachother or if they were apart from eachother which is quantitive.",topic_6,1.991638513241074e-308
378,We examined which shape was smaller (categorical) and what the ratio of the shapes were compared to each other (quantitative),topic_6,0.07893266630961825
379,"accuracy of estimate: quantitative

online or in person class: categorical",topic_6,0.049208925439720205
380,"Weather a bar was the smallest categoeial, and how small.it was quantitative",topic_6,0.06738272787684724
381,"Some variables examined were the circle and triangle and which was taller =categorical, another was by how much smaller was the bar compared to the other=quantitative.",topic_6,1.0
382,The variables that were examined in this experiment were shape and percentage associated with each bar graph. The shape of the graphs is categorial and the percentage was quantitative.,topic_6,1.252265174248363e-308
383,"Quantitative: how tall the bar was in comparison to the taller one

Categorical: Circle bar and triangle bar",topic_6,0.09712744007531755
384,"The variable of the students in STAT 218 would be quantitative.

The variable of bar graphs being measured would be quantitative.",topic_6,0.058471383715644885
385,"Favorite zoo animal - Categorical

Gender - Categorical

Age - quantitative",topic_6,0.04400828074655934
386,"which bar is smaller-categorical

the proportion of the two bars- quantitative",topic_6,3.029977102583036e-308
387,"The variables were if the bars were next to each other or separated, which is categorical and how close the guesses are, which is quantitative.",topic_6,0.07616885213111688
388,"Which bar was shorter- categorical (circle or triangle) 

Then how high/low do we think the bar was in comparison to the other- quantitative",topic_6,0.0834531656004004
389,"quantitative by height

categorial by circle or triangle",topic_6,0.17637450475439156
390,how students read the graphs and estimate how big the graphs are. The estimation I quantitative.,topic_6,0.041280684580007096
391,"The variables examined in the experiment were, 

Whether or not the subject correctly identified which structure was smaller - categorial.

How close the subject was to the correct answer of height of the structure - quantitative",topic_6,0.08634146684476432
392,Circle or triangle,topic_6,0.32137930551692734
393,"the circle bar - categorical

the triangle bar - categorical",topic_6,0.35901522985819895
394,"Age and performance scores are examples of quantitative variables because they can be measured on a numerical scale, while gender and treatment type are categorical variables because they involve distinct categories or groups",topic_6,0.02656330998409316
395,Percentages of bar graphs - quantitative and which bar was larger or smaller - categorical.,topic_6,0.0905880902005812
396,"block length - quantitive, color of blocks - categorical, perspective of the block (3D or not) - categorical.",topic_6,0.05313873024604822
397,"Students - categorical

Graphs (longer/shorter; triangle/circle) - categorical",topic_6,0.0379347161508687
398,"The height of the bar graph - it would be quantitative 

The participant guesses - would be quantitative variable 

The graphical presentation - would be categorical variable 

The participants characteristics - categorical (speaking of age, gender, education level)",topic_6,0.03660788497921921
399,"height of the column- quantitative 

which was taller- categorical",topic_6,0.07812152834976724
400,The variables were whether or not a person could accurately say how much smaller a bar was. It was qualitative,topic_6,4.3716995860853115e-308
401,I remember comparing height of columns by using percentages: quantitative data.,topic_6,0.09841185083144646
402,"Variables examined were:

The height of the triangle line (quantitative)

The height of the circle line (quantitative)

If something was taller or shorter (categorical)",topic_6,1.0
403,"The variables examined was which bar was taller (categorical), the circle or the triangle, and if the taller one is 100 units, how tall is the shorter bar (quantitative).",topic_6,1.0
404,-Which bar graphs were greater - categorical,topic_6,0.07643502895582202
405,"The variables that were examined were sets of data with two different letters given. In our case, those were the two sets of data for our experiment that we answered questions about. and they were quantitative because they changed over the course of the experiment.",topic_6,0.04833313620328623
406,"percent of correct estimations - quantitative

which 3-D print models were used - categorical",topic_6,0.02507907288679116
407,One variable could be the correct or incorrect answer ratio. This would be quantitative. A categorical variable would be the accuracy based on gender. A quantitative variable would be the percentage of accuracy between having the online models and the physical models.,topic_6,0.035906346891125984
408,"2D models vs. 3D models - categorical variable

The accuracy of the guess - quantitative",topic_6,0.02548139065099812
409,I do not remember.,topic_6,0.21794488669103987
410,"Correct vs. Incorrect 

=> categorical 

the height of the assigned bar in the sample => quantitative.",topic_6,0.059629974472267984
411,"how close the guess was to actual answer(quantitative)

correctly identifying smaller bar(categorical)",topic_6,0.053366907502500505
412,"the variables examined was triangle or circle. explanatory

also, the height difference between the two variables. response",topic_6,1.0
413,"Larger and Smaller bar: categorical

Height of smaller bar: quantitative",topic_6,3.645838011741274e-308
414,there where two options circle or triangle,topic_6,0.3404554199555699
415,Size of bar-quantitive.,topic_6,3.488501697684923e-308
416,"The students ability to get close, quantitative.",topic_6,0.029401724590557857
417,"Size: Quantitative

Color: Categorical

Shape: Categorical",topic_6,1.929279869163807e-308
418,"The person's guess which is a number, so quantitative. What the actual different is also quantitative. The comparison between the two, also quantitative.",topic_6,1.9857629400528134e-308
419,"Accuracy (quantitative)

Which bar is smaller (categorical)",topic_6,0.05393338245737496
420,Whether the circle or triangle section of the graph was taller was categorical and the height of the smaller graph was quantitative.,topic_6,0.07830957717158514
421,The two variables examined were which bar is smaller and what the size of the smaller would be if the larger was 100. Determining the smaller is categorical and determining the size in comparison to the larger is quantitative.,topic_6,5.311614759717495e-308
422,"Triangle or Circle (which one is smaller) - categorical

Number chosen relative to 100 - Quantitative",topic_6,0.3476827373729906
423,"The height of bars - quantitative

which bar was smaller - categorical",topic_6,3.5895000341700664e-308
424,"Which graph was higher, Triangle or circle, categorical

Which graph was taller or shorter by how many meters, quantative.",topic_6,0.07332105822088901
425,"Variables being examined were the different bar graph models, categorical.",topic_6,0.035330359765147284
426,"the bar graphs - quantitative

participants - categorical",topic_6,0.033458626392382965
427,"how people see things differently 

quantitative",topic_6,1.9773941455101875e-308
428,"What set of blocks we chose, categorical.",topic_6,0.052982158260140376
429,The students or the people who were doing the experiments it was quantitative because they had to the measurement of how long it us to submit the answer.,topic_6,0.060353653398807335
430,"Stats 218 students - categorical

Whether or not the student can get the height of the bar right - categorical",topic_6,0.027181034414354044
431,"Quantitative- Triangle or Circle

Categorical- Difference in Units (0-100)",topic_6,0.25002546745921034
432,How diffeent people interpret different graphs whether its 2d or 3d or real.,topic_6,0.024903860412405977
433,How accurate the student was in finding the differences between heights. I would say its quantitative as were pulling numerical values.,topic_6,0.03512568077398331
434,The variable was categorical and students ability of observe graphs.,topic_6,0.03068916923595276
435,This was quantitative because we were asked to report a percentage.,topic_6,0.021811069836345794
436,The percentage difference between blocks- qualitative,topic_6,2.3672582349619913e-308
437,Percentages and height. These are quantitative since they measure in percentages and numbers.,topic_6,0.0424116390472519
438,The variables that were examined were the height of the bar graph in percentage which would be quantitative.,topic_6,0.06918875073553546
439,"Quantitative: how tall the bar graphs were

Categorical: different bar graphs (digital/physical), 5 different types of bar graphs, triangle vs circle",topic_6,1.9575317844773467e-308
440,"Triangles versus circles

categorical.",topic_6,0.34138261649699747
441,"One variable was the type of graph we were looking at which in that case would be categorical, another would be how much each student thought each bar was, which would be a quantitative variable.",topic_6,1.8310050390500575e-308
442,"The variables that were examined were which bar a study participant claimed was smaller, which was categorical, as well as the degree to which they claimed it was smaller, which was quantitative.",topic_6,5.303027786849084e-308
443,"The information of a person could get would influence his feeling.

Categorical",topic_6,1.5510583280714746e-308
444,The variables were examined were our participation (Categorical) and our responses (Quantitative).,topic_6,1.957205878154768e-308
445,"the variables that were examined were the models which were 2D, 3D, and real life ones. I would say it was quantitative since we had to estimate the size and say how small we thought it was.",topic_6,0.06217899807226857
446,"Type of graph - categorical

Accuracy of response (regarding height differences) - quantitative",topic_6,0.041236910184217046
447,"What type of graph was shown, which is categorical.

How much smaller the smaller data point is, which is quantitative.",topic_6,0.04557694222766719
448,"Ratio Comparisons:  Involves the ratio of heights between the bars in the bar charts which is quantitative. 

Graph Type: Specific characteristics of the bar charts including whether they were adjacent or separated, and whether they were presented in 2D or 3D formats which is categorical.

Type of Data Visualization: Type of graph used to represent the data. It includes three categories: 2D graphs, 3D digital graphs projected in 2D environments, and 3D printed bar graphs. This is categorical.",topic_6,1.258303260866126e-308
449,Estimated difference in tower hits on blocks. Quantitative.,topic_6,0.04052623694740323
450,"Height of objects- quantitative.

Accuracy- (right/wrong) categorical.",topic_6,0.07838352210819033
451,One variable that was examined was the percentage that the student thought was the height of the bar. This is a quantitative variable.,topic_6,0.058098423342466704
452,"The variables were us, the graphs and the website we used. These would be both quantitative and categorical.",topic_6,1.592952562235463e-308
453,"Types of graphs (categorical), height perception (categorical), order of presentation (categorical)",topic_6,0.0246073434602097
454,"Size of culoms, quantitative",topic_6,0.04793267275713309
455,"Experimental, quantitative: block size

Response, quantitative: block value",topic_6,2.259101565411274e-308
456,It was mostly quantitative because it measured which bar length was longer and by how much. I suppose a categorical would be short very long.,topic_6,0.09333363981542785
457,"As I recall, we may have been asked to determine which bar was smaller (categorical) and also, assuming the larger bar was 100, what value the smaller bar would be (quantitative).",topic_6,0.04830912010661804
458,"Response variable, quantitative",topic_6,0.03847254481107336
459,"Height, color, size, and shape were all variables that were examined. I would say it was both variables, since it was asking for a number for height, otherwise this would be categorical.",topic_6,0.0377733037514789
460,Weight in comparison to another height. Color. Which bar was taller.,topic_6,4.0181549990387864e-308
461,"Categorical Variables: The different types of charts (2D, 3D digital, 3D models)

Quantitative Variables: The number of participants and the specific value each participant put on each of the charts.",topic_6,0.0367823993050563
462,"It asked about our sex and that would be categorical, the score on the test and it is quantitative",topic_6,2.036322911529382e-308
463,Categorically how people visualize the graph heights.,topic_6,0.024153015714059253
464,"It was categorical since there were spits in the data, also the variables were seeing if the blocks were squares or triangles, and what that person picked.",topic_6,0.0663379267425816
465,"How close students could estimate the comparative heights of physical bar graphs. Quantitative. 

How close students could estimate the comparative heights of digital depictions of bar graphs. Quantitative.",topic_6,1.1930212212623637e-308
466,"categorical, because there was a correct answer out of the given options.",topic_6,1.599750650143413e-308
467,"categorical variable is the type of way the graph was presented: 

* 3d printed (4d?)

* 3d image that can be moved around

* 3d image

* 2d image

quantitative variable is the height estimation of graph bars compaired with other graph bars:

numerical values from 0.0- 100.0.",topic_6,1.703594604874097e-308
468,"Stat 218 students (quantitative) 

How well students could read a graph (quantitative)",topic_6,0.041108536904627624
469,The variables examined were quantitative.,topic_6,2.1472176343522195e-308
470,Quantitative,topic_6,2.035257176249439e-308
471,How well someone could estimate a value. Quantitative,topic_6,0.04744631308089712
472,"The explanatory variable was the person doing the experiment. The results changed every time a new person was doing it.

 The response variable was the color of the shape picked. The color picked was impacted by the person conducting the experiment.",topic_6,0.07584945548965148
473,"age - quantitative 

gender - categorical",topic_6,0.047739793614093175
474,The variable examined was the height between 2 bars on different graphs. The variable was quantitative.,topic_6,0.08018539963324235
475,How we responded to the prompts is one of the variables and it is categorical,topic_6,0.04698057230957229
476,"Can someone accurately match the real proportion? Categorical. The degree of difference in their response to the true number, quantitative.",topic_6,0.03418100991173336
477,"Number of correct answers - quantitative 

Visual or physical - categorical",topic_6,1.559239131334992e-308
478,"The variables examined in this experiment were nominal variables which have no rank. The participants were choosing between a triangle or circle, both being categorical variables.",topic_6,1.0
479,"Dependent variable : accuracy of reading 

Independent: Changing graphs from virtual reading to actual reading from figures.",topic_6,1.670210707446502e-308
480,"There was color, categorical.",topic_6,1.774482199784893e-308
481,"1) Distance between objects - quantitative

2) Task complexity - categorical",topic_6,0.07680046711126261
482,The variables were categorical,topic_6,0.042365419577300216
483,"the range of accuracy, how close students guesses got to the actual numerical value of the bar graph, quantitative",topic_6,0.03623009736105477
484,"The variables examined are the materials used (digital graph on computer vs. physical model) which is categorical, and the accuracy of the participants guesses (quantitative).",topic_6,0.03572689771681772
485,"heights of the blocks - quantitative 

if the circle or triangle was taller - categorical",topic_6,0.05312920411597679
486,"The variables that were being examinated were quantitative and random assigment. For quantitative the participant had to chose which amount bettwen 0-100 units they thought one of the bars was and submit it. In the case of random assigment, I noticed they were multiple bags for different kits so I guess the random assigment of the bags and selection of the bars was present and examinated in the experiment.",topic_6,0.06987796496968446
487,The variables examined were which bar was higher (categorical) and what was the estimated value of that bar compared to another (quantitative).,topic_6,4.990667617874245e-308
488,whether you could get it or not so categorical,topic_6,1.583436195434167e-308
489,"The variables that were examined are determine which shape was taller, this is categorical. Then it asked to estimate how small the smaller graph was if the taller one was 100 units. this is a quantitative variable.",topic_6,0.030134126765193784
490,"Type of bar chart used (2D or 3D) - categorical

What the individual perceived the data to be - quantitative",topic_6,0.03562701259547032
491,"Independent: type of chart and color of the bars (quantitative)

 

Dependent: participant accuracy and response time (quantitative)",topic_6,0.017044511406228258
492,"The length of the bars, this variable would be quantitative. Which bar the people chose to longer or shorter, this variable would be categorial because they are observing it, but when it asked you to say how much bigger or smaller one bar was from another, that part would be quantitative.",topic_6,0.09348932941988256
493,"The variables examined is if people better estimate the values of graphs, which is quantitative as we estimated with numbers.",topic_6,1.615077501056705e-308
494,"Accuracy scores (quantitative)

Age of students (quantitative)",topic_6,1.5525939007901923e-308
495,"Size comparison - categorical

Difference in percentage - quantitative",topic_6,0.05855168634550433
496,"2d : quantitative

3d: quantitative",topic_6,0.026597000692930313
497,"How close the person was able to get to the correct number of the bar (quantitative) 

Which bar is higher? triangle or circle (categorical)",topic_6,0.11142678187070078
498,The variable is the different bar graphs; categorical.,topic_6,0.033676131276153626
499,"Age: quantitative

Major: categorical

Accuracy of height-guessing: quantitative",topic_6,0.04849675189214321
500,Yes or No --> categorical,topic_6,1.6316720759681744e-308
501,"Which of the 21 kits each person gets would be a quantitative variable.

Whether each person chooses triangle or circle on each chart would be a categorical variable. 

A potential confounding variable would be whether or not each participant got a good nights rest the evening prior to taking the experiment.",topic_6,0.045689626131160614
502,"size of objects: quantitative

perceived size: quantitative",topic_6,0.05112525807528914
503,"Physical or digital, categorical. Difference between 2 graphs, quantitative.",topic_6,0.04937047294816458
504,"Which was smaller?

* categorical

Deciphering by how much the tower was smaller?

- quantitative",topic_6,0.4336680973913242
505,"specific model kits, in person vs online, these categorical 

results of counting - quantitative",topic_6,0.04842092826944036
506,One of the variables was male or female (categorial) the other was age (19 or older: categorial) and another variable was the value of a certain bar on the graph (quantitative),topic_6,0.035249200329736045
507,The accuracy of what we guessed on the visuals. This is a quantitative variable.,topic_6,0.0196631144271173
508,"The variables examined are the sizes in bar graphs along with the comparison to one another. The variable was categorical to start as you would determine which is smaller or larger, then based off that you would determine by how much the smaller graph differed from the larger one which would be quantitative.",topic_6,1.960209805903425e-308
509,"Visualization medium: represents the type of chart used for data visualization (2D, 3D digital, or 3D printed) categorical.

Perceived ratio judgments: The participants' judgments of the ratio between two bars in the chart. Quantitative

Bar chart layout: The layout of the bar charts, including the positioning of bars and the grouping of data. Categorical

Ratio comparison: The specific ratio values used for comparing bar heights in the charts. Quantitative

Graph identification: The identification of specific bars within the charts for comparison is controlled to ensure consistency across participants. Categorical",topic_6,1.211032175033713e-308
510,"Which bar students pick as higher -categorical

How tall the smaller bar is compared to the larger bar -quantitative",topic_6,0.055776989605282754
511,"categorial - the blocks, the height of the blocks",topic_6,0.04507565758718744
512,Rayshader and graphs are categorical variables.,topic_6,0.023494390030884
513,"Type of visual, categorical. The guess in the size of the bar, quantitative.",topic_6,0.023452263306679398
514,"The variables that were examined is whether the student can accurately guess the value of the bar - categorical

Also it could have been the numerical value of how far off the student guessed from the actual value - this would be quantitative",topic_6,0.07421001765893571
0,Circle and Triangle graph. Quantitative,topic_7,0.05053127068847307
1,Model size- quantitative color- categorical,topic_7,2.998478776663782e-308
2,The height which was quantitative and the other variable was the shape on the model which is categorical.,topic_7,0.038537428901334006
3,"There were a few variables that were examined, one of them was being able to judge the size difference between the blocks which is quantitative. Another variable could possibly be genders which would be a categorical variable. Also, we are all college students which could be a categorical variable as well.",topic_7,0.026948104606577795
4,"One variable could’ve been gender (categorical)

another variable may be major (categorical)",topic_7,0.0649482555764434
5,"Each individual graph and what size they were, quantitative

The individual and their selection is a categorical observational unit",topic_7,1.8271401427309746e-308
6,"Number of blocks in a bag: quantitive

whether a student participated or not: caregorical",topic_7,1.7358145505824763e-308
7,"Size difference in the two bars, quantitative

Physical or online bar chart, categorical",topic_7,1.730947538402081e-308
8,"-assigned either an adjacent graph or separated comparison graph (categorical)

-estimating ratios (quantitative)",topic_7,0.02630282434498062
9,"1. The response of statistic students to the 3D kits - Categorial 

2. Effectiveness of 3D printed charts to their 2D rendered parts - Quantitative",topic_7,0.043618344943210194
10,The first variable was which peak in the chart was the tallest between the two. This is categorical. The second variable was how big the difference between the two peaks are and this is quantitative.,topic_7,2.1243006263030306e-308
11,"2D vs. 3D graphs; categorical 

A number out of 100; quantitative",topic_7,0.026578931123038087
12,"How close we were to guessing the percent compared to the other bar. This would be quantitative. Also guessing which bar was bigger, which was categorical.",topic_7,1.8399624883925506e-308
13,"Interpreting 3D graph correctly- categorical

3D compared to 2D- categorical",topic_7,0.02669576680986055
14,The variables were the answers of the subjects on which bar as smaller. This can be a categorical variable,topic_7,3.219044914918085e-308
15,More accurate description - categorical,topic_7,3.4404358011264417e-308
16,"1) Type of graph (categorical)
2) Student observations (quantitative)
3) Student characteristics (categorical)",topic_7,0.03748390249583045
17,"the categorical variables were: type of chart (2D, 3D Digital, 3D printed), determining which bar was smaller, and whether it was adjacent or separated. 

the quantitative variable was the number we put (on the slider) on the difference between the smaller and larger bar",topic_7,0.050939555436698994
18,"The bar graphs, percentages were quantitative.",topic_7,0.06055847304097661
19,The variables that are examined are the blocks and the numbers which are all categorical.,topic_7,0.04727316775156706
20,"The study was a little bit ago so I am going to do my best to remember, but we were asked to compare 2 variables in a bar graph and compare their hights based off how much of a percentage they were bigger or smaller than the other. They were quantitative variables.",topic_7,0.03432019718811609
21,The explanatory variable could have been color of graph (categorical) and the response could have been accuracy of estimation of values (categorical).,topic_7,1.7263601816011667e-308
22,"Height: categorical 

color: categorical",topic_7,2.974955130353723e-308
23,"Variables that were examined were 2D chart v.s 3D chart, that would be categorical. And how big/small was letter A to letter B for a 2D and 3D chart, that would be quantitative.",topic_7,0.0379046953392819
24,"Variables that were examined include whether 3D digital, 2D digital, or 3D physical models are easier to understand/are better, which would be categorical and how close people are to estimating the correct lengths of the bars, which would be quantitative.",topic_7,0.045090691341541866
25,"2D and 3D shape designs  - categorical 

Perceived height compared to actual taller or shorter - categorical 

Peoples ratio of judged heights - categorical (numerical)",topic_7,0.042317415663149796
26,"One variable examined is the ratio between different bars on a bar graph. This variable is quantitative because the ratios are number values. Another variable is the chart type. This variable is categorical because the three types of graphs are 2D graphs, 3D digital graphs, and 3D printed graphs.",topic_7,0.04314214763369832
27,"Correct bar chosen, categorical 

Ration of the bar, quantitative",topic_7,1.6608109549395325e-308
28,Did the student guess correctly? Categorical,topic_7,0.11377137062419694
29,"Variables examined: Age, specific school (university), class, grades

 Age: Quantitative

Specific School (university): Categorical

Class: Categorical

Grades: Categorical",topic_7,3.530202104998148e-308
30,"The student's perception of height analysis - categorical

Height of the building - quantitative",topic_7,0.039756435319187045
31,"Explanatory: Which block is larger (quantitative)

Response: Student estimate (quantitative)",topic_7,1.6362197834227136e-308
32,The variables examined were the shape things we were given and it is categorical.,topic_7,0.03925647738660777
33,the percentage of size one bar is compared to another -- quantitative,topic_7,1.696744685940676e-308
34,"Whether or not the student chose the correct answer- categorical

the percent that the students guessed- quantitative",topic_7,1.0
35,"2D or 3D = categorical

Correct value or Incorrect value = quantitative",topic_7,0.04004228678479177
36,"What percentage of a bar compared to another in the physical/digital graphs - Quantitative

Whether the graph/bar is physical/digital - categorical.",topic_7,0.06555152515669987
37,"The variables examined are categorical, as we are testing understanding of graphs, which is kind of a yes or no question, you either understand or you didn't. A variable that could have been examined by this is if more students guessed values correctly on the 3D graph or the online 2D graphs.",topic_7,0.04502739883926026
38,accuracy of data to graph and it would be quantitative because it is a numerical response,topic_7,0.03949376528327882
39,"Whether the person said the point on the block was taller or shorter: Categorical

The height the person said the point on the block was: Quantitative",topic_7,1.804379768612959e-308
40,the difference between shapes and it was quantitative,topic_7,0.03848178911388187
41,* heights of blocks: quantitive,topic_7,1.582281115823159e-308
42,I think the variable is if they guess the right block and thats categorical.,topic_7,0.049974444714222487
43,"Students answer- quantitative

how accurate their answer was- quantitative",topic_7,1.0
44,"Graphs and percentages were given to the students, but finding if they choose the correct percentage is categorical.",topic_7,1.0
45,"The variable examined was the different column sizes of 3D blocks. This would make it categorical.

(*I did the online version due to a COVID diagnosis so I'm not sure if things were different in-person.*)",topic_7,0.055934650823610745
46,whether or not the comparison of triangle and circle was correct-categorical,topic_7,0.046946783694295
47,One quantitative variable is the percentage/amount of difference in each bar. A categorical variable is whether the individual thinks one bar is bigger/smaller than another. Another categorical variable is whether the bar graph is a 3D model or graphic on a computer/screen.,topic_7,1.9834810554056066e-308
48,I would say the experiment was more categorical than quantitative.,topic_7,0.12299500746542787
49,"Accuracy of answers may have been a variable (ie. how close to the correct answer each answer was), and that would have been a categorical variable. Another variable would have been the participant within the study, such as if they were male or female, and that would have also been a categorical variable.",topic_7,3.170135669056682e-308
50,"independent: form of data (categorical)

dependent: accuracy of data interpretation (quantitative)",topic_7,0.01948701185432463
51,The hights of the blocks were they variable examined and that is a quantitative variable.,topic_7,1.654721356367179e-308
52,They examined the estimated size ratio using a percentage. This would be mostly quantitative because they are valuing a number. They also could be testing if you are correct or not which would classify more as categorical.,topic_7,0.10306587400313459
53,Which graph was smaller which is categorical and what percentage the bar was in relation to the other bar which was quantitative.,topic_7,0.06941895954632452
54,They were categorical and it was a circle or triangle.,topic_7,0.042661364000519876
55,"It was a quantitative variable that was determined as we had to always enter a number for the graphs. Then from the results we can conclude many categorical variables such as if age, gender, or any other variables have a trend with corresponding answers.",topic_7,1.901675421088864e-308
56,The variables that were examined were the test we chose which would be categorical and the amount of tests we did which were quantitative.,topic_7,3.723039181012536e-308
57,"Length- quantitative

Age- categorical

Gender- categorical",topic_7,0.08156648979477245
58,the height of the blocks - quantitative,topic_7,1.5750001984811044e-308
59,Whether or not each question involved a physical graph model or a picture (categorical) and the accuracy of the value estimation (quantitative).,topic_7,0.028859550385486682
60,"wether someone was a researcher or not- categorical

the accuracy of their responses- quantitive (most likely)",topic_7,1.0
61,"categorical variables -- smaller/larger

quantitative -- the actual number assigned to the interpreted size",topic_7,0.03876209042895292
62,"We examined the color - categorical

shape-categorical 

what number block it was- quantitative

where we thought a certain number would lie on each block- quantitative",topic_7,0.04620729091324278
63,The number we were choosing for the supposed values could be quantitative data while seeing if the triangle or circle columns matched could be categorical.,topic_7,1.863277273164836e-308
64,"Quantitative- the assumptions made

categorical- was the assumption correct

quantitative- the degree of correctness",topic_7,0.5680466644118373
65,"physical blocks/digital blocks - qualitative

size of blocks - quantitative",topic_7,1.555277589836098e-308
66,Independent variables were examined in this.,topic_7,4.1810089305524384e-308
67,"Size difference. Quantitative

calculation error. Quantitative",topic_7,0.044161920250425146
68,"what number you thought the graph was at - quantitative

which graph was larger - categorigcal",topic_7,1.781150220462106e-308
69,"Some of the variables that may have been examined include: whether or not the participant identified which graph was larger (categorical), and how close or far the participant identified the correct numerical difference between the graphs (quantitative).",topic_7,1.985453051236414e-308
70,ability to interpret the graph and make estimates could be categorical and the number that was inferred could be the quantitative variable.,topic_7,0.039154974446375765
71,"Which graph was read more accurately on average, which is categorical.",topic_7,0.043502103296833045
72,The variable that was examined was categorical because they determined whether or not people correctly estimated the range of the 3D and 2D graphs.,topic_7,0.050769690554424145
73,"Which bar on each bar graph was smaller, and the value of the smaller bar when you are told that the larger bar has a value of 100. Whether a particular bar is smaller is categorical, while the comparative value of the smaller bar is quantitative.",topic_7,0.03986756017319197
74,The variables were the arrangement of the data bars and the estimated values of the data bars by the students. The first one is categorical and the second one is quantitative.,topic_7,0.07722832689367906
75,"Independent- the triangles and circles on the model (quantitative) 

Dependent- number of collector identified shapes within the percentage (quantitative) 

control- the models were kept the same",topic_7,0.019714381499615505
76,I think the variables were which graph portion we tested was bigger than the other (categorical) and the quantitative were the numbers we were guessing. This can also be a categorical variable too because it was either right or wrong. The other quantitative variables were how many correct guesses we had and how many we got wrong.,topic_7,1.990489988479747e-308
77,"Accuracy of estimate - yes or no would be categorical, percentage would be quantitative

Which bar is taller - categorical",topic_7,0.03657551232924067
78,"Independent variable: Changing units- categorical

Dependent variable: Comparing of two units, circle and triangle- quantitative

Categorical variable: Age, gender, perception- categorical",topic_7,2.145042514657966e-308
79,how accurate we guessed on the online or in person graphs - i want to say quantative because they are just numbers,topic_7,0.3566143372186227
80,"The variables was whether the triangle or circle bar was taller, this is categorical. The other variable was the prediction made by the people being sampled, this is quantitative.",topic_7,0.08057151275336713
81,Our personal information and how accurately we could determine dimensions.,topic_7,0.05785815709708411
82,One variable is what kit the participant was given to use during the survey. This would be a categorical variable. Another variable could be what height each participant said the model/graph was. This would be a quantitative variable as there is a complete range of possible entries. Another variable might be the percentage of questions participants got correct. This would be a quantitative variable. A fourth variable could be if the participants met a set threshold for correct answers. This would be a categorical variable.,topic_7,0.03798229659308512
83,The different sizes of the columns are compared to another bigger one. The variables are quantitive.,topic_7,3.2589876681384075e-308
84,The smaller and bigger columns and the difference in them. The variables are quantitive because we are looking at the different sizes of the columns which could be changed to amounts of money to be compared.,topic_7,3.3009234004409353e-308
85,"Independent:the type of model (categorical digital 2D, digital 3D, physical model)

Dependent:the accuracy of the guess (quantitative)",topic_7,0.019824460654448265
86,Which one was high which is categorical and by how much which is quantitative,topic_7,2.0358679457149193e-308
87,"The two variables that we examined were which of the two selected bars were smaller, which was a categorical variable, and how big the smaller bar was in relation to the larger bar, which was a quantitative variable.",topic_7,2.753389710835425e-308
88,"the independent variable was the blocks they were given (categorical)

dependent is what height they guessed and how accurate (Quantitative)",topic_7,0.06253570776914932
89,The variables examined would have been what percentage the different spaces on the charts represented which is a quantitative variable.,topic_7,0.06064776643905959
90,"People learn better in 2D graphs than 3D - Categorical 

 

People have a higher chance of getting a question right when they use a 3D graph - Quantitative",topic_7,0.027637238347398355
91,"There were many variables, but I think that most of them were quantitative, because when we were doing the experiment, it was a lot of guessing with numbers.",topic_7,0.10556652411819528
92,"graphical encoding types, which are categorical

accuracy of participant estimates which is quantitative

task type or graph type, categorical",topic_7,0.03810259821030597
93,"Online vs physical (categorical)

data percent perceived (quantitative)",topic_7,0.39566406823691
94,"The experiment looked at a mix of chart features and participant responses. It compared different chart types—2D digital, 3D digital, and 3D printed—as well as how the bars were arranged (either next to each other or separated), which are both categorical variables. Participants were asked to judge which bar was smaller and estimate the ratio between them, giving quantitative data. The actual ratio and the error in their guess were also measured, both of which are quantitative too. So overall, the study tracked both the kinds of charts used and how accurately people could read the data",topic_7,1.78063895624427e-308
95,"time- quantitative, shape-categorical, color-categorical",topic_7,3.0813077124633653e-308
96,One variable was if the graph was 3D or 2D on the computer which would be quantitative. Another variable would be what color the printed graph was which would also be quantitative.,topic_7,1.8348537126669177e-308
97,The variables examined were if the participants were able to identify with decent accuracy the correct data from the 3D bar chart.,topic_7,0.0473214975860106
98,I feel like a variable of this could be the judgement of the graphs. This would be a categorical variable.,topic_7,0.04194800642455284
99,"Explanatory: 2D vs 3D (categorical) 

Response: The estimated distance/height between the two (quantitative)",topic_7,0.03970569793433706
100,"The symbol pi was used, and so were Hypothesis A and Hypothesis O.",topic_7,0.034120313572791355
101,Which graph used (categorical) and how accurate the reading was (quantitative),topic_7,1.8014510070833726e-308
102,the variables that were examined where the number of the graph and how tall we thought each bar was. The heigh we thought the bar was is a quantitative variable. The bar that was observed would be a categorical value.,topic_7,1.945074692773898e-308
103,"Height of the graph (quantitative)

Participants correct answer vs not (categorical)",topic_7,0.0453919426337942
104,"Accuracy of guess: quantitative 

Medium: qualitative",topic_7,0.45402825777441275
105,"Chart format categorical, time to complete response quantitative, judged ratio quantitative",topic_7,1.755499045823132e-308
106,hours of sleep and it is quantitative,topic_7,0.11092346375099456
107,The ratios of the circle bar compared to the triangle var were examined. I would say finding the ratios is a quantitative variable.,topic_7,0.03958747233944399
108,"number of scores that students get right, quantitative

type of problems given, categorical",topic_7,1.0
109,"The type of graph was a variable that was examined, and this variable is a categorical variable. other variables that were examined were, the true height between the bars and the height found by the participants. both of these are quantitative.",topic_7,1.984972590777587e-308
110,"The variable examined were the bar graph data between two bar A and bar B. It could be categorical because you are choosing which graph is greater, either A or B not a number.",topic_7,1.937913661864329e-308
111,"variables

which was bigger a or b - this is catagorical

What percent bigger - quantitative",topic_7,0.02328896169916753
112,"The number of people who participated in this, quantitative

Examining 2d and 3d graphs, categorical",topic_7,0.05026672765847884
113,"Height of the bar- quantitative 

Correct/ incorrect guess- categorical",topic_7,0.03466232840955685
114,"Graph type, which is categorical because it's a category so it's categorical. And valid perceptions, which I suppose could be quantitative because you could convert it into a ratio.",topic_7,0.036443470768325936
115,"Chart Type: categorical

Bar spacing: categorical

Ratio accuracy: quantitative

Bar size: quantitative",topic_7,1.6666171092354207e-308
116,"Whether or not participants could correctly guess difference - categorical

How far off participants were in their guesses - quantitative",topic_7,1.0
117,"One variable was correct or incorrect answers with 2D graphs, which is categorical. Another variable was correct or incorrect answers with 3D graphs, which is also categorical.",topic_7,0.04286894662013121
118,"The variables were the data model formats presented and the values assigned to each perceived value of said data models. The data model formats are categorical, either 2D or 3D, and the values assigned to each data model is a quantitative variable, assigning numerical values that can be averaged and calculated against.",topic_7,0.06035315458500717
119,"Some were asking which bar had a bigger value. -- categorical

Some were asking to give a value to a bar. -- quantitative",topic_7,1.92965848005041e-308
120,"bar height (quantitate) 

bar color (categorical) 

label on each bar (categorical)",topic_7,0.027836400589719344
121,"graph type, categorical

ratio of bars, quantitative

accuracy of judgment, quantitative

individual participants, categorical

bar grouping, categorical",topic_7,0.028725726426960748
122,Variables that were examined would be graph difference in height which is quantitative.,topic_7,0.06059879301400743
123,if the graph is larger. Categorical,topic_7,1.7376008935666165e-308
124,"Chart Type: Categorical

Participant Judged ratio: Quantitative

Ratio between bars: Quantitative

Log error of judgement: Quantitative

Which bar is smaller between bar a and bar b: Categorical",topic_7,1.5871933583839476e-308
125,One variable was if the graph was 3D or 2D on the computer which would be quantitative. Another variable would be what color the printed graph was which would also be quantitative.,topic_7,1.8703805519103006e-308
126,"graphical encoding types, which are categorical

accuracy of participant estimates which is quantitative

task type or graph type, categorical",topic_7,0.041301016417775144
127,the variables that were examined where the number of the graph and how tall we thought each bar was. The heigh we thought the bar was is a quantitative variable. The bar that was observed would be a categorical value.,topic_7,1.968297902282272e-308
128,"time- quantitative, shape-categorical, color-categorical",topic_7,3.1074168206556654e-308
129,Which graph used (categorical) and how accurate the reading was (quantitative),topic_7,1.829267277066517e-308
130,I feel like a variable of this could be the judgement of the graphs. This would be a categorical variable.,topic_7,0.04075585294195829
131,"The experiment looked at a mix of chart features and participant responses. It compared different chart types—2D digital, 3D digital, and 3D printed—as well as how the bars were arranged (either next to each other or separated), which are both categorical variables. Participants were asked to judge which bar was smaller and estimate the ratio between them, giving quantitative data. The actual ratio and the error in their guess were also measured, both of which are quantitative too. So overall, the study tracked both the kinds of charts used and how accurately people could read the data",topic_7,1.802325864102758e-308
132,"There were many variables, but I think that most of them were quantitative, because when we were doing the experiment, it was a lot of guessing with numbers.",topic_7,0.10707082419065206
133,The variables examined were if the participants were able to identify with decent accuracy the correct data from the 3D bar chart.,topic_7,0.0471403925251864
134,"People learn better in 2D graphs than 3D - Categorical 

 

People have a higher chance of getting a question right when they use a 3D graph - Quantitative",topic_7,0.027346465260554193
135,"the independent variable was the blocks they were given (categorical)

dependent is what height they guessed and how accurate (Quantitative)",topic_7,0.06388746031517592
136,"The symbol pi was used, and so were Hypothesis A and Hypothesis O.",topic_7,0.03549993920039048
137,The variables examined would have been what percentage the different spaces on the charts represented which is a quantitative variable.,topic_7,0.06065913925168991
138,"Online vs physical (categorical)

data percent perceived (quantitative)",topic_7,0.39585700270720914
139,"Explanatory: 2D vs 3D (categorical) 

Response: The estimated distance/height between the two (quantitative)",topic_7,0.03962191438917211
140,The variable examined was what height we thought the shorter graph was compared to the larger bar. This variable was quantitative.,topic_7,0.05842259048056668
141,The variables being examined were that of: 'accuracy in estimation of the distances' and 'male vs. female'. I would say both are categorical.,topic_7,0.07951879063200763
142,[expirement -2.docx] (/users/286374/files/21155815?wrap=1&verifier=fC22T9TgCcZie7zS8sKiVPG12cMajTtaj2MbI7Lo),topic_7,0.03129830580288067
143,"Here are the main variables examined in the experiment:

 

* Chart type (2D, 3D digital, 3D printed) – Categorical

* Bar layout (adjacent vs. separated) – Categorical

* Ratio judgment given by the participant – Quantitative

* Accuracy of the ratio (measured as log error) – Quantitative

* Which bar was identified as smaller – Categorical

These variables helped the researchers measure how chart format and layout affect people’s ability to judge data accurately.",topic_7,1.6719965943178053e-308
144,"Accuracy - quantitative 

Gender - categorical

Age - categorical

Taking STATs? - categorical",topic_7,0.08868406327310249
145,Circle and triangle,topic_7,0.04873468365649238
146,"Effectiveness of 2D screen graphs: Categorical

Effectiveness of 3D screen graphs: Categorical

Effectiveness of 3D in hand graphs: Categorical",topic_7,0.02787036369112167
147,"The amount of time spent on each question - quantitative 

Which tower was taller - categorical",topic_7,0.04515099966566484
148,"The variable that was examined was if the circle or square tower was higher, which is a categorical variable.",topic_7,0.029045420181585554
149,The variable that was exmined was triangle or circle and that is categorical.,topic_7,1.7250152039144945e-308
150,Which bar was bigger and what the percentage bigger- quantitative.,topic_7,1.698494629097128e-308
151,One variable was the height of the graph and that was quantitative because it asked for how tall they were and also categorical because on the graphs they had the circle or triangle.,topic_7,1.9206318720437145e-308
152,"Height of the towers - quantitative 

Which tower was taller (triangle or square) - categorical",topic_7,0.05095891280708726
153,"Selecting whether circle or triangle was the highest or lowest compared to each other, and I selecting by how much lower or higher. I think that this experiment is quantitative.",topic_7,1.9103082292963206e-308
154,"Bar height estimation: quantitative.

Trial number: quantitative.

Participant ID/code: categorical.",topic_7,0.07871710092788033
155,it was quantitive because we are guessing a number or percentage based on the naked eye,topic_7,1.0
156,"The person's favorite animal, which is categorical. And their estimation of bar height percentages in each scale which is quantitative.",topic_7,0.08974599625435882
157,"Bar graph size: quantitative

What kind of graph: categorical",topic_7,1.8119217938512883e-308
158,"same graphs given to everyone, assigned in different orders both are categorical",topic_7,1.724867612092354e-308
159,"Human analysis ability - quantitative

tower height - quantitative

bigger or smaller - categorical",topic_7,0.041260698288640395
160,"Triangles and circles, this is categorical. Shorter versus taller graphs or models, this is categorical. The actual hight of the shorter section of the table/graph, this is quantitative.",topic_7,0.026265110042927645
161,"One variable that was examined would be if the participant guessed the right proportion which would be qualitative.

Another variable that was examined was age group, this was also qualitative.",topic_7,0.0743282914817747
162,"charts you got correct online- categorical

charts you got right with physical copy- categorical",topic_7,0.03598336927268128
163,"Height of a bar, categorical.",topic_7,1.6006766706281573e-308
164,"How long we think the block is, quantitative 

Which block is smaller, categorical",topic_7,1.5159240903902124e-308
165,"The different types of graphs, being physical, 2d, or 3d- quantitative 

The size of the bar in question- quantitative

If it was either a circle or triangle bar- categorical",topic_7,1.8646795331890237e-308
166,"triangle or circle bar--categorical 

the height of the bar--quantitative",topic_7,0.034451686635137445
167,The variables examined were the proportion of one tower to the next and if it was a star or circle. The first one is quantitative and the second is categorical.,topic_7,2.0195143352072534e-308
168,Quantitative because there were more then two possibilities.,topic_7,1.0
169,"Is the bar shorter vs taller - categorical

What percent shorter or taller is the bar - quantitative",topic_7,1.6513266200603063e-308
170,"* If the students can estimate the height of the block properly - categorical

* The package of bars given to the students - quantitative",topic_7,1.793596023081714e-308
171,"There were at least two variables recorded, whether the subject got the percentage right, and whether they stayed consistent. These were both categorical.",topic_7,1.0
172,Interpretation of graphs - Quantitative,topic_7,1.7651639137890955e-308
173,"* the percentage guess = quantitative

* did they follow directions (was the guess close at all) = categorical",topic_7,1.0
174,"which bar was larger, circle or triangle. this is categorical

how many units tall is the shorter bar if the larger bar is 100. this is quantitative",topic_7,0.03104687084567391
175,"1. chart type: categorical

2. bar spacing: categorical

3. spacing between bars: quantitative

4. individual judgement: quantitative

5. accuracy: quantitative

6. size (a or b): categorical",topic_7,0.03218455594277684
176,Type of bar chart (categorical) and the height judgement (quantitative),topic_7,0.02445827019052931
177,"Type of Graph (2D, 3D digital, 3D printed)

Categorical

Perceived Bar Ratio 

Quantitative

Accuracy of Comparison 

Quantitative

Participant's Choice of the Smaller Bar 

Categorical

Order of Chart Presentation

Categorical",topic_7,1.6344483827900056e-308
178,"The main variable looked at where the different types of graphs in the accuracy of the individuals answers the type of graph whether it was 3-D 2-D, digital or 3-D printed there is a category variable because it will involve different groups of categories, so the accuracy of the ratio judgment is quantitive because it measures with numbers specifically using a log air formula, another possibility is a categorical variable. This could be the layout of the bars like is it adjacent or separated.",topic_7,0.03020077137436824
179,na,topic_7,0.044433144831774206
180,"Type of Data visualization: categorical variable with three levels, 2D graphs, 3D digital graphs, 3D printed graphs

Ratio of Smaller Bar to Larger Bar: Quantitative variable the ratio is numerical values

Perceived Ratio of Smaller Bar to Larger Bar: Quantitative variable it represents the participants estimate of the ratio

Log Error of Ratio Judgment: Quantitative variable its a calculated numerical value representing a difference

Bar Chart Comparison Type: categorical variable with two levels, adjacent and separated",topic_7,1.5516784948440763e-308
181,The size of the graph - quantitative,topic_7,1.7685811545344094e-308
182,The variables examined were the block size percentages compared to one another. They were quantitative because we were guessing the size of the block based upon another.,topic_7,1.604261942616819e-308
183,"the people used - categorical

and the style of bar chart- categorical",topic_7,0.03640994405446036
184,"This experiment examined multiple variables, including quantitative variables and categorical variables. Quantitative variables include the proportion value estimated by the participants (the relative length of the triangular cuboid and the circular cuboid) and the true value of the proportion, which are numerical data that can be mathematically calculated and error analyzed. Categorical variables include the shape of the labeled figure (circle or triangle), the number or code of each model (used to distinguish different 3D bar graph models). By analyzing these variables, the experiment can explore whether the shape of the figure and the characteristics of the model have a systematic impact on the estimation of visual proportions.",topic_7,1.7047896611316675e-308
185,categorical,topic_7,3.5906058323227613e-308
186,"Accuracy of noticing the tallest of the bars: qualitative

Type of graph: categorical

Response time: qualitative",topic_7,0.04207339168775107
187,The variables were how we were able to read the graphs.,topic_7,1.8307755779798105e-308
188,"The ratio of heights was categorical, each graph was presented quantitatively, and then the test was administered categorical.",topic_7,0.04265065582521064
189,"One variable is the type of chart, which is categorical. Another variable is the accuracy of bar size judgement, which is quantitative.",topic_7,0.05464401798789227
190,"size estimated - quantitative

over or underestimate - categorical",topic_7,0.047775346661008224
191,Variables examined were participants reading charts and making judgements without physical measuring and this is qualitative and they found the difference in their judgement and the actual result and this is quantitative.,topic_7,0.08550614856359927
192,"The variables examined were the X, Y, and Z axes (quantitative), the color of the points  (categorical), and the shape of the points (categorical).",topic_7,0.0521547160588527
193,"I do not remember the exact variable used, but they were most likley categorial because we did not have to do any numerical calculations.",topic_7,0.07925660653070309
194,"The variables that are examined are the chart type which is categorical, bar spacing which is categorical, true ratio between bars which is quantitative, participant’s judged ratio which is quantitative, log error of judgment which is quantitative, and which bar was chosen as smaller which is categorical.",topic_7,1.688195273498706e-308
195,"1. Type of graph – Categorical

2. Accuracy of bar height judgment – Quantitative

3. Time taken to respond – Quantitative

4. Participant background or experience – Categorical",topic_7,0.04539546191521879
196,The quantitative variables were the participant's numerical guess and the actual answer. The categorical variable was the type of graph.,topic_7,0.04365765461373151
197,"Type of chart- categorical

If the correct answer was given- quantitative",topic_7,0.039206187997105534
198,"1. Age of the Cow

*

Type: Quantitative

*

Description: The exact age of each cow, usually measured in years or months, to identify how age influences calving difficulties.

2. Calving Difficulty

*

Type: Categorical

*

Description: A classification of how difficult the calving process was (e.g., easy, moderate, or difficult). This could be assessed based on the need for human intervention or complications during delivery.

3. Calving Assistance Type

*

Type: Categorical

*

Description: The type of assistance provided during calving (e.g., no assistance, mechanical assistance, veterinary intervention, etc.).

4. Calving Outcome

*

Type: Categorical

*

Description: The outcome of the calving process (e.g., healthy calf, stillbirth, live calf with complications). This could also be categorized based on the health of the calf or cow after the birth.

5. Weight of the Cow

*

Type: Quantitative

*

Description: The weight of the cow could be used to explore how body condition or size influences calving ease.",topic_7,0.049146102148445725
199,"Some variables that were mentioned in this abstract were the bar spacing/color, and also how the graph was being formed or the orientation of the graph whether it was horizontal, or vertical pertaining to the data collected. These variables are categorical. Other variables such as the height of both bars (2D and 3D), and the size of the data represented, are examples of quantitative variables.",topic_7,0.04291258839045905
200,"Graph type- categorial 

Bar grouping type- categorial 

Judged ratio of bar heights- quantitative

True ratio of bar heights- quantitative

Error in ratio judgement- quantitative",topic_7,0.027014676488214383
201,The categorical variable would be if students were able to perceive data better with the 3D models.,topic_7,0.033648018192041364
202,"Variables I remember asked was age and if I was a member of stat 218. Age is quantitative and if I was in the class or not is categorical. The response variable is my score on the experiment, quantitative.",topic_7,3.255394699086989e-308
203,"The variables which were examined where the type of graphical display (categorical) as well as the graph features; color, size, and shape, which is also categorical. Another variable examined would be the accuracy of participants responses. This would be quantitative because students were asked to give a number for a portion of the graph depending on the number assigned to the other portion of the graph.",topic_7,0.033847481162229937
204,"Explanatory variable: Type of graph (i.e., 2D, 3D, or 3D printed); categorical
Response variable: Accuracy of participant in estimating bar length; quantitative.",topic_7,1.7901828333452207e-308
205,The variable that was examined in this experiment is if people view 2D and 3D differently and which is more accurate.  It would be categorical because there are only two groups.,topic_7,0.03236262620653966
206,"The actual height difference between the blocks is quantitative, as the testers estimated. The estimation of error would also be quantitative. The taller block correctly identified would be categorical.",topic_7,1.8091718794877084e-308
207,"*

How long something took – that’s a number, so it’s quantitative.

*

What choice someone made – like picking A or B, that’s a categorical variable.

*

Which group someone was in – like Group 1 or Group 2, that’s also categorical.

*

How many things someone got right – that’s a number, so it’s quantitative.",topic_7,0.059482326563069524
208,"Percentage - quantitative

How many people guessed what number - quantitative",topic_7,0.594367573479635
209,"Im not sure what variables were exactly examined. I belive this reflection should be closer to the time we take the experiment, as we are college students trying to retain a lot of information, especially me as a senior graduating this year. I hardly remember the expeierment",topic_7,0.09377380760123422
210,"The experiment looked at the type of graph and bar spacing, which were categories. The judged ratio and log error were numbers. The correct bar choice was also a category.",topic_7,1.600347523067944e-308
211,Ratio accuracy and Graph type,topic_7,1.532412496132046e-308
212,"*

Chart type (2D, 3D, 3D printed) – categorical

*

Ratio judgment accuracy – quantitative",topic_7,0.02909758813477895
213,"Chart Type is categorical, the bar type was categorical.",topic_7,0.03617807737900043
214,The variables examined were the use of a computer or physical model. This was categorical. The response variable was how close to the true value the students responses were. This response was quantitative.,topic_7,0.06967218076109016
215,"Bar size- quantitative

Age- categorical

Education- categorical

Sex/gender- categorical",topic_7,0.08569416909207238
216,"The first variable is which bar was smaller, circle or triangle; categorical. The second variable is that if the bigger/taller bar of the two was 100 units, what is the size of the smaller; quantitative.",topic_7,2.1511741045707374e-308
217,"Categorical: chart type - 3D vs 2D charts

Quantitative: Response Time - how long it took to make a judgement",topic_7,0.047075978628614575
218,"quantitative data

the percent height difference between the two bars",topic_7,0.024425283323512598
219,"How good a person's memory is - qualitative 

How good of eyesight they have - qualitative

seeing or not seeing color - qualitative",topic_7,0.08775463088135536
220,"Categorical is whether triangle or circle was smaller or taller, and quantitative would be the number of units of the smaller one compared to the taller one.",topic_7,0.03156785396600648
221,the size of the columns and that was quantative,topic_7,3.3606738011336176e-308
222,One variable could be which graph the student said was the smallest. This is categorical because it was either a circle or a triangle response.,topic_7,1.6976522975099784e-308
223,"We first decided what tower was taller (whether the circle or triangle), this was fairly easy (categorical). Then we compared the 2 towers and gave an estimation how tall the shorter one was if the other was 100 units high (quantitative).",topic_7,0.03980040881781965
224,The size of the stacks was given which would be quantitative seeing as it was a numbered amount.,topic_7,3.53606322754145e-308
225,"Independent: Gender (categorical) 

Dependent: accurate interpretationEach  of graphs (quantitative)",topic_7,0.01868283718659949
226,"Size of bar graphs (height): quantitative

If triangle or circle was smaller than the other: categorical",topic_7,0.03235523962084537
227,"Categorical: Circle vs. Triangle 

Quantitive: Difference in units between the circle and triangle",topic_7,0.04916961044483742
228,how accurate our observed ratio is to the actual ratio :quantitative,topic_7,0.5258369666812761
229,"The independent variable is the type of graph viewed (screen or in-person), which is categorical. The dependent variable is the numerical value the participant assigned to the bars, which is quantitative.",topic_7,1.8804353867759947e-308
230,"smaller or larger bar: categorical

how much bigger or smaller: quantitative",topic_7,1.745162480586354e-308
231,"Which bar was larger-categorical

Percentage- quantitative",topic_7,1.7228433494467685e-308
232,"The graphs, categorical

The measurements, quantitative",topic_7,1.792075720357849e-308
233,The variable observed was how well each student did on the examination. This was a quantitive variable.,topic_7,0.07922199603813401
234,"Bars - Quantitative

Gender - Categorical

Age - Quantitative",topic_7,0.0855713902703802
235,"Students ability to understand graphs - Categorical

Students ability to identify the matching picture of the graph - Categorical",topic_7,0.04087405728005624
236,"The variables examined were the heights of the graphs, and this would be quantitative. I also think that other questions we were asked were along the lines of ""is line A taller than line B"", which would count as a categorical answer, being ""Yes"" or ""No"".",topic_7,2.0970709129124805e-308
237,"Type of model (physical/digital): categorical

Accuracy of identifying proportion: quantitative",topic_7,0.32610941413877753
238,"The time it takes to identify the taller one and the methods by which one identifies the taller one such as how they choose how much taller/shorter the block is. This would be quantitative. 

Whether students choose the right or left block as the taller one is categorical. 

The number in which students measured the difference in height of the blocks would be quantitative.",topic_7,1.798245529182453e-308
239,"The experiment most likely looked at characteristics like the number of blocks counted or estimated (quantitative), the color or arrangement of blocks (categorical), and the accuracy of student replies (quantitative). These variables were used to investigate the effects of visual data presentation on interpretation and estimating abilities.",topic_7,0.047044827635427444
240,Heights of figures compared to other figures: quantitative,topic_7,0.028254253426354105
241,There were categorical and quentitative variables being examined.,topic_7,3.69748161038503e-308
242,"The different variables were the bar graph that the student is examining (categorical), and the percentage at which the student thought the bar was at (quantitative).",topic_7,0.06127497077120418
243,The proportion of the bars on the graph were examined. This is a quantitative variable.,topic_7,0.059785649084856965
244,"The study examined several key variables. Chart type (2D, 3D digital, or 3D printed) and bar spacing (adjacent or separated) were categorical variables. The true ratio of the compared bar heights and the participant’s judged ratio were both quantitative variables. The error in perception, calculated as log2 error, is also a quantitative variable. Additionally, the identification of which bar (marked by a circle or triangle) was smaller is a categorical variable. These variables collectively helped analyze both accuracy and perception across chart types and layouts.",topic_7,1.636396376327908e-308
245,The level of shape (quantitative),topic_7,0.03890265998258115
246,"Color- Categorical

In-person versus picture- Categorical",topic_7,3.0049054576061806e-308
247,The variables would be the graphs which is quantitive and the students would be categorical.,topic_7,0.025742576983379124
248,"Possible variables include task completion time (quantitative), accuracy of performance (quantitative), and participant feedback or preference for certain models (categorical). If models were labeled by design type, that would be another categorical variable. If ratings were collected on a scale (like a 1–5 satisfaction scale), those would be quantitative as well.",topic_7,0.07627880403802402
249,"Which version of the graph they are using (2-D, 3-D, 3-D digital) - Categorical

Accuracy in peoples answers about the height - Quantitative",topic_7,0.028928833929828913
250,which bar graph is easier to read which is categorial.,topic_7,0.06454527377299246
251,I don't remember a lot of the experiment since it was so long ago but I know we were asked to choose the larger or smaller part and I feel that would be both categorical and quantitive.,topic_7,0.09809437409784462
252,"The variables examined are computer bar graphs vs 3D printed bar graph which are categorical, and the other variable is how close the estimated values are to the actual graph values which is quantitative.",topic_7,0.04491005184132403
253,"some variables that i remember from the experiment include, height of the block(quantitative variable), The circle or triangle shape on the block specifying which height to focus on (categorical), the bag participants got (categorical).",topic_7,0.05272445319957315
254,shape of part on graph is categorical and percentages on the comparison of the percentages is quantitative.,topic_7,0.06281383223138762
255,"The variables examined might have included things like the type of chart shown (categorical), the accuracy of responses (quantitative), and possibly the amount of time taken to complete tasks (quantitative)",topic_7,0.05849848639954779
256,variables where the data represent groups.,topic_7,0.07125199861535081
257,The variable of which shape was smaller or larger. (quantitative),topic_7,0.037898049620989804
258,"The variables being examined are weather or not the triangle or circle was smaller and correctly identified. That would be categorical. a yes or no. Another variable could be how far off or on peoples guesses where, if most people thought were smaller or bigger. That would also be categorical variables. More over, or more under.",topic_7,1.8968928479147e-308
259,"categorical, whether the triangle was smaller or the dot.",topic_7,0.04326687204605663
260,Type of student (categorical) and distance between the two graphs (quantitative).,topic_7,0.04215398438457098
261,Categorical  triangle or circle,topic_7,0.04973119951409606
262,"The variables that are examined is which column is bigger, which is categorical, and the difference of value between the columns, which is quantitative.",topic_7,3.103524858803044e-308
263,It was categorial and it was based off of whether the triangle or circle bar was smaller.,topic_7,1.808505945393649e-308
264,"The variables was which one of the circle and the triangle was smaller, and also by how much it was smaller. The circle or triangle is categorical and the how much smaller is a percentage so its quantitative.",topic_7,1.927164464219446e-308
265,size of the bar if it was smaller or larger - categorical,topic_7,0.025499104868436828
266,"Independent variable: which bar was shorter- categorical

Dependent variable: how much shorter was the bar compared to the larger bar- quantitative",topic_7,1.7397306863874677e-308
267,"Which bar is smaller - categorical

how much smaller was one bar compared to the other - quantitative",topic_7,1.740371670458725e-308
268,One variable would be how the graphs were displayed making it categorical and the other variable would be the amount of times the answers were correct making it quantitative.,topic_7,0.04404803211588632
269,"Difference in height of bar- quantitative 

Which bar was small (circle or triangle)- categorical",topic_7,0.031751720116270706
270,"Stistical graphics - quatitative 

the circle and triangle- categorical",topic_7,0.047950281669596126
271,"One of the variables observed was the color intensity, which is quantitative. As well as the estimated variables of how much smaller the units are. A couple of categorical groups observed are gender, age, and education level.",topic_7,0.05074741750131424
272,"The quantitative variables present are the numerical values associated/estimated with each color shade or height, and how accurate the responses were. The categorical variables measured are which letter represents a larger value (Y or y).",topic_7,0.044931633672126006
273,"Did the participant answer correctly - categorical

How confident was the participant- categorical 

What the participant estimated the quantity of the smaller value to be - quantitative",topic_7,1.0
274,"Variables were which letter was larger (categorical), and how much larger than the comparison (quantitative).",topic_7,3.0900322777657513e-308
275,"The variables examined were the heat map type, the locations of objects on the heat map, and the rating of the difference between the two objects. The first two variables listed are categorical because they refer to visual data that cannot be counted. The last variable is quantitative because you are answering based on a numeric scale.",topic_7,0.054846778483433216
276,It was probably testing how people used visual information like color and location on the grid to show which two things are bigger and base it on a number value.,topic_7,1.822073387318829e-308
277,There was a categorical variable in form of determining which area represented a larger number as well as a quantitative variable when I had to estimate the difference of two areas represented by a number.,topic_7,0.054270646146797365
278,The variables that were examined were which letter was higher in value and how much less the second letter was compared to the first. The first is categorical and the second is quantitative.,topic_7,3.037618032791708e-308
279,"*

Independent variable: How the heat map was presented or how the values were spread across the grid 

*

Dependent variable: Whether the participant picked the right letter",topic_7,0.054627322406484304
280,"If people can correctly identify which value is larger; categorical

If people can correctly estimate the difference between two values; quantitative",topic_7,0.2951555922117818
281,"color (darker or lighter)- categorical 

depth (categorical)- higher or lower 

slider (quantitative)",topic_7,0.04102266923963831
282,"One variable was whether or not the participant had access to the 3D-printed charts. This is a categorical variable because it’s a yes or no question. Another variable could be how accurate the participants were in answering questions about the data — this would be a quantitative variable because it deals with numbers, like how many answers they got right. They might have also looked at how long it took people to answer questions, which is also quantitative, since it's measured in time. There could be other categorical variables too, like whether the person was a student or not, or what kind of device they used.",topic_7,0.05524298154350232
283,"Color Intensity (shade on the heat map): Quantitative (represents a numeric value).

Letter Label (e.g., ""R"" or ""r""): Categorical (identifies a specific position/value).

Relative Position on the Grid: Categorical (row/column location).

Estimated Smaller Value (slider response): Quantitative (numeric scale from 0-100).",topic_7,0.05533638318904629
284,"Independent variable would be each student that participated which would a quantitative variable based on how many actually participate. Categorical variable would be ""which answer did they choose for each question"".",topic_7,2.806164181243541e-308
285,"There were two variables with were the factor 1 and 2. These were the axis variables and main area of interests which was represented by color that define the heat map grid. The variables are quantative because they are based on numbers, for example the higher or lower the number the warmer or colder it would be.",topic_7,0.054497326797244915
286,the variables that were examined were which was the larger value and since it wasn't numbers and only letters that is categorical and then the second variable was how much smaller is the smaller variable and that would be quantitative because that was when we were given numbers.,topic_7,3.1739045704172494e-308
287,"* Graph type, categorical (3D or flat)

* Which of the two quantities was larger, categorical

* Approximate difference between the two quantities, quantitative",topic_7,0.045719911202859564
288,"The variables examined are as follows: 

1. Current enrollment in a statistics class: categorical 

2. Male or Female: Categorical

3. Access to 3-D models: categorical 

4. Type of test (2-D v 3-D): categorical 

5. Which coordinate was chosen as higher or lower in temperature: categorical 

6. The number of accurate choices: Quantitative",topic_7,0.04849445198216622
289,"The type of Chart: 2D or 3D, Categorial.

Accuracy of reading: quantitative.",topic_7,0.048465708081595296
290,"A couple of variables that were examined could have been either 2-D or 3-D, the score or accuracy, and the amount of time taken to preform the experiment. 2-D or 3-D is categorical because it places the two into different groups. Score or accuracy is quantitative because it is a numerical measurement showing how well you preformed. Lastly, the amount of time it took is quantitative because it is a numerical value representing duration.",topic_7,0.049211115647180184
291,"color: categorical

height: quantitative",topic_7,2.9533518298488867e-308
292,"Variables:

* if the respondent identified the greater of 2 choices correctly (categorical)

* how close the respondent was to the correct valuation (quantitative)",topic_7,0.17985079392110212
293,The variables being designed were size/color (categorical) and units of value (quantitative).,topic_7,0.05146531736361792
294,"Response variable- how accurate the reading of the graph is 

Explanatory variable- The type of graph used

Both are quantitive",topic_7,0.017719525800512413
295,One variable that was examined was the difference in size of the graph bars which is quantitative. Another variable that is examined is how close to the right answer the test taker is which would categorical.,topic_7,0.04153086066686071
296,"whether or not student got it right is categorical

the amount of student that changed their answers for the same questions is quantitative",topic_7,1.0
297,"Which one was smaller, categorical

Which one was larger by what amount, quantitative",topic_7,0.029934872760596875
298,"Age: Quantitive 

Favorite zoo animal: Categorial",topic_7,0.07534090686461323
299,"The first variable is deciding which graph is smaller and this is categorical because we are choosing between two options. The second variable is deciding how much smaller the smaller bar on the graph is, which is quantitative because we are determining an amount.",topic_7,1.991122859414299e-308
300,One variable was the type of graph presented (categorical) and the other was people’s perception of the graph (categorical).,topic_7,1.771221495443625e-308
301,I think it was categorical whether the participant identified the correct smaller bar and then quantitative how close the slider was to the actual size of the bar.,topic_7,2.6599546881935355e-308
302,"Independent: chart type (categorical)

Dependent: accuracy of ratio judgment (quantitative)",topic_7,0.018733657126163338
303,"The variables were which graph was smaller and how much smaller the bar is compared to the larger one. 

Deciding which graph is smaller is categorical.

How much smaller the bar is, would be quantitative.",topic_7,2.0097523909038396e-308
304,"One variable is how many graphics a student was able to successfully perceive - this variable is qualitative.

Another variable is how well students were able to read information from charts and how far off they were from the actual measurement- this variable is also qualitative.",topic_7,0.0791018448695668
305,"color- categorical

dimension-categorical

size-quantitative

understanding-categorical",topic_7,3.045805990892245e-308
306,"the variables were:

which bar was perceived as smaller: categorical 

how much smaller the bar was to the taller one: quantitative",topic_7,2.8913500085147206e-308
307,The variables that were examined were if either the triangle or circle bars were smaller (categorical) and then determining how small said bar was in comparison to the other (quantitative).,topic_7,1.9548308540620055e-308
308,The variable examined were weather the graph was 2D or 3D which is categorical.,topic_7,0.03656134257645053
309,"The variables that were examined were what type of chart, 2D or 3D, and this was categorical. The also examined the variable of how accurately the participant was able to compare the difference in data. This was quantitative.",topic_7,0.053204471386056426
310,"* which bar was smaller (categorical)

* by how much smaller was the bar compared to the larger one (quantitative)",topic_7,1.768108747109479e-308
311,"Age range - Quantitive

Gender - Categorical

Accuracy of estimating size ratios - Quantitive",topic_7,0.07933789250399512
312,shape which is categorical and length of difference which is quantitative,topic_7,0.0375268842867171
313,"Which circle is bigger - categorical

How much bigger is the larger graph from the other - quantitative",topic_7,0.05915630899811082
314,"If the correct bar was identified as shorter - categorical

The difference in size for the two bars - quantitative",topic_7,1.758009194448251e-308
315,"Which bar is bigger triangle or circle, categorical

How much smaller is the bar than the other bar, quantitative",topic_7,0.033230596999979864
316,Variables would be if the graph is smaller or larger- categorical,topic_7,0.03157039371008949
317,"Explanatory variable: is the difference between 2D and 3D graph types, this is categorical. 

Response variable: Which graph type has more accurate results/responses, this is quantitative.",topic_7,1.74073290791874e-308
318,The variables were which was taller and that was categorical and where you slide the bar and that was quantitative.,topic_7,3.478318441004018e-308
319,"What were the two bars: Categorical 

How much bigger and smaller the bar is: Quantitative",topic_7,0.026610674138341135
320,The variables examined were proportional size and visual representation. Proportional size is quantitative and visual representation is categorical.,topic_7,0.05077581390929889
321,Which bar was smaller- categorical. Proportion of how much smaller the bar was to the larger bar-quantitative.,topic_7,1.7712318971152793e-308
322,"size - categorical

amount of size difference - quantitative",topic_7,0.04188991155827501
323,"2d or 3d height categorical

about how much smaller each bar was, quantatative",topic_7,1.5693782697105753e-308
324,"3D or 2D printed - categorical

answers given - quantitative",topic_7,0.03974401644424764
325,Categorical,topic_7,3.6547486482682534e-308
326,which bar was larger which is categorical and how much smaller the smaller bar was which is quantitative,topic_7,1.8153408641261793e-308
327,"Accuracy: quantitative 

weather they chose a square or triangle: categorical

How fast they took to take the survey: quantitative",topic_7,0.20477416010664728
328,"Variable 1: The smaller chart - categorical.

Variable 2: How much smaller one chart is compared to another - quantitative.",topic_7,2.0822356696958693e-308
329,"Which bar graph was smaller (categorical)

How much smaller or larger the graph was to the bigger graph (categorical)",topic_7,0.06756915488025082
330,"the variables examined were: 

* the 2-D graphs: catagorical 

* the 3-D graphs catagorical 

* wether the partipants chose the correct answer (circle or triangle was bigger) catagorical",topic_7,0.0491590624467021
331,"The variables examined were:

* Number of close friends (quantitative).

* Gender  (categorical).",topic_7,3.648133138603031e-308
332,"2D, 3D and 3D printed. Determining the size. These would be quantitative because it would be a numerical value.",topic_7,0.042167521435179864
333,"2D or 3D bar graph - categorical

Color of graph- categorical

Position of graph - categorical 

Size of graph - categorical",topic_7,1.809643159687146e-308
334,Types of graphs used. Categorical,topic_7,0.02155381863881652
335,The variables were quantitative because we had to gauge how much taller or shorter one of the bars was.,topic_7,0.04198190524774966
336,"Some variables in this experiment may include the quantitative variables of graphs that are interpreted correct or incorrect,  and how long it took each participant in the experiment to interpret the graphs and fill out thee experiment. 

The categorical variables include, how the information was presented and in what type of statistical graph, if the participant is in stats 218 or not or has any prior knowledge, and the age of the participants.",topic_7,0.0368955337425029
337,The percentage that one bar is of the another bar. It is quantitative.,topic_7,0.02363054772268196
338,"*

Understanding of Statistical Concepts: Quantitative – Measured through scores on assessment questions focused on concepts like significance, confidence intervals, and effect sizes after interacting with 3D models.

*

Improvement in Interpretation Skills: Quantitative – This could involve comparing pre- and post-experiment scores to see if the 3D models improved students' ability to interpret data.

*

Chart Type (2D vs. 3D Printed): Categorical – This variable examines whether participants using 3D-printed charts are more accurate in interpreting statistical data compared to those using traditional 2D charts, assessing the effectiveness of each chart type.

*

Ease of Interpretation (Self-Reported): Categorical – Participants might rate how easy or difficult they found the 3D models to understand, giving insight into perceived clarity.",topic_7,0.052058941686467734
339,Type of picture is categorical. The size selected was quantitative.,topic_7,0.05158194476122618
340,"The first variable is categorical and it would be whether or not the student was able to identify the smaller bar or not. This would be a correct or incorrect or yes/no variable. 

The second variable is quantitative and would be a numerical value of how far off the student was from the correct difference in size, measured in units, between the two objects.",topic_7,0.034078147858358415
341,"The explanatory variable for this experiment would be the dimension the rectangles were in, which is categorical. While the response variable would be the height of the second block, which would be quantitative.",topic_7,0.06131560567329313
342,"Whether the student answered the question correctly (categorical), or the proportion of correct answers (quantitative), whether the model was 3D or 2D (categorical).",topic_7,0.6175593923706546
343,"stats 218 students: categorical 

how many answered the question correctly: quantitative.",topic_7,0.5296329764246565
344,"From my memory, I believe the variables were what graph was proposed (how the data was presented) which would be categorical. The other variable would be what we determined the proportion of a specific block's height was compared to another block. This would be quantitative",topic_7,0.06507176930369155
345,"the number for the graph- quantitative 

whether the graph was smaller or larger- categorical",topic_7,1.753540187566057e-308
346,The variables examined were the independent and dependent variable and it was quantitative.,topic_7,4.2270169734930243e-308
347,"People: categorical

bar graphs: categorical",topic_7,0.036343961152616074
348,Percent of blocks being represented. It is a quantitative variable because it contains numbers.,topic_7,1.6151580753958805e-308
349,"Explanatory variable: Whether the blocks were 3D or 2D: Categorial 

Response variable: Size of the non-control block recorded: Quantitative",topic_7,0.051365315322678365
350,amount of time the test subject allocated for assignments. assignments are quantitative. Test subjects are categorical.,topic_7,0.14563597152247393
351,The variable observed was the height of one column compared to another and was quantitative.,topic_7,3.08164438274416e-308
352,"Interpretation Accuracy:

Type: Quantitative

Description: A measure of how accurately participants interpreted the data in each graphic, likely represented by a score based on correct answers.

Interpretation Time:

Type: Quantitative

Description: The time it took each participant to interpret and answer questions about each chart, likely measured in seconds.

Confidence Level:

Type: Quantitative (if measured on a numerical scale) or Categorical (if measured by discrete levels like ""Low,"" ""Medium,"" ""High"")

Description: Participants’ self-reported confidence in their answers to questions about the charts.

Participant Background Knowledge:

Type: Categorical

Description: Experience level in statistics or familiarity with data visualization, potentially categorized as ""Novice,"" ""Intermediate,"" and ""Expert.""

Device Type:

Type: Categorical

Description: The device used by participants to complete the survey, such as ""Computer,"" ""Tablet,"" or ""Phone.""

Demographic Information (e.g., Age, Gender):

Type: Age – Quantitative; Gender – Categorical

Description: Basic demographic details that might be collected to see if they correlate with interpretation skills (e.g., age measured in years, gender categories).",topic_7,0.05094979348028778
353,"Height of Larger Bar
Quantitative: This is a reference height, fixed at some value (e.g., 100 units) since the participant makes comparative judgments.
Predicted Height of the Smaller
Bar (Quantitative): Participant's estimate of height of the smaller bar, usually asked with slider or input field.",topic_7,0.028629182402696598
354,"Which bar is smaller compared to the two picked out? categorical 

What is the height of the smaller bar graph out of 100? quantitative",topic_7,0.07147229166348394
355,"Graph values and trends; Categorical

Interpretation Accuracy; Quantitative",topic_7,1.774042878641419e-308
356,"Independent Variable:

The type of model (2D rectangle or 3D rectangular prism) – categorical.

Dependent Variables:

Perceived height of the shorter model in comparison to the taller model set at 100 – quantitative.

Error margin in estimation (difference between actual and estimated height) – quantitative.

Shape complexity (2D or 3D) – categorical.",topic_7,0.047214141227937295
357,The measured variable was the different strips that had the shapes on them and we had to find out which ones were bigger. I believe it was quantitative because it was measuring size and numbers.,topic_7,0.10695025617428444
358,"One variable that was examined was how the data was read, either online or the physical data. This variable is categorical. Another variable was the percent each subject estimated of the smallest bar compared to the largest bar. This variable is quantitative.",topic_7,0.08898561044062968
359,"Which bar its larger - categorical

 the ratio between the two graphs - quantitative",topic_7,0.0678767156451893
360,"gender of participant - categorical

difference length of bars - quantitative

age of participant - quantitative

whether a chart is 2D or 3D - categorical",topic_7,0.051226634893166145
361,"The type of graph being used to compare the accuracy between the different chart was categorical. 

The participants being used to guess the shapes measurement was quantitative.",topic_7,1.8496581626421797e-308
362,"Type of Model- Categorial 

Time Taken- Quantitative",topic_7,0.043982075468091554
363,"3D graph or 2D graph- categorical 

Ratio of the smaller bar to the larger bar- quantitative 

which bar is smaller- categorical",topic_7,0.02542110386962776
364,Since I do not know the full experiment I would guess that the participants were the independent variables because we were manipulated and the dependent variables would be quantitative because of how many questions we could answer correctly and accurately.,topic_7,3.0146420024359684e-308
365,The values examined were what people said the correct number on the graph was which was categorical,topic_7,0.032716849677121296
366,"Height of the graph: Quantitative 

Which one is smaller: Quantitative",topic_7,0.05958135541526664
367,quantitative: the amount of difference between the correct answer and participant response,topic_7,1.0
368,"Height of bars - quantitative

Difference in height of bars - quantitative",topic_7,1.5904090842927643e-308
369,"The variables that were examined was the background information asked in the beginning such as age, race, and sex. These variables would be categorical.",topic_7,3.319876207538816e-308
370,"The estimated height of the bar is quantitative, if the bar is shorter or taller is categorical, it also asks for a couple characteristics at the beginning of the participant which would be categorical.",topic_7,0.08975985406354031
371,The size estimations can be quantitative when given in numerical form. Deciding which is larger Aor B is categorical. Also for students in person the figures that are 3D printed compared to the figures shown on screen are categorical,topic_7,0.046658548881720455
372,The variables that were examined were which line was smaller which is a categorical variable and the size of the smaller line in comparison to the larger line which is a quantitative variable.,topic_7,0.03982574931455982
373,A variable I saw examined a lot was the angle at which the graphs were shown. This is a categorical variable.,topic_7,0.04120331942301079
374,One variable in this experiment was how close the participants were able to get to the accurate height of the bar. This is quantitative. The other variable in this experiment was whether the bars were next to each other or separated by other bars. This is categorical.,topic_7,0.07734905917161375
375,"To provide an accurate response, I need the specific context or details about the study or data set you are referring to. Please provide more information about the variables in question.",topic_7,4.183201243316329e-308
376,"Shape of Bars - categorical

size of Bars - quantitative",topic_7,1.692810131037571e-308
377,"some variables for the test was either having an interactive graph or if it was a just a picture, and that variable is categorical. another one was the ages which is also categorical. one last one would have been whether the two options to pick were right next tot eachother or if they were apart from eachother which is quantitive.",topic_7,2.2057515528719546e-308
378,We examined which shape was smaller (categorical) and what the ratio of the shapes were compared to each other (quantitative),topic_7,0.0385636955422163
379,"accuracy of estimate: quantitative

online or in person class: categorical",topic_7,0.4125585938199616
380,"Weather a bar was the smallest categoeial, and how small.it was quantitative",topic_7,0.025691899197985205
381,"Some variables examined were the circle and triangle and which was taller =categorical, another was by how much smaller was the bar compared to the other=quantitative.",topic_7,2.0287827374349347e-308
382,The variables that were examined in this experiment were shape and percentage associated with each bar graph. The shape of the graphs is categorial and the percentage was quantitative.,topic_7,1.73103459391375e-308
383,"Quantitative: how tall the bar was in comparison to the taller one

Categorical: Circle bar and triangle bar",topic_7,0.03008495138691096
384,"The variable of the students in STAT 218 would be quantitative.

The variable of bar graphs being measured would be quantitative.",topic_7,0.0785080397465613
385,"Favorite zoo animal - Categorical

Gender - Categorical

Age - quantitative",topic_7,0.08102110954391496
386,"which bar is smaller-categorical

the proportion of the two bars- quantitative",topic_7,1.7064900197181466e-308
387,"The variables were if the bars were next to each other or separated, which is categorical and how close the guesses are, which is quantitative.",topic_7,0.08366816281835363
388,"Which bar was shorter- categorical (circle or triangle) 

Then how high/low do we think the bar was in comparison to the other- quantitative",topic_7,0.027550755914698986
389,"quantitative by height

categorial by circle or triangle",topic_7,0.02998218328081846
390,how students read the graphs and estimate how big the graphs are. The estimation I quantitative.,topic_7,0.04886804071193096
391,"The variables examined in the experiment were, 

Whether or not the subject correctly identified which structure was smaller - categorial.

How close the subject was to the correct answer of height of the structure - quantitative",topic_7,0.027663027710886023
392,Circle or triangle,topic_7,0.05269524276276706
393,"the circle bar - categorical

the triangle bar - categorical",topic_7,0.048708093049457835
394,"Age and performance scores are examples of quantitative variables because they can be measured on a numerical scale, while gender and treatment type are categorical variables because they involve distinct categories or groups",topic_7,0.041131814800445914
395,Percentages of bar graphs - quantitative and which bar was larger or smaller - categorical.,topic_7,0.07083392447110919
396,"block length - quantitive, color of blocks - categorical, perspective of the block (3D or not) - categorical.",topic_7,0.03935234428358593
397,"Students - categorical

Graphs (longer/shorter; triangle/circle) - categorical",topic_7,0.03958919309980206
398,"The height of the bar graph - it would be quantitative 

The participant guesses - would be quantitative variable 

The graphical presentation - would be categorical variable 

The participants characteristics - categorical (speaking of age, gender, education level)",topic_7,0.049331550420232406
399,"height of the column- quantitative 

which was taller- categorical",topic_7,0.02973531701453427
400,The variables were whether or not a person could accurately say how much smaller a bar was. It was qualitative,topic_7,3.4386890952168256e-308
401,I remember comparing height of columns by using percentages: quantitative data.,topic_7,0.03704614271467668
402,"Variables examined were:

The height of the triangle line (quantitative)

The height of the circle line (quantitative)

If something was taller or shorter (categorical)",topic_7,2.166190340071133e-308
403,"The variables examined was which bar was taller (categorical), the circle or the triangle, and if the taller one is 100 units, how tall is the shorter bar (quantitative).",topic_7,2.137608146796378e-308
404,-Which bar graphs were greater - categorical,topic_7,0.06475971607970764
405,"The variables that were examined were sets of data with two different letters given. In our case, those were the two sets of data for our experiment that we answered questions about. and they were quantitative because they changed over the course of the experiment.",topic_7,0.08081602923856276
406,"percent of correct estimations - quantitative

which 3-D print models were used - categorical",topic_7,0.03995628881916657
407,One variable could be the correct or incorrect answer ratio. This would be quantitative. A categorical variable would be the accuracy based on gender. A quantitative variable would be the percentage of accuracy between having the online models and the physical models.,topic_7,0.06361734140681802
408,"2D models vs. 3D models - categorical variable

The accuracy of the guess - quantitative",topic_7,0.03947552903563334
409,I do not remember.,topic_7,0.04245861836379266
410,"Correct vs. Incorrect 

=> categorical 

the height of the assigned bar in the sample => quantitative.",topic_7,0.03756351083771642
411,"how close the guess was to actual answer(quantitative)

correctly identifying smaller bar(categorical)",topic_7,0.0319430540287385
412,"the variables examined was triangle or circle. explanatory

also, the height difference between the two variables. response",topic_7,1.985026786891737e-308
413,"Larger and Smaller bar: categorical

Height of smaller bar: quantitative",topic_7,1.5891964987576983e-308
414,there where two options circle or triangle,topic_7,0.05065832492678067
415,Size of bar-quantitive.,topic_7,1.6368447565004804e-308
416,"The students ability to get close, quantitative.",topic_7,0.12475344398352994
417,"Size: Quantitative

Color: Categorical

Shape: Categorical",topic_7,2.919266207260322e-308
418,"The person's guess which is a number, so quantitative. What the actual different is also quantitative. The comparison between the two, also quantitative.",topic_7,1.0
419,"Accuracy (quantitative)

Which bar is smaller (categorical)",topic_7,0.032614899082130236
420,Whether the circle or triangle section of the graph was taller was categorical and the height of the smaller graph was quantitative.,topic_7,0.0595273521729889
421,The two variables examined were which bar is smaller and what the size of the smaller would be if the larger was 100. Determining the smaller is categorical and determining the size in comparison to the larger is quantitative.,topic_7,2.754693492716363e-308
422,"Triangle or Circle (which one is smaller) - categorical

Number chosen relative to 100 - Quantitative",topic_7,0.047514816301102686
423,"The height of bars - quantitative

which bar was smaller - categorical",topic_7,1.5911235059794406e-308
424,"Which graph was higher, Triangle or circle, categorical

Which graph was taller or shorter by how many meters, quantative.",topic_7,0.057169828849020186
425,"Variables being examined were the different bar graph models, categorical.",topic_7,0.038232361627578704
426,"the bar graphs - quantitative

participants - categorical",topic_7,0.03807979126560296
427,"how people see things differently 

quantitative",topic_7,1.0
428,"What set of blocks we chose, categorical.",topic_7,0.03907492575755708
429,The students or the people who were doing the experiments it was quantitative because they had to the measurement of how long it us to submit the answer.,topic_7,0.12084761381909362
430,"Stats 218 students - categorical

Whether or not the student can get the height of the bar right - categorical",topic_7,0.05134054780728026
431,"Quantitative- Triangle or Circle

Categorical- Difference in Units (0-100)",topic_7,0.03846100967438888
432,How diffeent people interpret different graphs whether its 2d or 3d or real.,topic_7,0.027091584223183456
433,How accurate the student was in finding the differences between heights. I would say its quantitative as were pulling numerical values.,topic_7,0.14595097752188513
434,The variable was categorical and students ability of observe graphs.,topic_7,0.034859287778218326
435,This was quantitative because we were asked to report a percentage.,topic_7,0.5301452788100103
436,The percentage difference between blocks- qualitative,topic_7,1.6095651610392313e-308
437,Percentages and height. These are quantitative since they measure in percentages and numbers.,topic_7,0.08832743322083073
438,The variables that were examined were the height of the bar graph in percentage which would be quantitative.,topic_7,0.05894286380477743
439,"Quantitative: how tall the bar graphs were

Categorical: different bar graphs (digital/physical), 5 different types of bar graphs, triangle vs circle",topic_7,1.8801985390759525e-308
440,"Triangles versus circles

categorical.",topic_7,0.05008972287133031
441,"One variable was the type of graph we were looking at which in that case would be categorical, another would be how much each student thought each bar was, which would be a quantitative variable.",topic_7,1.9984942601336957e-308
442,"The variables that were examined were which bar a study participant claimed was smaller, which was categorical, as well as the degree to which they claimed it was smaller, which was quantitative.",topic_7,2.9838831408860455e-308
443,"The information of a person could get would influence his feeling.

Categorical",topic_7,4.026590042690466e-308
444,The variables were examined were our participation (Categorical) and our responses (Quantitative).,topic_7,3.5056479476989283e-308
445,"the variables that were examined were the models which were 2D, 3D, and real life ones. I would say it was quantitative since we had to estimate the size and say how small we thought it was.",topic_7,0.10893371617048389
446,"Type of graph - categorical

Accuracy of response (regarding height differences) - quantitative",topic_7,0.04471443169816974
447,"What type of graph was shown, which is categorical.

How much smaller the smaller data point is, which is quantitative.",topic_7,0.04103298370644751
448,"Ratio Comparisons:  Involves the ratio of heights between the bars in the bar charts which is quantitative. 

Graph Type: Specific characteristics of the bar charts including whether they were adjacent or separated, and whether they were presented in 2D or 3D formats which is categorical.

Type of Data Visualization: Type of graph used to represent the data. It includes three categories: 2D graphs, 3D digital graphs projected in 2D environments, and 3D printed bar graphs. This is categorical.",topic_7,1.564827485458621e-308
449,Estimated difference in tower hits on blocks. Quantitative.,topic_7,0.02474123953471803
450,"Height of objects- quantitative.

Accuracy- (right/wrong) categorical.",topic_7,0.04449723132580822
451,One variable that was examined was the percentage that the student thought was the height of the bar. This is a quantitative variable.,topic_7,0.053983068763576045
452,"The variables were us, the graphs and the website we used. These would be both quantitative and categorical.",topic_7,1.885863817168248e-308
453,"Types of graphs (categorical), height perception (categorical), order of presentation (categorical)",topic_7,0.025227392217699436
454,"Size of culoms, quantitative",topic_7,0.0329151333769747
455,"Experimental, quantitative: block size

Response, quantitative: block value",topic_7,1.575189268723164e-308
456,It was mostly quantitative because it measured which bar length was longer and by how much. I suppose a categorical would be short very long.,topic_7,0.07642613069578119
457,"As I recall, we may have been asked to determine which bar was smaller (categorical) and also, assuming the larger bar was 100, what value the smaller bar would be (quantitative).",topic_7,0.023077052314426853
458,"Response variable, quantitative",topic_7,0.07350141893415223
459,"Height, color, size, and shape were all variables that were examined. I would say it was both variables, since it was asking for a number for height, otherwise this would be categorical.",topic_7,0.03623104510087236
460,Weight in comparison to another height. Color. Which bar was taller.,topic_7,1.58515144909367e-308
461,"Categorical Variables: The different types of charts (2D, 3D digital, 3D models)

Quantitative Variables: The number of participants and the specific value each participant put on each of the charts.",topic_7,0.05243591578681163
462,"It asked about our sex and that would be categorical, the score on the test and it is quantitative",topic_7,3.293472644444351e-308
463,Categorically how people visualize the graph heights.,topic_7,0.02459629664533794
464,"It was categorical since there were spits in the data, also the variables were seeing if the blocks were squares or triangles, and what that person picked.",topic_7,0.0534039688003544
465,"How close students could estimate the comparative heights of physical bar graphs. Quantitative. 

How close students could estimate the comparative heights of digital depictions of bar graphs. Quantitative.",topic_7,1.650243823540098e-308
466,"categorical, because there was a correct answer out of the given options.",topic_7,4.0098728463664764e-308
467,"categorical variable is the type of way the graph was presented: 

* 3d printed (4d?)

* 3d image that can be moved around

* 3d image

* 2d image

quantitative variable is the height estimation of graph bars compaired with other graph bars:

numerical values from 0.0- 100.0.",topic_7,1.8966991953169805e-308
468,"Stat 218 students (quantitative) 

How well students could read a graph (quantitative)",topic_7,0.048021248396633354
469,The variables examined were quantitative.,topic_7,4.275282458781249e-308
470,Quantitative,topic_7,1.0
471,How well someone could estimate a value. Quantitative,topic_7,0.4193550536176807
472,"The explanatory variable was the person doing the experiment. The results changed every time a new person was doing it.

 The response variable was the color of the shape picked. The color picked was impacted by the person conducting the experiment.",topic_7,0.06858017563134715
473,"age - quantitative 

gender - categorical",topic_7,0.083731124026455
474,The variable examined was the height between 2 bars on different graphs. The variable was quantitative.,topic_7,0.05659370905650985
475,How we responded to the prompts is one of the variables and it is categorical,topic_7,0.07252595098010306
476,"Can someone accurately match the real proportion? Categorical. The degree of difference in their response to the true number, quantitative.",topic_7,0.43948959354030764
477,"Number of correct answers - quantitative 

Visual or physical - categorical",topic_7,1.0
478,"The variables examined in this experiment were nominal variables which have no rank. The participants were choosing between a triangle or circle, both being categorical variables.",topic_7,1.907326559308645e-308
479,"Dependent variable : accuracy of reading 

Independent: Changing graphs from virtual reading to actual reading from figures.",topic_7,1.8084134393254696e-308
480,"There was color, categorical.",topic_7,3.0543818401825123e-308
481,"1) Distance between objects - quantitative

2) Task complexity - categorical",topic_7,0.042932720703598756
482,The variables were categorical,topic_7,0.06158709081147011
483,"the range of accuracy, how close students guesses got to the actual numerical value of the bar graph, quantitative",topic_7,0.04480736493684409
484,"The variables examined are the materials used (digital graph on computer vs. physical model) which is categorical, and the accuracy of the participants guesses (quantitative).",topic_7,0.051660765211855426
485,"heights of the blocks - quantitative 

if the circle or triangle was taller - categorical",topic_7,0.030522419728129014
486,"The variables that were being examinated were quantitative and random assigment. For quantitative the participant had to chose which amount bettwen 0-100 units they thought one of the bars was and submit it. In the case of random assigment, I noticed they were multiple bags for different kits so I guess the random assigment of the bags and selection of the bars was present and examinated in the experiment.",topic_7,0.07994815581437684
487,The variables examined were which bar was higher (categorical) and what was the estimated value of that bar compared to another (quantitative).,topic_7,2.82914459178466e-308
488,whether you could get it or not so categorical,topic_7,3.7999523604554135e-308
489,"The variables that were examined are determine which shape was taller, this is categorical. Then it asked to estimate how small the smaller graph was if the taller one was 100 units. this is a quantitative variable.",topic_7,0.026925964957745668
490,"Type of bar chart used (2D or 3D) - categorical

What the individual perceived the data to be - quantitative",topic_7,0.05031193073830892
491,"Independent: type of chart and color of the bars (quantitative)

 

Dependent: participant accuracy and response time (quantitative)",topic_7,0.01931922522825044
492,"The length of the bars, this variable would be quantitative. Which bar the people chose to longer or shorter, this variable would be categorial because they are observing it, but when it asked you to say how much bigger or smaller one bar was from another, that part would be quantitative.",topic_7,0.08477072956626987
493,"The variables examined is if people better estimate the values of graphs, which is quantitative as we estimated with numbers.",topic_7,1.9193174785238312e-308
494,"Accuracy scores (quantitative)

Age of students (quantitative)",topic_7,1.0
495,"Size comparison - categorical

Difference in percentage - quantitative",topic_7,0.03678225177454187
496,"2d : quantitative

3d: quantitative",topic_7,0.04078366878480597
497,"How close the person was able to get to the correct number of the bar (quantitative) 

Which bar is higher? triangle or circle (categorical)",topic_7,0.032581368307576006
498,The variable is the different bar graphs; categorical.,topic_7,0.036392237270525055
499,"Age: quantitative

Major: categorical

Accuracy of height-guessing: quantitative",topic_7,0.07426047155131152
500,Yes or No --> categorical,topic_7,3.5696103418699417e-308
501,"Which of the 21 kits each person gets would be a quantitative variable.

Whether each person chooses triangle or circle on each chart would be a categorical variable. 

A potential confounding variable would be whether or not each participant got a good nights rest the evening prior to taking the experiment.",topic_7,0.06812715099769868
502,"size of objects: quantitative

perceived size: quantitative",topic_7,0.05252510476454752
503,"Physical or digital, categorical. Difference between 2 graphs, quantitative.",topic_7,0.04353102190783056
504,"Which was smaller?

* categorical

Deciphering by how much the tower was smaller?

- quantitative",topic_7,0.049339684829052974
505,"specific model kits, in person vs online, these categorical 

results of counting - quantitative",topic_7,0.41269181262904037
506,One of the variables was male or female (categorial) the other was age (19 or older: categorial) and another variable was the value of a certain bar on the graph (quantitative),topic_7,0.038276399890025126
507,The accuracy of what we guessed on the visuals. This is a quantitative variable.,topic_7,0.03408814838312519
508,"The variables examined are the sizes in bar graphs along with the comparison to one another. The variable was categorical to start as you would determine which is smaller or larger, then based off that you would determine by how much the smaller graph differed from the larger one which would be quantitative.",topic_7,1.9634152088909473e-308
509,"Visualization medium: represents the type of chart used for data visualization (2D, 3D digital, or 3D printed) categorical.

Perceived ratio judgments: The participants' judgments of the ratio between two bars in the chart. Quantitative

Bar chart layout: The layout of the bar charts, including the positioning of bars and the grouping of data. Categorical

Ratio comparison: The specific ratio values used for comparing bar heights in the charts. Quantitative

Graph identification: The identification of specific bars within the charts for comparison is controlled to ensure consistency across participants. Categorical",topic_7,1.576824423985419e-308
510,"Which bar students pick as higher -categorical

How tall the smaller bar is compared to the larger bar -quantitative",topic_7,0.029112572523003453
511,"categorial - the blocks, the height of the blocks",topic_7,0.029103298521530728
512,Rayshader and graphs are categorical variables.,topic_7,0.024150417506041175
513,"Type of visual, categorical. The guess in the size of the bar, quantitative.",topic_7,0.034366754123342544
514,"The variables that were examined is whether the student can accurately guess the value of the bar - categorical

Also it could have been the numerical value of how far off the student guessed from the actual value - this would be quantitative",topic_7,0.08533117979358096
0,Circle and Triangle graph. Quantitative,topic_8,0.03891299953296314
1,Model size- quantitative color- categorical,topic_8,1.807640870368221e-308
2,The height which was quantitative and the other variable was the shape on the model which is categorical.,topic_8,0.031027734730318255
3,"There were a few variables that were examined, one of them was being able to judge the size difference between the blocks which is quantitative. Another variable could possibly be genders which would be a categorical variable. Also, we are all college students which could be a categorical variable as well.",topic_8,0.022377472419353624
4,"One variable could’ve been gender (categorical)

another variable may be major (categorical)",topic_8,0.04411666810536242
5,"Each individual graph and what size they were, quantitative

The individual and their selection is a categorical observational unit",topic_8,3.58108321145375e-308
6,"Number of blocks in a bag: quantitive

whether a student participated or not: caregorical",topic_8,1.4325247320531696e-308
7,"Size difference in the two bars, quantitative

Physical or online bar chart, categorical",topic_8,1.047957458328699e-308
8,"-assigned either an adjacent graph or separated comparison graph (categorical)

-estimating ratios (quantitative)",topic_8,0.21436578206222065
9,"1. The response of statistic students to the 3D kits - Categorial 

2. Effectiveness of 3D printed charts to their 2D rendered parts - Quantitative",topic_8,0.25561914330228375
10,The first variable was which peak in the chart was the tallest between the two. This is categorical. The second variable was how big the difference between the two peaks are and this is quantitative.,topic_8,2.776168290738318e-308
11,"2D vs. 3D graphs; categorical 

A number out of 100; quantitative",topic_8,0.050476890115193906
12,"How close we were to guessing the percent compared to the other bar. This would be quantitative. Also guessing which bar was bigger, which was categorical.",topic_8,1.089771975940616e-308
13,"Interpreting 3D graph correctly- categorical

3D compared to 2D- categorical",topic_8,0.05239839476029433
14,The variables were the answers of the subjects on which bar as smaller. This can be a categorical variable,topic_8,1.563195136817944e-308
15,More accurate description - categorical,topic_8,1.689811166014088e-308
16,"1) Type of graph (categorical)
2) Student observations (quantitative)
3) Student characteristics (categorical)",topic_8,0.10181164430547246
17,"the categorical variables were: type of chart (2D, 3D Digital, 3D printed), determining which bar was smaller, and whether it was adjacent or separated. 

the quantitative variable was the number we put (on the slider) on the difference between the smaller and larger bar",topic_8,0.13666443672368964
18,"The bar graphs, percentages were quantitative.",topic_8,0.04189107898683658
19,The variables that are examined are the blocks and the numbers which are all categorical.,topic_8,0.042028392524282455
20,"The study was a little bit ago so I am going to do my best to remember, but we were asked to compare 2 variables in a bar graph and compare their hights based off how much of a percentage they were bigger or smaller than the other. They were quantitative variables.",topic_8,0.019882531638796098
21,The explanatory variable could have been color of graph (categorical) and the response could have been accuracy of estimation of values (categorical).,topic_8,3.9113186296773537e-308
22,"Height: categorical 

color: categorical",topic_8,1.791096504199729e-308
23,"Variables that were examined were 2D chart v.s 3D chart, that would be categorical. And how big/small was letter A to letter B for a 2D and 3D chart, that would be quantitative.",topic_8,0.057714112821341736
24,"Variables that were examined include whether 3D digital, 2D digital, or 3D physical models are easier to understand/are better, which would be categorical and how close people are to estimating the correct lengths of the bars, which would be quantitative.",topic_8,0.08856842063210879
25,"2D and 3D shape designs  - categorical 

Perceived height compared to actual taller or shorter - categorical 

Peoples ratio of judged heights - categorical (numerical)",topic_8,0.036174506963857135
26,"One variable examined is the ratio between different bars on a bar graph. This variable is quantitative because the ratios are number values. Another variable is the chart type. This variable is categorical because the three types of graphs are 2D graphs, 3D digital graphs, and 3D printed graphs.",topic_8,0.11112285497787192
27,"Correct bar chosen, categorical 

Ration of the bar, quantitative",topic_8,1.0247846095151797e-308
28,Did the student guess correctly? Categorical,topic_8,0.028454879148679443
29,"Variables examined: Age, specific school (university), class, grades

 Age: Quantitative

Specific School (university): Categorical

Class: Categorical

Grades: Categorical",topic_8,2.1446513913362924e-308
30,"The student's perception of height analysis - categorical

Height of the building - quantitative",topic_8,0.03000774987924636
31,"Explanatory: Which block is larger (quantitative)

Response: Student estimate (quantitative)",topic_8,1.352927488027212e-308
32,The variables examined were the shape things we were given and it is categorical.,topic_8,0.030706802762361044
33,the percentage of size one bar is compared to another -- quantitative,topic_8,1.0470574231426225e-308
34,"Whether or not the student chose the correct answer- categorical

the percent that the students guessed- quantitative",topic_8,1.693933727637066e-308
35,"2D or 3D = categorical

Correct value or Incorrect value = quantitative",topic_8,0.05157357953600656
36,"What percentage of a bar compared to another in the physical/digital graphs - Quantitative

Whether the graph/bar is physical/digital - categorical.",topic_8,0.06695914575261398
37,"The variables examined are categorical, as we are testing understanding of graphs, which is kind of a yes or no question, you either understand or you didn't. A variable that could have been examined by this is if more students guessed values correctly on the 3D graph or the online 2D graphs.",topic_8,0.09251412354130571
38,accuracy of data to graph and it would be quantitative because it is a numerical response,topic_8,0.08613377435875934
39,"Whether the person said the point on the block was taller or shorter: Categorical

The height the person said the point on the block was: Quantitative",topic_8,1.378922977464763e-308
40,the difference between shapes and it was quantitative,topic_8,0.020721411878070653
41,* heights of blocks: quantitive,topic_8,1.2899768969741893e-308
42,I think the variable is if they guess the right block and thats categorical.,topic_8,0.04468204856447312
43,"Students answer- quantitative

how accurate their answer was- quantitative",topic_8,1.7306423246467046e-308
44,"Graphs and percentages were given to the students, but finding if they choose the correct percentage is categorical.",topic_8,1.744730160276446e-308
45,"The variable examined was the different column sizes of 3D blocks. This would make it categorical.

(*I did the online version due to a COVID diagnosis so I'm not sure if things were different in-person.*)",topic_8,0.051019058969494914
46,whether or not the comparison of triangle and circle was correct-categorical,topic_8,0.03554018681530507
47,One quantitative variable is the percentage/amount of difference in each bar. A categorical variable is whether the individual thinks one bar is bigger/smaller than another. Another categorical variable is whether the bar graph is a 3D model or graphic on a computer/screen.,topic_8,3.2666983332607647e-308
48,I would say the experiment was more categorical than quantitative.,topic_8,0.036946669556285894
49,"Accuracy of answers may have been a variable (ie. how close to the correct answer each answer was), and that would have been a categorical variable. Another variable would have been the participant within the study, such as if they were male or female, and that would have also been a categorical variable.",topic_8,2.4902897219189335e-308
50,"independent: form of data (categorical)

dependent: accuracy of data interpretation (quantitative)",topic_8,0.058295341959828044
51,The hights of the blocks were they variable examined and that is a quantitative variable.,topic_8,1.372515483414048e-308
52,They examined the estimated size ratio using a percentage. This would be mostly quantitative because they are valuing a number. They also could be testing if you are correct or not which would classify more as categorical.,topic_8,0.034516596987717224
53,Which graph was smaller which is categorical and what percentage the bar was in relation to the other bar which was quantitative.,topic_8,0.0683095606461489
54,They were categorical and it was a circle or triangle.,topic_8,0.03170630682790193
55,"It was a quantitative variable that was determined as we had to always enter a number for the graphs. Then from the results we can conclude many categorical variables such as if age, gender, or any other variables have a trend with corresponding answers.",topic_8,3.38440380458509e-308
56,The variables that were examined were the test we chose which would be categorical and the amount of tests we did which were quantitative.,topic_8,2.081193140185676e-308
57,"Length- quantitative

Age- categorical

Gender- categorical",topic_8,0.04659236078667638
58,the height of the blocks - quantitative,topic_8,1.274716908113193e-308
59,Whether or not each question involved a physical graph model or a picture (categorical) and the accuracy of the value estimation (quantitative).,topic_8,0.06039882882338175
60,"wether someone was a researcher or not- categorical

the accuracy of their responses- quantitive (most likely)",topic_8,1.7055166494860174e-308
61,"categorical variables -- smaller/larger

quantitative -- the actual number assigned to the interpreted size",topic_8,0.019946817736132463
62,"We examined the color - categorical

shape-categorical 

what number block it was- quantitative

where we thought a certain number would lie on each block- quantitative",topic_8,0.041013573981517615
63,The number we were choosing for the supposed values could be quantitative data while seeing if the triangle or circle columns matched could be categorical.,topic_8,1.2797438967086597e-308
64,"Quantitative- the assumptions made

categorical- was the assumption correct

quantitative- the degree of correctness",topic_8,0.028458126185540618
65,"physical blocks/digital blocks - qualitative

size of blocks - quantitative",topic_8,1.2932338461566315e-308
66,Independent variables were examined in this.,topic_8,1.897657423729112e-308
67,"Size difference. Quantitative

calculation error. Quantitative",topic_8,0.022218813271173133
68,"what number you thought the graph was at - quantitative

which graph was larger - categorigcal",topic_8,2.7052426864559724e-308
69,"Some of the variables that may have been examined include: whether or not the participant identified which graph was larger (categorical), and how close or far the participant identified the correct numerical difference between the graphs (quantitative).",topic_8,3.6426657577909097e-308
70,ability to interpret the graph and make estimates could be categorical and the number that was inferred could be the quantitative variable.,topic_8,0.07372431938199182
71,"Which graph was read more accurately on average, which is categorical.",topic_8,0.06814510651350654
72,The variable that was examined was categorical because they determined whether or not people correctly estimated the range of the 3D and 2D graphs.,topic_8,0.10379680055361294
73,"Which bar on each bar graph was smaller, and the value of the smaller bar when you are told that the larger bar has a value of 100. Whether a particular bar is smaller is categorical, while the comparative value of the smaller bar is quantitative.",topic_8,0.04962933336649323
74,The variables were the arrangement of the data bars and the estimated values of the data bars by the students. The first one is categorical and the second one is quantitative.,topic_8,0.04771951727156857
75,"Independent- the triangles and circles on the model (quantitative) 

Dependent- number of collector identified shapes within the percentage (quantitative) 

control- the models were kept the same",topic_8,0.05630073955177148
76,I think the variables were which graph portion we tested was bigger than the other (categorical) and the quantitative were the numbers we were guessing. This can also be a categorical variable too because it was either right or wrong. The other quantitative variables were how many correct guesses we had and how many we got wrong.,topic_8,3.4642595998837935e-308
77,"Accuracy of estimate - yes or no would be categorical, percentage would be quantitative

Which bar is taller - categorical",topic_8,0.02116423208544178
78,"Independent variable: Changing units- categorical

Dependent variable: Comparing of two units, circle and triangle- quantitative

Categorical variable: Age, gender, perception- categorical",topic_8,1.373481707829402e-308
79,how accurate we guessed on the online or in person graphs - i want to say quantative because they are just numbers,topic_8,0.07107098723659921
80,"The variables was whether the triangle or circle bar was taller, this is categorical. The other variable was the prediction made by the people being sampled, this is quantitative.",topic_8,0.04848665966764989
81,Our personal information and how accurately we could determine dimensions.,topic_8,0.025410480216528534
82,One variable is what kit the participant was given to use during the survey. This would be a categorical variable. Another variable could be what height each participant said the model/graph was. This would be a quantitative variable as there is a complete range of possible entries. Another variable might be the percentage of questions participants got correct. This would be a quantitative variable. A fourth variable could be if the participants met a set threshold for correct answers. This would be a categorical variable.,topic_8,0.0378925722813657
83,The different sizes of the columns are compared to another bigger one. The variables are quantitive.,topic_8,1.5008641151830524e-308
84,The smaller and bigger columns and the difference in them. The variables are quantitive because we are looking at the different sizes of the columns which could be changed to amounts of money to be compared.,topic_8,1.494652476291395e-308
85,"Independent:the type of model (categorical digital 2D, digital 3D, physical model)

Dependent:the accuracy of the guess (quantitative)",topic_8,0.05519665927879305
86,Which one was high which is categorical and by how much which is quantitative,topic_8,1.1088552134170074e-308
87,"The two variables that we examined were which of the two selected bars were smaller, which was a categorical variable, and how big the smaller bar was in relation to the larger bar, which was a quantitative variable.",topic_8,1.3986815429472567e-308
88,"the independent variable was the blocks they were given (categorical)

dependent is what height they guessed and how accurate (Quantitative)",topic_8,0.05983830954702074
89,The variables examined would have been what percentage the different spaces on the charts represented which is a quantitative variable.,topic_8,0.04336227065031092
90,"People learn better in 2D graphs than 3D - Categorical 

 

People have a higher chance of getting a question right when they use a 3D graph - Quantitative",topic_8,0.05701997808167941
91,"There were many variables, but I think that most of them were quantitative, because when we were doing the experiment, it was a lot of guessing with numbers.",topic_8,0.039052517378504306
92,"graphical encoding types, which are categorical

accuracy of participant estimates which is quantitative

task type or graph type, categorical",topic_8,0.11921392666638299
93,"Online vs physical (categorical)

data percent perceived (quantitative)",topic_8,0.06470741903744172
94,"The experiment looked at a mix of chart features and participant responses. It compared different chart types—2D digital, 3D digital, and 3D printed—as well as how the bars were arranged (either next to each other or separated), which are both categorical variables. Participants were asked to judge which bar was smaller and estimate the ratio between them, giving quantitative data. The actual ratio and the error in their guess were also measured, both of which are quantitative too. So overall, the study tracked both the kinds of charts used and how accurately people could read the data",topic_8,1.0
95,"time- quantitative, shape-categorical, color-categorical",topic_8,1.8952310031659074e-308
96,One variable was if the graph was 3D or 2D on the computer which would be quantitative. Another variable would be what color the printed graph was which would also be quantitative.,topic_8,3.747713861342945e-308
97,The variables examined were if the participants were able to identify with decent accuracy the correct data from the 3D bar chart.,topic_8,0.2184427572507274
98,I feel like a variable of this could be the judgement of the graphs. This would be a categorical variable.,topic_8,0.08394228092059304
99,"Explanatory: 2D vs 3D (categorical) 

Response: The estimated distance/height between the two (quantitative)",topic_8,0.05192654187783297
100,"The symbol pi was used, and so were Hypothesis A and Hypothesis O.",topic_8,0.02416275327996565
101,Which graph used (categorical) and how accurate the reading was (quantitative),topic_8,3.341033240243618e-308
102,the variables that were examined where the number of the graph and how tall we thought each bar was. The heigh we thought the bar was is a quantitative variable. The bar that was observed would be a categorical value.,topic_8,3.1470471142623556e-308
103,"Height of the graph (quantitative)

Participants correct answer vs not (categorical)",topic_8,0.09415745341446105
104,"Accuracy of guess: quantitative 

Medium: qualitative",topic_8,0.05468966568004745
105,"Chart format categorical, time to complete response quantitative, judged ratio quantitative",topic_8,1.0
106,hours of sleep and it is quantitative,topic_8,0.026130546074608903
107,The ratios of the circle bar compared to the triangle var were examined. I would say finding the ratios is a quantitative variable.,topic_8,0.02599659260203988
108,"number of scores that students get right, quantitative

type of problems given, categorical",topic_8,1.7436024306495386e-308
109,"The type of graph was a variable that was examined, and this variable is a categorical variable. other variables that were examined were, the true height between the bars and the height found by the participants. both of these are quantitative.",topic_8,3.318005759593925e-308
110,"The variable examined were the bar graph data between two bar A and bar B. It could be categorical because you are choosing which graph is greater, either A or B not a number.",topic_8,3.1429148486378756e-308
111,"variables

which was bigger a or b - this is catagorical

What percent bigger - quantitative",topic_8,0.012608566135357598
112,"The number of people who participated in this, quantitative

Examining 2d and 3d graphs, categorical",topic_8,0.10958648238366374
113,"Height of the bar- quantitative 

Correct/ incorrect guess- categorical",topic_8,0.02036051015669724
114,"Graph type, which is categorical because it's a category so it's categorical. And valid perceptions, which I suppose could be quantitative because you could convert it into a ratio.",topic_8,0.16614801661585066
115,"Chart Type: categorical

Bar spacing: categorical

Ratio accuracy: quantitative

Bar size: quantitative",topic_8,1.0
116,"Whether or not participants could correctly guess difference - categorical

How far off participants were in their guesses - quantitative",topic_8,1.6384510642393303e-308
117,"One variable was correct or incorrect answers with 2D graphs, which is categorical. Another variable was correct or incorrect answers with 3D graphs, which is also categorical.",topic_8,0.08588519750049345
118,"The variables were the data model formats presented and the values assigned to each perceived value of said data models. The data model formats are categorical, either 2D or 3D, and the values assigned to each data model is a quantitative variable, assigning numerical values that can be averaged and calculated against.",topic_8,0.105332001438399
119,"Some were asking which bar had a bigger value. -- categorical

Some were asking to give a value to a bar. -- quantitative",topic_8,1.096488009915347e-308
120,"bar height (quantitate) 

bar color (categorical) 

label on each bar (categorical)",topic_8,0.015753767854040937
121,"graph type, categorical

ratio of bars, quantitative

accuracy of judgment, quantitative

individual participants, categorical

bar grouping, categorical",topic_8,0.2209630690685302
122,Variables that were examined would be graph difference in height which is quantitative.,topic_8,0.037656005159624424
123,if the graph is larger. Categorical,topic_8,3.0380129173796493e-308
124,"Chart Type: Categorical

Participant Judged ratio: Quantitative

Ratio between bars: Quantitative

Log error of judgement: Quantitative

Which bar is smaller between bar a and bar b: Categorical",topic_8,1.0
125,One variable was if the graph was 3D or 2D on the computer which would be quantitative. Another variable would be what color the printed graph was which would also be quantitative.,topic_8,3.778508313084588e-308
126,"graphical encoding types, which are categorical

accuracy of participant estimates which is quantitative

task type or graph type, categorical",topic_8,0.1296627810314569
127,the variables that were examined where the number of the graph and how tall we thought each bar was. The heigh we thought the bar was is a quantitative variable. The bar that was observed would be a categorical value.,topic_8,3.1692364348630812e-308
128,"time- quantitative, shape-categorical, color-categorical",topic_8,1.934079152602486e-308
129,Which graph used (categorical) and how accurate the reading was (quantitative),topic_8,3.4172806931200867e-308
130,I feel like a variable of this could be the judgement of the graphs. This would be a categorical variable.,topic_8,0.08063124541769948
131,"The experiment looked at a mix of chart features and participant responses. It compared different chart types—2D digital, 3D digital, and 3D printed—as well as how the bars were arranged (either next to each other or separated), which are both categorical variables. Participants were asked to judge which bar was smaller and estimate the ratio between them, giving quantitative data. The actual ratio and the error in their guess were also measured, both of which are quantitative too. So overall, the study tracked both the kinds of charts used and how accurately people could read the data",topic_8,1.0
132,"There were many variables, but I think that most of them were quantitative, because when we were doing the experiment, it was a lot of guessing with numbers.",topic_8,0.03963029611057231
133,The variables examined were if the participants were able to identify with decent accuracy the correct data from the 3D bar chart.,topic_8,0.2163131103770072
134,"People learn better in 2D graphs than 3D - Categorical 

 

People have a higher chance of getting a question right when they use a 3D graph - Quantitative",topic_8,0.055227647015566324
135,"the independent variable was the blocks they were given (categorical)

dependent is what height they guessed and how accurate (Quantitative)",topic_8,0.06155664227672071
136,"The symbol pi was used, and so were Hypothesis A and Hypothesis O.",topic_8,0.025383932058760373
137,The variables examined would have been what percentage the different spaces on the charts represented which is a quantitative variable.,topic_8,0.04357149646901925
138,"Online vs physical (categorical)

data percent perceived (quantitative)",topic_8,0.0647445956709484
139,"Explanatory: 2D vs 3D (categorical) 

Response: The estimated distance/height between the two (quantitative)",topic_8,0.05223991231352304
140,The variable examined was what height we thought the shorter graph was compared to the larger bar. This variable was quantitative.,topic_8,0.0375361847727841
141,The variables being examined were that of: 'accuracy in estimation of the distances' and 'male vs. female'. I would say both are categorical.,topic_8,0.04733009758692151
142,[expirement -2.docx] (/users/286374/files/21155815?wrap=1&verifier=fC22T9TgCcZie7zS8sKiVPG12cMajTtaj2MbI7Lo),topic_8,0.022169985682144552
143,"Here are the main variables examined in the experiment:

 

* Chart type (2D, 3D digital, 3D printed) – Categorical

* Bar layout (adjacent vs. separated) – Categorical

* Ratio judgment given by the participant – Quantitative

* Accuracy of the ratio (measured as log error) – Quantitative

* Which bar was identified as smaller – Categorical

These variables helped the researchers measure how chart format and layout affect people’s ability to judge data accurately.",topic_8,1.0
144,"Accuracy - quantitative 

Gender - categorical

Age - categorical

Taking STATs? - categorical",topic_8,0.04702128871739122
145,Circle and triangle,topic_8,0.036967376337793956
146,"Effectiveness of 2D screen graphs: Categorical

Effectiveness of 3D screen graphs: Categorical

Effectiveness of 3D in hand graphs: Categorical",topic_8,0.05909979026204075
147,"The amount of time spent on each question - quantitative 

Which tower was taller - categorical",topic_8,0.03245789437750106
148,"The variable that was examined was if the circle or square tower was higher, which is a categorical variable.",topic_8,0.01996323424957058
149,The variable that was exmined was triangle or circle and that is categorical.,topic_8,1.2535931423480307e-308
150,Which bar was bigger and what the percentage bigger- quantitative.,topic_8,1.045221456404521e-308
151,One variable was the height of the graph and that was quantitative because it asked for how tall they were and also categorical because on the graphs they had the circle or triangle.,topic_8,3.3927125342011016e-308
152,"Height of the towers - quantitative 

Which tower was taller (triangle or square) - categorical",topic_8,0.03646347528237444
153,"Selecting whether circle or triangle was the highest or lowest compared to each other, and I selecting by how much lower or higher. I think that this experiment is quantitative.",topic_8,1.29366592625937e-308
154,"Bar height estimation: quantitative.

Trial number: quantitative.

Participant ID/code: categorical.",topic_8,0.03839951222676667
155,it was quantitive because we are guessing a number or percentage based on the naked eye,topic_8,1.6712840582311476e-308
156,"The person's favorite animal, which is categorical. And their estimation of bar height percentages in each scale which is quantitative.",topic_8,0.04094762072381046
157,"Bar graph size: quantitative

What kind of graph: categorical",topic_8,3.4807946672249055e-308
158,"same graphs given to everyone, assigned in different orders both are categorical",topic_8,3.326003126475934e-308
159,"Human analysis ability - quantitative

tower height - quantitative

bigger or smaller - categorical",topic_8,0.028965073909997762
160,"Triangles and circles, this is categorical. Shorter versus taller graphs or models, this is categorical. The actual hight of the shorter section of the table/graph, this is quantitative.",topic_8,0.018901119148043394
161,"One variable that was examined would be if the participant guessed the right proportion which would be qualitative.

Another variable that was examined was age group, this was also qualitative.",topic_8,0.05106534353489893
162,"charts you got correct online- categorical

charts you got right with physical copy- categorical",topic_8,0.15342151353418432
163,"Height of a bar, categorical.",topic_8,1.019274142294053e-308
164,"How long we think the block is, quantitative 

Which block is smaller, categorical",topic_8,1.2831232112989914e-308
165,"The different types of graphs, being physical, 2d, or 3d- quantitative 

The size of the bar in question- quantitative

If it was either a circle or triangle bar- categorical",topic_8,3.7357054837793043e-308
166,"triangle or circle bar--categorical 

the height of the bar--quantitative",topic_8,0.02345036590592821
167,The variables examined were the proportion of one tower to the next and if it was a star or circle. The first one is quantitative and the second is categorical.,topic_8,1.364124407208907e-308
168,Quantitative because there were more then two possibilities.,topic_8,1.676025583410924e-308
169,"Is the bar shorter vs taller - categorical

What percent shorter or taller is the bar - quantitative",topic_8,1.031725699344115e-308
170,"* If the students can estimate the height of the block properly - categorical

* The package of bars given to the students - quantitative",topic_8,1.394499504184423e-308
171,"There were at least two variables recorded, whether the subject got the percentage right, and whether they stayed consistent. These were both categorical.",topic_8,1.6734958012916544e-308
172,Interpretation of graphs - Quantitative,topic_8,3.0935657581759255e-308
173,"* the percentage guess = quantitative

* did they follow directions (was the guess close at all) = categorical",topic_8,1.6955316728477297e-308
174,"which bar was larger, circle or triangle. this is categorical

how many units tall is the shorter bar if the larger bar is 100. this is quantitative",topic_8,0.019553716365839528
175,"1. chart type: categorical

2. bar spacing: categorical

3. spacing between bars: quantitative

4. individual judgement: quantitative

5. accuracy: quantitative

6. size (a or b): categorical",topic_8,0.5669237724477829
176,Type of bar chart (categorical) and the height judgement (quantitative),topic_8,0.020601259045470183
177,"Type of Graph (2D, 3D digital, 3D printed)

Categorical

Perceived Bar Ratio 

Quantitative

Accuracy of Comparison 

Quantitative

Participant's Choice of the Smaller Bar 

Categorical

Order of Chart Presentation

Categorical",topic_8,1.0
178,"The main variable looked at where the different types of graphs in the accuracy of the individuals answers the type of graph whether it was 3-D 2-D, digital or 3-D printed there is a category variable because it will involve different groups of categories, so the accuracy of the ratio judgment is quantitive because it measures with numbers specifically using a log air formula, another possibility is a categorical variable. This could be the layout of the bars like is it adjacent or separated.",topic_8,0.22128031426300704
179,na,topic_8,0.03295716687298274
180,"Type of Data visualization: categorical variable with three levels, 2D graphs, 3D digital graphs, 3D printed graphs

Ratio of Smaller Bar to Larger Bar: Quantitative variable the ratio is numerical values

Perceived Ratio of Smaller Bar to Larger Bar: Quantitative variable it represents the participants estimate of the ratio

Log Error of Ratio Judgment: Quantitative variable its a calculated numerical value representing a difference

Bar Chart Comparison Type: categorical variable with two levels, adjacent and separated",topic_8,1.0
181,The size of the graph - quantitative,topic_8,2.757669005288454e-308
182,The variables examined were the block size percentages compared to one another. They were quantitative because we were guessing the size of the block based upon another.,topic_8,1.3449566083138267e-308
183,"the people used - categorical

and the style of bar chart- categorical",topic_8,0.140720803069237
184,"This experiment examined multiple variables, including quantitative variables and categorical variables. Quantitative variables include the proportion value estimated by the participants (the relative length of the triangular cuboid and the circular cuboid) and the true value of the proportion, which are numerical data that can be mathematically calculated and error analyzed. Categorical variables include the shape of the labeled figure (circle or triangle), the number or code of each model (used to distinguish different 3D bar graph models). By analyzing these variables, the experiment can explore whether the shape of the figure and the characteristics of the model have a systematic impact on the estimation of visual proportions.",topic_8,1.0
185,categorical,topic_8,1.6218688458437826e-308
186,"Accuracy of noticing the tallest of the bars: qualitative

Type of graph: categorical

Response time: qualitative",topic_8,0.1426821250302455
187,The variables were how we were able to read the graphs.,topic_8,3.4289237879828314e-308
188,"The ratio of heights was categorical, each graph was presented quantitatively, and then the test was administered categorical.",topic_8,0.06295191126993104
189,"One variable is the type of chart, which is categorical. Another variable is the accuracy of bar size judgement, which is quantitative.",topic_8,0.14836005470078392
190,"size estimated - quantitative

over or underestimate - categorical",topic_8,0.023584580891380984
191,Variables examined were participants reading charts and making judgements without physical measuring and this is qualitative and they found the difference in their judgement and the actual result and this is quantitative.,topic_8,0.06003006789495484
192,"The variables examined were the X, Y, and Z axes (quantitative), the color of the points  (categorical), and the shape of the points (categorical).",topic_8,0.09055138838542344
193,"I do not remember the exact variable used, but they were most likley categorial because we did not have to do any numerical calculations.",topic_8,0.033699595811792486
194,"The variables that are examined are the chart type which is categorical, bar spacing which is categorical, true ratio between bars which is quantitative, participant’s judged ratio which is quantitative, log error of judgment which is quantitative, and which bar was chosen as smaller which is categorical.",topic_8,1.0
195,"1. Type of graph – Categorical

2. Accuracy of bar height judgment – Quantitative

3. Time taken to respond – Quantitative

4. Participant background or experience – Categorical",topic_8,0.16797358990192982
196,The quantitative variables were the participant's numerical guess and the actual answer. The categorical variable was the type of graph.,topic_8,0.09392880675441925
197,"Type of chart- categorical

If the correct answer was given- quantitative",topic_8,0.1803990921095195
198,"1. Age of the Cow

*

Type: Quantitative

*

Description: The exact age of each cow, usually measured in years or months, to identify how age influences calving difficulties.

2. Calving Difficulty

*

Type: Categorical

*

Description: A classification of how difficult the calving process was (e.g., easy, moderate, or difficult). This could be assessed based on the need for human intervention or complications during delivery.

3. Calving Assistance Type

*

Type: Categorical

*

Description: The type of assistance provided during calving (e.g., no assistance, mechanical assistance, veterinary intervention, etc.).

4. Calving Outcome

*

Type: Categorical

*

Description: The outcome of the calving process (e.g., healthy calf, stillbirth, live calf with complications). This could also be categorized based on the health of the calf or cow after the birth.

5. Weight of the Cow

*

Type: Quantitative

*

Description: The weight of the cow could be used to explore how body condition or size influences calving ease.",topic_8,0.3366917017534713
199,"Some variables that were mentioned in this abstract were the bar spacing/color, and also how the graph was being formed or the orientation of the graph whether it was horizontal, or vertical pertaining to the data collected. These variables are categorical. Other variables such as the height of both bars (2D and 3D), and the size of the data represented, are examples of quantitative variables.",topic_8,0.12542764553253508
200,"Graph type- categorial 

Bar grouping type- categorial 

Judged ratio of bar heights- quantitative

True ratio of bar heights- quantitative

Error in ratio judgement- quantitative",topic_8,0.48274288121028175
201,The categorical variable would be if students were able to perceive data better with the 3D models.,topic_8,0.06716792376969583
202,"Variables I remember asked was age and if I was a member of stat 218. Age is quantitative and if I was in the class or not is categorical. The response variable is my score on the experiment, quantitative.",topic_8,2.3262459744760396e-308
203,"The variables which were examined where the type of graphical display (categorical) as well as the graph features; color, size, and shape, which is also categorical. Another variable examined would be the accuracy of participants responses. This would be quantitative because students were asked to give a number for a portion of the graph depending on the number assigned to the other portion of the graph.",topic_8,0.07257827773546474
204,"Explanatory variable: Type of graph (i.e., 2D, 3D, or 3D printed); categorical
Response variable: Accuracy of participant in estimating bar length; quantitative.",topic_8,4.4444150931655383e-308
205,The variable that was examined in this experiment is if people view 2D and 3D differently and which is more accurate.  It would be categorical because there are only two groups.,topic_8,0.048100841788091014
206,"The actual height difference between the blocks is quantitative, as the testers estimated. The estimation of error would also be quantitative. The taller block correctly identified would be categorical.",topic_8,1.399245824634282e-308
207,"*

How long something took – that’s a number, so it’s quantitative.

*

What choice someone made – like picking A or B, that’s a categorical variable.

*

Which group someone was in – like Group 1 or Group 2, that’s also categorical.

*

How many things someone got right – that’s a number, so it’s quantitative.",topic_8,0.05373337745486127
208,"Percentage - quantitative

How many people guessed what number - quantitative",topic_8,0.03759520848897814
209,"Im not sure what variables were exactly examined. I belive this reflection should be closer to the time we take the experiment, as we are college students trying to retain a lot of information, especially me as a senior graduating this year. I hardly remember the expeierment",topic_8,0.037049097757517455
210,"The experiment looked at the type of graph and bar spacing, which were categories. The judged ratio and log error were numbers. The correct bar choice was also a category.",topic_8,1.0
211,Ratio accuracy and Graph type,topic_8,1.0
212,"*

Chart type (2D, 3D, 3D printed) – categorical

*

Ratio judgment accuracy – quantitative",topic_8,0.5847391065001394
213,"Chart Type is categorical, the bar type was categorical.",topic_8,0.14072578065144664
214,The variables examined were the use of a computer or physical model. This was categorical. The response variable was how close to the true value the students responses were. This response was quantitative.,topic_8,0.03020934147418567
215,"Bar size- quantitative

Age- categorical

Education- categorical

Sex/gender- categorical",topic_8,0.049084600955851314
216,"The first variable is which bar was smaller, circle or triangle; categorical. The second variable is that if the bigger/taller bar of the two was 100 units, what is the size of the smaller; quantitative.",topic_8,1.3415997668142555e-308
217,"Categorical: chart type - 3D vs 2D charts

Quantitative: Response Time - how long it took to make a judgement",topic_8,0.44108471774115926
218,"quantitative data

the percent height difference between the two bars",topic_8,0.01570438072225841
219,"How good a person's memory is - qualitative 

How good of eyesight they have - qualitative

seeing or not seeing color - qualitative",topic_8,0.06188305195056854
220,"Categorical is whether triangle or circle was smaller or taller, and quantitative would be the number of units of the smaller one compared to the taller one.",topic_8,0.0225764513542041
221,the size of the columns and that was quantative,topic_8,1.585692292439309e-308
222,One variable could be which graph the student said was the smallest. This is categorical because it was either a circle or a triangle response.,topic_8,3.624242365777854e-308
223,"We first decided what tower was taller (whether the circle or triangle), this was fairly easy (categorical). Then we compared the 2 towers and gave an estimation how tall the shorter one was if the other was 100 units high (quantitative).",topic_8,0.028066428023476607
224,The size of the stacks was given which would be quantitative seeing as it was a numbered amount.,topic_8,1.6256981776440003e-308
225,"Independent: Gender (categorical) 

Dependent: accurate interpretationEach  of graphs (quantitative)",topic_8,0.06371524683453679
226,"Size of bar graphs (height): quantitative

If triangle or circle was smaller than the other: categorical",topic_8,0.02186222679560724
227,"Categorical: Circle vs. Triangle 

Quantitive: Difference in units between the circle and triangle",topic_8,0.03675878817839046
228,how accurate our observed ratio is to the actual ratio :quantitative,topic_8,0.04478944800022627
229,"The independent variable is the type of graph viewed (screen or in-person), which is categorical. The dependent variable is the numerical value the participant assigned to the bars, which is quantitative.",topic_8,3.7050074171885507e-308
230,"smaller or larger bar: categorical

how much bigger or smaller: quantitative",topic_8,1.0408427661642515e-308
231,"Which bar was larger-categorical

Percentage- quantitative",topic_8,1.046448434281028e-308
232,"The graphs, categorical

The measurements, quantitative",topic_8,4.1027078047672356e-308
233,The variable observed was how well each student did on the examination. This was a quantitive variable.,topic_8,0.04856911091636175
234,"Bars - Quantitative

Gender - Categorical

Age - Quantitative",topic_8,0.05071773511258349
235,"Students ability to understand graphs - Categorical

Students ability to identify the matching picture of the graph - Categorical",topic_8,0.09685284863853154
236,"The variables examined were the heights of the graphs, and this would be quantitative. I also think that other questions we were asked were along the lines of ""is line A taller than line B"", which would count as a categorical answer, being ""Yes"" or ""No"".",topic_8,3.0919405423742597e-308
237,"Type of model (physical/digital): categorical

Accuracy of identifying proportion: quantitative",topic_8,0.03799436331637802
238,"The time it takes to identify the taller one and the methods by which one identifies the taller one such as how they choose how much taller/shorter the block is. This would be quantitative. 

Whether students choose the right or left block as the taller one is categorical. 

The number in which students measured the difference in height of the blocks would be quantitative.",topic_8,1.4203463513468735e-308
239,"The experiment most likely looked at characteristics like the number of blocks counted or estimated (quantitative), the color or arrangement of blocks (categorical), and the accuracy of student replies (quantitative). These variables were used to investigate the effects of visual data presentation on interpretation and estimating abilities.",topic_8,0.13706600795665122
240,Heights of figures compared to other figures: quantitative,topic_8,0.01843652831789549
241,There were categorical and quentitative variables being examined.,topic_8,2.038511482792515e-308
242,"The different variables were the bar graph that the student is examining (categorical), and the percentage at which the student thought the bar was at (quantitative).",topic_8,0.04386489581971864
243,The proportion of the bars on the graph were examined. This is a quantitative variable.,topic_8,0.04184361339152838
244,"The study examined several key variables. Chart type (2D, 3D digital, or 3D printed) and bar spacing (adjacent or separated) were categorical variables. The true ratio of the compared bar heights and the participant’s judged ratio were both quantitative variables. The error in perception, calculated as log2 error, is also a quantitative variable. Additionally, the identification of which bar (marked by a circle or triangle) was smaller is a categorical variable. These variables collectively helped analyze both accuracy and perception across chart types and layouts.",topic_8,1.0
245,The level of shape (quantitative),topic_8,0.021041834831286646
246,"Color- Categorical

In-person versus picture- Categorical",topic_8,1.7520728669988674e-308
247,The variables would be the graphs which is quantitive and the students would be categorical.,topic_8,0.05823452030554332
248,"Possible variables include task completion time (quantitative), accuracy of performance (quantitative), and participant feedback or preference for certain models (categorical). If models were labeled by design type, that would be another categorical variable. If ratings were collected on a scale (like a 1–5 satisfaction scale), those would be quantitative as well.",topic_8,0.08845136959496755
249,"Which version of the graph they are using (2-D, 3-D, 3-D digital) - Categorical

Accuracy in peoples answers about the height - Quantitative",topic_8,0.04958362944829744
250,which bar graph is easier to read which is categorial.,topic_8,0.07081401266651591
251,I don't remember a lot of the experiment since it was so long ago but I know we were asked to choose the larger or smaller part and I feel that would be both categorical and quantitive.,topic_8,0.03312403800236319
252,"The variables examined are computer bar graphs vs 3D printed bar graph which are categorical, and the other variable is how close the estimated values are to the actual graph values which is quantitative.",topic_8,0.1240489925544115
253,"some variables that i remember from the experiment include, height of the block(quantitative variable), The circle or triangle shape on the block specifying which height to focus on (categorical), the bag participants got (categorical).",topic_8,0.04787501843538511
254,shape of part on graph is categorical and percentages on the comparison of the percentages is quantitative.,topic_8,0.06691586148877983
255,"The variables examined might have included things like the type of chart shown (categorical), the accuracy of responses (quantitative), and possibly the amount of time taken to complete tasks (quantitative)",topic_8,0.07786358531800736
256,variables where the data represent groups.,topic_8,0.04149349618573644
257,The variable of which shape was smaller or larger. (quantitative),topic_8,0.020349687347350397
258,"The variables being examined are weather or not the triangle or circle was smaller and correctly identified. That would be categorical. a yes or no. Another variable could be how far off or on peoples guesses where, if most people thought were smaller or bigger. That would also be categorical variables. More over, or more under.",topic_8,1.2992359448667935e-308
259,"categorical, whether the triangle was smaller or the dot.",topic_8,0.03242478858264756
260,Type of student (categorical) and distance between the two graphs (quantitative).,topic_8,0.10727574031995557
261,Categorical  triangle or circle,topic_8,0.03813730076938667
262,"The variables that are examined is which column is bigger, which is categorical, and the difference of value between the columns, which is quantitative.",topic_8,1.426743506003634e-308
263,It was categorial and it was based off of whether the triangle or circle bar was smaller.,topic_8,1.249293899201527e-308
264,"The variables was which one of the circle and the triangle was smaller, and also by how much it was smaller. The circle or triangle is categorical and the how much smaller is a percentage so its quantitative.",topic_8,1.318270231183494e-308
265,size of the bar if it was smaller or larger - categorical,topic_8,0.0155400454383811
266,"Independent variable: which bar was shorter- categorical

Dependent variable: how much shorter was the bar compared to the larger bar- quantitative",topic_8,1.036474330236382e-308
267,"Which bar is smaller - categorical

how much smaller was one bar compared to the other - quantitative",topic_8,1.047056905971942e-308
268,One variable would be how the graphs were displayed making it categorical and the other variable would be the amount of times the answers were correct making it quantitative.,topic_8,0.07190689438922994
269,"Difference in height of bar- quantitative 

Which bar was small (circle or triangle)- categorical",topic_8,0.021159292308783523
270,"Stistical graphics - quatitative 

the circle and triangle- categorical",topic_8,0.03669711153810265
271,"One of the variables observed was the color intensity, which is quantitative. As well as the estimated variables of how much smaller the units are. A couple of categorical groups observed are gender, age, and education level.",topic_8,0.029306094904269966
272,"The quantitative variables present are the numerical values associated/estimated with each color shade or height, and how accurate the responses were. The categorical variables measured are which letter represents a larger value (Y or y).",topic_8,0.03550791703843464
273,"Did the participant answer correctly - categorical

How confident was the participant- categorical 

What the participant estimated the quantity of the smaller value to be - quantitative",topic_8,1.63639857644421e-308
274,"Variables were which letter was larger (categorical), and how much larger than the comparison (quantitative).",topic_8,1.4173297841187905e-308
275,"The variables examined were the heat map type, the locations of objects on the heat map, and the rating of the difference between the two objects. The first two variables listed are categorical because they refer to visual data that cannot be counted. The last variable is quantitative because you are answering based on a numeric scale.",topic_8,0.0761236654441355
276,It was probably testing how people used visual information like color and location on the grid to show which two things are bigger and base it on a number value.,topic_8,1.0
277,There was a categorical variable in form of determining which area represented a larger number as well as a quantitative variable when I had to estimate the difference of two areas represented by a number.,topic_8,0.02586509209315531
278,The variables that were examined were which letter was higher in value and how much less the second letter was compared to the first. The first is categorical and the second is quantitative.,topic_8,1.3963927293755796e-308
279,"*

Independent variable: How the heat map was presented or how the values were spread across the grid 

*

Dependent variable: Whether the participant picked the right letter",topic_8,0.07588205400156325
280,"If people can correctly identify which value is larger; categorical

If people can correctly estimate the difference between two values; quantitative",topic_8,0.028746057598813147
281,"color (darker or lighter)- categorical 

depth (categorical)- higher or lower 

slider (quantitative)",topic_8,0.047206446849775034
282,"One variable was whether or not the participant had access to the 3D-printed charts. This is a categorical variable because it’s a yes or no question. Another variable could be how accurate the participants were in answering questions about the data — this would be a quantitative variable because it deals with numbers, like how many answers they got right. They might have also looked at how long it took people to answer questions, which is also quantitative, since it's measured in time. There could be other categorical variables too, like whether the person was a student or not, or what kind of device they used.",topic_8,0.05584192156867654
283,"Color Intensity (shade on the heat map): Quantitative (represents a numeric value).

Letter Label (e.g., ""R"" or ""r""): Categorical (identifies a specific position/value).

Relative Position on the Grid: Categorical (row/column location).

Estimated Smaller Value (slider response): Quantitative (numeric scale from 0-100).",topic_8,0.07718981644616599
284,"Independent variable would be each student that participated which would a quantitative variable based on how many actually participate. Categorical variable would be ""which answer did they choose for each question"".",topic_8,2.599943591205348e-308
285,"There were two variables with were the factor 1 and 2. These were the axis variables and main area of interests which was represented by color that define the heat map grid. The variables are quantative because they are based on numbers, for example the higher or lower the number the warmer or colder it would be.",topic_8,0.07632576039204694
286,the variables that were examined were which was the larger value and since it wasn't numbers and only letters that is categorical and then the second variable was how much smaller is the smaller variable and that would be quantitative because that was when we were given numbers.,topic_8,1.423399308558315e-308
287,"* Graph type, categorical (3D or flat)

* Which of the two quantities was larger, categorical

* Approximate difference between the two quantities, quantitative",topic_8,0.06158805678072279
288,"The variables examined are as follows: 

1. Current enrollment in a statistics class: categorical 

2. Male or Female: Categorical

3. Access to 3-D models: categorical 

4. Type of test (2-D v 3-D): categorical 

5. Which coordinate was chosen as higher or lower in temperature: categorical 

6. The number of accurate choices: Quantitative",topic_8,0.05613556017510857
289,"The type of Chart: 2D or 3D, Categorial.

Accuracy of reading: quantitative.",topic_8,0.43379139385109733
290,"A couple of variables that were examined could have been either 2-D or 3-D, the score or accuracy, and the amount of time taken to preform the experiment. 2-D or 3-D is categorical because it places the two into different groups. Score or accuracy is quantitative because it is a numerical measurement showing how well you preformed. Lastly, the amount of time it took is quantitative because it is a numerical value representing duration.",topic_8,0.06362184868557506
291,"color: categorical

height: quantitative",topic_8,1.808652322392474e-308
292,"Variables:

* if the respondent identified the greater of 2 choices correctly (categorical)

* how close the respondent was to the correct valuation (quantitative)",topic_8,0.024813638932713065
293,The variables being designed were size/color (categorical) and units of value (quantitative).,topic_8,0.030353176765034226
294,"Response variable- how accurate the reading of the graph is 

Explanatory variable- The type of graph used

Both are quantitive",topic_8,0.04212519446398215
295,One variable that was examined was the difference in size of the graph bars which is quantitative. Another variable that is examined is how close to the right answer the test taker is which would categorical.,topic_8,0.05832026122076054
296,"whether or not student got it right is categorical

the amount of student that changed their answers for the same questions is quantitative",topic_8,1.743027957245853e-308
297,"Which one was smaller, categorical

Which one was larger by what amount, quantitative",topic_8,0.016602194594588067
298,"Age: Quantitive 

Favorite zoo animal: Categorial",topic_8,0.038901512177673195
299,"The first variable is deciding which graph is smaller and this is categorical because we are choosing between two options. The second variable is deciding how much smaller the smaller bar on the graph is, which is quantitative because we are determining an amount.",topic_8,2.7100675115333774e-308
300,One variable was the type of graph presented (categorical) and the other was people’s perception of the graph (categorical).,topic_8,3.758686826542411e-308
301,I think it was categorical whether the participant identified the correct smaller bar and then quantitative how close the slider was to the actual size of the bar.,topic_8,1.411816447940562e-308
302,"Independent: chart type (categorical)

Dependent: accuracy of ratio judgment (quantitative)",topic_8,0.06506638842200081
303,"The variables were which graph was smaller and how much smaller the bar is compared to the larger one. 

Deciding which graph is smaller is categorical.

How much smaller the bar is, would be quantitative.",topic_8,2.8471479504546266e-308
304,"One variable is how many graphics a student was able to successfully perceive - this variable is qualitative.

Another variable is how well students were able to read information from charts and how far off they were from the actual measurement- this variable is also qualitative.",topic_8,0.06086509685206511
305,"color- categorical

dimension-categorical

size-quantitative

understanding-categorical",topic_8,1.824982013327458e-308
306,"the variables were:

which bar was perceived as smaller: categorical 

how much smaller the bar was to the taller one: quantitative",topic_8,1.473369616638525e-308
307,The variables that were examined were if either the triangle or circle bars were smaller (categorical) and then determining how small said bar was in comparison to the other (quantitative).,topic_8,1.303544142836701e-308
308,The variable examined were weather the graph was 2D or 3D which is categorical.,topic_8,0.0703300168110817
309,"The variables that were examined were what type of chart, 2D or 3D, and this was categorical. The also examined the variable of how accurately the participant was able to compare the difference in data. This was quantitative.",topic_8,0.15888013683321242
310,"* which bar was smaller (categorical)

* by how much smaller was the bar compared to the larger one (quantitative)",topic_8,1.048415324619117e-308
311,"Age range - Quantitive

Gender - Categorical

Accuracy of estimating size ratios - Quantitive",topic_8,0.04996156996634047
312,shape which is categorical and length of difference which is quantitative,topic_8,0.020671719638617945
313,"Which circle is bigger - categorical

How much bigger is the larger graph from the other - quantitative",topic_8,0.06124798565269331
314,"If the correct bar was identified as shorter - categorical

The difference in size for the two bars - quantitative",topic_8,1.031604237289934e-308
315,"Which bar is bigger triangle or circle, categorical

How much smaller is the bar than the other bar, quantitative",topic_8,0.022687349577820256
316,Variables would be if the graph is smaller or larger- categorical,topic_8,0.06249267853937059
317,"Explanatory variable: is the difference between 2D and 3D graph types, this is categorical. 

Response variable: Which graph type has more accurate results/responses, this is quantitative.",topic_8,4.14177930299784e-308
318,The variables were which was taller and that was categorical and where you slide the bar and that was quantitative.,topic_8,1.6627246107839065e-308
319,"What were the two bars: Categorical 

How much bigger and smaller the bar is: Quantitative",topic_8,0.01567227368547212
320,The variables examined were proportional size and visual representation. Proportional size is quantitative and visual representation is categorical.,topic_8,0.024815791752242855
321,Which bar was smaller- categorical. Proportion of how much smaller the bar was to the larger bar-quantitative.,topic_8,1.058286146373973e-308
322,"size - categorical

amount of size difference - quantitative",topic_8,0.021874289206965908
323,"2d or 3d height categorical

about how much smaller each bar was, quantatative",topic_8,1.0175347206287544e-308
324,"3D or 2D printed - categorical

answers given - quantitative",topic_8,0.05663192636375849
325,Categorical,topic_8,1.5911197023755394e-308
326,which bar was larger which is categorical and how much smaller the smaller bar was which is quantitative,topic_8,1.070866250290591e-308
327,"Accuracy: quantitative 

weather they chose a square or triangle: categorical

How fast they took to take the survey: quantitative",topic_8,0.025740789510774808
328,"Variable 1: The smaller chart - categorical.

Variable 2: How much smaller one chart is compared to another - quantitative.",topic_8,2.813917351294223e-308
329,"Which bar graph was smaller (categorical)

How much smaller or larger the graph was to the bigger graph (categorical)",topic_8,0.06986988587779465
330,"the variables examined were: 

* the 2-D graphs: catagorical 

* the 3-D graphs catagorical 

* wether the partipants chose the correct answer (circle or triangle was bigger) catagorical",topic_8,0.08317419654409478
331,"The variables examined were:

* Number of close friends (quantitative).

* Gender  (categorical).",topic_8,2.0394480906672553e-308
332,"2D, 3D and 3D printed. Determining the size. These would be quantitative because it would be a numerical value.",topic_8,0.04702038592228114
333,"2D or 3D bar graph - categorical

Color of graph- categorical

Position of graph - categorical 

Size of graph - categorical",topic_8,3.62466203592476e-308
334,Types of graphs used. Categorical,topic_8,0.05084500983255895
335,The variables were quantitative because we had to gauge how much taller or shorter one of the bars was.,topic_8,0.020474632978076633
336,"Some variables in this experiment may include the quantitative variables of graphs that are interpreted correct or incorrect,  and how long it took each participant in the experiment to interpret the graphs and fill out thee experiment. 

The categorical variables include, how the information was presented and in what type of statistical graph, if the participant is in stats 218 or not or has any prior knowledge, and the age of the participants.",topic_8,0.08382660588403737
337,The percentage that one bar is of the another bar. It is quantitative.,topic_8,0.014439263890911288
338,"*

Understanding of Statistical Concepts: Quantitative – Measured through scores on assessment questions focused on concepts like significance, confidence intervals, and effect sizes after interacting with 3D models.

*

Improvement in Interpretation Skills: Quantitative – This could involve comparing pre- and post-experiment scores to see if the 3D models improved students' ability to interpret data.

*

Chart Type (2D vs. 3D Printed): Categorical – This variable examines whether participants using 3D-printed charts are more accurate in interpreting statistical data compared to those using traditional 2D charts, assessing the effectiveness of each chart type.

*

Ease of Interpretation (Self-Reported): Categorical – Participants might rate how easy or difficult they found the 3D models to understand, giving insight into perceived clarity.",topic_8,0.19064376238098502
339,Type of picture is categorical. The size selected was quantitative.,topic_8,0.025910531424509095
340,"The first variable is categorical and it would be whether or not the student was able to identify the smaller bar or not. This would be a correct or incorrect or yes/no variable. 

The second variable is quantitative and would be a numerical value of how far off the student was from the correct difference in size, measured in units, between the two objects.",topic_8,0.0173363717039641
341,"The explanatory variable for this experiment would be the dimension the rectangles were in, which is categorical. While the response variable would be the height of the second block, which would be quantitative.",topic_8,0.05753172020446494
342,"Whether the student answered the question correctly (categorical), or the proportion of correct answers (quantitative), whether the model was 3D or 2D (categorical).",topic_8,0.03842551630212891
343,"stats 218 students: categorical 

how many answered the question correctly: quantitative.",topic_8,0.027957486068465865
344,"From my memory, I believe the variables were what graph was proposed (how the data was presented) which would be categorical. The other variable would be what we determined the proportion of a specific block's height was compared to another block. This would be quantitative",topic_8,0.06376994535037048
345,"the number for the graph- quantitative 

whether the graph was smaller or larger- categorical",topic_8,2.7275796672863844e-308
346,The variables examined were the independent and dependent variable and it was quantitative.,topic_8,1.8990021602905506e-308
347,"People: categorical

bar graphs: categorical",topic_8,0.11860240270467436
348,Percent of blocks being represented. It is a quantitative variable because it contains numbers.,topic_8,1.3380247676434693e-308
349,"Explanatory variable: Whether the blocks were 3D or 2D: Categorial 

Response variable: Size of the non-control block recorded: Quantitative",topic_8,0.04646177395579846
350,amount of time the test subject allocated for assignments. assignments are quantitative. Test subjects are categorical.,topic_8,0.0392056956880303
351,The variable observed was the height of one column compared to another and was quantitative.,topic_8,1.563316795143461e-308
352,"Interpretation Accuracy:

Type: Quantitative

Description: A measure of how accurately participants interpreted the data in each graphic, likely represented by a score based on correct answers.

Interpretation Time:

Type: Quantitative

Description: The time it took each participant to interpret and answer questions about each chart, likely measured in seconds.

Confidence Level:

Type: Quantitative (if measured on a numerical scale) or Categorical (if measured by discrete levels like ""Low,"" ""Medium,"" ""High"")

Description: Participants’ self-reported confidence in their answers to questions about the charts.

Participant Background Knowledge:

Type: Categorical

Description: Experience level in statistics or familiarity with data visualization, potentially categorized as ""Novice,"" ""Intermediate,"" and ""Expert.""

Device Type:

Type: Categorical

Description: The device used by participants to complete the survey, such as ""Computer,"" ""Tablet,"" or ""Phone.""

Demographic Information (e.g., Age, Gender):

Type: Age – Quantitative; Gender – Categorical

Description: Basic demographic details that might be collected to see if they correlate with interpretation skills (e.g., age measured in years, gender categories).",topic_8,0.4122987864682787
353,"Height of Larger Bar
Quantitative: This is a reference height, fixed at some value (e.g., 100 units) since the participant makes comparative judgments.
Predicted Height of the Smaller
Bar (Quantitative): Participant's estimate of height of the smaller bar, usually asked with slider or input field.",topic_8,0.01664739539103513
354,"Which bar is smaller compared to the two picked out? categorical 

What is the height of the smaller bar graph out of 100? quantitative",topic_8,0.06506899592241029
355,"Graph values and trends; Categorical

Interpretation Accuracy; Quantitative",topic_8,3.168141536904509e-308
356,"Independent Variable:

The type of model (2D rectangle or 3D rectangular prism) – categorical.

Dependent Variables:

Perceived height of the shorter model in comparison to the taller model set at 100 – quantitative.

Error margin in estimation (difference between actual and estimated height) – quantitative.

Shape complexity (2D or 3D) – categorical.",topic_8,0.044736158815929045
357,The measured variable was the different strips that had the shapes on them and we had to find out which ones were bigger. I believe it was quantitative because it was measuring size and numbers.,topic_8,0.038814232185287637
358,"One variable that was examined was how the data was read, either online or the physical data. This variable is categorical. Another variable was the percent each subject estimated of the smallest bar compared to the largest bar. This variable is quantitative.",topic_8,0.046462493786119344
359,"Which bar its larger - categorical

 the ratio between the two graphs - quantitative",topic_8,0.06986886262709734
360,"gender of participant - categorical

difference length of bars - quantitative

age of participant - quantitative

whether a chart is 2D or 3D - categorical",topic_8,0.3892071568883183
361,"The type of graph being used to compare the accuracy between the different chart was categorical. 

The participants being used to guess the shapes measurement was quantitative.",topic_8,1.0
362,"Type of Model- Categorial 

Time Taken- Quantitative",topic_8,0.02722592726503305
363,"3D graph or 2D graph- categorical 

Ratio of the smaller bar to the larger bar- quantitative 

which bar is smaller- categorical",topic_8,0.04516707360223804
364,Since I do not know the full experiment I would guess that the participants were the independent variables because we were manipulated and the dependent variables would be quantitative because of how many questions we could answer correctly and accurately.,topic_8,2.4232240247387465e-308
365,The values examined were what people said the correct number on the graph was which was categorical,topic_8,0.05724342546922902
366,"Height of the graph: Quantitative 

Which one is smaller: Quantitative",topic_8,0.06883039955986062
367,quantitative: the amount of difference between the correct answer and participant response,topic_8,1.6553917151330536e-308
368,"Height of bars - quantitative

Difference in height of bars - quantitative",topic_8,1.0286127887892323e-308
369,"The variables that were examined was the background information asked in the beginning such as age, race, and sex. These variables would be categorical.",topic_8,2.153244696470112e-308
370,"The estimated height of the bar is quantitative, if the bar is shorter or taller is categorical, it also asks for a couple characteristics at the beginning of the participant which would be categorical.",topic_8,0.03978973530850502
371,The size estimations can be quantitative when given in numerical form. Deciding which is larger Aor B is categorical. Also for students in person the figures that are 3D printed compared to the figures shown on screen are categorical,topic_8,0.023681645323211584
372,The variables that were examined were which line was smaller which is a categorical variable and the size of the smaller line in comparison to the larger line which is a quantitative variable.,topic_8,0.0230556037297898
373,A variable I saw examined a lot was the angle at which the graphs were shown. This is a categorical variable.,topic_8,0.0820211323673383
374,One variable in this experiment was how close the participants were able to get to the accurate height of the bar. This is quantitative. The other variable in this experiment was whether the bars were next to each other or separated by other bars. This is categorical.,topic_8,0.03817395335122065
375,"To provide an accurate response, I need the specific context or details about the study or data set you are referring to. Please provide more information about the variables in question.",topic_8,1.8847051576498973e-308
376,"Shape of Bars - categorical

size of Bars - quantitative",topic_8,1.027357458127964e-308
377,"some variables for the test was either having an interactive graph or if it was a just a picture, and that variable is categorical. another one was the ages which is also categorical. one last one would have been whether the two options to pick were right next tot eachother or if they were apart from eachother which is quantitive.",topic_8,2.8776120902965504e-308
378,We examined which shape was smaller (categorical) and what the ratio of the shapes were compared to each other (quantitative),topic_8,0.020955371397926376
379,"accuracy of estimate: quantitative

online or in person class: categorical",topic_8,0.06253443715289753
380,"Weather a bar was the smallest categoeial, and how small.it was quantitative",topic_8,0.014154152002654664
381,"Some variables examined were the circle and triangle and which was taller =categorical, another was by how much smaller was the bar compared to the other=quantitative.",topic_8,1.353330182760535e-308
382,The variables that were examined in this experiment were shape and percentage associated with each bar graph. The shape of the graphs is categorial and the percentage was quantitative.,topic_8,1.0
383,"Quantitative: how tall the bar was in comparison to the taller one

Categorical: Circle bar and triangle bar",topic_8,0.01986180959918038
384,"The variable of the students in STAT 218 would be quantitative.

The variable of bar graphs being measured would be quantitative.",topic_8,0.05095072055429881
385,"Favorite zoo animal - Categorical

Gender - Categorical

Age - quantitative",topic_8,0.044418967567947575
386,"which bar is smaller-categorical

the proportion of the two bars- quantitative",topic_8,1.039613180767705e-308
387,"The variables were if the bars were next to each other or separated, which is categorical and how close the guesses are, which is quantitative.",topic_8,0.045085425191466896
388,"Which bar was shorter- categorical (circle or triangle) 

Then how high/low do we think the bar was in comparison to the other- quantitative",topic_8,0.01825465890537767
389,"quantitative by height

categorial by circle or triangle",topic_8,0.020822242913552978
390,how students read the graphs and estimate how big the graphs are. The estimation I quantitative.,topic_8,0.11430381803392031
391,"The variables examined in the experiment were, 

Whether or not the subject correctly identified which structure was smaller - categorial.

How close the subject was to the correct answer of height of the structure - quantitative",topic_8,0.015790850642523186
392,Circle or triangle,topic_8,0.04032934699394034
393,"the circle bar - categorical

the triangle bar - categorical",topic_8,0.03716435539755362
394,"Age and performance scores are examples of quantitative variables because they can be measured on a numerical scale, while gender and treatment type are categorical variables because they involve distinct categories or groups",topic_8,0.036269489449886075
395,Percentages of bar graphs - quantitative and which bar was larger or smaller - categorical.,topic_8,0.06695444564008385
396,"block length - quantitive, color of blocks - categorical, perspective of the block (3D or not) - categorical.",topic_8,0.03472456854280998
397,"Students - categorical

Graphs (longer/shorter; triangle/circle) - categorical",topic_8,0.09382638359620168
398,"The height of the bar graph - it would be quantitative 

The participant guesses - would be quantitative variable 

The graphical presentation - would be categorical variable 

The participants characteristics - categorical (speaking of age, gender, education level)",topic_8,0.06962494994577208
399,"height of the column- quantitative 

which was taller- categorical",topic_8,0.019011403362134364
400,The variables were whether or not a person could accurately say how much smaller a bar was. It was qualitative,topic_8,1.691075880657998e-308
401,I remember comparing height of columns by using percentages: quantitative data.,topic_8,0.02402842354670682
402,"Variables examined were:

The height of the triangle line (quantitative)

The height of the circle line (quantitative)

If something was taller or shorter (categorical)",topic_8,1.394774930058777e-308
403,"The variables examined was which bar was taller (categorical), the circle or the triangle, and if the taller one is 100 units, how tall is the shorter bar (quantitative).",topic_8,1.3586783161079834e-308
404,-Which bar graphs were greater - categorical,topic_8,0.06995407600940755
405,"The variables that were examined were sets of data with two different letters given. In our case, those were the two sets of data for our experiment that we answered questions about. and they were quantitative because they changed over the course of the experiment.",topic_8,0.032632591239499104
406,"percent of correct estimations - quantitative

which 3-D print models were used - categorical",topic_8,0.05746520480015559
407,One variable could be the correct or incorrect answer ratio. This would be quantitative. A categorical variable would be the accuracy based on gender. A quantitative variable would be the percentage of accuracy between having the online models and the physical models.,topic_8,0.06620931268078814
408,"2D models vs. 3D models - categorical variable

The accuracy of the guess - quantitative",topic_8,0.055826958170252766
409,I do not remember.,topic_8,0.03132443093672374
410,"Correct vs. Incorrect 

=> categorical 

the height of the assigned bar in the sample => quantitative.",topic_8,0.01853042111520692
411,"how close the guess was to actual answer(quantitative)

correctly identifying smaller bar(categorical)",topic_8,0.018823219683562733
412,"the variables examined was triangle or circle. explanatory

also, the height difference between the two variables. response",topic_8,1.3196782599202567e-308
413,"Larger and Smaller bar: categorical

Height of smaller bar: quantitative",topic_8,1.0202818828300075e-308
414,there where two options circle or triangle,topic_8,0.0385095770000251
415,Size of bar-quantitive.,topic_8,1.017875841369788e-308
416,"The students ability to get close, quantitative.",topic_8,0.026836998481616595
417,"Size: Quantitative

Color: Categorical

Shape: Categorical",topic_8,1.7968206340946814e-308
418,"The person's guess which is a number, so quantitative. What the actual different is also quantitative. The comparison between the two, also quantitative.",topic_8,1.6911528854478397e-308
419,"Accuracy (quantitative)

Which bar is smaller (categorical)",topic_8,0.01918708333310225
420,Whether the circle or triangle section of the graph was taller was categorical and the height of the smaller graph was quantitative.,topic_8,0.06898254133742698
421,The two variables examined were which bar is smaller and what the size of the smaller would be if the larger was 100. Determining the smaller is categorical and determining the size in comparison to the larger is quantitative.,topic_8,1.3825056476592305e-308
422,"Triangle or Circle (which one is smaller) - categorical

Number chosen relative to 100 - Quantitative",topic_8,0.03491669870115917
423,"The height of bars - quantitative

which bar was smaller - categorical",topic_8,1.018523838757922e-308
424,"Which graph was higher, Triangle or circle, categorical

Which graph was taller or shorter by how many meters, quantative.",topic_8,0.06961850301047824
425,"Variables being examined were the different bar graph models, categorical.",topic_8,0.09564128273096731
426,"the bar graphs - quantitative

participants - categorical",topic_8,0.154054510569264
427,"how people see things differently 

quantitative",topic_8,1.754952569136776e-308
428,"What set of blocks we chose, categorical.",topic_8,0.03449711094959371
429,The students or the people who were doing the experiments it was quantitative because they had to the measurement of how long it us to submit the answer.,topic_8,0.03899823614596251
430,"Stats 218 students - categorical

Whether or not the student can get the height of the bar right - categorical",topic_8,0.017799857659888525
431,"Quantitative- Triangle or Circle

Categorical- Difference in Units (0-100)",topic_8,0.027740789812420265
432,How diffeent people interpret different graphs whether its 2d or 3d or real.,topic_8,0.05492822023118438
433,How accurate the student was in finding the differences between heights. I would say its quantitative as were pulling numerical values.,topic_8,0.025219874311341876
434,The variable was categorical and students ability of observe graphs.,topic_8,0.08103419578410964
435,This was quantitative because we were asked to report a percentage.,topic_8,0.020739217413417832
436,The percentage difference between blocks- qualitative,topic_8,1.3263310712745835e-308
437,Percentages and height. These are quantitative since they measure in percentages and numbers.,topic_8,0.024842520507250183
438,The variables that were examined were the height of the bar graph in percentage which would be quantitative.,topic_8,0.038345033464086124
439,"Quantitative: how tall the bar graphs were

Categorical: different bar graphs (digital/physical), 5 different types of bar graphs, triangle vs circle",topic_8,3.5461212097560757e-308
440,"Triangles versus circles

categorical.",topic_8,0.03832929470817523
441,"One variable was the type of graph we were looking at which in that case would be categorical, another would be how much each student thought each bar was, which would be a quantitative variable.",topic_8,3.1124306106945836e-308
442,"The variables that were examined were which bar a study participant claimed was smaller, which was categorical, as well as the degree to which they claimed it was smaller, which was quantitative.",topic_8,1.478507220198101e-308
443,"The information of a person could get would influence his feeling.

Categorical",topic_8,1.514895052423415e-308
444,The variables were examined were our participation (Categorical) and our responses (Quantitative).,topic_8,2.1099156772878986e-308
445,"the variables that were examined were the models which were 2D, 3D, and real life ones. I would say it was quantitative since we had to estimate the size and say how small we thought it was.",topic_8,0.04051645339459127
446,"Type of graph - categorical

Accuracy of response (regarding height differences) - quantitative",topic_8,0.09761206047186713
447,"What type of graph was shown, which is categorical.

How much smaller the smaller data point is, which is quantitative.",topic_8,0.05424033457427247
448,"Ratio Comparisons:  Involves the ratio of heights between the bars in the bar charts which is quantitative. 

Graph Type: Specific characteristics of the bar charts including whether they were adjacent or separated, and whether they were presented in 2D or 3D formats which is categorical.

Type of Data Visualization: Type of graph used to represent the data. It includes three categories: 2D graphs, 3D digital graphs projected in 2D environments, and 3D printed bar graphs. This is categorical.",topic_8,1.0
449,Estimated difference in tower hits on blocks. Quantitative.,topic_8,0.019757805485065318
450,"Height of objects- quantitative.

Accuracy- (right/wrong) categorical.",topic_8,0.02992849845400933
451,One variable that was examined was the percentage that the student thought was the height of the bar. This is a quantitative variable.,topic_8,0.028863069012791943
452,"The variables were us, the graphs and the website we used. These would be both quantitative and categorical.",topic_8,3.2776275483584165e-308
453,"Types of graphs (categorical), height perception (categorical), order of presentation (categorical)",topic_8,0.05047110663374714
454,"Size of culoms, quantitative",topic_8,0.026319566938965616
455,"Experimental, quantitative: block size

Response, quantitative: block value",topic_8,1.3150934927150026e-308
456,It was mostly quantitative because it measured which bar length was longer and by how much. I suppose a categorical would be short very long.,topic_8,0.032572034223203684
457,"As I recall, we may have been asked to determine which bar was smaller (categorical) and also, assuming the larger bar was 100, what value the smaller bar would be (quantitative).",topic_8,0.012892107001359905
458,"Response variable, quantitative",topic_8,0.042998805982060614
459,"Height, color, size, and shape were all variables that were examined. I would say it was both variables, since it was asking for a number for height, otherwise this would be categorical.",topic_8,0.03298742498225861
460,Weight in comparison to another height. Color. Which bar was taller.,topic_8,1.0332732544599963e-308
461,"Categorical Variables: The different types of charts (2D, 3D digital, 3D models)

Quantitative Variables: The number of participants and the specific value each participant put on each of the charts.",topic_8,0.10102200205170826
462,"It asked about our sex and that would be categorical, the score on the test and it is quantitative",topic_8,2.268425878059351e-308
463,Categorically how people visualize the graph heights.,topic_8,0.04129889435662265
464,"It was categorical since there were spits in the data, also the variables were seeing if the blocks were squares or triangles, and what that person picked.",topic_8,0.048771122661470205
465,"How close students could estimate the comparative heights of physical bar graphs. Quantitative. 

How close students could estimate the comparative heights of digital depictions of bar graphs. Quantitative.",topic_8,1.0
466,"categorical, because there was a correct answer out of the given options.",topic_8,1.584512071545213e-308
467,"categorical variable is the type of way the graph was presented: 

* 3d printed (4d?)

* 3d image that can be moved around

* 3d image

* 2d image

quantitative variable is the height estimation of graph bars compaired with other graph bars:

numerical values from 0.0- 100.0.",topic_8,3.7259849110841255e-308
468,"Stat 218 students (quantitative) 

How well students could read a graph (quantitative)",topic_8,0.1113068594931066
469,The variables examined were quantitative.,topic_8,1.935017146334915e-308
470,Quantitative,topic_8,1.6984310857537756e-308
471,How well someone could estimate a value. Quantitative,topic_8,0.054813851939004773
472,"The explanatory variable was the person doing the experiment. The results changed every time a new person was doing it.

 The response variable was the color of the shape picked. The color picked was impacted by the person conducting the experiment.",topic_8,0.0671673665935423
473,"age - quantitative 

gender - categorical",topic_8,0.048715933073554846
474,The variable examined was the height between 2 bars on different graphs. The variable was quantitative.,topic_8,0.03482337943200198
475,How we responded to the prompts is one of the variables and it is categorical,topic_8,0.04874652844794583
476,"Can someone accurately match the real proportion? Categorical. The degree of difference in their response to the true number, quantitative.",topic_8,0.035855455414117186
477,"Number of correct answers - quantitative 

Visual or physical - categorical",topic_8,1.6734172485123825e-308
478,"The variables examined in this experiment were nominal variables which have no rank. The participants were choosing between a triangle or circle, both being categorical variables.",topic_8,1.294348106618793e-308
479,"Dependent variable : accuracy of reading 

Independent: Changing graphs from virtual reading to actual reading from figures.",topic_8,3.4522478315963117e-308
480,"There was color, categorical.",topic_8,1.6969891381269937e-308
481,"1) Distance between objects - quantitative

2) Task complexity - categorical",topic_8,0.030337122691855633
482,The variables were categorical,topic_8,0.04114633224298606
483,"the range of accuracy, how close students guesses got to the actual numerical value of the bar graph, quantitative",topic_8,0.10609809922369177
484,"The variables examined are the materials used (digital graph on computer vs. physical model) which is categorical, and the accuracy of the participants guesses (quantitative).",topic_8,0.1349770067563012
485,"heights of the blocks - quantitative 

if the circle or triangle was taller - categorical",topic_8,0.02425368784203641
486,"The variables that were being examinated were quantitative and random assigment. For quantitative the participant had to chose which amount bettwen 0-100 units they thought one of the bars was and submit it. In the case of random assigment, I noticed they were multiple bags for different kits so I guess the random assigment of the bags and selection of the bars was present and examinated in the experiment.",topic_8,0.04203945128944465
487,The variables examined were which bar was higher (categorical) and what was the estimated value of that bar compared to another (quantitative).,topic_8,1.4031387146221335e-308
488,whether you could get it or not so categorical,topic_8,1.5677264048093275e-308
489,"The variables that were examined are determine which shape was taller, this is categorical. Then it asked to estimate how small the smaller graph was if the taller one was 100 units. this is a quantitative variable.",topic_8,0.029824696493080245
490,"Type of bar chart used (2D or 3D) - categorical

What the individual perceived the data to be - quantitative",topic_8,0.40880673562056674
491,"Independent: type of chart and color of the bars (quantitative)

 

Dependent: participant accuracy and response time (quantitative)",topic_8,0.05954775628163241
492,"The length of the bars, this variable would be quantitative. Which bar the people chose to longer or shorter, this variable would be categorial because they are observing it, but when it asked you to say how much bigger or smaller one bar was from another, that part would be quantitative.",topic_8,0.039327207501551865
493,"The variables examined is if people better estimate the values of graphs, which is quantitative as we estimated with numbers.",topic_8,3.7492637054782426e-308
494,"Accuracy scores (quantitative)

Age of students (quantitative)",topic_8,1.8299599141700873e-308
495,"Size comparison - categorical

Difference in percentage - quantitative",topic_8,0.019887358148240615
496,"2d : quantitative

3d: quantitative",topic_8,0.04963458388030709
497,"How close the person was able to get to the correct number of the bar (quantitative) 

Which bar is higher? triangle or circle (categorical)",topic_8,0.021875157893389334
498,The variable is the different bar graphs; categorical.,topic_8,0.08929367388334658
499,"Age: quantitative

Major: categorical

Accuracy of height-guessing: quantitative",topic_8,0.049793671806189606
500,Yes or No --> categorical,topic_8,1.6085973306502737e-308
501,"Which of the 21 kits each person gets would be a quantitative variable.

Whether each person chooses triangle or circle on each chart would be a categorical variable. 

A potential confounding variable would be whether or not each participant got a good nights rest the evening prior to taking the experiment.",topic_8,0.08738781206547887
502,"size of objects: quantitative

perceived size: quantitative",topic_8,0.02438297861724024
503,"Physical or digital, categorical. Difference between 2 graphs, quantitative.",topic_8,0.060819547845818805
504,"Which was smaller?

* categorical

Deciphering by how much the tower was smaller?

- quantitative",topic_8,0.03496267858173885
505,"specific model kits, in person vs online, these categorical 

results of counting - quantitative",topic_8,0.06398654799495213
506,One of the variables was male or female (categorial) the other was age (19 or older: categorial) and another variable was the value of a certain bar on the graph (quantitative),topic_8,0.04872571683929963
507,The accuracy of what we guessed on the visuals. This is a quantitative variable.,topic_8,0.0452640808339012
508,"The variables examined are the sizes in bar graphs along with the comparison to one another. The variable was categorical to start as you would determine which is smaller or larger, then based off that you would determine by how much the smaller graph differed from the larger one which would be quantitative.",topic_8,3.1061579521355826e-308
509,"Visualization medium: represents the type of chart used for data visualization (2D, 3D digital, or 3D printed) categorical.

Perceived ratio judgments: The participants' judgments of the ratio between two bars in the chart. Quantitative

Bar chart layout: The layout of the bar charts, including the positioning of bars and the grouping of data. Categorical

Ratio comparison: The specific ratio values used for comparing bar heights in the charts. Quantitative

Graph identification: The identification of specific bars within the charts for comparison is controlled to ensure consistency across participants. Categorical",topic_8,1.0
510,"Which bar students pick as higher -categorical

How tall the smaller bar is compared to the larger bar -quantitative",topic_8,0.018128966503818966
511,"categorial - the blocks, the height of the blocks",topic_8,0.024380730508323168
512,Rayshader and graphs are categorical variables.,topic_8,0.049839383353473946
513,"Type of visual, categorical. The guess in the size of the bar, quantitative.",topic_8,0.05063492495318723
514,"The variables that were examined is whether the student can accurately guess the value of the bar - categorical

Also it could have been the numerical value of how far off the student guessed from the actual value - this would be quantitative",topic_8,0.044992516091440594
0,Circle and Triangle graph. Quantitative,topic_9,0.05205404051678354
1,Model size- quantitative color- categorical,topic_9,1.0
2,The height which was quantitative and the other variable was the shape on the model which is categorical.,topic_9,0.0398252848201496
3,"There were a few variables that were examined, one of them was being able to judge the size difference between the blocks which is quantitative. Another variable could possibly be genders which would be a categorical variable. Also, we are all college students which could be a categorical variable as well.",topic_9,0.03276982060146262
4,"One variable could’ve been gender (categorical)

another variable may be major (categorical)",topic_9,0.04510596509767465
5,"Each individual graph and what size they were, quantitative

The individual and their selection is a categorical observational unit",topic_9,1.6445486760905815e-308
6,"Number of blocks in a bag: quantitive

whether a student participated or not: caregorical",topic_9,2.1686080073535527e-308
7,"Size difference in the two bars, quantitative

Physical or online bar chart, categorical",topic_9,1.283382038357577e-308
8,"-assigned either an adjacent graph or separated comparison graph (categorical)

-estimating ratios (quantitative)",topic_9,0.026831531005356235
9,"1. The response of statistic students to the 3D kits - Categorial 

2. Effectiveness of 3D printed charts to their 2D rendered parts - Quantitative",topic_9,0.042805784633188626
10,The first variable was which peak in the chart was the tallest between the two. This is categorical. The second variable was how big the difference between the two peaks are and this is quantitative.,topic_9,1.769236006902928e-308
11,"2D vs. 3D graphs; categorical 

A number out of 100; quantitative",topic_9,0.025601092698055616
12,"How close we were to guessing the percent compared to the other bar. This would be quantitative. Also guessing which bar was bigger, which was categorical.",topic_9,1.274092168023895e-308
13,"Interpreting 3D graph correctly- categorical

3D compared to 2D- categorical",topic_9,0.0256829017181097
14,The variables were the answers of the subjects on which bar as smaller. This can be a categorical variable,topic_9,1.849939588287576e-308
15,More accurate description - categorical,topic_9,1.0
16,"1) Type of graph (categorical)
2) Student observations (quantitative)
3) Student characteristics (categorical)",topic_9,0.03377385765634478
17,"the categorical variables were: type of chart (2D, 3D Digital, 3D printed), determining which bar was smaller, and whether it was adjacent or separated. 

the quantitative variable was the number we put (on the slider) on the difference between the smaller and larger bar",topic_9,0.049462722967537044
18,"The bar graphs, percentages were quantitative.",topic_9,0.037266054728788085
19,The variables that are examined are the blocks and the numbers which are all categorical.,topic_9,0.05965320766253381
20,"The study was a little bit ago so I am going to do my best to remember, but we were asked to compare 2 variables in a bar graph and compare their hights based off how much of a percentage they were bigger or smaller than the other. They were quantitative variables.",topic_9,0.021687641310905104
21,The explanatory variable could have been color of graph (categorical) and the response could have been accuracy of estimation of values (categorical).,topic_9,1.5070969426960653e-308
22,"Height: categorical 

color: categorical",topic_9,1.0
23,"Variables that were examined were 2D chart v.s 3D chart, that would be categorical. And how big/small was letter A to letter B for a 2D and 3D chart, that would be quantitative.",topic_9,0.03322034062448345
24,"Variables that were examined include whether 3D digital, 2D digital, or 3D physical models are easier to understand/are better, which would be categorical and how close people are to estimating the correct lengths of the bars, which would be quantitative.",topic_9,0.04113013703783666
25,"2D and 3D shape designs  - categorical 

Perceived height compared to actual taller or shorter - categorical 

Peoples ratio of judged heights - categorical (numerical)",topic_9,0.052726493969874416
26,"One variable examined is the ratio between different bars on a bar graph. This variable is quantitative because the ratios are number values. Another variable is the chart type. This variable is categorical because the three types of graphs are 2D graphs, 3D digital graphs, and 3D printed graphs.",topic_9,0.041344436622164485
27,"Correct bar chosen, categorical 

Ration of the bar, quantitative",topic_9,1.213280691744843e-308
28,Did the student guess correctly? Categorical,topic_9,0.1980998977793278
29,"Variables examined: Age, specific school (university), class, grades

 Age: Quantitative

Specific School (university): Categorical

Class: Categorical

Grades: Categorical",topic_9,1.9491990503742275e-308
30,"The student's perception of height analysis - categorical

Height of the building - quantitative",topic_9,0.05093049085128551
31,"Explanatory: Which block is larger (quantitative)

Response: Student estimate (quantitative)",topic_9,1.9533704381676133e-308
32,The variables examined were the shape things we were given and it is categorical.,topic_9,0.0383995102765112
33,the percentage of size one bar is compared to another -- quantitative,topic_9,1.2210369189305595e-308
34,"Whether or not the student chose the correct answer- categorical

the percent that the students guessed- quantitative",topic_9,3.4282160421364964e-308
35,"2D or 3D = categorical

Correct value or Incorrect value = quantitative",topic_9,0.043045209018911304
36,"What percentage of a bar compared to another in the physical/digital graphs - Quantitative

Whether the graph/bar is physical/digital - categorical.",topic_9,0.05089168046617514
37,"The variables examined are categorical, as we are testing understanding of graphs, which is kind of a yes or no question, you either understand or you didn't. A variable that could have been examined by this is if more students guessed values correctly on the 3D graph or the online 2D graphs.",topic_9,0.03879614974485494
38,accuracy of data to graph and it would be quantitative because it is a numerical response,topic_9,0.03246816280815205
39,"Whether the person said the point on the block was taller or shorter: Categorical

The height the person said the point on the block was: Quantitative",topic_9,2.295415933353347e-308
40,the difference between shapes and it was quantitative,topic_9,0.0384887203786468
41,* heights of blocks: quantitive,topic_9,2.024036685820817e-308
42,I think the variable is if they guess the right block and thats categorical.,topic_9,0.0627080137636494
43,"Students answer- quantitative

how accurate their answer was- quantitative",topic_9,3.023685844891855e-308
44,"Graphs and percentages were given to the students, but finding if they choose the correct percentage is categorical.",topic_9,3.832036666364826e-308
45,"The variable examined was the different column sizes of 3D blocks. This would make it categorical.

(*I did the online version due to a COVID diagnosis so I'm not sure if things were different in-person.*)",topic_9,0.07006533206185753
46,whether or not the comparison of triangle and circle was correct-categorical,topic_9,0.048710032727937315
47,One quantitative variable is the percentage/amount of difference in each bar. A categorical variable is whether the individual thinks one bar is bigger/smaller than another. Another categorical variable is whether the bar graph is a 3D model or graphic on a computer/screen.,topic_9,1.7737453762481805e-308
48,I would say the experiment was more categorical than quantitative.,topic_9,0.046644853889003204
49,"Accuracy of answers may have been a variable (ie. how close to the correct answer each answer was), and that would have been a categorical variable. Another variable would have been the participant within the study, such as if they were male or female, and that would have also been a categorical variable.",topic_9,2.1500982440738275e-308
50,"independent: form of data (categorical)

dependent: accuracy of data interpretation (quantitative)",topic_9,0.02606321599960991
51,The hights of the blocks were they variable examined and that is a quantitative variable.,topic_9,1.965726897197492e-308
52,They examined the estimated size ratio using a percentage. This would be mostly quantitative because they are valuing a number. They also could be testing if you are correct or not which would classify more as categorical.,topic_9,0.050503261483569734
53,Which graph was smaller which is categorical and what percentage the bar was in relation to the other bar which was quantitative.,topic_9,0.05294151269324208
54,They were categorical and it was a circle or triangle.,topic_9,0.045288465061072584
55,"It was a quantitative variable that was determined as we had to always enter a number for the graphs. Then from the results we can conclude many categorical variables such as if age, gender, or any other variables have a trend with corresponding answers.",topic_9,1.630849838207697e-308
56,The variables that were examined were the test we chose which would be categorical and the amount of tests we did which were quantitative.,topic_9,1.9152197863772224e-308
57,"Length- quantitative

Age- categorical

Gender- categorical",topic_9,0.19764252894351206
58,the height of the blocks - quantitative,topic_9,1.9530776466479516e-308
59,Whether or not each question involved a physical graph model or a picture (categorical) and the accuracy of the value estimation (quantitative).,topic_9,0.02441022586255314
60,"wether someone was a researcher or not- categorical

the accuracy of their responses- quantitive (most likely)",topic_9,2.8925505686921617e-308
61,"categorical variables -- smaller/larger

quantitative -- the actual number assigned to the interpreted size",topic_9,0.02564302047874492
62,"We examined the color - categorical

shape-categorical 

what number block it was- quantitative

where we thought a certain number would lie on each block- quantitative",topic_9,0.06001656867226525
63,The number we were choosing for the supposed values could be quantitative data while seeing if the triangle or circle columns matched could be categorical.,topic_9,1.814504230958157e-308
64,"Quantitative- the assumptions made

categorical- was the assumption correct

quantitative- the degree of correctness",topic_9,0.047299503716433475
65,"physical blocks/digital blocks - qualitative

size of blocks - quantitative",topic_9,1.8932535596312165e-308
66,Independent variables were examined in this.,topic_9,1.8718030468556363e-308
67,"Size difference. Quantitative

calculation error. Quantitative",topic_9,0.029059302596725067
68,"what number you thought the graph was at - quantitative

which graph was larger - categorigcal",topic_9,1.483658612310571e-308
69,"Some of the variables that may have been examined include: whether or not the participant identified which graph was larger (categorical), and how close or far the participant identified the correct numerical difference between the graphs (quantitative).",topic_9,1.6497390654572974e-308
70,ability to interpret the graph and make estimates could be categorical and the number that was inferred could be the quantitative variable.,topic_9,0.03371541607634347
71,"Which graph was read more accurately on average, which is categorical.",topic_9,0.03502411531205414
72,The variable that was examined was categorical because they determined whether or not people correctly estimated the range of the 3D and 2D graphs.,topic_9,0.04427939326342572
73,"Which bar on each bar graph was smaller, and the value of the smaller bar when you are told that the larger bar has a value of 100. Whether a particular bar is smaller is categorical, while the comparative value of the smaller bar is quantitative.",topic_9,0.032346464210558305
74,The variables were the arrangement of the data bars and the estimated values of the data bars by the students. The first one is categorical and the second one is quantitative.,topic_9,0.043610854379486856
75,"Independent- the triangles and circles on the model (quantitative) 

Dependent- number of collector identified shapes within the percentage (quantitative) 

control- the models were kept the same",topic_9,0.02665431191362544
76,I think the variables were which graph portion we tested was bigger than the other (categorical) and the quantitative were the numbers we were guessing. This can also be a categorical variable too because it was either right or wrong. The other quantitative variables were how many correct guesses we had and how many we got wrong.,topic_9,1.7062199352019253e-308
77,"Accuracy of estimate - yes or no would be categorical, percentage would be quantitative

Which bar is taller - categorical",topic_9,0.026168752571856618
78,"Independent variable: Changing units- categorical

Dependent variable: Comparing of two units, circle and triangle- quantitative

Categorical variable: Age, gender, perception- categorical",topic_9,1.8934272001402115e-308
79,how accurate we guessed on the online or in person graphs - i want to say quantative because they are just numbers,topic_9,0.08562867502775047
80,"The variables was whether the triangle or circle bar was taller, this is categorical. The other variable was the prediction made by the people being sampled, this is quantitative.",topic_9,0.057241861370888186
81,Our personal information and how accurately we could determine dimensions.,topic_9,0.046326680124581944
82,One variable is what kit the participant was given to use during the survey. This would be a categorical variable. Another variable could be what height each participant said the model/graph was. This would be a quantitative variable as there is a complete range of possible entries. Another variable might be the percentage of questions participants got correct. This would be a quantitative variable. A fourth variable could be if the participants met a set threshold for correct answers. This would be a categorical variable.,topic_9,0.028062962070358192
83,The different sizes of the columns are compared to another bigger one. The variables are quantitive.,topic_9,1.787067095976279e-308
84,The smaller and bigger columns and the difference in them. The variables are quantitive because we are looking at the different sizes of the columns which could be changed to amounts of money to be compared.,topic_9,1.784201450856683e-308
85,"Independent:the type of model (categorical digital 2D, digital 3D, physical model)

Dependent:the accuracy of the guess (quantitative)",topic_9,0.02692701360871439
86,Which one was high which is categorical and by how much which is quantitative,topic_9,1.348818599554064e-308
87,"The two variables that we examined were which of the two selected bars were smaller, which was a categorical variable, and how big the smaller bar was in relation to the larger bar, which was a quantitative variable.",topic_9,1.7129650185518556e-308
88,"the independent variable was the blocks they were given (categorical)

dependent is what height they guessed and how accurate (Quantitative)",topic_9,0.07625762612978491
89,The variables examined would have been what percentage the different spaces on the charts represented which is a quantitative variable.,topic_9,0.03770992145680835
90,"People learn better in 2D graphs than 3D - Categorical 

 

People have a higher chance of getting a question right when they use a 3D graph - Quantitative",topic_9,0.02678336097845634
91,"There were many variables, but I think that most of them were quantitative, because when we were doing the experiment, it was a lot of guessing with numbers.",topic_9,0.046753863153904514
92,"graphical encoding types, which are categorical

accuracy of participant estimates which is quantitative

task type or graph type, categorical",topic_9,0.03465863104472544
93,"Online vs physical (categorical)

data percent perceived (quantitative)",topic_9,0.08221754265681573
94,"The experiment looked at a mix of chart features and participant responses. It compared different chart types—2D digital, 3D digital, and 3D printed—as well as how the bars were arranged (either next to each other or separated), which are both categorical variables. Participants were asked to judge which bar was smaller and estimate the ratio between them, giving quantitative data. The actual ratio and the error in their guess were also measured, both of which are quantitative too. So overall, the study tracked both the kinds of charts used and how accurately people could read the data",topic_9,1.7539340545838037e-308
95,"time- quantitative, shape-categorical, color-categorical",topic_9,1.0
96,One variable was if the graph was 3D or 2D on the computer which would be quantitative. Another variable would be what color the printed graph was which would also be quantitative.,topic_9,1.647462743297092e-308
97,The variables examined were if the participants were able to identify with decent accuracy the correct data from the 3D bar chart.,topic_9,0.04542274877277391
98,I feel like a variable of this could be the judgement of the graphs. This would be a categorical variable.,topic_9,0.03637493851959948
99,"Explanatory: 2D vs 3D (categorical) 

Response: The estimated distance/height between the two (quantitative)",topic_9,0.043106712591206436
100,"The symbol pi was used, and so were Hypothesis A and Hypothesis O.",topic_9,0.03604818966324261
101,Which graph used (categorical) and how accurate the reading was (quantitative),topic_9,1.4871659590087256e-308
102,the variables that were examined where the number of the graph and how tall we thought each bar was. The heigh we thought the bar was is a quantitative variable. The bar that was observed would be a categorical value.,topic_9,1.7072071755654716e-308
103,"Height of the graph (quantitative)

Participants correct answer vs not (categorical)",topic_9,0.045824972950621046
104,"Accuracy of guess: quantitative 

Medium: qualitative",topic_9,0.07650924229644308
105,"Chart format categorical, time to complete response quantitative, judged ratio quantitative",topic_9,1.8542496219653617e-308
106,hours of sleep and it is quantitative,topic_9,0.037179031823493386
107,The ratios of the circle bar compared to the triangle var were examined. I would say finding the ratios is a quantitative variable.,topic_9,0.035259232671759705
108,"number of scores that students get right, quantitative

type of problems given, categorical",topic_9,3.488309235652926e-308
109,"The type of graph was a variable that was examined, and this variable is a categorical variable. other variables that were examined were, the true height between the bars and the height found by the participants. both of these are quantitative.",topic_9,1.766533775119822e-308
110,"The variable examined were the bar graph data between two bar A and bar B. It could be categorical because you are choosing which graph is greater, either A or B not a number.",topic_9,1.6728284682642814e-308
111,"variables

which was bigger a or b - this is catagorical

What percent bigger - quantitative",topic_9,0.015274828127231525
112,"The number of people who participated in this, quantitative

Examining 2d and 3d graphs, categorical",topic_9,0.04417971100926861
113,"Height of the bar- quantitative 

Correct/ incorrect guess- categorical",topic_9,0.02533162357749012
114,"Graph type, which is categorical because it's a category so it's categorical. And valid perceptions, which I suppose could be quantitative because you could convert it into a ratio.",topic_9,0.03642768036875935
115,"Chart Type: categorical

Bar spacing: categorical

Ratio accuracy: quantitative

Bar size: quantitative",topic_9,1.753639487719341e-308
116,"Whether or not participants could correctly guess difference - categorical

How far off participants were in their guesses - quantitative",topic_9,3.005673172449724e-308
117,"One variable was correct or incorrect answers with 2D graphs, which is categorical. Another variable was correct or incorrect answers with 3D graphs, which is also categorical.",topic_9,0.03719634470442815
118,"The variables were the data model formats presented and the values assigned to each perceived value of said data models. The data model formats are categorical, either 2D or 3D, and the values assigned to each data model is a quantitative variable, assigning numerical values that can be averaged and calculated against.",topic_9,0.05444902749060263
119,"Some were asking which bar had a bigger value. -- categorical

Some were asking to give a value to a bar. -- quantitative",topic_9,1.322993099020792e-308
120,"bar height (quantitate) 

bar color (categorical) 

label on each bar (categorical)",topic_9,0.020299636564030582
121,"graph type, categorical

ratio of bars, quantitative

accuracy of judgment, quantitative

individual participants, categorical

bar grouping, categorical",topic_9,0.03065024565609564
122,Variables that were examined would be graph difference in height which is quantitative.,topic_9,0.038785939676985945
123,if the graph is larger. Categorical,topic_9,1.4900168747452757e-308
124,"Chart Type: Categorical

Participant Judged ratio: Quantitative

Ratio between bars: Quantitative

Log error of judgement: Quantitative

Which bar is smaller between bar a and bar b: Categorical",topic_9,1.6618859433786975e-308
125,One variable was if the graph was 3D or 2D on the computer which would be quantitative. Another variable would be what color the printed graph was which would also be quantitative.,topic_9,1.667904743795304e-308
126,"graphical encoding types, which are categorical

accuracy of participant estimates which is quantitative

task type or graph type, categorical",topic_9,0.03775947540513544
127,the variables that were examined where the number of the graph and how tall we thought each bar was. The heigh we thought the bar was is a quantitative variable. The bar that was observed would be a categorical value.,topic_9,1.74399530536249e-308
128,"time- quantitative, shape-categorical, color-categorical",topic_9,1.0
129,Which graph used (categorical) and how accurate the reading was (quantitative),topic_9,1.498100648315079e-308
130,I feel like a variable of this could be the judgement of the graphs. This would be a categorical variable.,topic_9,0.035326025628939106
131,"The experiment looked at a mix of chart features and participant responses. It compared different chart types—2D digital, 3D digital, and 3D printed—as well as how the bars were arranged (either next to each other or separated), which are both categorical variables. Participants were asked to judge which bar was smaller and estimate the ratio between them, giving quantitative data. The actual ratio and the error in their guess were also measured, both of which are quantitative too. So overall, the study tracked both the kinds of charts used and how accurately people could read the data",topic_9,1.775653323771924e-308
132,"There were many variables, but I think that most of them were quantitative, because when we were doing the experiment, it was a lot of guessing with numbers.",topic_9,0.04765141426780646
133,The variables examined were if the participants were able to identify with decent accuracy the correct data from the 3D bar chart.,topic_9,0.04497723335793007
134,"People learn better in 2D graphs than 3D - Categorical 

 

People have a higher chance of getting a question right when they use a 3D graph - Quantitative",topic_9,0.026421083152737692
135,"the independent variable was the blocks they were given (categorical)

dependent is what height they guessed and how accurate (Quantitative)",topic_9,0.07739742526514465
136,"The symbol pi was used, and so were Hypothesis A and Hypothesis O.",topic_9,0.037548916872829026
137,The variables examined would have been what percentage the different spaces on the charts represented which is a quantitative variable.,topic_9,0.03757773797067631
138,"Online vs physical (categorical)

data percent perceived (quantitative)",topic_9,0.08224800990044144
139,"Explanatory: 2D vs 3D (categorical) 

Response: The estimated distance/height between the two (quantitative)",topic_9,0.043379176691097025
140,The variable examined was what height we thought the shorter graph was compared to the larger bar. This variable was quantitative.,topic_9,0.03734111598780049
141,The variables being examined were that of: 'accuracy in estimation of the distances' and 'male vs. female'. I would say both are categorical.,topic_9,0.052564120882501425
142,[expirement -2.docx] (/users/286374/files/21155815?wrap=1&verifier=fC22T9TgCcZie7zS8sKiVPG12cMajTtaj2MbI7Lo),topic_9,0.03796565803821632
143,"Here are the main variables examined in the experiment:

 

* Chart type (2D, 3D digital, 3D printed) – Categorical

* Bar layout (adjacent vs. separated) – Categorical

* Ratio judgment given by the participant – Quantitative

* Accuracy of the ratio (measured as log error) – Quantitative

* Which bar was identified as smaller – Categorical

These variables helped the researchers measure how chart format and layout affect people’s ability to judge data accurately.",topic_9,1.6834181005444205e-308
144,"Accuracy - quantitative 

Gender - categorical

Age - categorical

Taking STATs? - categorical",topic_9,0.18824371435357024
145,Circle and triangle,topic_9,0.050986253921818186
146,"Effectiveness of 2D screen graphs: Categorical

Effectiveness of 3D screen graphs: Categorical

Effectiveness of 3D in hand graphs: Categorical",topic_9,0.02713623144340974
147,"The amount of time spent on each question - quantitative 

Which tower was taller - categorical",topic_9,0.04840777612724123
148,"The variable that was examined was if the circle or square tower was higher, which is a categorical variable.",topic_9,0.028914470505486463
149,The variable that was exmined was triangle or circle and that is categorical.,topic_9,1.764116605062176e-308
150,Which bar was bigger and what the percentage bigger- quantitative.,topic_9,1.219271754392253e-308
151,One variable was the height of the graph and that was quantitative because it asked for how tall they were and also categorical because on the graphs they had the circle or triangle.,topic_9,1.6725615646613394e-308
152,"Height of the towers - quantitative 

Which tower was taller (triangle or square) - categorical",topic_9,0.05375840110332648
153,"Selecting whether circle or triangle was the highest or lowest compared to each other, and I selecting by how much lower or higher. I think that this experiment is quantitative.",topic_9,1.7962040306842707e-308
154,"Bar height estimation: quantitative.

Trial number: quantitative.

Participant ID/code: categorical.",topic_9,0.05077811823752102
155,it was quantitive because we are guessing a number or percentage based on the naked eye,topic_9,2.5104688767708196e-308
156,"The person's favorite animal, which is categorical. And their estimation of bar height percentages in each scale which is quantitative.",topic_9,0.06119304453303222
157,"Bar graph size: quantitative

What kind of graph: categorical",topic_9,1.637922232943261e-308
158,"same graphs given to everyone, assigned in different orders both are categorical",topic_9,1.509842132576803e-308
159,"Human analysis ability - quantitative

tower height - quantitative

bigger or smaller - categorical",topic_9,0.053018469060245564
160,"Triangles and circles, this is categorical. Shorter versus taller graphs or models, this is categorical. The actual hight of the shorter section of the table/graph, this is quantitative.",topic_9,0.027967132323787582
161,"One variable that was examined would be if the participant guessed the right proportion which would be qualitative.

Another variable that was examined was age group, this was also qualitative.",topic_9,0.041858971642614415
162,"charts you got correct online- categorical

charts you got right with physical copy- categorical",topic_9,0.03575575387188286
163,"Height of a bar, categorical.",topic_9,1.292195910734544e-308
164,"How long we think the block is, quantitative 

Which block is smaller, categorical",topic_9,1.8723730873656963e-308
165,"The different types of graphs, being physical, 2d, or 3d- quantitative 

The size of the bar in question- quantitative

If it was either a circle or triangle bar- categorical",topic_9,1.724644324195988e-308
166,"triangle or circle bar--categorical 

the height of the bar--quantitative",topic_9,0.031539098382022505
167,The variables examined were the proportion of one tower to the next and if it was a star or circle. The first one is quantitative and the second is categorical.,topic_9,1.970883179252046e-308
168,Quantitative because there were more then two possibilities.,topic_9,2.459191876706555e-308
169,"Is the bar shorter vs taller - categorical

What percent shorter or taller is the bar - quantitative",topic_9,1.2663132651410673e-308
170,"* If the students can estimate the height of the block properly - categorical

* The package of bars given to the students - quantitative",topic_9,2.2929909818936137e-308
171,"There were at least two variables recorded, whether the subject got the percentage right, and whether they stayed consistent. These were both categorical.",topic_9,2.5901624896822945e-308
172,Interpretation of graphs - Quantitative,topic_9,1.491181385702279e-308
173,"* the percentage guess = quantitative

* did they follow directions (was the guess close at all) = categorical",topic_9,3.0087132620506367e-308
174,"which bar was larger, circle or triangle. this is categorical

how many units tall is the shorter bar if the larger bar is 100. this is quantitative",topic_9,0.025609136962606187
175,"1. chart type: categorical

2. bar spacing: categorical

3. spacing between bars: quantitative

4. individual judgement: quantitative

5. accuracy: quantitative

6. size (a or b): categorical",topic_9,0.03436369949897912
176,Type of bar chart (categorical) and the height judgement (quantitative),topic_9,0.02585702408406687
177,"Type of Graph (2D, 3D digital, 3D printed)

Categorical

Perceived Bar Ratio 

Quantitative

Accuracy of Comparison 

Quantitative

Participant's Choice of the Smaller Bar 

Categorical

Order of Chart Presentation

Categorical",topic_9,1.667872915824048e-308
178,"The main variable looked at where the different types of graphs in the accuracy of the individuals answers the type of graph whether it was 3-D 2-D, digital or 3-D printed there is a category variable because it will involve different groups of categories, so the accuracy of the ratio judgment is quantitive because it measures with numbers specifically using a log air formula, another possibility is a categorical variable. This could be the layout of the bars like is it adjacent or separated.",topic_9,0.029979898462415378
179,na,topic_9,0.05010314893044369
180,"Type of Data visualization: categorical variable with three levels, 2D graphs, 3D digital graphs, 3D printed graphs

Ratio of Smaller Bar to Larger Bar: Quantitative variable the ratio is numerical values

Perceived Ratio of Smaller Bar to Larger Bar: Quantitative variable it represents the participants estimate of the ratio

Log Error of Ratio Judgment: Quantitative variable its a calculated numerical value representing a difference

Bar Chart Comparison Type: categorical variable with two levels, adjacent and separated",topic_9,1.6296128251757246e-308
181,The size of the graph - quantitative,topic_9,1.4885416062928117e-308
182,The variables examined were the block size percentages compared to one another. They were quantitative because we were guessing the size of the block based upon another.,topic_9,1.8863695195007217e-308
183,"the people used - categorical

and the style of bar chart- categorical",topic_9,0.03614695666685187
184,"This experiment examined multiple variables, including quantitative variables and categorical variables. Quantitative variables include the proportion value estimated by the participants (the relative length of the triangular cuboid and the circular cuboid) and the true value of the proportion, which are numerical data that can be mathematically calculated and error analyzed. Categorical variables include the shape of the labeled figure (circle or triangle), the number or code of each model (used to distinguish different 3D bar graph models). By analyzing these variables, the experiment can explore whether the shape of the figure and the characteristics of the model have a systematic impact on the estimation of visual proportions.",topic_9,1.6815403648803385e-308
185,categorical,topic_9,1.0
186,"Accuracy of noticing the tallest of the bars: qualitative

Type of graph: categorical

Response time: qualitative",topic_9,0.04422204730279757
187,The variables were how we were able to read the graphs.,topic_9,1.5839854931591485e-308
188,"The ratio of heights was categorical, each graph was presented quantitatively, and then the test was administered categorical.",topic_9,0.03712714917941006
189,"One variable is the type of chart, which is categorical. Another variable is the accuracy of bar size judgement, which is quantitative.",topic_9,0.05392565966889941
190,"size estimated - quantitative

over or underestimate - categorical",topic_9,0.031024039509743896
191,Variables examined were participants reading charts and making judgements without physical measuring and this is qualitative and they found the difference in their judgement and the actual result and this is quantitative.,topic_9,0.0476690917549772
192,"The variables examined were the X, Y, and Z axes (quantitative), the color of the points  (categorical), and the shape of the points (categorical).",topic_9,0.05108272487615737
193,"I do not remember the exact variable used, but they were most likley categorial because we did not have to do any numerical calculations.",topic_9,0.04547717821850051
194,"The variables that are examined are the chart type which is categorical, bar spacing which is categorical, true ratio between bars which is quantitative, participant’s judged ratio which is quantitative, log error of judgment which is quantitative, and which bar was chosen as smaller which is categorical.",topic_9,1.754951513500354e-308
195,"1. Type of graph – Categorical

2. Accuracy of bar height judgment – Quantitative

3. Time taken to respond – Quantitative

4. Participant background or experience – Categorical",topic_9,0.04788337445153772
196,The quantitative variables were the participant's numerical guess and the actual answer. The categorical variable was the type of graph.,topic_9,0.037140216051302494
197,"Type of chart- categorical

If the correct answer was given- quantitative",topic_9,0.03849951228552351
198,"1. Age of the Cow

*

Type: Quantitative

*

Description: The exact age of each cow, usually measured in years or months, to identify how age influences calving difficulties.

2. Calving Difficulty

*

Type: Categorical

*

Description: A classification of how difficult the calving process was (e.g., easy, moderate, or difficult). This could be assessed based on the need for human intervention or complications during delivery.

3. Calving Assistance Type

*

Type: Categorical

*

Description: The type of assistance provided during calving (e.g., no assistance, mechanical assistance, veterinary intervention, etc.).

4. Calving Outcome

*

Type: Categorical

*

Description: The outcome of the calving process (e.g., healthy calf, stillbirth, live calf with complications). This could also be categorized based on the health of the calf or cow after the birth.

5. Weight of the Cow

*

Type: Quantitative

*

Description: The weight of the cow could be used to explore how body condition or size influences calving ease.",topic_9,0.05499805861758979
199,"Some variables that were mentioned in this abstract were the bar spacing/color, and also how the graph was being formed or the orientation of the graph whether it was horizontal, or vertical pertaining to the data collected. These variables are categorical. Other variables such as the height of both bars (2D and 3D), and the size of the data represented, are examples of quantitative variables.",topic_9,0.04160847775944656
200,"Graph type- categorial 

Bar grouping type- categorial 

Judged ratio of bar heights- quantitative

True ratio of bar heights- quantitative

Error in ratio judgement- quantitative",topic_9,0.028526029822458446
201,The categorical variable would be if students were able to perceive data better with the 3D models.,topic_9,0.03119597192965309
202,"Variables I remember asked was age and if I was a member of stat 218. Age is quantitative and if I was in the class or not is categorical. The response variable is my score on the experiment, quantitative.",topic_9,2.039822620614969e-308
203,"The variables which were examined where the type of graphical display (categorical) as well as the graph features; color, size, and shape, which is also categorical. Another variable examined would be the accuracy of participants responses. This would be quantitative because students were asked to give a number for a portion of the graph depending on the number assigned to the other portion of the graph.",topic_9,0.028948557754251026
204,"Explanatory variable: Type of graph (i.e., 2D, 3D, or 3D printed); categorical
Response variable: Accuracy of participant in estimating bar length; quantitative.",topic_9,1.650789537449011e-308
205,The variable that was examined in this experiment is if people view 2D and 3D differently and which is more accurate.  It would be categorical because there are only two groups.,topic_9,0.030248378806381326
206,"The actual height difference between the blocks is quantitative, as the testers estimated. The estimation of error would also be quantitative. The taller block correctly identified would be categorical.",topic_9,2.2726342541455443e-308
207,"*

How long something took – that’s a number, so it’s quantitative.

*

What choice someone made – like picking A or B, that’s a categorical variable.

*

Which group someone was in – like Group 1 or Group 2, that’s also categorical.

*

How many things someone got right – that’s a number, so it’s quantitative.",topic_9,0.04363735356912951
208,"Percentage - quantitative

How many people guessed what number - quantitative",topic_9,0.059222407893600275
209,"Im not sure what variables were exactly examined. I belive this reflection should be closer to the time we take the experiment, as we are college students trying to retain a lot of information, especially me as a senior graduating this year. I hardly remember the expeierment",topic_9,0.04160359550039531
210,"The experiment looked at the type of graph and bar spacing, which were categories. The judged ratio and log error were numbers. The correct bar choice was also a category.",topic_9,1.6357077528835326e-308
211,Ratio accuracy and Graph type,topic_9,1.564273368529728e-308
212,"*

Chart type (2D, 3D, 3D printed) – categorical

*

Ratio judgment accuracy – quantitative",topic_9,0.03058127958847049
213,"Chart Type is categorical, the bar type was categorical.",topic_9,0.03580983606868661
214,The variables examined were the use of a computer or physical model. This was categorical. The response variable was how close to the true value the students responses were. This response was quantitative.,topic_9,0.03496427635333764
215,"Bar size- quantitative

Age- categorical

Education- categorical

Sex/gender- categorical",topic_9,0.160968268611603
216,"The first variable is which bar was smaller, circle or triangle; categorical. The second variable is that if the bigger/taller bar of the two was 100 units, what is the size of the smaller; quantitative.",topic_9,1.806079499161294e-308
217,"Categorical: chart type - 3D vs 2D charts

Quantitative: Response Time - how long it took to make a judgement",topic_9,0.050485661063963815
218,"quantitative data

the percent height difference between the two bars",topic_9,0.018921227983886
219,"How good a person's memory is - qualitative 

How good of eyesight they have - qualitative

seeing or not seeing color - qualitative",topic_9,0.049498262289623327
220,"Categorical is whether triangle or circle was smaller or taller, and quantitative would be the number of units of the smaller one compared to the taller one.",topic_9,0.030628488891940177
221,the size of the columns and that was quantative,topic_9,1.9153781823958953e-308
222,One variable could be which graph the student said was the smallest. This is categorical because it was either a circle or a triangle response.,topic_9,1.460308099487962e-308
223,"We first decided what tower was taller (whether the circle or triangle), this was fairly easy (categorical). Then we compared the 2 towers and gave an estimation how tall the shorter one was if the other was 100 units high (quantitative).",topic_9,0.03962981777869886
224,The size of the stacks was given which would be quantitative seeing as it was a numbered amount.,topic_9,1.9657426850599613e-308
225,"Independent: Gender (categorical) 

Dependent: accurate interpretationEach  of graphs (quantitative)",topic_9,0.024303312692013204
226,"Size of bar graphs (height): quantitative

If triangle or circle was smaller than the other: categorical",topic_9,0.028652129624687075
227,"Categorical: Circle vs. Triangle 

Quantitive: Difference in units between the circle and triangle",topic_9,0.049550297037290636
228,how accurate our observed ratio is to the actual ratio :quantitative,topic_9,0.0679293771510856
229,"The independent variable is the type of graph viewed (screen or in-person), which is categorical. The dependent variable is the numerical value the participant assigned to the bars, which is quantitative.",topic_9,1.767246101365554e-308
230,"smaller or larger bar: categorical

how much bigger or smaller: quantitative",topic_9,1.3001840566405495e-308
231,"Which bar was larger-categorical

Percentage- quantitative",topic_9,1.222528764670946e-308
232,"The graphs, categorical

The measurements, quantitative",topic_9,1.6602879177484353e-308
233,The variable observed was how well each student did on the examination. This was a quantitive variable.,topic_9,0.044553344586361086
234,"Bars - Quantitative

Gender - Categorical

Age - Quantitative",topic_9,0.16272071329243956
235,"Students ability to understand graphs - Categorical

Students ability to identify the matching picture of the graph - Categorical",topic_9,0.03603011062122358
236,"The variables examined were the heights of the graphs, and this would be quantitative. I also think that other questions we were asked were along the lines of ""is line A taller than line B"", which would count as a categorical answer, being ""Yes"" or ""No"".",topic_9,1.785636227669664e-308
237,"Type of model (physical/digital): categorical

Accuracy of identifying proportion: quantitative",topic_9,0.056550255262756303
238,"The time it takes to identify the taller one and the methods by which one identifies the taller one such as how they choose how much taller/shorter the block is. This would be quantitative. 

Whether students choose the right or left block as the taller one is categorical. 

The number in which students measured the difference in height of the blocks would be quantitative.",topic_9,2.281486132708495e-308
239,"The experiment most likely looked at characteristics like the number of blocks counted or estimated (quantitative), the color or arrangement of blocks (categorical), and the accuracy of student replies (quantitative). These variables were used to investigate the effects of visual data presentation on interpretation and estimating abilities.",topic_9,0.04181215416120476
240,Heights of figures compared to other figures: quantitative,topic_9,0.02292094694428576
241,There were categorical and quentitative variables being examined.,topic_9,1.8941527897050975e-308
242,"The different variables were the bar graph that the student is examining (categorical), and the percentage at which the student thought the bar was at (quantitative).",topic_9,0.03871736485710223
243,The proportion of the bars on the graph were examined. This is a quantitative variable.,topic_9,0.0371744660762721
244,"The study examined several key variables. Chart type (2D, 3D digital, or 3D printed) and bar spacing (adjacent or separated) were categorical variables. The true ratio of the compared bar heights and the participant’s judged ratio were both quantitative variables. The error in perception, calculated as log2 error, is also a quantitative variable. Additionally, the identification of which bar (marked by a circle or triangle) was smaller is a categorical variable. These variables collectively helped analyze both accuracy and perception across chart types and layouts.",topic_9,1.6312251957468654e-308
245,The level of shape (quantitative),topic_9,0.038914030474127066
246,"Color- Categorical

In-person versus picture- Categorical",topic_9,1.0
247,The variables would be the graphs which is quantitive and the students would be categorical.,topic_9,0.022310997247461863
248,"Possible variables include task completion time (quantitative), accuracy of performance (quantitative), and participant feedback or preference for certain models (categorical). If models were labeled by design type, that would be another categorical variable. If ratings were collected on a scale (like a 1–5 satisfaction scale), those would be quantitative as well.",topic_9,0.05836786919045791
249,"Which version of the graph they are using (2-D, 3-D, 3-D digital) - Categorical

Accuracy in peoples answers about the height - Quantitative",topic_9,0.03270778494384245
250,which bar graph is easier to read which is categorial.,topic_9,0.05005099521930244
251,I don't remember a lot of the experiment since it was so long ago but I know we were asked to choose the larger or smaller part and I feel that would be both categorical and quantitive.,topic_9,0.04316692299090025
252,"The variables examined are computer bar graphs vs 3D printed bar graph which are categorical, and the other variable is how close the estimated values are to the actual graph values which is quantitative.",topic_9,0.04309608943097374
253,"some variables that i remember from the experiment include, height of the block(quantitative variable), The circle or triangle shape on the block specifying which height to focus on (categorical), the bag participants got (categorical).",topic_9,0.06463787644716835
254,shape of part on graph is categorical and percentages on the comparison of the percentages is quantitative.,topic_9,0.05023902326654224
255,"The variables examined might have included things like the type of chart shown (categorical), the accuracy of responses (quantitative), and possibly the amount of time taken to complete tasks (quantitative)",topic_9,0.0460828538801362
256,variables where the data represent groups.,topic_9,0.03852277624311119
257,The variable of which shape was smaller or larger. (quantitative),topic_9,0.03676872650340259
258,"The variables being examined are weather or not the triangle or circle was smaller and correctly identified. That would be categorical. a yes or no. Another variable could be how far off or on peoples guesses where, if most people thought were smaller or bigger. That would also be categorical variables. More over, or more under.",topic_9,1.8192462638617486e-308
259,"categorical, whether the triangle was smaller or the dot.",topic_9,0.04486761110543023
260,Type of student (categorical) and distance between the two graphs (quantitative).,topic_9,0.036773766028685956
261,Categorical  triangle or circle,topic_9,0.05214274090147487
262,"The variables that are examined is which column is bigger, which is categorical, and the difference of value between the columns, which is quantitative.",topic_9,1.732737077899395e-308
263,It was categorial and it was based off of whether the triangle or circle bar was smaller.,topic_9,1.7505357227018376e-308
264,"The variables was which one of the circle and the triangle was smaller, and also by how much it was smaller. The circle or triangle is categorical and the how much smaller is a percentage so its quantitative.",topic_9,1.8451326647113787e-308
265,size of the bar if it was smaller or larger - categorical,topic_9,0.019540007814605766
266,"Independent variable: which bar was shorter- categorical

Dependent variable: how much shorter was the bar compared to the larger bar- quantitative",topic_9,1.271160478629467e-308
267,"Which bar is smaller - categorical

how much smaller was one bar compared to the other - quantitative",topic_9,1.247491494750062e-308
268,One variable would be how the graphs were displayed making it categorical and the other variable would be the amount of times the answers were correct making it quantitative.,topic_9,0.03571751607533615
269,"Difference in height of bar- quantitative 

Which bar was small (circle or triangle)- categorical",topic_9,0.027835009871160738
270,"Stistical graphics - quatitative 

the circle and triangle- categorical",topic_9,0.04998062511698502
271,"One of the variables observed was the color intensity, which is quantitative. As well as the estimated variables of how much smaller the units are. A couple of categorical groups observed are gender, age, and education level.",topic_9,0.048807940614450124
272,"The quantitative variables present are the numerical values associated/estimated with each color shade or height, and how accurate the responses were. The categorical variables measured are which letter represents a larger value (Y or y).",topic_9,0.04646934566328093
273,"Did the participant answer correctly - categorical

How confident was the participant- categorical 

What the participant estimated the quantity of the smaller value to be - quantitative",topic_9,3.0820614819674976e-308
274,"Variables were which letter was larger (categorical), and how much larger than the comparison (quantitative).",topic_9,1.6970867294033413e-308
275,"The variables examined were the heat map type, the locations of objects on the heat map, and the rating of the difference between the two objects. The first two variables listed are categorical because they refer to visual data that cannot be counted. The last variable is quantitative because you are answering based on a numeric scale.",topic_9,0.05866743145588652
276,It was probably testing how people used visual information like color and location on the grid to show which two things are bigger and base it on a number value.,topic_9,1.7886707802014386e-308
277,There was a categorical variable in form of determining which area represented a larger number as well as a quantitative variable when I had to estimate the difference of two areas represented by a number.,topic_9,0.0332721289219076
278,The variables that were examined were which letter was higher in value and how much less the second letter was compared to the first. The first is categorical and the second is quantitative.,topic_9,1.6648155875815265e-308
279,"*

Independent variable: How the heat map was presented or how the values were spread across the grid 

*

Dependent variable: Whether the participant picked the right letter",topic_9,0.059116746809899534
280,"If people can correctly identify which value is larger; categorical

If people can correctly estimate the difference between two values; quantitative",topic_9,0.043440092353326736
281,"color (darker or lighter)- categorical 

depth (categorical)- higher or lower 

slider (quantitative)",topic_9,0.05882027623562953
282,"One variable was whether or not the participant had access to the 3D-printed charts. This is a categorical variable because it’s a yes or no question. Another variable could be how accurate the participants were in answering questions about the data — this would be a quantitative variable because it deals with numbers, like how many answers they got right. They might have also looked at how long it took people to answer questions, which is also quantitative, since it's measured in time. There could be other categorical variables too, like whether the person was a student or not, or what kind of device they used.",topic_9,0.041876750350569945
283,"Color Intensity (shade on the heat map): Quantitative (represents a numeric value).

Letter Label (e.g., ""R"" or ""r""): Categorical (identifies a specific position/value).

Relative Position on the Grid: Categorical (row/column location).

Estimated Smaller Value (slider response): Quantitative (numeric scale from 0-100).",topic_9,0.061789992159826765
284,"Independent variable would be each student that participated which would a quantitative variable based on how many actually participate. Categorical variable would be ""which answer did they choose for each question"".",topic_9,2.006929228282722e-308
285,"There were two variables with were the factor 1 and 2. These were the axis variables and main area of interests which was represented by color that define the heat map grid. The variables are quantative because they are based on numbers, for example the higher or lower the number the warmer or colder it would be.",topic_9,0.05892439831183337
286,the variables that were examined were which was the larger value and since it wasn't numbers and only letters that is categorical and then the second variable was how much smaller is the smaller variable and that would be quantitative because that was when we were given numbers.,topic_9,1.704053114134913e-308
287,"* Graph type, categorical (3D or flat)

* Which of the two quantities was larger, categorical

* Approximate difference between the two quantities, quantitative",topic_9,0.038234677633683725
288,"The variables examined are as follows: 

1. Current enrollment in a statistics class: categorical 

2. Male or Female: Categorical

3. Access to 3-D models: categorical 

4. Type of test (2-D v 3-D): categorical 

5. Which coordinate was chosen as higher or lower in temperature: categorical 

6. The number of accurate choices: Quantitative",topic_9,0.03634236878184075
289,"The type of Chart: 2D or 3D, Categorial.

Accuracy of reading: quantitative.",topic_9,0.05060371739609749
290,"A couple of variables that were examined could have been either 2-D or 3-D, the score or accuracy, and the amount of time taken to preform the experiment. 2-D or 3-D is categorical because it places the two into different groups. Score or accuracy is quantitative because it is a numerical measurement showing how well you preformed. Lastly, the amount of time it took is quantitative because it is a numerical value representing duration.",topic_9,0.03994671201959174
291,"color: categorical

height: quantitative",topic_9,1.0
292,"Variables:

* if the respondent identified the greater of 2 choices correctly (categorical)

* how close the respondent was to the correct valuation (quantitative)",topic_9,0.04107668164576683
293,The variables being designed were size/color (categorical) and units of value (quantitative).,topic_9,0.05826790659800156
294,"Response variable- how accurate the reading of the graph is 

Explanatory variable- The type of graph used

Both are quantitive",topic_9,0.015558416916692368
295,One variable that was examined was the difference in size of the graph bars which is quantitative. Another variable that is examined is how close to the right answer the test taker is which would categorical.,topic_9,0.03345191655161608
296,"whether or not student got it right is categorical

the amount of student that changed their answers for the same questions is quantitative",topic_9,3.434805983561921e-308
297,"Which one was smaller, categorical

Which one was larger by what amount, quantitative",topic_9,0.020099903018659698
298,"Age: Quantitive 

Favorite zoo animal: Categorial",topic_9,0.25334347269776647
299,"The first variable is deciding which graph is smaller and this is categorical because we are choosing between two options. The second variable is deciding how much smaller the smaller bar on the graph is, which is quantitative because we are determining an amount.",topic_9,1.66056069937818e-308
300,One variable was the type of graph presented (categorical) and the other was people’s perception of the graph (categorical).,topic_9,1.553438728541653e-308
301,I think it was categorical whether the participant identified the correct smaller bar and then quantitative how close the slider was to the actual size of the bar.,topic_9,1.697772385775872e-308
302,"Independent: chart type (categorical)

Dependent: accuracy of ratio judgment (quantitative)",topic_9,0.02434432637518832
303,"The variables were which graph was smaller and how much smaller the bar is compared to the larger one. 

Deciding which graph is smaller is categorical.

How much smaller the bar is, would be quantitative.",topic_9,1.6885611525749233e-308
304,"One variable is how many graphics a student was able to successfully perceive - this variable is qualitative.

Another variable is how well students were able to read information from charts and how far off they were from the actual measurement- this variable is also qualitative.",topic_9,0.046849616940757524
305,"color- categorical

dimension-categorical

size-quantitative

understanding-categorical",topic_9,1.0
306,"the variables were:

which bar was perceived as smaller: categorical 

how much smaller the bar was to the taller one: quantitative",topic_9,1.7806865310043556e-308
307,The variables that were examined were if either the triangle or circle bars were smaller (categorical) and then determining how small said bar was in comparison to the other (quantitative).,topic_9,1.8047315279621924e-308
308,The variable examined were weather the graph was 2D or 3D which is categorical.,topic_9,0.03271601277214764
309,"The variables that were examined were what type of chart, 2D or 3D, and this was categorical. The also examined the variable of how accurately the participant was able to compare the difference in data. This was quantitative.",topic_9,0.050559026288180466
310,"* which bar was smaller (categorical)

* by how much smaller was the bar compared to the larger one (quantitative)",topic_9,1.2555831308669334e-308
311,"Age range - Quantitive

Gender - Categorical

Accuracy of estimating size ratios - Quantitive",topic_9,0.16610160188209613
312,shape which is categorical and length of difference which is quantitative,topic_9,0.038600377357063675
313,"Which circle is bigger - categorical

How much bigger is the larger graph from the other - quantitative",topic_9,0.049266995603469546
314,"If the correct bar was identified as shorter - categorical

The difference in size for the two bars - quantitative",topic_9,1.274894413771956e-308
315,"Which bar is bigger triangle or circle, categorical

How much smaller is the bar than the other bar, quantitative",topic_9,0.029769415982762323
316,Variables would be if the graph is smaller or larger- categorical,topic_9,0.028010421897762046
317,"Explanatory variable: is the difference between 2D and 3D graph types, this is categorical. 

Response variable: Which graph type has more accurate results/responses, this is quantitative.",topic_9,1.538613612564629e-308
318,The variables were which was taller and that was categorical and where you slide the bar and that was quantitative.,topic_9,2.0468020270751413e-308
319,"What were the two bars: Categorical 

How much bigger and smaller the bar is: Quantitative",topic_9,0.01939299057127343
320,The variables examined were proportional size and visual representation. Proportional size is quantitative and visual representation is categorical.,topic_9,0.051053540738585125
321,Which bar was smaller- categorical. Proportion of how much smaller the bar was to the larger bar-quantitative.,topic_9,1.249800728495972e-308
322,"size - categorical

amount of size difference - quantitative",topic_9,0.02811927030565526
323,"2d or 3d height categorical

about how much smaller each bar was, quantatative",topic_9,1.2874212309248123e-308
324,"3D or 2D printed - categorical

answers given - quantitative",topic_9,0.04286729575411302
325,Categorical,topic_9,1.0
326,which bar was larger which is categorical and how much smaller the smaller bar was which is quantitative,topic_9,1.286050997370389e-308
327,"Accuracy: quantitative 

weather they chose a square or triangle: categorical

How fast they took to take the survey: quantitative",topic_9,0.0408065835623274
328,"Variable 1: The smaller chart - categorical.

Variable 2: How much smaller one chart is compared to another - quantitative.",topic_9,1.740240479503993e-308
329,"Which bar graph was smaller (categorical)

How much smaller or larger the graph was to the bigger graph (categorical)",topic_9,0.0523937022107327
330,"the variables examined were: 

* the 2-D graphs: catagorical 

* the 3-D graphs catagorical 

* wether the partipants chose the correct answer (circle or triangle was bigger) catagorical",topic_9,0.041478937322026684
331,"The variables examined were:

* Number of close friends (quantitative).

* Gender  (categorical).",topic_9,1.8984065042865482e-308
332,"2D, 3D and 3D printed. Determining the size. These would be quantitative because it would be a numerical value.",topic_9,0.044571760324305036
333,"2D or 3D bar graph - categorical

Color of graph- categorical

Position of graph - categorical 

Size of graph - categorical",topic_9,1.659276490444246e-308
334,Types of graphs used. Categorical,topic_9,0.019903888211023173
335,The variables were quantitative because we had to gauge how much taller or shorter one of the bars was.,topic_9,0.024562444346307458
336,"Some variables in this experiment may include the quantitative variables of graphs that are interpreted correct or incorrect,  and how long it took each participant in the experiment to interpret the graphs and fill out thee experiment. 

The categorical variables include, how the information was presented and in what type of statistical graph, if the participant is in stats 218 or not or has any prior knowledge, and the age of the participants.",topic_9,0.03163658288925454
337,The percentage that one bar is of the another bar. It is quantitative.,topic_9,0.016473795994641546
338,"*

Understanding of Statistical Concepts: Quantitative – Measured through scores on assessment questions focused on concepts like significance, confidence intervals, and effect sizes after interacting with 3D models.

*

Improvement in Interpretation Skills: Quantitative – This could involve comparing pre- and post-experiment scores to see if the 3D models improved students' ability to interpret data.

*

Chart Type (2D vs. 3D Printed): Categorical – This variable examines whether participants using 3D-printed charts are more accurate in interpreting statistical data compared to those using traditional 2D charts, assessing the effectiveness of each chart type.

*

Ease of Interpretation (Self-Reported): Categorical – Participants might rate how easy or difficult they found the 3D models to understand, giving insight into perceived clarity.",topic_9,0.05005972206649939
339,Type of picture is categorical. The size selected was quantitative.,topic_9,0.05707964275383388
340,"The first variable is categorical and it would be whether or not the student was able to identify the smaller bar or not. This would be a correct or incorrect or yes/no variable. 

The second variable is quantitative and would be a numerical value of how far off the student was from the correct difference in size, measured in units, between the two objects.",topic_9,0.024271982088914176
341,"The explanatory variable for this experiment would be the dimension the rectangles were in, which is categorical. While the response variable would be the height of the second block, which would be quantitative.",topic_9,0.07520481934056872
342,"Whether the student answered the question correctly (categorical), or the proportion of correct answers (quantitative), whether the model was 3D or 2D (categorical).",topic_9,0.06539521533107076
343,"stats 218 students: categorical 

how many answered the question correctly: quantitative.",topic_9,0.07078330037286133
344,"From my memory, I believe the variables were what graph was proposed (how the data was presented) which would be categorical. The other variable would be what we determined the proportion of a specific block's height was compared to another block. This would be quantitative",topic_9,0.07663993165771567
345,"the number for the graph- quantitative 

whether the graph was smaller or larger- categorical",topic_9,1.474729045007045e-308
346,The variables examined were the independent and dependent variable and it was quantitative.,topic_9,1.878612955003249e-308
347,"People: categorical

bar graphs: categorical",topic_9,0.03625918479241257
348,Percent of blocks being represented. It is a quantitative variable because it contains numbers.,topic_9,1.879559668716117e-308
349,"Explanatory variable: Whether the blocks were 3D or 2D: Categorial 

Response variable: Size of the non-control block recorded: Quantitative",topic_9,0.0626870883085565
350,amount of time the test subject allocated for assignments. assignments are quantitative. Test subjects are categorical.,topic_9,0.0502332854516243
351,The variable observed was the height of one column compared to another and was quantitative.,topic_9,1.8305979095953903e-308
352,"Interpretation Accuracy:

Type: Quantitative

Description: A measure of how accurately participants interpreted the data in each graphic, likely represented by a score based on correct answers.

Interpretation Time:

Type: Quantitative

Description: The time it took each participant to interpret and answer questions about each chart, likely measured in seconds.

Confidence Level:

Type: Quantitative (if measured on a numerical scale) or Categorical (if measured by discrete levels like ""Low,"" ""Medium,"" ""High"")

Description: Participants’ self-reported confidence in their answers to questions about the charts.

Participant Background Knowledge:

Type: Categorical

Description: Experience level in statistics or familiarity with data visualization, potentially categorized as ""Novice,"" ""Intermediate,"" and ""Expert.""

Device Type:

Type: Categorical

Description: The device used by participants to complete the survey, such as ""Computer,"" ""Tablet,"" or ""Phone.""

Demographic Information (e.g., Age, Gender):

Type: Age – Quantitative; Gender – Categorical

Description: Basic demographic details that might be collected to see if they correlate with interpretation skills (e.g., age measured in years, gender categories).",topic_9,0.05440032117303762
353,"Height of Larger Bar
Quantitative: This is a reference height, fixed at some value (e.g., 100 units) since the participant makes comparative judgments.
Predicted Height of the Smaller
Bar (Quantitative): Participant's estimate of height of the smaller bar, usually asked with slider or input field.",topic_9,0.022249277350236973
354,"Which bar is smaller compared to the two picked out? categorical 

What is the height of the smaller bar graph out of 100? quantitative",topic_9,0.05408856935180722
355,"Graph values and trends; Categorical

Interpretation Accuracy; Quantitative",topic_9,1.490955855658096e-308
356,"Independent Variable:

The type of model (2D rectangle or 3D rectangular prism) – categorical.

Dependent Variables:

Perceived height of the shorter model in comparison to the taller model set at 100 – quantitative.

Error margin in estimation (difference between actual and estimated height) – quantitative.

Shape complexity (2D or 3D) – categorical.",topic_9,0.05691857470365076
357,The measured variable was the different strips that had the shapes on them and we had to find out which ones were bigger. I believe it was quantitative because it was measuring size and numbers.,topic_9,0.0477370486061821
358,"One variable that was examined was how the data was read, either online or the physical data. This variable is categorical. Another variable was the percent each subject estimated of the smallest bar compared to the largest bar. This variable is quantitative.",topic_9,0.04936594427451233
359,"Which bar its larger - categorical

 the ratio between the two graphs - quantitative",topic_9,0.05282074648119573
360,"gender of participant - categorical

difference length of bars - quantitative

age of participant - quantitative

whether a chart is 2D or 3D - categorical",topic_9,0.055896856237619356
361,"The type of graph being used to compare the accuracy between the different chart was categorical. 

The participants being used to guess the shapes measurement was quantitative.",topic_9,1.8100557447340295e-308
362,"Type of Model- Categorial 

Time Taken- Quantitative",topic_9,0.6658909217948028
363,"3D graph or 2D graph- categorical 

Ratio of the smaller bar to the larger bar- quantitative 

which bar is smaller- categorical",topic_9,0.02426305745416348
364,Since I do not know the full experiment I would guess that the participants were the independent variables because we were manipulated and the dependent variables would be quantitative because of how many questions we could answer correctly and accurately.,topic_9,2.0464878195000164e-308
365,The values examined were what people said the correct number on the graph was which was categorical,topic_9,0.02755025869109232
366,"Height of the graph: Quantitative 

Which one is smaller: Quantitative",topic_9,0.04964701474158399
367,quantitative: the amount of difference between the correct answer and participant response,topic_9,3.053045573520018e-308
368,"Height of bars - quantitative

Difference in height of bars - quantitative",topic_9,1.27500277451392e-308
369,"The variables that were examined was the background information asked in the beginning such as age, race, and sex. These variables would be categorical.",topic_9,1.985862055258395e-308
370,"The estimated height of the bar is quantitative, if the bar is shorter or taller is categorical, it also asks for a couple characteristics at the beginning of the participant which would be categorical.",topic_9,0.05627279471063641
371,The size estimations can be quantitative when given in numerical form. Deciding which is larger Aor B is categorical. Also for students in person the figures that are 3D printed compared to the figures shown on screen are categorical,topic_9,0.04718117648276469
372,The variables that were examined were which line was smaller which is a categorical variable and the size of the smaller line in comparison to the larger line which is a quantitative variable.,topic_9,0.030938451237095866
373,A variable I saw examined a lot was the angle at which the graphs were shown. This is a categorical variable.,topic_9,0.035760139662572674
374,One variable in this experiment was how close the participants were able to get to the accurate height of the bar. This is quantitative. The other variable in this experiment was whether the bars were next to each other or separated by other bars. This is categorical.,topic_9,0.04724463058599843
375,"To provide an accurate response, I need the specific context or details about the study or data set you are referring to. Please provide more information about the variables in question.",topic_9,1.8599374353620593e-308
376,"Shape of Bars - categorical

size of Bars - quantitative",topic_9,1.2947691649736754e-308
377,"some variables for the test was either having an interactive graph or if it was a just a picture, and that variable is categorical. another one was the ages which is also categorical. one last one would have been whether the two options to pick were right next tot eachother or if they were apart from eachother which is quantitive.",topic_9,1.785881594069331e-308
378,We examined which shape was smaller (categorical) and what the ratio of the shapes were compared to each other (quantitative),topic_9,0.03965371399704785
379,"accuracy of estimate: quantitative

online or in person class: categorical",topic_9,0.08129297184706535
380,"Weather a bar was the smallest categoeial, and how small.it was quantitative",topic_9,0.018576192594309173
381,"Some variables examined were the circle and triangle and which was taller =categorical, another was by how much smaller was the bar compared to the other=quantitative.",topic_9,1.880870343732529e-308
382,The variables that were examined in this experiment were shape and percentage associated with each bar graph. The shape of the graphs is categorial and the percentage was quantitative.,topic_9,1.707101073633124e-308
383,"Quantitative: how tall the bar was in comparison to the taller one

Categorical: Circle bar and triangle bar",topic_9,0.02601225302156862
384,"The variable of the students in STAT 218 would be quantitative.

The variable of bar graphs being measured would be quantitative.",topic_9,0.04565605832035875
385,"Favorite zoo animal - Categorical

Gender - Categorical

Age - quantitative",topic_9,0.2099794167808018
386,"which bar is smaller-categorical

the proportion of the two bars- quantitative",topic_9,1.217034852754787e-308
387,"The variables were if the bars were next to each other or separated, which is categorical and how close the guesses are, which is quantitative.",topic_9,0.05002427387947963
388,"Which bar was shorter- categorical (circle or triangle) 

Then how high/low do we think the bar was in comparison to the other- quantitative",topic_9,0.023579584420324276
389,"quantitative by height

categorial by circle or triangle",topic_9,0.02863828644644907
390,how students read the graphs and estimate how big the graphs are. The estimation I quantitative.,topic_9,0.04012037990901631
391,"The variables examined in the experiment were, 

Whether or not the subject correctly identified which structure was smaller - categorial.

How close the subject was to the correct answer of height of the structure - quantitative",topic_9,0.025522078976502164
392,Circle or triangle,topic_9,0.05665686976281214
393,"the circle bar - categorical

the triangle bar - categorical",topic_9,0.05080098500684491
394,"Age and performance scores are examples of quantitative variables because they can be measured on a numerical scale, while gender and treatment type are categorical variables because they involve distinct categories or groups",topic_9,0.02970121752238441
395,Percentages of bar graphs - quantitative and which bar was larger or smaller - categorical.,topic_9,0.05371807693837393
396,"block length - quantitive, color of blocks - categorical, perspective of the block (3D or not) - categorical.",topic_9,0.05061251524096252
397,"Students - categorical

Graphs (longer/shorter; triangle/circle) - categorical",topic_9,0.035006950948147646
398,"The height of the bar graph - it would be quantitative 

The participant guesses - would be quantitative variable 

The graphical presentation - would be categorical variable 

The participants characteristics - categorical (speaking of age, gender, education level)",topic_9,0.038494016441473294
399,"height of the column- quantitative 

which was taller- categorical",topic_9,0.02414718563087919
400,The variables were whether or not a person could accurately say how much smaller a bar was. It was qualitative,topic_9,1.9391865302963094e-308
401,I remember comparing height of columns by using percentages: quantitative data.,topic_9,0.02844237998353487
402,"Variables examined were:

The height of the triangle line (quantitative)

The height of the circle line (quantitative)

If something was taller or shorter (categorical)",topic_9,1.953695479792432e-308
403,"The variables examined was which bar was taller (categorical), the circle or the triangle, and if the taller one is 100 units, how tall is the shorter bar (quantitative).",topic_9,1.873574630523048e-308
404,-Which bar graphs were greater - categorical,topic_9,0.050474920780613886
405,"The variables that were examined were sets of data with two different letters given. In our case, those were the two sets of data for our experiment that we answered questions about. and they were quantitative because they changed over the course of the experiment.",topic_9,0.03412357303819371
406,"percent of correct estimations - quantitative

which 3-D print models were used - categorical",topic_9,0.043246402108427597
407,One variable could be the correct or incorrect answer ratio. This would be quantitative. A categorical variable would be the accuracy based on gender. A quantitative variable would be the percentage of accuracy between having the online models and the physical models.,topic_9,0.046466647314300946
408,"2D models vs. 3D models - categorical variable

The accuracy of the guess - quantitative",topic_9,0.043105128304455564
409,I do not remember.,topic_9,0.04810510669372396
410,"Correct vs. Incorrect 

=> categorical 

the height of the assigned bar in the sample => quantitative.",topic_9,0.028384794477818137
411,"how close the guess was to actual answer(quantitative)

correctly identifying smaller bar(categorical)",topic_9,0.022983222928523766
412,"the variables examined was triangle or circle. explanatory

also, the height difference between the two variables. response",topic_9,1.8887868923352095e-308
413,"Larger and Smaller bar: categorical

Height of smaller bar: quantitative",topic_9,1.2835654649616677e-308
414,there where two options circle or triangle,topic_9,0.053869380175082485
415,Size of bar-quantitive.,topic_9,1.287981204119342e-308
416,"The students ability to get close, quantitative.",topic_9,0.04091121602414628
417,"Size: Quantitative

Color: Categorical

Shape: Categorical",topic_9,1.0
418,"The person's guess which is a number, so quantitative. What the actual different is also quantitative. The comparison between the two, also quantitative.",topic_9,2.454112180196347e-308
419,"Accuracy (quantitative)

Which bar is smaller (categorical)",topic_9,0.023323399391184756
420,Whether the circle or triangle section of the graph was taller was categorical and the height of the smaller graph was quantitative.,topic_9,0.050771464608588154
421,The two variables examined were which bar is smaller and what the size of the smaller would be if the larger was 100. Determining the smaller is categorical and determining the size in comparison to the larger is quantitative.,topic_9,1.679648383179021e-308
422,"Triangle or Circle (which one is smaller) - categorical

Number chosen relative to 100 - Quantitative",topic_9,0.0466300857045778
423,"The height of bars - quantitative

which bar was smaller - categorical",topic_9,1.2751130140182413e-308
424,"Which graph was higher, Triangle or circle, categorical

Which graph was taller or shorter by how many meters, quantative.",topic_9,0.04903700869027899
425,"Variables being examined were the different bar graph models, categorical.",topic_9,0.03625897284493105
426,"the bar graphs - quantitative

participants - categorical",topic_9,0.03945984983112826
427,"how people see things differently 

quantitative",topic_9,2.312002555768761e-308
428,"What set of blocks we chose, categorical.",topic_9,0.05059297169750144
429,The students or the people who were doing the experiments it was quantitative because they had to the measurement of how long it us to submit the answer.,topic_9,0.04899841195832386
430,"Stats 218 students - categorical

Whether or not the student can get the height of the bar right - categorical",topic_9,0.043481280581492546
431,"Quantitative- Triangle or Circle

Categorical- Difference in Units (0-100)",topic_9,0.03601949173451877
432,How diffeent people interpret different graphs whether its 2d or 3d or real.,topic_9,0.026127495985742048
433,How accurate the student was in finding the differences between heights. I would say its quantitative as were pulling numerical values.,topic_9,0.03809805150521412
434,The variable was categorical and students ability of observe graphs.,topic_9,0.029891284329009737
435,This was quantitative because we were asked to report a percentage.,topic_9,0.02982019814062566
436,The percentage difference between blocks- qualitative,topic_9,1.9064905864441687e-308
437,Percentages and height. These are quantitative since they measure in percentages and numbers.,topic_9,0.04067843677000152
438,The variables that were examined were the height of the bar graph in percentage which would be quantitative.,topic_9,0.0359001218016595
439,"Quantitative: how tall the bar graphs were

Categorical: different bar graphs (digital/physical), 5 different types of bar graphs, triangle vs circle",topic_9,1.727834970502349e-308
440,"Triangles versus circles

categorical.",topic_9,0.05194478852563069
441,"One variable was the type of graph we were looking at which in that case would be categorical, another would be how much each student thought each bar was, which would be a quantitative variable.",topic_9,1.700085311281737e-308
442,"The variables that were examined were which bar a study participant claimed was smaller, which was categorical, as well as the degree to which they claimed it was smaller, which was quantitative.",topic_9,1.760825163625678e-308
443,"The information of a person could get would influence his feeling.

Categorical",topic_9,1.0
444,The variables were examined were our participation (Categorical) and our responses (Quantitative).,topic_9,1.916006448432615e-308
445,"the variables that were examined were the models which were 2D, 3D, and real life ones. I would say it was quantitative since we had to estimate the size and say how small we thought it was.",topic_9,0.04953829452489787
446,"Type of graph - categorical

Accuracy of response (regarding height differences) - quantitative",topic_9,0.044900848096390146
447,"What type of graph was shown, which is categorical.

How much smaller the smaller data point is, which is quantitative.",topic_9,0.033911359674118464
448,"Ratio Comparisons:  Involves the ratio of heights between the bars in the bar charts which is quantitative. 

Graph Type: Specific characteristics of the bar charts including whether they were adjacent or separated, and whether they were presented in 2D or 3D formats which is categorical.

Type of Data Visualization: Type of graph used to represent the data. It includes three categories: 2D graphs, 3D digital graphs projected in 2D environments, and 3D printed bar graphs. This is categorical.",topic_9,1.6422535473091085e-308
449,Estimated difference in tower hits on blocks. Quantitative.,topic_9,0.029762520768220658
450,"Height of objects- quantitative.

Accuracy- (right/wrong) categorical.",topic_9,0.055689956698697037
451,One variable that was examined was the percentage that the student thought was the height of the bar. This is a quantitative variable.,topic_9,0.030322642925441737
452,"The variables were us, the graphs and the website we used. These would be both quantitative and categorical.",topic_9,1.572636991142051e-308
453,"Types of graphs (categorical), height perception (categorical), order of presentation (categorical)",topic_9,0.024699596465642196
454,"Size of culoms, quantitative",topic_9,0.03967095801373498
455,"Experimental, quantitative: block size

Response, quantitative: block value",topic_9,1.8601042473902927e-308
456,It was mostly quantitative because it measured which bar length was longer and by how much. I suppose a categorical would be short very long.,topic_9,0.04392346730474294
457,"As I recall, we may have been asked to determine which bar was smaller (categorical) and also, assuming the larger bar was 100, what value the smaller bar would be (quantitative).",topic_9,0.015670927416841576
458,"Response variable, quantitative",topic_9,0.038275188731471996
459,"Height, color, size, and shape were all variables that were examined. I would say it was both variables, since it was asking for a number for height, otherwise this would be categorical.",topic_9,0.03633932711988694
460,Weight in comparison to another height. Color. Which bar was taller.,topic_9,1.3001680194303285e-308
461,"Categorical Variables: The different types of charts (2D, 3D digital, 3D models)

Quantitative Variables: The number of participants and the specific value each participant put on each of the charts.",topic_9,0.04737014785566773
462,"It asked about our sex and that would be categorical, the score on the test and it is quantitative",topic_9,2.0806871600793477e-308
463,Categorically how people visualize the graph heights.,topic_9,0.024994029132992444
464,"It was categorical since there were spits in the data, also the variables were seeing if the blocks were squares or triangles, and what that person picked.",topic_9,0.06734117685855329
465,"How close students could estimate the comparative heights of physical bar graphs. Quantitative. 

How close students could estimate the comparative heights of digital depictions of bar graphs. Quantitative.",topic_9,1.6303842531479894e-308
466,"categorical, because there was a correct answer out of the given options.",topic_9,1.0
467,"categorical variable is the type of way the graph was presented: 

* 3d printed (4d?)

* 3d image that can be moved around

* 3d image

* 2d image

quantitative variable is the height estimation of graph bars compaired with other graph bars:

numerical values from 0.0- 100.0.",topic_9,1.735452001417756e-308
468,"Stat 218 students (quantitative) 

How well students could read a graph (quantitative)",topic_9,0.0395113418574995
469,The variables examined were quantitative.,topic_9,1.9029322949772575e-308
470,Quantitative,topic_9,2.384620178740313e-308
471,How well someone could estimate a value. Quantitative,topic_9,0.07617516075531838
472,"The explanatory variable was the person doing the experiment. The results changed every time a new person was doing it.

 The response variable was the color of the shape picked. The color picked was impacted by the person conducting the experiment.",topic_9,0.08230012951663813
473,"age - quantitative 

gender - categorical",topic_9,0.17543382661401843
474,The variable examined was the height between 2 bars on different graphs. The variable was quantitative.,topic_9,0.03542171681382792
475,How we responded to the prompts is one of the variables and it is categorical,topic_9,0.04810570498570063
476,"Can someone accurately match the real proportion? Categorical. The degree of difference in their response to the true number, quantitative.",topic_9,0.056457036693092454
477,"Number of correct answers - quantitative 

Visual or physical - categorical",topic_9,3.2268150863661876e-308
478,"The variables examined in this experiment were nominal variables which have no rank. The participants were choosing between a triangle or circle, both being categorical variables.",topic_9,1.810972225556953e-308
479,"Dependent variable : accuracy of reading 

Independent: Changing graphs from virtual reading to actual reading from figures.",topic_9,1.4858743016289604e-308
480,"There was color, categorical.",topic_9,1.0
481,"1) Distance between objects - quantitative

2) Task complexity - categorical",topic_9,0.05670524511570708
482,The variables were categorical,topic_9,0.04206198367229873
483,"the range of accuracy, how close students guesses got to the actual numerical value of the bar graph, quantitative",topic_9,0.03607706854539956
484,"The variables examined are the materials used (digital graph on computer vs. physical model) which is categorical, and the accuracy of the participants guesses (quantitative).",topic_9,0.04577890027079907
485,"heights of the blocks - quantitative 

if the circle or triangle was taller - categorical",topic_9,0.03924246163662736
486,"The variables that were being examinated were quantitative and random assigment. For quantitative the participant had to chose which amount bettwen 0-100 units they thought one of the bars was and submit it. In the case of random assigment, I noticed they were multiple bags for different kits so I guess the random assigment of the bags and selection of the bars was present and examinated in the experiment.",topic_9,0.0466298798040413
487,The variables examined were which bar was higher (categorical) and what was the estimated value of that bar compared to another (quantitative).,topic_9,1.670798530944416e-308
488,whether you could get it or not so categorical,topic_9,1.0
489,"The variables that were examined are determine which shape was taller, this is categorical. Then it asked to estimate how small the smaller graph was if the taller one was 100 units. this is a quantitative variable.",topic_9,0.025417966727219344
490,"Type of bar chart used (2D or 3D) - categorical

What the individual perceived the data to be - quantitative",topic_9,0.05199455018959979
491,"Independent: type of chart and color of the bars (quantitative)

 

Dependent: participant accuracy and response time (quantitative)",topic_9,0.025661232891342693
492,"The length of the bars, this variable would be quantitative. Which bar the people chose to longer or shorter, this variable would be categorial because they are observing it, but when it asked you to say how much bigger or smaller one bar was from another, that part would be quantitative.",topic_9,0.051004770576419105
493,"The variables examined is if people better estimate the values of graphs, which is quantitative as we estimated with numbers.",topic_9,1.5983799673366406e-308
494,"Accuracy scores (quantitative)

Age of students (quantitative)",topic_9,3.390370488390348e-308
495,"Size comparison - categorical

Difference in percentage - quantitative",topic_9,0.024701783291300655
496,"2d : quantitative

3d: quantitative",topic_9,0.04346713151346128
497,"How close the person was able to get to the correct number of the bar (quantitative) 

Which bar is higher? triangle or circle (categorical)",topic_9,0.028742183773547095
498,The variable is the different bar graphs; categorical.,topic_9,0.03415910858447667
499,"Age: quantitative

Major: categorical

Accuracy of height-guessing: quantitative",topic_9,0.18031779743853238
500,Yes or No --> categorical,topic_9,1.0
501,"Which of the 21 kits each person gets would be a quantitative variable.

Whether each person chooses triangle or circle on each chart would be a categorical variable. 

A potential confounding variable would be whether or not each participant got a good nights rest the evening prior to taking the experiment.",topic_9,0.05462027113675425
502,"size of objects: quantitative

perceived size: quantitative",topic_9,0.0467262514878339
503,"Physical or digital, categorical. Difference between 2 graphs, quantitative.",topic_9,0.03686845178015746
504,"Which was smaller?

* categorical

Deciphering by how much the tower was smaller?

- quantitative",topic_9,0.05100136013399925
505,"specific model kits, in person vs online, these categorical 

results of counting - quantitative",topic_9,0.08206447049133934
506,One of the variables was male or female (categorial) the other was age (19 or older: categorial) and another variable was the value of a certain bar on the graph (quantitative),topic_9,0.031176257633768686
507,The accuracy of what we guessed on the visuals. This is a quantitative variable.,topic_9,0.03156033552905079
508,"The variables examined are the sizes in bar graphs along with the comparison to one another. The variable was categorical to start as you would determine which is smaller or larger, then based off that you would determine by how much the smaller graph differed from the larger one which would be quantitative.",topic_9,1.729086351028911e-308
509,"Visualization medium: represents the type of chart used for data visualization (2D, 3D digital, or 3D printed) categorical.

Perceived ratio judgments: The participants' judgments of the ratio between two bars in the chart. Quantitative

Bar chart layout: The layout of the bar charts, including the positioning of bars and the grouping of data. Categorical

Ratio comparison: The specific ratio values used for comparing bar heights in the charts. Quantitative

Graph identification: The identification of specific bars within the charts for comparison is controlled to ensure consistency across participants. Categorical",topic_9,1.6337879602943763e-308
510,"Which bar students pick as higher -categorical

How tall the smaller bar is compared to the larger bar -quantitative",topic_9,0.022282964315444173
511,"categorial - the blocks, the height of the blocks",topic_9,0.037873833867674137
512,Rayshader and graphs are categorical variables.,topic_9,0.021433284525281353
513,"Type of visual, categorical. The guess in the size of the bar, quantitative.",topic_9,0.034231100071337964
514,"The variables that were examined is whether the student can accurately guess the value of the bar - categorical

Also it could have been the numerical value of how far off the student guessed from the actual value - this would be quantitative",topic_9,0.04966024254586855
