document_index,document,topic_0,topic_1,topic_2,topic_3,topic_4,topic_5,topic_6,topic_7,topic_8,topic_9,topic_10
0,They gave us charts and information that shows which one of the two ways looking at the bar graphs is more accurate than the other and which one people prefer.,1.0,1.1021930462311266e-308,8.939549433141016e-309,1.1601892363608044e-308,8.161784563378457e-309,8.543426685018033e-309,9.099084054230265e-309,7.742209523585944e-309,9.237384448526266e-309,9.42264730565247e-309,8.49711191601495e-309
1,I think the presentation was the easiest to understand. It explained the true meaning of the study in simple terms. When we participated and did the reflection we weren't given any background really at all.,0.016780632136574332,0.07522314927106356,0.2067234596630111,0.058948800115724946,0.04888228945584596,0.09423828328298442,0.11750744409125358,0.07405248601017358,0.06854782807363827,0.038996355565094926,0.06711956665022635
2,"During the participation and post-study reflection, I was confused because I still didn't know the purpose of the experiment. Now after watching the presentation and reading the extended abstract, I am less confused about how reading different types of graphs can change how you perceive the graph.",1.0,1.0767625095571522e-308,8.727948604064253e-309,1.1127485554808763e-308,8.042251581989493e-309,8.359715302437605e-309,8.797887132928075e-309,7.67614424587137e-309,8.89675197645054e-309,9.13698252892969e-309,8.393431122016124e-309
3,"Each one had a different way of getting you to understand the study and what it was trying to convey. The abstract was more wordage to tell you what it was about, participation was to actually do the study, presentation was to see a more visual explanation and the reflection helped to look back on what it was really about.",0.01634219852172022,0.05440627608845271,0.14123749328641622,0.051812384670297716,0.06097230921421744,0.22139997428644634,0.12573668675356778,0.08489685459480804,0.07632770388180564,0.04133910911777392,0.051530779296309635
4,I didn’t know all of the graphs had a specific ratio. I also didn’t realize there were two research questions that were being tested.,0.721765384149643,0.033537141835014946,0.02708687250751315,0.03501258497226013,0.02463787391191818,0.025729605012763182,0.02722384512740357,0.0234569010148103,0.027632352679278594,0.028131574756456994,0.025785864032938033
5,"The information that I gained from the components of this project differs when looking at participation and post-study reflection. With both of these I think I was clueless about the study going into it and now that it is over I see the what and why. I also think that the extended abstract and the presentation differ because the way that the experiment was presented to us seemed very simple, yet the abstract of the behind the scenes was much more complicated I think.",0.008965532326824715,0.022668457988277418,0.026987639814598802,0.029592433700930523,0.5764281882052301,0.052368444054234395,0.030060569964177903,0.048611772950622766,0.030784216466537007,0.030170897830965375,0.024552691765579834
6,"I felt when I was participating, I wasn't exactly sure what was being tested. As I completed the post-study reflection, and watched the presentation reflection, I got a better idea. At first, I thought the experimenters were testing to see if 3D models gave a more accurate result, but after watching the presentation I now know they were testing to see if 2D models have more accurate results.",0.039282575073234384,0.061685377006336,0.0388437461746204,0.08053630188743352,0.0295861797504548,0.036649642671391966,0.043000384500231394,0.02838249363631955,0.041109411666321975,0.03623273617711108,0.03431425773925453
7,"When hearing about all the background information and why the researchers did what they did for specific purposes it was interesting to see how taking a quiz about different block sizes, the researchers were looking at it from a deeper perspective. Another thing that surprised me were about the specific equations given for the experiment and how it related back to the 3D graphs.",0.15552135334815287,0.07932564245074923,0.05631334133517967,0.09296057647438186,0.049127646131827005,0.05551564144520126,0.06059069106665837,0.045571088815097006,0.06071559192564433,0.05990436976552799,0.052555498720326894
8,The information that I gained from the components of this project because I as not entirely sure what was going on when participating in the experiment itself. As I did the other pieces of work after the experiment it made more sense to me what was being evaluated. I found more information from the post study reflection and the extended abstract that the participation.,0.01643873209305351,0.050082449056186897,0.054488074014518134,0.06348891521200524,0.1382987941468034,0.11981700259758798,0.05090659878687592,0.08764130846946351,0.054024607957434474,0.05102391236811937,0.05476506577953053
9,"To start, participating in the experiment left me a bit confused simply because I was there to do something, not necessarily knowing the background to it. The post-study reflection made me sit down and think about what was going on behind the scenes. The extended abstract gave me a breakdown of what the experiment was about, why they did it, and how they did it. Lastly, the presentation gave me the study's results.",0.016993296565594694,0.11353884028197182,0.23623826480810878,0.06138535939008058,0.041972391422261945,0.06460806941531964,0.08359812360962018,0.05766303728964779,0.05199910781734924,0.033058570393839984,0.06466169986779116
10,"They differed because each one asked for different things. Even though the information was combined into one study, the presentation, abstract, reflection, and participation were different. They each used different types of learning to gather information from the students taking the introduction to stats class.",0.01574364071923314,0.0507606573810452,0.12043477950510535,0.05053776205531068,0.06060736064698127,0.2522362424679809,0.13027039602343443,0.07945247866044597,0.07682022052762737,0.04104264156105829,0.04809559016359294
11,"At first, I just had to guess why we were doing then, then I actually got to know why, and the information behind it. Especially during the participation part, I was extremely confused, but the extended abstract helped with that.",0.013784966854307511,0.05186078844169474,0.06241233412365803,0.06675596223037694,0.04475616955982969,0.12604734541667695,0.09024095777932166,0.04651270857020691,0.08474964225412802,0.04042830151765535,0.0443547924726302
12,There was a difference in the way of conveying the information between each component. The participation used 3D models and hands on learning while the abstract was reading based.,0.01587637336996659,0.054014804451532956,0.12605450496021253,0.04870742427365165,0.07347691061284639,0.23292746593364258,0.09471130678802057,0.11518149787085985,0.06726299958623422,0.040915034460486416,0.0568734474043619
13,"I do not believe much of the information was different from the rest of the projects. However, I do prefer this method over the rest of them.",0.015128153806765196,0.033954070117236,0.03716452934281061,0.05646536490912888,0.44226432606514127,0.07426921778857759,0.04549113621533548,0.058547322767306946,0.05342242459563737,0.06257271752651497,0.03462190539325946
14,This was easier to understand. It was communicated more simpler compared to the abstract.,0.013481612316233217,0.042045970087568725,0.06044034477035663,0.04883623764030996,0.048437856587395675,0.13064410481393918,0.30431483570162465,0.049629725679477515,0.08153892666997774,0.044193549295240615,0.03704107007287659
15,"Participation involves engaging in the study itself and providing feedback. Post-study delved into the subjective experiences and potential limitations noticed during the process. Extended abstract was condensed as a version of the study that highlighted key points such as the objectives, methods, results, and conclusions. Finally, the presentation offered more of an interactive overview of the study that emphasized the key findings and implications.",9.02515792545608e-309,4.011861461613905e-308,3.132826403270552e-308,1.7663177800407943e-308,2.171701160018431e-308,2.1019450372177926e-308,2.106921330976914e-308,5.734112324401757e-308,1.685962677351114e-308,1.462736151253238e-308,1.0
16,"The participation piece came first so I did not fully understand the goal of this study and what exactly I was supposed to be doing. This was the hands on piece where I got to participate in it. The post experiment reflection related more towards what we are learning in class and if we can identify the components of the experiment. the extended abstract and presentation both gave an overall on the experiment. the abstract is a more formal way of presenting the experiment, the intro, abstract, methods, study design, etc while I feel like the presentation took a deeper dive into how they created the bar graphs and recreated the previous experiment from Cleveland and McGill.",0.018323023009888452,0.10012311428935171,0.24666184799280488,0.0690608865225743,0.04520313250566935,0.07256098384604388,0.08305289312106034,0.059652819578123455,0.05765894467302076,0.03530799032692209,0.0621978611228187
17,the extended abstract showed me how and why the experiment was conducted. Through participation I learned how the experiment has meaning in the real world. In the presentation I learned that using 3d charts may not always be the best way to collect data/survey.,0.22180244889985545,0.07220579183790998,0.05480964904767182,0.07342019040636812,0.04780320557649002,0.0510868008118126,0.05358832855760473,0.04625964825667212,0.0536164104483858,0.05350350180916825,0.052178476478594256
18,"When 3D graphs become projected on a 2D surface they become distorted. One study showed participants answered more accurately with 2D graphs and in the other study 2D and 3D graphs had about the same accuracy, however, participants preferred the 2D graphs due to their simplicity. This doesn't mean the 3D graphs are absolutely horrible it just means they are used for different purposes.",1.0,1.130155146376176e-308,8.85773512210269e-309,1.1982075313191815e-308,8.131165645995064e-309,8.662927569862394e-309,9.349785897959103e-309,7.67690347111203e-309,9.49835120875289e-309,9.664557162607216e-309,8.490333917225107e-309
19,The components of this project differed as there was 7 unique ratios being used during the presentation rather then the participation part which was very interesting considering the blocks and the bar graph showed a difference.,8.317104401093823e-309,1.957275643539949e-308,2.206565742975703e-308,2.6769101106147455e-308,1.0,3.857157153449927e-308,2.452975174781631e-308,3.8946919766937244e-308,2.5819797767468488e-308,2.814270879632691e-308,2.0961951977638967e-308
20,"the components of this part of the project seemed to be much more of an in depth explanation of what they were looking for, why they were looking for it and what it could be explained by. It seemed that most of the others went over a general basics of what the research was about or what the process was going to be. I still feel like watching this slideshow garnered the most information relating to different components of the project.",1.059424178617532e-308,2.6011135571067294e-308,2.9540502585197937e-308,6.883784504314389e-308,3.1735050527675925e-308,6.454162645628186e-308,8.093886804364725e-308,2.5548532753774473e-308,1.0,4.851174394243296e-308,2.2013130209460136e-308
21,"While there was some variance in components of this project, I feel that most aspects of it remained fairly steady throughout. As I had kind of discussed in abstract reflection, I gained a better insight on what the actual purpose of the the experiment was after having the chance to read through the abstract. While I had thought that the variable of interest had something to do with colors and estimation, it actual had to do with 2D versus 3D models and how that depicts the accuracy of estimating values within them.",0.03856847508023057,0.05517247666023188,0.03598790728452866,0.08578642552892911,0.031099736775525477,0.038136387407963206,0.04203653493200483,0.028254132520079207,0.04198273833668966,0.03940330014009393,0.03319499161643301
22,"Participating in the project means jumping into tasks with your team or by yourself, figuring things out together, and learning by doing. After it's all done, reflecting on what went well, what could've been better, and what you've learned helps you grow. Then, you've gotta summarize it all into a short paper, highlighting why your project matters to others in your field. Presentation is important because it shows what you learned and how well you understood it.",7.91381472572706e-309,2.6913622400411734e-308,3.474862527790585e-308,1.87640343592484e-308,4.371757494632219e-308,3.1432631361504507e-308,2.3022121852122454e-308,1.0,1.942202590939364e-308,1.6904556461867765e-308,4.500603104823388e-308
23,"Each of these components had different information that weren't explained or shown in the other components of the project. For instance, from the presentation I got what the research questions they were trying answer. They each had information relevant to the project but like shown/explained in different ways. In the participation, we were doing the experiment, the presentation had more information about the project, the extended abstraction explained what they were trying to do and how they were doing it.",0.009602461730475777,0.029999216300052346,0.05378952561851695,0.03405399878615137,0.05385889630656537,0.36531467279611024,0.06782297667941575,0.05417115178625114,0.05590197597551364,0.030313043081760048,0.029707333446751437
24,"The information I gained from participation was fairly limited whereas the abstract and the presentation went into more depth about the reasoning behind the experiment, how it was set up, and what they were looking to gain from doing the experiment. Also, the presentation was the longest and most detailed component. The other components didn't go into as much detail and didn't provide me with as much information.",8.920505195517364e-309,2.668103115261621e-308,4.4268895553370645e-308,3.6291476196063035e-308,4.355914215086483e-308,1.0,6.534680093179752e-308,3.8887558748027445e-308,6.903234580363395e-308,2.9087502960971593e-308,2.4817204737771385e-308
25,"One part that differed from the start til the abstract was the true purpose and reasoning behind the project study. During participation, I knew what I had to do to complete the experiment but did not have much to any knowledge about why. I started to make assumptions while during the experiment. After reading the abstract and seeing the presentation, it showed more about why and how the data was evaluated.",0.01631112452939182,0.044002798672390785,0.05733668476183129,0.052989678731427216,0.297740322678736,0.1270343406264019,0.06276196618447787,0.10329581415144984,0.06329268437381645,0.05318920645061758,0.04858858354450147
26,"The different components of this project were presented oddly.I learned the most about the experiment from the final presentation because it explained the differences between the kits, why we were asked to complete the experiment, and what the researchers were trying to gain. I did not learn very much from the participation because I did not know what the researchers were trying to gain from the experiment. Also, the extended abstract helped me learn some about the purpose of the experiment, but it would have been more helpful if it was shorter and more concise.",0.027260575304866246,0.07255663780439316,0.055492984356804234,0.31675318226024746,0.05058474830101763,0.0771063562714013,0.07989958020410734,0.04366252516755831,0.09144667383026164,0.07364130636868375,0.0461833954582513
27,"The presentation went more into detail about how the users acted with the different types of graphs, the studies all focused on whether the 2D or 3D graphs had higher accuracy. The abstract has 5 types of graphs some have different positions and others have different lengths. The presentation had a different group used for testing. Over all, they all said that the 3D had the worse results.",1.0,1.0906830456965196e-308,8.679904087011044e-309,1.145061297247005e-308,7.995822040776063e-309,8.446154520108845e-309,8.97524975795894e-309,7.583517001087353e-309,9.117518789882925e-309,9.287341607730287e-309,8.34342984097169e-309
28,"*

Participation: This aspect involved active engagement in hands on work.

*

Post-study reflection: Reflection allowed for the students perspective and critical analysis of the project experience. 

*

Extended abstract: The extended abstract served as a summary of the project, highlighting key aspects such as objectives, and conclusions.

*

Presentation: The presentation offered an opportunity to communicate project findings to a wider audience in a written format.",8.09184839553873e-309,3.0402691278289586e-308,3.3300580455986234e-308,1.829189233602155e-308,3.430992900703285e-308,2.696677210773195e-308,2.1987905765540095e-308,1.0,1.77260777737811e-308,1.584019400884162e-308,7.828792764496865e-308
29,"The presentation reflection was a lot clearer when understanding the point of the study. I am a visual learner, so when I watched the video, the point and background of the study became a lot clearer to me compared to reading the directions. The video was a lot clearer about what the experiment was studying, for example, how three of the graphs studied were on position, and the other two were on length, along with the Shiny app and the future work planned for the study.",0.020770210104353357,0.04178628117275126,0.03756289663748461,0.16723874169588593,0.02889303265630743,0.040273720157920447,0.05130641913541639,0.026252045264823026,0.0633136366317133,0.043078107432814615,0.026505014439827994
30,"I think that the components differed within our study because we were learning about randomization and other factors used in the study within our class. The plan outlined in the end of the video is what we used, so it did not differ planning wise.",8.49662597534866e-309,2.1421451828056116e-308,2.488923409397505e-308,2.8153394980235486e-308,1.0,4.809180056991459e-308,2.732613265803155e-308,4.52368496194694e-308,2.8151744265796325e-308,2.8609323788482167e-308,2.3258445955090167e-308
31,"The components of this project differ because participation was lower than I expected. As well as the study reflection showed no significant evidence, I was expecting their to be stronger evidence. For future work I see how this study can help with the STAT 218 class, but I do not see it helping anything other.",8.42163222354577e-309,2.193908627152912e-308,2.5312728566702584e-308,2.4707311938920545e-308,1.0,4.0899433510503215e-308,2.581942859235852e-308,5.285020043609115e-308,2.5042823071442246e-308,2.5138875684954814e-308,2.4851619091433195e-308
32,That 3D models aren't always the best thing to use in experiments. Not necessarily the worst thing sometimes they are good but in this experiment it can throw some things off.,0.16014746847651515,0.08144848590011308,0.056659809197636364,0.09074401790064941,0.047557954718578294,0.05390447784785194,0.06129149405992104,0.045002039191144746,0.06019832178088856,0.05881334366626541,0.05233402873918251
33,We were given much more background and overview (more similar to what we learn in class) with the abstract and presentation. We did not receive much background with the participation and post-study reflection parts.,0.015890634583114318,0.05737942440018407,0.15393227348551597,0.056913184549623,0.06224506997653302,0.17290184114441612,0.08908332008038325,0.08749398728572548,0.07563615403186565,0.041849896417555994,0.05952264593584263
34,"We learned more as we went further along in the experiment. In the participation, we didn’t even know what the experiment was testing. In the post study reflection we had time to think about the experiment and hypothesize what they were trying to test. In the abstract we saw what they were trying to test and in the presentation we found out the results",9.33799494301448e-309,4.649326381686926e-308,1.0,2.8598300966534856e-308,2.618344474011022e-308,4.053512363118483e-308,4.0037307398080546e-308,4.210234525937169e-308,2.846386533947173e-308,1.803885670164309e-308,3.80687082505471e-308
35,The information differed by many ways. I wasn't aware of the specific groups that were assigned to us before reading the presentation. I also had no idea that 3D would be less effective. I would totally think 3D would be more effective since it is a tangible object.,0.3555822437644869,0.07488608531423001,0.05673141964495927,0.08199609609691362,0.049223691341176094,0.05378220266709922,0.05964173051356513,0.04647506990946109,0.05990360936725274,0.05953117162245767,0.052616372042990675
36,"While going through the project, everything began to feel more clear. While participating I was wildly confused on why the information was needed for a study. The goal of finding the best graphical elements to extract information makes a lot of sense, and I gathered that from the video above.",0.2450436836189607,0.06765464768122668,0.052444722874325306,0.06885453146470073,0.04691773324199342,0.04940621345878307,0.05104859991877934,0.04518618149987343,0.05141092766171365,0.05188227808200775,0.05042493262816906
37,"The further into the experiment I got, the more I understood exactly what was going on. The additional materials in the research paper, and the presentation especially helped me understand exactly what the goal of the project was.",0.019257513911071868,0.046191455495915676,0.03870022476008047,0.5158123942742255,0.04257277400118061,0.06734276008356826,0.05970166600472712,0.033508080411877875,0.07692776117739097,0.06645196054002914,0.03353340933993242
38,"Participation and post-study reflection I didn't gain much information, however in the abstract and the presentation I was able to gain much more. In the first two, I was more or less in the experiment while in the last two, I was reading and understanding the actual purpose of it.",0.014385666808221918,0.059992002355018045,0.0782501433395982,0.05988939926152486,0.06364088357170389,0.13939315329687293,0.06382377794693693,0.07151419616493021,0.05895403412987947,0.038995379272257207,0.05691765178364296
39,"The information that I learned was kind of split into two groups for me: (participation and post-study reflect) and (abstract and presentation). The information that I learned in the participation and post-study reflection was all kind of self taught and inferred. For example, going into this experiment I knew absolutely nothing other than what my teacher had told us about the experiment. The second group was much more for correcting and connecting assumptions that were made. The second half of this study was more for cementing the ideas and facts of this study.",0.013589344003648744,0.04655503338455094,0.05735243808270122,0.05444482803401162,0.08764627753926654,0.17505590415504674,0.0510436480501812,0.07646268754267829,0.053688213394050215,0.04156508613684556,0.04835282760760563
40,"While involvement encourages participation and teamwork, post-study reflection helps with learning and self-evaluation. While the presentation facilitates the effective presentation of major findings to viewers, the extended abstract acts as a short written overview of the project. Every element makes a distinct contribution to the distribution of project outcomes and overall learning. I would say that participation was obviously a big part of this experiment as well as post study reflection because they are key parts that could contribute to the future of the experiment.",0.014298156898890212,0.07608292665849811,0.471583633305369,0.04089204924733144,0.04438751791655793,0.06210218882938168,0.05922546017155436,0.08282316346248197,0.04162961925282481,0.028193014553509095,0.07502828115157713
41,"I learned that 3D graphics are not the best way to rely information, so what I took from that was 3D is not an accurate way to measure like depth perception.",0.33546090960168007,0.07924859842587721,0.058140353357094936,0.08477684937429762,0.05053604119425045,0.05536393225310415,0.06168685336226335,0.047961458213775836,0.061167808784999424,0.061456304575887924,0.05457058314136139
42,I learned that they gave each subject 5 out of the 7 and we each got it 3 times. I did not know we saw the same one many times.,9.366501966886082e-309,2.885541441791685e-308,3.6604493156186303e-308,4.66835533648742e-308,4.4098121251429707e-308,1.0,4.968473463180915e-308,3.5873914659285167e-308,6.440560254136737e-308,3.3926532885935643e-308,2.631187097036e-308
43,I feel that the presentation gave the most information on why we were taking the experiment and the reasons behind it.,1.2372664429018114e-308,2.9331887135536444e-308,2.68492114118948e-308,1.0,2.197572665895726e-308,3.452187631128278e-308,5.177285896790694e-308,1.941634520390673e-308,6.448977344572937e-308,3.799945859817227e-308,1.939874854139938e-308
44,"I don't think it differed much, it explained the point of the experiment and what they were trying to research through students, and how their spacial skills are at UNL.",9.82788752092004e-309,1.752027311730565e-308,1.633847548749162e-308,9.02258379955897e-308,2.7133928363441027e-308,3.0274334483390625e-308,2.7637578012250505e-308,1.7365289937790623e-308,6.414615939043555e-308,1.0,1.5170394182295277e-308
45,"My participation and post-study reflection in this experiment were personable components. The extended abstract and presentation were non-personable, literal descriptions of the purpose of the experiment and its goals.",1.0545996417473714e-308,1.0,5.385235973801594e-308,2.843306634136723e-308,2.172613934909022e-308,2.678351421151233e-308,3.4099692855616456e-308,3.037894289129169e-308,2.3218486200662705e-308,1.7491281274255053e-308,4.792899489696767e-308
46,"When participating, I had some idea that the question being asked in the experiment might've have had to do with if students can correctly guess the same exact shape as the 2D image/3D digital with the actual model. After doing it, I guess I kept about the same idea, and now after watching this, it makes sense. The questions asked in this experiment are good ones.",0.14419413523984634,0.08468201273095216,0.05814315846576695,0.09478620693261422,0.04833114339139398,0.055172977919858326,0.06261565341772916,0.04579903525480766,0.06137106480497627,0.05944680151752556,0.05355925180327577
47,"I think the abstract helped me to gain the most information. During participation, I didn't really understand the purpose of the study but the abstract and presentation supplemented my knowledge.",9.687829421288414e-309,3.7355480908187687e-308,4.603417422631657e-308,3.9443112774987864e-308,2.5624862888269685e-308,5.078943849175101e-308,1.0,2.8757791882557553e-308,5.009633052457117e-308,2.6188384803925914e-308,2.6621988413591554e-308
48,"While I was participating, I was pretty confused on what the experiment was testing. After watching the video, it was clear to me that they are testing if having physical model is more effective than a virtual one. The abstract helped me understand how they will calculate the results.",0.04204019234357364,0.05932508065622804,0.03710969569368959,0.0806845203155015,0.029735873799697284,0.036557077884411766,0.04326419930679575,0.028005621450524085,0.041510930178374636,0.0378968411520497,0.03349307350186356
49,"During my participation I was only aware that there was a study about graphs taking place, and during the post-study reflection I didn't know much more than that. After the extended abstract I knew a lot more about what the study was about, and after the presentation I fully knew that the study was about comparing people's responses to the different types of exams (ie 2D, 3D, and 3D printed).",0.01546581848953164,0.06985283490140894,0.0773086177008794,0.07643581060403976,0.03720385432797805,0.06941282871950859,0.12894867027655513,0.04200032372735571,0.0720290235863453,0.03646429848665228,0.0467818884002314
50,"While I was completing the experiment, I was guessing that the answers to the 3d models would have had more accurate predictions compared to the 2d model when in fact that was not the case.",0.3578748167283781,0.06817481513720101,0.050492254979012524,0.07429376873188447,0.044444636287923805,0.04884408741509726,0.05473041990705792,0.04186832551011645,0.05455585810412065,0.054907322261169324,0.04744613014345311
51,I felt like this information differed in the way of what I felt like was being tested in the study. While I participated in the study I felt like it had to do with something based off the color or percentages of height of the graphs but I then found out in the abstract and presentation it was studying the height perception of the graphs.,0.6321404749733956,0.04460054306544372,0.03564939696009888,0.04679629207936949,0.03215039035479007,0.033782946979273636,0.03634541069472542,0.030560941312606112,0.0367916519133153,0.03743019816191091,0.03375175350507084
52,Participation definitely differed from post study reflection. When I was taking the experiment I was assuming it was gauging how accurate your depth perception is. Now with much more context it was comparing your perception of a graph in a 3d environment to a 3d graph that is rendered in a 2d environment.,0.49159128056958845,0.06284987830299948,0.04911989552997276,0.06579748683295288,0.043650603742783366,0.04632870850836174,0.05048876980886718,0.04160832572152724,0.050763147585852514,0.05145474199353122,0.046347161403562966
53,The information I had about the study changed significantly from when I first took part in the experiment to now when I finished watching the presentation. At first I didn't know why I was taking the experiment or what it was measuring but now I know that it was primarily focused on people's perception of 2d vs. 3d objects and how accurately they can perceive each.,0.32888859282384453,0.080393211153633,0.05880711500206242,0.08547834141198714,0.05101486280397762,0.05581110162454235,0.06238438570057444,0.048493957389946364,0.06177045645599097,0.062118281096138185,0.055209386821895204
54,"Participation in the project worked more with our hands-on learning and practical application, while post-study reflection is critical analysis and personal growth in the chapter. It was more a less a fun guessing trial and error for our stats class.",0.013230636565534174,0.05686220644460791,0.08681893083479052,0.035930370642336174,0.06061706101721534,0.06342601210131202,0.04536524119280088,0.19335480941974376,0.03688622404417141,0.029595045323929727,0.09922419555002378
55,The participation was just me doing the experiment as a test subject so I did not know much. Then the post study reflection and extended abstract really dove into why we were being asked to do the experiment and what results are expected from it. Then the presentation showed me what the results were and also how the study came to be for UNL Stats 218 students.,0.018540015338807333,0.10483501190953542,0.17023504401933354,0.06712240385929016,0.056031732363838876,0.09544031543488181,0.08159018914748664,0.07446485227827615,0.060298544833286324,0.039817428542185784,0.08142795926135597
56,The didn't differ greatly. They appeared slightly different.,9.263896627408684e-309,1.626523805259112e-308,1.568129797733944e-308,7.145193314959531e-308,2.8543406675313506e-308,3.0110993762797936e-308,2.4866016272354217e-308,1.723139952715711e-308,5.581762293169815e-308,1.0,1.460188949396051e-308
57,"From the presentation, I gained knowledge of how 3D-printed vs 3D rendered graphs affect someone's thought process. People prefer to feel and move the graph over looking at a screen.",0.6737627654426949,0.040166507709200876,0.03136518180544121,0.04203973298900761,0.028337548208765332,0.030225004356537157,0.03206862163237243,0.027022313549461698,0.03229492369190124,0.03270494961986049,0.03001245099475708
58,"I didn't realize that there were three different types of graphs. The 3D printed, 3D digital and 2D digital. I just thought they were all either 3D printed or 2D digital.",1.0,1.0906109377294544e-308,8.60306768065209e-309,1.159958873470528e-308,7.957756147211316e-309,8.456537606464253e-309,9.11365405324812e-309,7.491384743806073e-309,9.29749181614346e-309,9.47172187207851e-309,8.26021534818642e-309
59,"During the participation and post-study reflection portions, we weren't given much information about what the study was focused on. This ""blindness"" led to more accurate experiment results. The abstract provided a brief summary of the purpose and results of the experiment, and the presentation went into detail about what the researchers were really trying to find and the design of the experiment.",0.02326683644699727,0.12028637187224865,0.08910869195685006,0.09955671955891608,0.049088586322654996,0.07291246811164187,0.24558020638036349,0.05448273261192284,0.08441056998793414,0.0538385905002106,0.05941881273439884
60,"Each component of the study had different parts of information on them. For example, the abstract had more information on what the experiment was testing and why compared to the actual experiment participation itself.",0.01234527660020016,0.04134018773699059,0.07771252915202735,0.04347751982219816,0.04554832518360202,0.16605799762598228,0.16274417483015363,0.05478469837968167,0.06936947230406666,0.03581025929960443,0.03773151359257707
61,I was able to understand the point of the experiment more because i m able to understand what is being said through someone rather than reading an abstract. Throughout the process the most confusing part was the participation because we didn't understand the experiment and the point. It started to make more sense after reading the abstract and doing the post reflection. I was bale to understand full the experiment through the presentation because it was more clear to me.,0.025307654016893985,0.07878707710929952,0.06080359531921272,0.2672315143691849,0.051717619146823185,0.08629437657608133,0.09274735802316153,0.046528934746744355,0.10284096726039096,0.07202164060292325,0.05030722815687653
62,"Not a lot differ. I never really thought about the distortion between the 2D graphs and the 3D graphs. I did notice that they looked different in some ways but after hearing the background behind the experiment and what was being tested, I thought the experiment was very interesting and seeing how results could be different from 2D to 3D.",1.0,1.143426793029812e-308,8.95673384554285e-309,1.21674249811897e-308,8.21340571266904e-309,8.743933445363513e-309,9.49508968244021e-309,7.73761238280977e-309,9.64119714189955e-309,9.83604586176418e-309,8.562156547284206e-309
63,I mostly learned about how the experimental process is conducted. I think each part taught me more about this process and how experiments are designed and carried out.,1.2049803793090383e-308,2.553614811534338e-308,2.341586802584408e-308,1.0,2.903198208849354e-308,4.428441402908432e-308,3.7852906079381414e-308,2.115832850418115e-308,5.705216934085273e-308,5.106133366819961e-308,1.98582534753071e-308
64,Now seeing what our the actual experiment was helped. Because when asked to look at blocks it makes me think back to elementary school. I understand why this would be something that people would want to look at.,0.09752030265122894,0.07404955032208951,0.05046736378937638,0.09315474100138,0.0433176001461844,0.05033075242508891,0.056386152941381495,0.040052780883837395,0.056188711082669165,0.05446940991462797,0.04659907310429974
65,"During this project and post-study reflections, we weren't given many instructions about what it was focused on. The abstract provided a bit more information of the purpose and results of what the experiment was supposed to be, but the presentation went into more detail.",0.02368416977765997,0.2486530728956525,0.06340275955477745,0.07919687984142688,0.037298471320429696,0.04999747044030138,0.0810521223901451,0.04040733640898622,0.053337601360688665,0.040526135003503105,0.05050020907487375
66,I didn't really notice anything that differed too much. I think most of the things I read had a similar point and idea they were trying to get too.,9.120954770406043e-309,1.6444192222496887e-308,1.609672620729373e-308,7.202853695725275e-308,3.073829885298704e-308,3.2511751971258805e-308,2.538725667670651e-308,1.791809042547339e-308,5.850231201282186e-308,1.0,1.4968532890624774e-308
67,"In most cases, the information I gained from the components of this project differed in what they did. In the case of the participation, I gained information on how to evaluate a 3D graph in comparison to another one. On the other hand, the other components gave me information that explained the specifics of the experiment (why it was being done, how it was being done, etc.) and gave me information on the actual point of the project/experiment.",0.015619392275072997,0.04092434731380393,0.04682914063279926,0.04972019820622932,0.4714964427952678,0.08946733351540051,0.04742885741167782,0.09165810784124374,0.04856142846180792,0.04908123672999798,0.04608843343511521
68,I think it was interesting to actually be a part of a study and have the chance to also see the behind-the-scenes. The chance to reflect on the study gave us the opportunity to see the how components of the study differ.,0.013568549312807791,0.06368233066811849,0.09947224417680305,0.0376529939610938,0.06285612745688629,0.06558324998985296,0.05182259421472664,0.1888871816993242,0.03935818216829153,0.03097999087226855,0.10888416767606018
69,"The study found that participants were the most accurate assuming measurements from 2d digital graphs. They also found that a graph with a smaller size difference comparison was read more accurately than a graph with a large size difference comparison. They expected the abstract to find a significant difference in readings, but one form of calculation in the presentation found no significance.",1.0,1.1251207768279513e-308,8.923058017523276e-309,1.175346928047232e-308,8.15582663911109e-309,8.625605760167866e-309,9.16159511240902e-309,7.765075120086217e-309,9.2653113896794e-309,9.428993782020584e-309,8.56271571804134e-309
70,"The information I gained from the components of this project differed by slowly revealing more about what the study was about and why we were participating in it. At first we were given hardly any information, just told that we were going to participate in a study. Then as I began to go through the components like actually doing the study, then reading the abstract and watching the presentation made it clear what this study was about and the type of information the researchers wanted to gather from it.",0.016253457327351135,0.04339349495342861,0.050943418737136356,0.05048634854018421,0.43447996927356397,0.09537781592886335,0.05058525604705003,0.10501677935624655,0.050970806760893064,0.049714153430657826,0.049653418263041406
71,"During the participation portion of this project I had limited information on the scope and purpose of the study, but more information was provided during each component. I went from participating in the study, to reflecting on what might be the greater purpose of the study, to being given the abstract of a similar study that provided more in-depth information. The video I just watched allowed me to see the results of the study I participated in myself.",9.53885126141864e-309,5.245323975510659e-308,4.409661311419627e-308,2.253817362798778e-308,2.773708242788565e-308,2.9061935823742953e-308,2.748362703086519e-308,6.732139996811038e-308,2.15822011023259e-308,1.783482311350736e-308,1.0
72,"I received different information from each component of the project. Participating in the project didn't give me much information, but allowed for hands-on learning. The extended abstract and presentation gave much more detailed information about what the study was trying to accomplish and its results.",0.013432710314544011,0.03894112002226049,0.049024331207165615,0.039601813450058414,0.1902169046521773,0.08339981620743844,0.04365380900795259,0.13116117997247917,0.041888072229609344,0.037478485278359,0.048261839495415876
73,"My understanding on the information changed and progressed as this project was revealed to me. I was under the impression that 3D graphics during the visual portion was effective, however in the abstract reflection I was proved wrong. I also was under the impression that there were little issues regarding 3D graphics and was also proved wrong as stated in the abstract reflection video.",0.33103277362882133,0.08006981144406879,0.059613942273870096,0.08466561426982576,0.0509321493506501,0.055723365694141144,0.06181563592723913,0.048789750370218044,0.06138231237067567,0.060839578525233994,0.05550475842984828
74,"To me it really wasn't much of a surprise because I went into the experiment realizing that there would be a lot of information given later that would make the data make more sense. 

The only thing that differed from start to finish was the purpose ofthe experiment from my point of view. It changed to figuring out that there are problems with 3D models of graphs that I didn't realize. 

I also don't really think about differentiating information during an experiment. I take in information as it builds on me as I read about an experiment.",1.1325113097628476e-308,2.272616264445919e-308,1.95805695158998e-308,1.0,3.1489329400269664e-308,3.995859507855092e-308,3.2116682742710297e-308,2.027511280412621e-308,6.238476729785636e-308,9.723185884359347e-308,1.856862996833718e-308
75,"While participating in the experiment, I knew nothing about the purpose - the reflection also didn't give much information and I was still somewhat confused as to why the study was being conducted. After reading the abstract, the purpose was clearer when finding out about the studies this one was aiming to recreate. Finally, the background information given in the presentation answered remaining questions I had and rounded out all other information as well.",0.024620632287329174,0.14419758201614521,0.07060307924522169,0.11393323730000335,0.04067992552681533,0.05815711545852875,0.10988762392992737,0.04252548290931699,0.06724876018694571,0.04670428080710371,0.04949850840110765
76,"It differed by how I gathered my information. When doing the experiment I was learning by trying something new and learning on my own, while watching the video I heard from someone who has been working on this experiment for awhile.",1.2039242784565144e-308,2.271090130601253e-308,1.8598739700973155e-308,1.0,2.6535010481807737e-308,3.361767015647164e-308,3.0349321203906793e-308,1.842477468048839e-308,5.636198482859896e-308,7.000271458339409e-308,1.7519601489877207e-308
77,The info differed for me after I saw the results. I thought it would be that the 2d was worse but after seeing the results I realized that the 2d model was easier to look at and understand I guess,0.6899626552058182,0.0223328878677742,0.017229236773075942,0.024113969614759125,0.015704071179744095,0.016929721316307687,0.018595920909730425,0.014736117234790024,0.01888316071509936,0.01914593139240055,0.016408327796007205
78,"The participation was hands on and physically in my hands, being able to look at it at every angle. The extended abstract got into a lot more detail that I was able to understand easier, like what the purpose was and those sorts. The presentation, was also very informational but explained it differently than the abstract, it was easier to listen.",8.97336168739402e-309,2.72558415539963e-308,4.573373074883774e-308,3.701301748886485e-308,4.0884381611746853e-308,1.0,7.090918416741633e-308,3.772334001353626e-308,7.303782306510579e-308,2.8839285051538653e-308,2.491469716034023e-308
79,"With each component we gained more information that connected to the study. When participating in the study we could only infer what was being studied, with the abstract and the presentation, we are able to learn more about what the actual reason was for the study.",0.016666517793679166,0.05965557113257455,0.1394472323059627,0.05059503342207303,0.07059056831625349,0.1923926149826899,0.10625422675681784,0.11823228104689175,0.06803019365136953,0.04204143970535186,0.062096090598151917
80,"I feel like going into the study, I had very little information about the study. With the abstract in the presentation, I now know that point was to gauge the ratio of data when given in different media.",0.022921143443265426,0.1236973870239454,0.0658529359279503,0.07876630143018688,0.04075846527296849,0.05518827990012132,0.13015081651809254,0.04386040267757428,0.06444123889023279,0.04845565428063233,0.050119508035303774
81,"Each part of the project taught me something different. Doing the study showed how people actually used the charts, and reflecting on it helped me see what could’ve been better. Writing the abstract helped me explain the study clearly, and the presentation showed me what made sense to others and what didn’t.",7.92644639040564e-309,2.664332543411789e-308,3.7928189403251656e-308,1.9260690646550536e-308,4.774588225317007e-308,3.6108851402299107e-308,2.537923029196409e-308,1.0,2.122127223035355e-308,1.7634694007518554e-308,4.016137382220645e-308
82,They differed because it went more into depth on how people see things and it compared on how close they were to getting the right guess. It showed how the human eye underestimates the longer bares compared the the shorter bars when estimating the proportions.,1.0094533279242513e-308,1.7037134073016162e-308,1.556223240320907e-308,7.51940743544273e-308,2.4890155328234686e-308,2.6793737511382796e-308,2.573667766913211e-308,1.640993130129161e-308,5.452146907547123e-308,1.0,1.4544668271746624e-308
83,The information that I gained from the components of this project is that the participation were very straight forward on the how the equation should be used. I also think that the presentation is different because it talks about all the small components as well as the big ones in the project.,8.19811759380981e-309,1.9622682057721445e-308,2.2557076721306234e-308,2.5872410449703075e-308,1.0,3.966400616738178e-308,2.461292014756724e-308,4.1162408647884516e-308,2.535142994111442e-308,2.7141125144284886e-308,2.136725326248625e-308
84,"Throughout the participation portion, the study didn't make much sense and I felt as I was just blindly doing something. However, once I read the extended abstract and presentation, the experiment mad total sense.",0.024919100769402024,0.16769610043852673,0.06495515760516744,0.0964828867614745,0.04454422711023255,0.06342267072645184,0.08987677539666114,0.04564630158430306,0.06584493428279697,0.04884539548414917,0.05582267790927944
85,"They all basically just offered different insight, with the presentation, I was able to learn more about the results and where people went wrong. My participation was different just cause I like actually holding the object within my hands and i was able to feel it.",1.027609491268953e-308,2.4928695136326073e-308,3.3012925365113013e-308,5.630038444169012e-308,3.3872799665340904e-308,8.375261744543063e-308,8.025779960558637e-308,2.7436192808357947e-308,1.0,4.1721276663101417e-308,2.198919889973821e-308
86,"During the inital participation I didn't have a lot of information about the meaning of the study but I knew that it had to do something with comparing data graph levels. As the steps of the study progressed, all the way to the presentation, I gained much more information about the background information for the study and why it was important to compare the difference between 2D and 3D graphs.",0.42990981842068754,0.07075742910453955,0.05521681165466385,0.07376665014979815,0.04942050552824432,0.05224897509972837,0.05579306444186782,0.04711513668815337,0.056256628666074115,0.057064141834917974,0.05245083841132481
87,I got a better understanding of the study. It thought me more about the effects of using 3D or 2D graphics,0.34419725793549233,0.07685536891075272,0.056122681059966914,0.08379974093275246,0.050318666827840204,0.054946442707324496,0.060713499540022246,0.04705687579143948,0.06106066722459738,0.06196587136071923,0.053332619993684785
88,The components differed because the data that was being collected is supposed to be as real as possible. Everyone in the class had to participate and I think that helped.,8.587835828478524e-309,2.0360002734856607e-308,2.2461433606570313e-308,3.082220176195298e-308,1.0,4.500873662239354e-308,2.5542687447364007e-308,3.704388833527036e-308,2.886259686609452e-308,3.136843865239577e-308,2.126489630098139e-308
89,"the biggest difference between them for me was the predicted values verse the actual recorded values, such as p-value and plot ratio.",1.0020840891385113e-308,1.692841000842303e-308,1.56234769402903e-308,6.75891042980791e-308,2.4397341878108357e-308,2.655585157631482e-308,2.6020945359849577e-308,1.63437119947754e-308,5.469390928844895e-308,1.0,1.445209152456902e-308
90,This mentioned the other researchers work way more along with more pictures. This was way more informational for me because the person was able to go more into detail with pictures that made more sense. There was also a lot more details on how this study differed from Mcgills study.,1.0210820798091414e-308,1.8373341571712287e-308,1.673363876066936e-308,7.548494752499128e-308,2.5375996435954855e-308,2.877605612652625e-308,2.9293372045592574e-308,1.7318595009041203e-308,6.418709364524917e-308,1.0,1.5455831680056555e-308
91,I learned the most about the random assignment used through the abstract. I felt most educated on the Shiny application in the presentation.,0.017922071714993507,0.03721818502565863,0.03434471148707434,0.18617958614859095,0.0269028637199774,0.038552933494944985,0.050750325520435735,0.02414519785264415,0.06524656124083776,0.041634319180192635,0.02408334994394832
92,One thing that differed in the information I received was the inclusion of the different ratios between the different kits. It helps put into perspective what was actually different between the kits.,1.1282681164625145e-308,2.409105011603001e-308,2.3506639972940963e-308,8.744421236041488e-308,2.9654563029541607e-308,4.420655646440681e-308,5.169327552026757e-308,2.18372258553895e-308,1.0,7.886889216240262e-308,1.936434640139842e-308
93,"The information I gained from the various different components of the project, participation vs abstract for example differed since the participation was simply inputting  my perception of the 3D bar chart vs 2D bar chart data whereas reading more the abstract I learnt in more detail the goals behind conducting the study such as able to extend our study into the curriculum of an introductory statistics course in order to have the results of the study extend into further 3D printed graphics research in order to more accruately convey data (and to help assist in data graphic for the visually impaired as well).",0.2235319139180301,0.07034410276582176,0.05462496953591601,0.07108607843229298,0.04927779131208854,0.05154532502592299,0.05263632474362362,0.04750741619788636,0.0530741958035993,0.05373555263762091,0.05291078175773057
94,"From the beginning of participating in this experiment, I have two different perceptions on the experiment. After reading the abstract and watching the video, this experiement and what the experiement sees made us do, makes more sense and …",0.02965964697180777,0.14562327264701008,0.06111320722195051,0.11286825716819335,0.045768749675030335,0.06378317144455882,0.08130882119764826,0.045032385755739944,0.06617983268765407,0.05270477987239681,0.05308624143813116
95,The experiment was more hands on and I didn't really know why I was doing the experiment and what knowledge I was gaining. After watching the presentation and reading the abstract I understood what I was doing and what my participation was helping. The abstract describes what experiment we were trying to conduct while the presentation gave us more inside details on the experiment.,1.087979478724144e-308,2.6364035225059743e-308,3.3770520497483304e-308,6.989710314766514e-308,3.052350540905673e-308,6.508013900986432e-308,7.575902027532076e-308,2.5890521489793678e-308,1.0,4.215566599102601e-308,2.202571531000823e-308
96,"From participating and doing the post-study reflection, we were able to understand the experimental design a little better and see how data points are collected. From the extended abstract and presentation, we could see the technical details of analysis and graph design, and see how real studies function a little better.",0.01933825430340058,0.1393281119903466,0.2124998299087788,0.0614143533959853,0.0436162009061855,0.059081289753958044,0.07201380592522351,0.05888042345480363,0.04911618802514653,0.033919637280576606,0.06999447414992789
97,"The information I learned in the abstracts was the most helpful to me, because it made the most sense and provided good examples of what was happening. The other sources were helpful, but they did not help me understand what the point of the experiment was as much.",0.018672294854633557,0.042629943018828,0.03285184238710237,0.16226422192716533,0.0325531592213764,0.0460881321258958,0.06478445221238031,0.027206302811254943,0.08736935344560585,0.07125153882486017,0.02731463624401958
98,The information I gained from the multiple sources differed by the amount of information I got and visual representation of the experiment. In the presentation there was a lot more insight into how the graphs were used and it made my understanding easier.,0.015409278634599092,0.030795430308480063,0.024326268218026886,0.1910375955705859,0.030040518959282336,0.03826711984458879,0.04200677153812446,0.022583638048592976,0.07468228087571165,0.07894416707403469,0.021780609079418548
99,"I gained more information from the components that more thoroughly explained the experiment. Other than that, it was all mostly the same.",1.1661406691046487e-308,2.386868116601923e-308,2.171761709790501e-308,1.0,3.127891308253247e-308,4.49218728506394e-308,3.555034445048294e-308,2.107592950861978e-308,6.386795022012628e-308,6.674746186088693e-308,1.9334771005897403e-308
100,The abstract gave me a good sense of why the study was conducted. The participation and post study reflection left me a little confused as to what the purpose of said experiment was for. The presentation did the best job of explaining the study in my opinion.,1.0129021430180825e-308,3.865301085678683e-308,4.108145772564917e-308,4.3499320496184382e-308,2.4000321287431086e-308,4.274545455599425e-308,1.0,2.591812870889238e-308,5.010658462595087e-308,2.7094825775472343e-308,2.495752845260777e-308
101,we didn't know all the formulas and it seems like we had a smaller population.,9.869099193994624e-309,1.829303609609198e-308,1.6735345169778247e-308,1.4261172787990135e-307,3.0756762129085813e-308,3.3126944103743204e-308,2.7463065414140787e-308,1.8394233343379576e-308,6.043134657547508e-308,1.0,1.601888820711641e-308
102,Each one was asking for information on different parts of the experiment. I liked this one the best cause there was a informational video with more context than the rest.,1.164067622363137e-308,2.611974077810145e-308,2.587263130049785e-308,1.0,2.7908328520539963e-308,4.705514796983754e-308,4.5495970451251465e-308,2.163760025307109e-308,7.023023238321925e-308,4.564035081186128e-308,2.02536950002867e-308
103,"I got to know background of the 3D charts which helped me a lot to understand what exactly it is. Additionally, it also gives me more precise and detailed explanation about the experiment.",0.2824788512569986,0.06235646848698073,0.04755627093849662,0.0648658329698948,0.04235568234431063,0.04532574323960837,0.0477138428869583,0.04049783640594838,0.047847276043258065,0.04828097236582648,0.045433833188148705
104,"While trying to replicate the Cleveland and Mcgill experiment, not everything was written down in the report leaving us to have to use a scaled data distribution. This can lead to some difference. Also, in the abstract they only used printed 3D and digital 3D, compared to the presentation using more than 2 different types of graphs.",0.8654852685034874,0.016232989388580372,0.012747965614866713,0.017249209943501643,0.011656129365523111,0.012368363532962957,0.013484366004531343,0.01098394930777144,0.013655698931051721,0.013984017595839018,0.01215204181188412
105,"I enjoyed participating in the experiment but didn't really understand what was being studied from this. Once I was given the two page extended abstract my knowledge grew in what was being studied, the methods used and what the experimenter was looking for.  Finally, I was given the results and this gave a all round understanding of why I did it with some good background information at the beginning of the presentation.",1.263217664446352e-308,3.1670571236816935e-308,2.804394563680355e-308,1.0,2.303227816744817e-308,3.6242896735267473e-308,4.842146507903499e-308,2.0390978483331457e-308,5.694749260469624e-308,3.6618072287564746e-308,2.0698517810597477e-308
106,"The information gained from this experiment was learning more about what we actually participated in. It showed me that there was a direct reason we were looking at the charts. It makes more sense now, learning after this video",0.5276830455696052,0.045203682226092105,0.03645077231539753,0.04699335710740601,0.03340039464875966,0.034679109097661136,0.03618968360429583,0.03177402480394685,0.03682737277653876,0.03758200949876819,0.03490096121074441
107,"I thought 3d graphs were a good component, but come to find out, 2d graphs are easier to read, which I expected. I didn't know how much viewing graphs could vary 3d vs 2d. I think both have their place, but I could understand why 2d is better. These assignments differed in questions, and as I went down the list, I gained more information about the experiment.",1.0,1.138770113799055e-308,9.022635649897925e-309,1.182037378834852e-308,8.22989690855505e-309,8.691983445564014e-309,9.20173801001077e-309,7.860119832993285e-309,9.285973010105376e-309,9.453257640944464e-309,8.669681417671783e-309
108,"The information I gained from this is a lot more in depth than participating in the experiment and reading about it after. While taking the experiment I had no idea what the point/ research question was. After reading the abstract I had a better understanding of the reason for the experiment. But now after watching the video I feel like I have a good understanding of the experiment because I know the equations used, how the graphs were distributed to each participant, and the comparison.",1.309759398581201e-308,3.227357273865415e-308,2.775519878104063e-308,1.0,2.2169450976687554e-308,3.3750371037064684e-308,4.2118014082934576e-308,1.98870394145993e-308,4.818658201529652e-308,3.3278106769681864e-308,2.053731032698405e-308
109,"I have no idea. I observed those all at different times and immediately brain-dumped them after each session, so if this differed in anyway, I would have no way of knowing. I just took part for extra credit because I'm bad at math.",1.1852488848669853e-308,2.1428829831613545e-308,1.7868711532748127e-308,1.0,2.5918940661478834e-308,3.17386921312124e-308,2.956611345472824e-308,1.7837908535236756e-308,6.0056380360719545e-308,7.857404188644682e-308,1.6713462364851623e-308
110,The information I gained is that participating in the experiment helped me understand the visual challenges of comparing 3D and 2D graphs. The post-study reflection and abstract gave me insight into the purpose of the study and the statistical reasoning. The presentation helped me connect the results to the real-world implications of how data should be designed for better accessibility and accuracy. Creating a new later of meaning to the experience.,0.48715132339988626,0.06363874644338598,0.04958026715825521,0.06628914253485256,0.04451048682073667,0.047207786883125845,0.050173760104106416,0.042481969336689816,0.050463123035985886,0.05123182791385681,0.047271566369118556
111,I thought the abstract and physical participation gave the most information about the study. The presentation gave the least information and was somewhat confusing.,9.848527837033943e-309,3.524181357513392e-308,4.015145387301477e-308,4.398659016609889e-308,2.583526190585473e-308,4.90553351363486e-308,1.0,2.678312019517444e-308,6.326307454243369e-308,2.8709074853445853e-308,2.4973854558259766e-308
112,I think the presentation is what laid it out the clearest. Just participating in it didn't help me understand what the experiment was for. I had no idea what the information was actually going to be used for until I read the abstract and listened to the presentation.,0.017002597932639637,0.04032237000625779,0.031227096568082247,0.21403949028747377,0.02893204658560964,0.041782968178635,0.06070867462869709,0.02480157885738064,0.07124575670458226,0.05776302689570923,0.02516027042805503
113,"The presentation was different from each source. The extended abstract, for example, had a written explanation of what was trying to be accomplished with a greater degree of detail than the simpler oral presentation and both aforementioned sources offered much more objectivity and facts than the subjective and interpretive nature of a reflection.",8.817221453276467e-309,2.6004089666677634e-308,3.841624541900345e-308,3.1283055346431114e-308,2.8416309834384004e-308,8.64855903972711e-308,1.0,2.9266650889262826e-308,5.661752492741245e-308,2.7920937715635237e-308,2.2077694911430383e-308
114,"Each part of the project helped me understand the study in a different way. When I was participating, I was just focused on answering the questions and didn’t really know what the study was about. The reflection made me think more about what I did, but I still had questions. The abstract explained the study better and helped me understand the purpose and setup. The presentation tied it all together and showed why the study matters.
---------------------------------------------------------------------------------------------------------------------------------------------------------------------------------------------------------------------------------------------------------------------------------------------------------------------------------------------------------------------------------------------------------------------------------------------------",0.014927786552202086,0.06771318295942891,0.18543329499368022,0.04136957042732376,0.05665929730169759,0.08487546087708259,0.06651215945691037,0.14167906889533022,0.047251014198657244,0.03243843516759108,0.07993690213533897
115,"In the participation, I was not given much information about what it was that was being experimented. During the post-study reflection, I was not given information at all but was asked questions about what I felt it was about. The extended and abstract and presentation informed me of the most information and told me exactly what was being observed.",0.017132654175328846,0.0856213709779631,0.20793213426730986,0.06154932510631802,0.053291631304146776,0.09728946664700046,0.08437343467609883,0.0741665527969118,0.06077213844072056,0.03747141689741587,0.07020337169906406
116,"As a participant i was able to experience the study, the initial reflection allowed me to connect my experience to the broader concepts learned in this class, the abstract was able to provide an overview of the actual purpose, and the presentation added more of a personal in depth exploration of results.",0.01754496570368852,0.16899313941343994,0.17142638761385448,0.04863469919450696,0.04524516384666163,0.05684618793896494,0.07268736160243734,0.07184948402739975,0.04475599458752219,0.03236141512754102,0.097737539727221
117,I feel like my knowledge of this study got larger with each of these as I obtained more understanding of the study. I would also say that each of these had different amounts of information in it and stated in different ways. Participation we learned what we were doing as we were actively doing it then the abstract and presentation explained what we did.,0.014502787979395243,0.04743974480410488,0.11110440722106041,0.047191662608212656,0.05998109279878787,0.2994108767633817,0.11192977721064054,0.07881126488744002,0.07127327341815108,0.03833142271165686,0.046025459308984454
118,"I was somewhat clueless in the participation part but could kinda figure it out, after reading the abstract and watching the video I have a much better understanding of what the study was and my part in it.",0.015671395750942712,0.09662675557312388,0.1057945100659307,0.054949528947009475,0.050685040183534744,0.08178021063078321,0.0739388072349735,0.0706984532746491,0.054275518106069294,0.03661143976924416,0.09132716693117723
119,The information gained from the components of this project differed in the clarity of each. As I went through the experiment and the different parts of it the more i understood what the actual goal of the experiment was.,1.210900746712545e-308,2.8033856508160436e-308,2.296340046294692e-308,1.0,3.0628007600216313e-308,4.507799528326431e-308,3.409766627833362e-308,2.2132550461410364e-308,4.51013644409731e-308,4.992435100868952e-308,2.1765787453754215e-308
120,One thing that differed in the information I received was the inclusion of the different ratios between the different kits. It helps put into perspective what was actually different between the kits.,1.1270709660355724e-308,2.405149496015345e-308,2.348825992023593e-308,8.704835329524961e-308,2.9653689592920803e-308,4.4228398274777325e-308,5.162901885435778e-308,2.1829431650580865e-308,1.0,7.874932019239148e-308,1.9348280577582997e-308
121,"the biggest difference between them for me was the predicted values verse the actual recorded values, such as p-value and plot ratio.",9.96815183247218e-309,1.676746981680793e-308,1.553394923293996e-308,6.675200120922037e-308,2.4395144002968066e-308,2.6465463576979635e-308,2.5738417859641987e-308,1.627933257256538e-308,5.390460013811149e-308,1.0,1.4359362343251127e-308
122,"The information I learned in the abstracts was the most helpful to me, because it made the most sense and provided good examples of what was happening. The other sources were helpful, but they did not help me understand what the point of the experiment was as much.",0.019028257110912626,0.04290371214263272,0.03301971171415621,0.1503725425713346,0.0333479787301898,0.04691605707922443,0.0652175662572896,0.02767452578696028,0.09174408164847664,0.0750506740204659,0.02771077001147948
123,I learned the most about the random assignment used through the abstract. I felt most educated on the Shiny application in the presentation.,0.01842986692391299,0.037786717380570004,0.0355871814718038,0.17518583562174156,0.027688580893383566,0.03976397450322533,0.0522304741676784,0.024875441050651415,0.06811082840222295,0.042617700029959946,0.024703504884148613
124,"From participating and doing the post-study reflection, we were able to understand the experimental design a little better and see how data points are collected. From the extended abstract and presentation, we could see the technical details of analysis and graph design, and see how real studies function a little better.",0.017633134674943683,0.13408813087277058,0.19669381861607502,0.05617159479410977,0.04092340413686294,0.054231484121255044,0.06609555915843472,0.05578613415965959,0.045233756233979995,0.03167405565299895,0.0673760185463654
125,"From the beginning of participating in this experiment, I have two different perceptions on the experiment. After reading the abstract and watching the video, this experiement and what the experiement sees made us do, makes more sense and …",0.030758009232774414,0.1471514185740451,0.06117082217878184,0.11255634695397042,0.04577103762560734,0.06323259993503379,0.08003815327736563,0.045148568857847446,0.06544716249586159,0.05269565304591038,0.05315859390292309
126,The components differed because the data that was being collected is supposed to be as real as possible. Everyone in the class had to participate and I think that helped.,8.571829523843357e-309,2.0254021256648266e-308,2.2381641317182097e-308,3.052838876431129e-308,1.0,4.4320730703472386e-308,2.543835765776856e-308,3.7008368537826644e-308,2.863508837468389e-308,3.117226334057331e-308,2.117050854285446e-308
127,"The information I gained from the various different components of the project, participation vs abstract for example differed since the participation was simply inputting  my perception of the 3D bar chart vs 2D bar chart data whereas reading more the abstract I learnt in more detail the goals behind conducting the study such as able to extend our study into the curriculum of an introductory statistics course in order to have the results of the study extend into further 3D printed graphics research in order to more accruately convey data (and to help assist in data graphic for the visually impaired as well).",0.2291937813106892,0.06938405611959418,0.054039607618415655,0.0702370268360796,0.0488904488091116,0.05105682765491754,0.05210935376477847,0.047096629029103644,0.05258187406654113,0.05330969355247697,0.05237515336882502
128,I got a better understanding of the study. It thought me more about the effects of using 3D or 2D graphics,0.3441902563600267,0.07660460167535708,0.05628456417055038,0.084033247959348,0.050430707345129715,0.05511251873911362,0.06053234549380473,0.04712323872660761,0.06097518547062206,0.06170575298566285,0.05337727335836967
129,"They all basically just offered different insight, with the presentation, I was able to learn more about the results and where people went wrong. My participation was different just cause I like actually holding the object within my hands and i was able to feel it.",1.021017779880625e-308,2.4107448303757267e-308,3.193002914684836e-308,5.425177731879584e-308,3.385063222819861e-308,8.072337181130849e-308,7.682401776215948e-308,2.6961108474740966e-308,1.0,4.2241815752227093e-308,2.140107257339323e-308
130,"During the inital participation I didn't have a lot of information about the meaning of the study but I knew that it had to do something with comparing data graph levels. As the steps of the study progressed, all the way to the presentation, I gained much more information about the background information for the study and why it was important to compare the difference between 2D and 3D graphs.",0.4460252772990399,0.06855945631882865,0.05367068817463663,0.07149603190678201,0.048112643909781455,0.05078761837963819,0.0542340795223145,0.04584846436351529,0.05472912292979216,0.05555528352778938,0.05098133366788188
131,This mentioned the other researchers work way more along with more pictures. This was way more informational for me because the person was able to go more into detail with pictures that made more sense. There was also a lot more details on how this study differed from Mcgills study.,1.0169061806770873e-308,1.8064925814383615e-308,1.6506111069039324e-308,7.223845190831967e-308,2.512366523099921e-308,2.8187843085749873e-308,2.85543684513306e-308,1.7119843093635793e-308,6.132355479784859e-308,1.0,1.5242399897570995e-308
132,The experiment was more hands on and I didn't really know why I was doing the experiment and what knowledge I was gaining. After watching the presentation and reading the abstract I understood what I was doing and what my participation was helping. The abstract describes what experiment we were trying to conduct while the presentation gave us more inside details on the experiment.,1.062213393952189e-308,2.632800536877208e-308,3.4757109386665317e-308,6.247245328291415e-308,3.143103446631641e-308,7.526544263724521e-308,8.618878054977174e-308,2.682787161527318e-308,1.0,4.0427862772545375e-308,2.2363575872435104e-308
133,"I feel like I gained some information while performing the experiment with reading the slight background for it beforehand. The post-study reflection didn't necessarily allow me to gain information, it just made me reflect on the experiment and think about it. The extended abstract gave some more information than I had known previously, but the presentation clarified things further.",0.0179070374023679,0.08718984554411895,0.29414558206644453,0.06338182824831683,0.04176185996666393,0.06646102178666863,0.0789102204839208,0.0561277135441568,0.055177140986309076,0.03332458076872926,0.05541666619058128
134,I learned more about what the actually study is about. I also didn't know that it would be more accuarate with actual print outs and why they are worse. I also learned its not based on color.,0.02408371121559898,0.0795244070816397,0.06081851004928152,0.09998877172232085,0.0548454462526264,0.06876321984240617,0.06056829638513993,0.05022608385588355,0.0576786858947898,0.05142060277766519,0.05131290268345458
135,"Each part of the project gave me a different perspective. When I was participating, I was focused on just answering the questions and didn’t think much about how the charts were made or why. The post-study reflection helped me realize how my judgments were influenced by the format of the charts. The extended abstract explained the technical side—how the experiment was designed and what the researchers were testing. Finally, the presentation tied it all together and showed what the results could mean for using 3D charts in the real world.",0.29989879407786313,0.0677410438784164,0.05229746987973215,0.06830462678969544,0.046585880010055404,0.04944384021087598,0.051020359411967,0.04521428442613884,0.05098443125709757,0.05136572203554477,0.05048754823254976
136,They were all little segments to the study and were able to help me understand what the study was for. The participation and post study reflection were both good.,8.06926024599681e-309,2.724292476218347e-308,3.906730553085447e-308,2.070139156215838e-308,5.407066990083931e-308,4.060637873535384e-308,2.6659674432209497e-308,1.0,2.286063175583908e-308,1.8808066290007906e-308,4.00554034327664e-308
137,"As a participant I had a very brief understanding of the point of this study. Things we explained in simple terms, but I was still a little confused. 

The post study reflection gave me more time to understand the reasoning behind this study and process the information that was given to me. 

After reading the extended abstract the experiment made more sense, but the information presented was more complicated but filled with more information.

The presentation broke the information down and explained it the best. I understood what was being said and how the experiment work and was designed.",9.6324848054923e-309,5.240604986011691e-308,1.0,3.006543606797875e-308,2.4291613442510327e-308,3.6717700472166887e-308,4.248916578968898e-308,3.6859725414846237e-308,2.8266128655742624e-308,1.7905283192853413e-308,3.6712054089120836e-308
138,The reflection didnt help me very much because I was still confused on what the point of the experiment was. The abstract helped me better understand the details of the experiment like how the graphs were designed. The presentation helped me the most because it gave insight on why they chose to do this experiment and had good graphics to help me better understand.,0.021015622187484113,0.08247935194357417,0.080019786988577,0.1183241206455169,0.037815135931490246,0.05419985410126337,0.0769342752539547,0.04031110432201048,0.059824769510330486,0.03792693772203399,0.042608666104613856
139,"I think that the information presented here aligns very well with the abstract, I enjoyed the more personal presentation of the results that we see here vs the simple and dull presentation style we see in an abstract.",9.864094839434534e-309,3.5516071941269285e-308,3.9039823567394873e-308,4.049241926745409e-308,2.4115602876771254e-308,4.505189515580286e-308,1.0,2.5840254991164136e-308,5.073437637209108e-308,2.7528245841053324e-308,2.409501866787321e-308
140,It was very interesting to learn all the information behind the study. When I was doing the study I didn't really understand what was going on. I was also still confused after reading the abstract. Learning about all of the behind the scenes of the study in the presentation really helped better my understanding of the study.,1.0121031177813375e-308,3.83970991389877e-308,4.052918757386397e-308,4.654785531299509e-308,2.466011902141871e-308,4.359777809761037e-308,1.0,2.5986828230316936e-308,5.74176036024571e-308,2.7713458542028813e-308,2.531490354204244e-308
141,"Participation in the project provided hands on understanding of how different graph types affect data interpretation, especially the perceptual challenges posed by 3D visualizations. The post-study reflection allowed me to critically evaluate those experiences and consider the pratical implications of visual design choices.",0.39222924321308233,0.05505102352229857,0.04306624652540279,0.0559176926518342,0.03871713552088667,0.04109325950532617,0.04256901374472332,0.03748886961049202,0.04257997946774036,0.04302037584861802,0.04161116059953212
142,"The information grew more in depth throughout the process. When participating in the actual experiment I was given minimal information and then I reflected on it. After that I watched videos, got more information, and reflected again.",1.1298143983849495e-308,2.3112342085582406e-308,2.0009277602200305e-308,1.0,3.2630372100188673e-308,4.225973354636163e-308,3.2117590755664026e-308,2.077371449005222e-308,5.876533376135697e-308,8.786313403320078e-308,1.900959154119756e-308
143,"*

Participation gave firsthand experience with the study process, making the design and data collection feel more personal and concrete.

*

Post-study reflection encouraged deeper thinking about what worked, what didn’t, and how the study could be improved.

*

The extended abstract provided a concise, formal summary of the study’s goals, methods, and results, useful for evaluating its scientific quality.

*

The presentation highlighted main findings and broader implications in a more visual and accessible way, making the research easier to understand.",9.02156366743527e-309,4.0034471038219263e-308,3.1033172377964857e-308,1.759688198279216e-308,2.158246872264618e-308,2.087092585065287e-308,2.101266245969286e-308,5.631092637041703e-308,1.6801833972270793e-308,1.459108953057376e-308,1.0
144,The participation part of the study was very hands-on on and I got to use a lot of my reasoning skills to develop answers. The post-study reflection and extended abstract allowed me to reflect on the participation sector. The presentation allowed me to collaborate on the experimental learning as a whole.,0.013720562701589549,0.06911519662337802,0.11745741885515307,0.04395389765120357,0.04992516630280874,0.07391169714292854,0.0533861245549896,0.08264434567322165,0.04280690206944471,0.03114982737148409,0.08691076756084
145,"The information differed mainly in how much context was provided about the study. At the start, I didn’t fully understand the purpose of the experiment or what exactly was being studied. The presentation really clarified things for me and helped me better grasp what the researchers were observing.",0.00988640087481013,0.0204348492100775,0.01879370524196212,0.1296207464168872,0.028865519722188784,0.036544486651128805,0.03536085255453927,0.01925727121023649,0.10719489427298524,0.14311033601104528,0.01683077704251336
146,"Each project component offers a unique perspective: participation provides hands-on experience, post-study reflection captures personal insights, the extended abstract summarizes the study’s purpose and findings, and the presentation emphasizes key results and their significance. Together, they encompass practical engagement, personal reflection, and high-level communication of the research.",9.0201633971486e-309,3.886168253072707e-308,3.215145423975245e-308,1.82683390816412e-308,2.3536380419850536e-308,2.217265508022702e-308,2.146909685314686e-308,7.177589306321235e-308,1.734313759601794e-308,1.5178738161174143e-308,1.0
147,The information was pretty much the same throughout but the way it was presented was different. The extended abstract was a lot more formal and data based whereas the presentation presented the information in a simple way that emphasized the main points rather than every tiny detail.,8.865536337306436e-309,2.613192736870168e-308,3.813592682166569e-308,3.179974803685506e-308,2.741370497285398e-308,8.141842663089667e-308,1.0,2.830445956841449e-308,5.827011556470784e-308,2.7757275326067717e-308,2.176254026632233e-308
148,The information I gained through the project differs because through the entirety of the experiment I was able to see the actual participation and guessing the heights. I also witnessed the reason and the alternative and null hypothesis for the study. Lately I was able to see the results of this study and saw that people had a harder time estimating the height of the 3d bar graphs.,0.23785076566988828,0.06810452382740845,0.05302478205343674,0.06936389224484776,0.048029931568676805,0.05019041301131088,0.051503210255657524,0.046067850350281485,0.05205688455859223,0.0528436491717781,0.051238549418654945
149,"In the participation I was not to knowledgable of the experiment's purpose. However, as I completed the proceeding components I began to learn and understand what the purpose was for.",0.016571276391190697,0.051147263080198936,0.036581905231903265,0.15318505989371783,0.03572050093658951,0.0572208994249751,0.05642532464875985,0.030739684492357984,0.06394842802049516,0.05168845158315877,0.03314627203051862
150,"The information gained from participating in the study provided a personal, first-hand perspective on the experimental procedure and how it felt to be a subject. The post-study reflection helped me process and critically think about that experience, whereas the extended abstract focused more on the theoretical framework and findings. The presentation tied everything together by showing the full context of the research question, data, and implications, which made the results more tangible and easier to understand.",0.013398368357056375,0.2551470798950011,0.09508427343240164,0.03598183302892936,0.02892881191465299,0.03580142268050586,0.04812804780669818,0.041216539109775664,0.03024207723230658,0.02262183924821388,0.06208256300890009
151,"Each part of the project taught me something different. Participation gave me hands on experience, reflection helped me think about what I learned, the abstract made me focus on the big ideas, and the presentation helped me see it from the researchers angle. All together the different parts put together helped it make more sense.",7.924439894688067e-309,2.596184014693504e-308,3.436825251495445e-308,1.934858266489028e-308,5.065419049138665e-308,3.403685936610175e-308,2.385856416817928e-308,1.0,2.04482440152531e-308,1.768483508633071e-308,3.988545359185975e-308
152,I honestly don't know that there was much of a difference. I guess This presentation did offer a bit more explanation and breakdown of the study and the way it is set up. By participating I just understood the task of analyzing visual graphs. The post study reflection allowed me to think about what I did by participating. The abstract showed me how the study was designed and the parts of it. The presentation broke down the study and explained the parts of it making it more understandable.,8.811587531457466e-309,3.6800370146978105e-308,1.0,2.634768853996376e-308,2.6757159628932395e-308,4.965973982950869e-308,4.273111794648443e-308,4.49730834480775e-308,3.057009776779667e-308,1.8150740997966473e-308,3.258000281615192e-308
153,"I observed my understanding grow through the different components. During the participation, I was trying to figure out why I was doing what I was doing. I was trying to think of what the researchers were wanting to find out. I guessed incorrectly, but I began to understand better as I went through the post-study reflection. I learned even more in the extended abstract, and now that I have watched this presentation video, it all makes sense now.",0.0147283902454557,0.06614722824540298,0.07945288030796663,0.0603788227768756,0.0462313829743857,0.0978633633263327,0.08770455416843664,0.05486514620159255,0.06861127038556455,0.03843954688179317,0.05748138370667983
154,"Each component provided a different level of understanding. Participation helped me see the experimental process firsthand, while the post-study reflection made me consider my own expectations and the study's impact. The extended abstract gave a concise summary of results, but the presentation explained the reasoning and implications more clearly.",1.0747044086554967e-308,1.0,4.86174419369128e-308,2.826367721446785e-308,2.0568274917033447e-308,2.494788834787233e-308,3.522710314304419e-308,2.7709359099609977e-308,2.2837958586150935e-308,1.7525345504134567e-308,4.046750374974475e-308
155,"As the project continued and more parts became available, information regarding the focus of the project also became available. Similarly, the size and importance of the project provided different information with progress.",0.016770993777589237,0.04637782276269465,0.04799998049075398,0.06556828239486986,0.17102871434836192,0.10970282819179664,0.04824318088574391,0.07711782262564368,0.052958105008049094,0.056145518775748,0.049062211220327764
156,During the participation and post study I did not understand the study as well as I did once I read the extended abstract. After I read the extended abstract I understood it a lot better and then after the presentation I understood it completely.,0.014707471095419592,0.06955694335976784,0.08948330914397738,0.06039283710600663,0.04238585110462754,0.08253843831266074,0.10235526394623716,0.05199100609006393,0.06639623640873724,0.03634958186423275,0.05574703078875533
157,They differed by how interactive they actually were. It was more interactive with the actual experimentation then it was when doing these reflections and readings.,9.443098227732434e-309,1.699847730754333e-308,1.6222021568400953e-308,8.863659233321258e-308,2.993897718648914e-308,3.2117909761841526e-308,2.614224019566135e-308,1.783248422466793e-308,6.111050310287092e-308,1.0,1.51823112767622e-308
158,As each step of the study continued I gained more knowledge of what this study was truly meant for. During just the participation I was very confused on the purpose but now I see.,0.013959095997466218,0.08681462500768404,0.061483328687533034,0.0345278772623351,0.0392332294313677,0.04282449705379105,0.04062834974227573,0.07877073780154631,0.032292254376160665,0.026401935905569576,0.4067931099491972
159,After learning about the presentation and extended abstract I learned that the study was to see how beneficial 3d graphs were. At the beginning during participation I thought that we were just being tested on perception.,0.5155719356964261,0.05988568362747644,0.04662568124258397,0.06307584725202871,0.04156396336693352,0.04424337126433575,0.04807685089069291,0.039513813369599596,0.048350004095867025,0.04904314418512272,0.04404970500893307
160,"It helped me to understand a true experiment start to finish, Realizing all of the ways that the experiment is performed helps me to learn how they do it.",1.228579450570057e-308,2.782820035084844e-308,2.4771873049330243e-308,1.0,2.8206637361193044e-308,4.451996153254394e-308,3.91389051732233e-308,2.1603244597370137e-308,5.315991526130708e-308,4.540763900110022e-308,2.090332873058001e-308
161,The information differed because at the beginning we did not really understand the purpose of the experiment and it was more about making inferences. Once we got more tools like the abstract and the presentation it was easier to see the goal of the experiment and apply it to how I felt when participating at the beginning.,1.085509931400035e-308,2.1598076134405934e-308,1.9251829665523804e-308,1.0,3.30373914169228e-308,3.9975042271802523e-308,3.2212351920574526e-308,2.04248502556726e-308,7.006034903702582e-308,1.5832591160854251e-307,1.8103367982522866e-308
162,"During the participation, I did not gain much information, especially because we were not presented with the scientific question or any of the hypotheses. The post-study reflection and extended abstract provided similar information to me, we were able to understand what we participated in and why they conducted the experiment the way they did. Finally, the presentation gave me the most information, which gave me info on all of the experiments, and a very good overview of the entire experiment.",0.016506819221732832,0.07127176807336195,0.11610795086498008,0.06598833267218132,0.062409947577375016,0.1348720463053514,0.07467520246985344,0.07573754689436331,0.0635794134521152,0.04092656330606061,0.06415158887756844
163,"Each one gave me more and more insight into the composition of the experiment. Overall I gained the most knowledge from the last one, it thoroughly describes every single thing about the experiment.",1.183058458503583e-308,2.448755263979857e-308,2.295604639776781e-308,1.0,2.849954865617963e-308,4.3264553695274065e-308,3.9130208761867806e-308,2.0649871476629394e-308,6.703873460593195e-308,5.452759789669005e-308,1.913535815211997e-308
164,"While participating, I was unaware of the project's components. I gained much more information about them through the extended abstract and presentation.",8.10638407225233e-309,1.953229134302775e-308,2.2332748363027863e-308,2.704655401224713e-308,1.0,4.300006019743852e-308,2.5137506897971656e-308,3.9539822570633335e-308,2.6712779277975954e-308,2.877312056803972e-308,2.1141959963205297e-308
165,"The information gained from the abstract was beneficial in getting a basic understanding of the experiment. The experiment and post-study reflection did not provide information personally, but after reading the abstract and watching the presentation, I can look back and see the purpose of the experiment and how it relates to the real world. The presentation was the most beneficial because he explained in it a way by showing pictures that related to the experiment that I participated in.",0.01520055880352506,0.04967555110064051,0.07287495645127327,0.08584617980756543,0.031070000053891635,0.05384418737822488,0.07649162488032606,0.033419066114197385,0.06458344300063866,0.03218452819394129,0.036357300393053474
166,i feel like each component gave me more and more information about the experiment and it made more sense throughout the different components. I remember initially being really confused on what we were doing and why.,1.184507994076857e-308,2.4874612495155395e-308,2.289476678192102e-308,1.0,3.0062796121201163e-308,4.565200154573914e-308,3.738849239281142e-308,2.1265440330499534e-308,6.017212112129538e-308,5.559340789984948e-308,1.974007607658066e-308
167,"Each part of the project helped me understand the graphs in a different way. Making and using the 2D, 3D, and printed graphs during participation showed me how the same data can look really different depending on how it’s being presented. The reflection, abstract, and presentation helped me think more about which types were easiest to understand and how visuals can affect how people interpret data.",0.34616924711957825,0.0610319779115237,0.047792015928201086,0.06145311128174712,0.04295655943296142,0.04536047662241143,0.04667720323202969,0.041726299669830706,0.046674405783933726,0.04720815568807964,0.04629454753963973
168,"They were all slightly different from one another. The participation did not give you information on how the study works, the reflection was what we thought of the design, and the presentation and extended abstract gave background information.",0.015827275163059693,0.05078292857767342,0.12230712185458491,0.05058907983943085,0.060929984475332793,0.2525035871778269,0.12721631781115986,0.08005400229726768,0.07663045974796946,0.04099340529837069,0.04816760746913932
169,"My views varied depending on where I was in the experiment and what information I had been given or was tasked with looking into. I believe it is a bad idea to use 3D printed charts, where, towards the beginning, I thought it might have been a good idea. The experiment had lots of turning points for me.",0.28821955279165773,0.06961630711970389,0.053018455679784554,0.07121346144563316,0.04709116278757927,0.050406838856130565,0.052393548078624945,0.04540857751023948,0.05234129855137364,0.05266704613649316,0.05096775125271596
170,"In each part of the project, it gave me a different perspective when I was participating in the study it helped me understand the process for more of a subjects point of view such as how the instructions environment in the timing can affect the response. The study reflection may be think very critically about how this experiment was designed and the things that could be improved, writing the abstract required me to look at the results in a very structured in very scientific way, which made me deepen my understanding on how the data was interpreted when I watched this presentation. It helped me connect things more when I went through each step they all built on each other, and it gave me a more complete view on how this experiment started and how it ended",0.009793569581489116,0.033664400333020726,0.0563781276765311,0.02458592126587222,0.054366118575443205,0.053224412413265594,0.035418712710094,0.39866453971584026,0.028421742046538172,0.02202041917580452,0.04675678545076369
171,"The different parts of the project helped me understand the study in different ways. Participating made it feel personal, the reflection made me think more deeply, the abstract gave a quick summary, and the presentation explained the results clearly.",8.07654901719151e-309,2.8626552139384e-308,3.8759351647710437e-308,1.9927811417121493e-308,4.643483938409388e-308,3.5297991535813756e-308,2.4958958684273065e-308,1.0,2.096120597317555e-308,1.7765798115166503e-308,4.725300780826743e-308
172,"They all differ, because each time we got a little more information than we did before. When we did the participation we were given minimal information, then we just talked about our thoughts on it unsure fully what the experiment was testing. Once we read the abstract we were able to get information about the purpose of the study and what it was testing and how. Once we watched the presentation it summarized everything, along with giving more detailed background.",8.73278553148162e-309,2.582181456640769e-308,4.737804416032328e-308,3.2445167774942384e-308,3.496936122778079e-308,1.0,1.0348644238225825e-307,3.4910447282628874e-308,6.455952366141861e-308,2.627566685836713e-308,2.3307723620111314e-308
173,"When I participated in the study, I didn't know exactly what was being tested. For the post study reflection, I reflected only on my own thoughts of what it was, but then the abstract and presentation showed how much depth the study really had.",9.553513288674286e-309,5.406437390024469e-308,1.0,2.802650317998245e-308,2.3944730030372015e-308,3.4210595620437983e-308,3.8257261784721063e-308,3.747507280044647e-308,2.600563928941413e-308,1.714812950106283e-308,3.8888208443730296e-308
174,More students were more accurate with 2d graphs rather than 3D which surprised me. I originally thought I would have been more accurate physically looking at the 3D objects. In the abstract I learned the initial meaning of the study but it did not go into as much detail as the presentation.,0.47713298091806233,0.06476103793442688,0.05016345658287802,0.06904398995521933,0.04474499916480818,0.047946836405679184,0.051719799188252556,0.042387432766375015,0.05208712635517379,0.05263983218433229,0.047372508544792455
175,All components seemed to be consistent throughout. I would add that the presentation added a sense of closure and it made everything make sense to me.,1.0611502594983217e-308,2.3405000501496497e-308,2.48046226262603e-308,7.211931412674459e-308,3.472811319384373e-308,5.57713576453693e-308,5.083639388328717e-308,2.4166906533900055e-308,1.0,7.881859483399443e-308,2.0090692604910207e-308
176,"The information I gained from each part of this project complemented each other and deepened my understanding of the experimental process in different ways. Participating in it gave me hands-on experience and realized that making judgments based on visual data is not an easy task. Reflecting after the study helped me clarify the decisions made in the experiment and start to think critically about sources of error and variable control. Reading the extended abstract allowed me to clarify the research objectives, hypotheses, and statistical design, which led to a broader understanding of the principles behind the experiment. Finally, the report tied all the elements together by presenting the results of the analysis and explaining the meaning of the findings in the context of psychological and statistical theory.",1.210153439821413e-308,1.0,3.3790913142070447e-308,3.017925135965572e-308,1.912421326018052e-308,2.3596550707029785e-308,3.2020720141457347e-308,2.313277440148553e-308,2.2647634231801093e-308,1.831032083892562e-308,3.0534801859294e-308
177,"Each of the components of the project was different. For example, participation did not ask you to digest data, the post-study reflection just asked for your opinion, the extended abstract was my least favorite,e and the presentation put all of the information together, which made understanding the data easier to digest.",0.012560021797716918,0.034870706407593204,0.04404003344287071,0.035081898341211774,0.25494911855592606,0.06816878275033905,0.04061165127601121,0.11836847270942197,0.038170401843248776,0.03471193677422119,0.04254821730855039
178,"My information gained from the components of this projects differed jurastically. Individuals were more accurate with 2D graphs than 3D graphs. I was correct with 3D graphs distorting the data which causes confusion to many. I was on average with my participation and results of this experiment. Presentation wise, I learned that 2D appeals more to individuals.",0.6880675685980995,0.03844494725055789,0.029993346001997087,0.04013806072945726,0.027072597195402445,0.0288417760613151,0.030705637856009237,0.025832307300039825,0.03088188930050778,0.031330056619011226,0.028691813087602765
179,The information was similar to mine and did not differ significantly. I expected this outcome and was not surprised by the results.,1.201557518939802e-308,2.24485090777503e-308,1.8410836214599837e-308,1.0,2.537786398577726e-308,3.207017375314636e-308,3.13799268262792e-308,1.798239136576363e-308,6.393542036861294e-308,7.268775719215966e-308,1.706325471994528e-308
180,"When I participated, I did not fully understand other than by making a study of why I was participating. During the post-study reflection, being able to read about why we are doing it, also with the original study, I understood more. Especially with the extended abstract and some with the presentation.",0.014741893688522629,0.06590719760840502,0.08169110104374691,0.06128103442190482,0.04448045189039951,0.09400598023891478,0.09424239800092885,0.052372413940005406,0.07025773430790963,0.037987790537487964,0.05493597354226065
181,"I feel we gained the most information from the presentation, and it was the clearest description. I was not fully sure what this experiment was before I watched the presentation. All I knew about it was that it was for extra credit and required on campus in person interaction. I wish it had been explained in a more clear fashion before the experiment started.",1.309020476328423e-308,3.0665887326035507e-308,2.5512257260188776e-308,1.0,2.129943817723256e-308,3.185989828157198e-308,4.425964240617216e-308,1.8806424640536437e-308,5.071382237965653e-308,3.6267919931997235e-308,1.925210134048717e-308
182,Each component gave me a different perspective. Participation helped me understand the topic with hands on experience. While the extended abstract depended on my knowledge with research and analysis. The post study reflection and presentation allowed me to evaluate what I learned and clearly communicate it to others.,0.016576922125031895,0.06063264970161488,0.1616591911291966,0.049937274034547036,0.06881081103255714,0.17855708830756653,0.09622454149136289,0.12373179688339576,0.06563916332678135,0.04058636239538227,0.06364596928437943
183,"During the participation and post-study reflection, I was not confident on what I was being tested on as the subject of the experiment. I understood the variables being compared once given background information from the abstract and presentation.",0.02143618071675902,0.2825927129428848,0.05956899360857718,0.06868295556511046,0.03610324603263126,0.04849337205336334,0.0725255515034278,0.040096846489689426,0.049302073844089085,0.03763528299670573,0.05161901231520673
184,Every different study gave us a different point of view or way to look at the evaluations. It was helpful because it really gave every student the chance to gain information from each component.  Each component also had a different design and charts.,0.004986179145150254,0.016737907326187133,0.02390480712374076,0.012925597772274372,0.03473376144616857,0.025621390034888197,0.016575683081921793,0.7978478632272303,0.014286144947465149,0.011760908685156257,0.024304373266633567
185,The information I gained from each component differed because each component of the project gave me more information than I had begun with. I did not really understand what I was doing at first with the participation until later when I got more components. The reflection and abstract and presentation gave me clarity on the research.,0.016683779101966393,0.04411356585210019,0.052357488481802016,0.05213751038811424,0.41664461245147016,0.10128493718462026,0.05252785230717252,0.10568767995223487,0.05334084353295753,0.05172964365489973,0.05036700571107854
186,"Each component offered a different perspective on the study. Participation gave firsthand insight into the experimental process, while the reflection helped me evaluate that experience more critically. The extended abstract focused on the data and results, whereas the presentation emphasized communicating those findings to a broader audience.",1.0355971257958117e-308,1.0,5.410455689820314e-308,2.6057441196143057e-308,2.1054334499026557e-308,2.5064933016003517e-308,3.2900975007316964e-308,3.0486159294430154e-308,2.1761753094970713e-308,1.6809869200301914e-308,4.696938581480947e-308
187,"During the experiment participation, I was completeing the tasks without really thinking about why I was doing them, or asking any questions about why the researchers were curious about that particular experiment. After reading the post-study reflection, it gave me more insight on why this experiment was being done and what sparked interest in the researchers.",9.63812342986757e-309,5.472367127506168e-308,1.0,2.8227192567193345e-308,2.3979963045162767e-308,3.3946337021242847e-308,3.7182945676911936e-308,3.7062017506821253e-308,2.575567848535492e-308,1.7144123000333237e-308,3.907837347957968e-308
188,The information I gained from the componenets of this project differ because each of the components whether thats the participation all the way to the presentation show a different way to understand the topic. This can be useful when learning about the topic as it allows for people to learn about it from multiple angles.,8.1313853526623e-309,1.972167102642279e-308,2.2655325862451016e-308,2.580711094663464e-308,1.0,4.0844056497927035e-308,2.440239143299208e-308,4.179039968670008e-308,2.526848983162842e-308,2.688533912099826e-308,2.1668382273452974e-308
189,This information differed a lot for me. I did all of the information online and when first doing the experiment I did not really understand what they were testing. After reading more in depth on the abstract and watching the presentation I more understood what was being tested.,0.01950542650776291,0.043845947025003,0.03331717278118533,0.13916600825058026,0.034675719022043625,0.04828097403025749,0.0643040730930812,0.028435083659256795,0.09347167748617315,0.07950855753520433,0.0284752376825742
190,"Throughout the process, I have learned more and more about the purpose of the study. Each step I learn more. Of course as I have a paper outlining and a person explaining the purpose I understand more why the questions were designed they were. Also once more information was provided, such as sample size, I understood more about the validity of the results.",0.015269113634330858,0.05822852640058287,0.06791115362474061,0.06012991094156522,0.0775787184580333,0.13167238955472566,0.056104901148610366,0.08059652151031269,0.05537094256275725,0.04226652025939757,0.06062758983553038
191,"The main way they differed was what I learned about the study. In the post study reflection, I learn about the previous study and why it was being replicated. In the participation I did the comparisons and was unsure of the meaning behind it. I learned more about the issues with 3D graph comprehension from the presentation.",0.013283744395432456,0.04820598299057275,0.2141381094403871,0.04249039188199065,0.044495476516266626,0.10865361571662709,0.07781658536462772,0.0673597638522005,0.05699333845707814,0.031128376198095456,0.04425574603178902
192,"There's a lot of information received in this video, but the main components of this project are comparable regarding the scope, purpose, and the individual depth of the feed back mentioned in the video. The experience condenses such findings that can only be found as different arguments come into play, and or a deeper analysis is discovered. A precise overview is crucial in understanding a projects significance, and in this case we are talking about perceptual judgments on 3D printed bar charts.",0.35070117679759555,0.06999306928532217,0.05306659873509558,0.07108878756220385,0.04646232463621192,0.05041454346601111,0.0531401822071819,0.04520798099942241,0.05256009797404093,0.05250664182153705,0.05087399052225285
193,Patricipation gave an understanding of perceptual experiments and how they are designed and conducted. Post-study reflection made me think critically about the experimental design and my own biases when interpreting visual data. Extended abstract deepened my understanding of data interpretation and helped me get turn complex results into a narrative. Presentation developed my ability to communicate scientific findings clearly and effectively. All of these together helped me see how each stage of a research project contributes to the overall understanding of a scientific question,0.01704165206873559,0.13703963855688003,0.19015798759580035,0.04627344765590522,0.047016808051902045,0.059307959473520744,0.07051152407768498,0.08044375828556097,0.04438821733103449,0.03198565478614243,0.10391569090007079
194,"From participation to presentation, there was a large difference in the information gained. As a participant, I did not really understand the purpose of the project, but through the reflection and the presentation, I now understand that the 3D graphs are",0.43945023405802397,0.05139689357464737,0.039996213460353355,0.053184046441712735,0.035818931119803936,0.03809864569982598,0.040183599913680285,0.03435057701099601,0.04030003152719023,0.0407904956560696,0.03824573900570172
195,"The presentation provided more information specific to the topic, data visualization of 2D and 3D bar charts. The bars were measuring length or position relative to the other bars. The presentation revealed that they attempted to replicate a previous and well known experiment.",1.0,1.101595667411241e-308,8.90042495023108e-309,1.155577462087291e-308,8.186377031286907e-309,8.56481361757897e-309,9.019095941976165e-309,7.767947317649227e-309,9.14658522201706e-309,9.35843817005569e-309,8.51910681931925e-309
196,"The information I gained about participation was that students preferred simple graphs compared to more abstract graphs. The information I gained about post-study reflection was that the more simple the graph was the more accurate the students answered the questions. Not all 3D graphs are bad, but the viewing angles make things more difficult. The information I gained about extended abstract was that students have a hard time interpreting graphs when the visual of the graph is 3D. The angles and sizes of the graphs dictate how the information is perceived more than one would think. The information I gained on presentation was that a less complex graph works more successfully.",0.7610136399986988,0.029289479198576173,0.023058140147152587,0.030526138893665046,0.020869012654712204,0.022178584701063545,0.02346315597253927,0.019940105105221206,0.023628806324192436,0.023949220568566857,0.022083716435611838
197,"Following completion of participation, much more information was provided on the components of the project. The results of the study in the presentation are much clearer.",1.0672579309729636e-308,1.0,3.889518558190433e-308,2.6256411152391703e-308,2.197285102399398e-308,2.542208217840088e-308,3.214949449880182e-308,3.0528122043322432e-308,2.245816969759689e-308,1.807504964302009e-308,4.703219947011824e-308
198,I think that it was very spread out so at times I would for get that I did something for this project.  I think that it differs a lot from an online course then an in person course.,9.10923123958052e-309,2.6121747433338623e-308,3.3083985391452663e-308,4.243222345990948e-308,5.053212066967462e-308,1.0,4.646623516337042e-308,3.6069375075051265e-308,6.347407816081624e-308,3.6733048047391747e-308,2.4555717251635397e-308
199,"Every element presented a distinct level of clarity. Participating provided a hands-on knowledge of the methodology of the study, therefore orienting the research issue. The post-study comments promoted critical analysis of the design and results. Technical components including the hypothesis, techniques, and statistical analysis dominated the extended abstract. On the other hand, the presentation condensed and emphasized the main points of view by means of images and summaries, so facilitating clear and convincing communication of results.",1.102902565247093e-308,1.0,4.0935379665745065e-308,2.890883534776699e-308,2.0400472224586014e-308,2.470150102129779e-308,3.5773403175642977e-308,2.641241842207625e-308,2.3322940757307225e-308,1.8222036916465014e-308,3.7437659138256064e-308
200,"The different components of the project helped me understand the research from multiple perspectives. Participating in the study gave me hands-on experience with how people perceive 3D printed bar charts, while the reflection helped me think critically about that experience.",0.27786540413863664,0.07058466420547924,0.05462903268380105,0.07046781035096607,0.048860533529034834,0.05159426287019512,0.05276865200158744,0.04758868740104905,0.05272945574912877,0.053212102542187216,0.05304339473787096
201,"The components provided different insights: participation offered experiential learning, reflection gave personal insights, the abstract required synthesis, and presentation developed communication skills.",0.016767806443010607,0.05810228158263478,0.13915219571494994,0.04907983462847685,0.07621075861215118,0.18706571508999073,0.09105284725089785,0.1388898677037479,0.06506053414674673,0.04148540906191579,0.06313451947729336
202,Some of the information gained from the components of this project that differed was the verbiage of the study. Such as the presentation being easier to understand the study in depth vs the extended abstract that showed these items in a much more confusing way. The participation it self was pretty self explanatory but I found myself to be confused on different parts throughout and what the purpose of it was.,8.175834365790455e-309,2.086557391351843e-308,2.4983860586457846e-308,2.396541905223297e-308,1.0,4.15071444105326e-308,2.553134847566607e-308,5.235718667647002e-308,2.4943770855340095e-308,2.453679346721923e-308,2.3777090546179985e-308
203,"Each component of the project gave me a different perspective. Participation showed how varied people’s perceptions of 3D graphs can be, while the reflection and abstract helped me analyze why that happens and communicate the results clearly. The presentation tied it all together by helping me explain the issue to others in a simple, meaningful way.",0.4017138557441184,0.053836156492251666,0.04208086271217195,0.05491010150013324,0.037824859986557116,0.04017639207631071,0.041716829665666665,0.036549059808232386,0.04175234374221984,0.04219419016681157,0.04058934831546285
204,Each part gave me different insights. Being in the study showed what it felt like to be a participant. The abstract and presentation helped me understand the results and what they meant.,0.017074892188357612,0.06421892084220343,0.1380385175529841,0.04965679342651532,0.07575708011369603,0.15468289759480106,0.09309511598743017,0.15663475644210995,0.06299458369862561,0.04199728670184455,0.07185092516324788
205,Each part of the project give me a lot of different information throughout. participation helped a lot to understand the study worked. reflection made me think about what is just happened.,8.084542129761344e-309,2.7278489241328557e-308,3.5705849635199225e-308,2.045217880105693e-308,5.301229735248557e-308,3.6638233435362263e-308,2.4314175827623093e-308,1.0,2.11897917034437e-308,1.834768041719794e-308,4.286362732210494e-308
206,"This information is different because the data that is shown and given says that 2D graphs were analyzed much better compared to 3D graphs. People also preferred the simpler graph and didn't like the 3D graphs as much and thought it was doing too much. From the data we received, 3D graphs are very useful but for certain things you don't necessarily need it.",1.0,1.124752824776623e-308,8.81184766221917e-309,1.199286254822622e-308,8.10491769838382e-309,8.64864215868887e-309,9.363150585252746e-309,7.63068461638415e-309,9.53121255755121e-309,9.694621933675376e-309,8.44031206725491e-309
207,The abstract and presentation explained the reason for the study and why it was formed the way it is. Participating in the experiment and reflecting on it didn't quite tell me exactly why I was doing the experiment or why it was set up the way it was.,0.02266658792251308,0.13605933641118048,0.06826700309820574,0.09621924777778229,0.040998205186201724,0.05867818832635197,0.12707263589925943,0.04315384590118011,0.0684646213707074,0.04749416943397985,0.05033855932828813
208,"Before I did the experiment, I understood little of its purpose. Reading the abstract really helped me understand its purpose and our participation in it.",0.015361519266007487,0.050181243298153586,0.03833895261379139,0.16077100804337657,0.03069196247709935,0.05075652985098378,0.06519201815420457,0.02823545143490993,0.06822070611249927,0.04348996667988011,0.03045686865596297
209,"During the participation and post-study reflection, I admittedly did not gain much insight but was theorizing what significance the study was intended to find. I found the extended abstract to be the most informative and helpful in explaining the ""why"" of the experiment and subject background in general. The presentation detailed more of the ""how"" aspect for this specific experiment with the step by step process.",0.021606841583366475,0.09129031872240949,0.08334121282355336,0.11109059344471169,0.04570061548099479,0.07265068747574413,0.2848957913511862,0.04903853182707721,0.09006195596028847,0.051643980653222975,0.050630057161583975
210,"While participating, I didn't think much of why I was given different charts. Then the paper helped explain that the goal was to find the best representative graph. The video helped explain and clear up any confusion I had from the paper.",0.6900408001871399,0.037347633468647494,0.03018327741914028,0.0388884531498444,0.027583411768695814,0.028754314394557657,0.030189244276692808,0.026274037423147496,0.030647480064631038,0.031244889242827662,0.02884645860467549
211,I honestly didn’t know what the main goal was when the doing the experiment. To me it didn’t seem like it was about the figures but more about sight measuring.,0.250374399958884,0.09528628446744744,0.06659252603188799,0.097770998540737,0.05584758543099661,0.0619889681937538,0.07020994410865716,0.05397745735161,0.06824149914671153,0.06769801006324865,0.06238201899065804
212,I learned more and more about the study as I completed more parts of it. In the abstract I learned about what the experiment was about. In the presentation I learned more about the background and results of the study.,0.016004844441025578,0.04920728480217271,0.07433858414217509,0.05819176776018919,0.10916499626794847,0.17028805334400446,0.08089388888295403,0.09955129236256884,0.0788745773109183,0.05188574021268255,0.05553193102073234
213,"The information I gained from the components of the project helped me better understand statistics. Specifically, what we didn't go over in class.",0.01315342598210809,0.041714286682790626,0.05213248981207367,0.036830661394976594,0.12138924740142024,0.07140533282837262,0.04044111747609208,0.211770276172422,0.03741634219346792,0.03323684207536965,0.05757005981836686
214,"I gained a more well rounded idea of what the study was trying to accomplish and how it was put together. It was interesting to see that the 3D printed and 3D modeled graphs were two separate variables being measured. I enjoyed seeing that 3D printing is being used for research locally, but it does add a layer of additional testing variety because its more hands on.",0.31652498993853806,0.07371479122265683,0.054595947850811954,0.07928640059462265,0.04860732778996742,0.05310096039869422,0.057217464161936626,0.04590495226273097,0.057411230349407656,0.05771257270334708,0.05193875673416221
215,"-The participation itself was randomized within all STATS 218 classes, as we were given a random kit that held those materials of the 5 ratios, type 1&3 methods, and those 2D, 3D printed graph, and 3D computerized graphs. This was very interesting as  everyone had an individual completion code given due to how personal the answers were (identifying the smallest bar and also the 'size' to the best of our perception). Therefore, it was made more sense on why the experiment was set up this way once reading the abstract and viewing the presentation with the purpose and 'results' of the study.",1.0,1.0995242800060458e-308,8.96461936553822e-309,1.145341434909169e-308,8.263635806125636e-309,8.55866277020346e-309,9.017912281268355e-309,7.85009434694668e-309,9.17288482189442e-309,9.407066398683643e-309,8.578951465942363e-309
216,Through my participation in the experiment I acquired practical knowledge about the experimental  procedures and variables which surpassed the theoretical knowledge obtained from the post-study reflection. The presentation delivered a  comprehensive view of the research methods and outcomes together with detailed explanations of results and opportunities to ask questions about  the study.,1.2022632175596516e-308,1.0,3.3986600512348303e-308,3.1235267838483564e-308,1.903644416393577e-308,2.380968359379177e-308,3.397423779699903e-308,2.274723022392865e-308,2.3364309357824276e-308,1.865670979791405e-308,2.9837145352015086e-308
217,Participation in the project provided information mostly on the prior study that was done. The abstract and presentation gave a look into why this particular experiment was done. The presentation was the only place where the results were shared.,1.096855177794435e-308,1.0,3.7968264178808905e-308,2.8189766539179924e-308,2.1938493057494707e-308,2.619015932545457e-308,3.381638857721901e-308,2.878391870790795e-308,2.353053343099906e-308,1.881241687375287e-308,4.260270418163985e-308
218,"I learned why the study was made in the first place, compared to understanding why it was made.",0.02284421082274635,0.0827692113968031,0.06188602677317641,0.09458065519693516,0.055467126813556124,0.06942787830577041,0.06037168455377128,0.05173717795283744,0.05649707056709555,0.04985824459577835,0.053791350782336524
219,Each step in the experiment offered a different response and required me to think about different aspects of the experiment,0.029762722292089344,0.1311346940734116,0.059812473789685745,0.11767482791565992,0.047399276503704985,0.066652906808144,0.08175018483097898,0.04555078389687437,0.0689988327434529,0.05554089928819279,0.05285076393792659
220,"When I was first participating the , I had no idea what it was testing for. However, after the experiment when more information was given, it was much more clear to what was being tested and why certain methodology was used. Writing the follow up assignments helped me understand the study better and formulate my own ideas about what the outcome of the experiment was.",0.015203281319701603,0.06318205924313008,0.07651570158926715,0.05873441090102444,0.0692926274904886,0.12489733117461578,0.059271049083894196,0.07897682653275041,0.05558559209252721,0.0401351405558348,0.06396226794735245
221,"I am not understanding this question at all, so I am assuming that the question is trying to ask me whether or not anything has changed since reviewing the extended abstract & presentation... I gained more insight & knowledge about what the experiment is trying to do, that's all.",0.02520010726121773,0.17790115800225523,0.06506615159881578,0.09767580335450775,0.041359974909632634,0.057232763293651484,0.09770548876392547,0.04287370147091408,0.0639381254780049,0.04755661486538543,0.05154633907013443
222,"I would say that there was not a noticiable change in the amount of information gained from the Post-Study Reflection and the Extended Abstract, as it seemed to cover majority of the same information and was more surface level about the study itself.  I would say that there was an incredibly large amount of information that was I gained between the Participation stage to the Presentation stage, as I think that my general knowledge of Statistics has increased, as well as, I think that having a final presentation to wrap things up was incredibly helpful to help resolve any underlying questions that remained following reading the Abstract.",9.169900868389726e-309,3.973430561249689e-308,1.0,2.8744683849026544e-308,2.365020447958377e-308,4.004693435353895e-308,4.3237869240311207e-308,3.5620762806478836e-308,2.995775009331525e-308,1.7681557555159727e-308,3.0538730875088973e-308
223,"I found it very interesting to understand that the purpose of this study was to understand the difference in perception of graphs. Within this study, it was able to give the researchers evidence to understand what type of chart was easier to analyze - 3D or 2D digital chart. After watching the video, the study made a lot more sense than when we were participating during class.",0.8111511484073399,0.02271917209367908,0.01822592434748376,0.02393171580147692,0.01670052876562007,0.01754224614696147,0.018527332411430498,0.01582506857892721,0.01877894021268628,0.0191876733163372,0.017410249918057525
224,"Participating in the study before learning background information about it showed me both sides, as a participant and researcher. The extended abstract provided more information about what specifically they were looking for, and the presentation went into more detail about the history and methods of the experiment.",0.018957294480994567,0.08552565468981388,0.08207534934447785,0.08531625443339762,0.04418533291463273,0.07223353047034653,0.33649610567877547,0.04918623467536398,0.08068544021440187,0.047175467056612075,0.05011392252532227
225,"Originally, having only participated in the survey, it was very unclear what the objective of the experiment was. However, the post-experiment activities have helped me understand the experiment's true objective. Through the presentation and extended abstract, it was clear that this experiment was to learn and understand depth perception based on 2-D vs. 3-D images.",0.30741197557336336,0.08468124672373004,0.06128005854268419,0.08831515086252587,0.05241595173492286,0.057562519018073126,0.06435983465868406,0.050308543399756475,0.06328699183337849,0.06323232968415676,0.057515090253317
226,"Participating in the project provided me with hands-on experience and exposure to many points of view, which enriched my understanding of the subject. Writing the lengthier abstract and pondering later helped me organize my ideas and identify both my strengths and opportunities for growth. Presenting the project helped me improve my communication skills and gain confidence in communicating complicated topics to others.",7.908429080898056e-309,2.7318950982849036e-308,3.568096067799711e-308,1.8556558140272844e-308,4.181060250409278e-308,3.095965896343956e-308,2.3207800335347204e-308,1.0,1.9328718909702514e-308,1.669242340869594e-308,4.640400361528977e-308
227,"I think the presentation gave a better overview of the abstract, as I found the abstract to be confusing. The participation part was also very confusing because I felt like there was not much instruction before the experiment. I learned more from the presentation than I did from the rest of the components of this project.",1.0848604885540264e-308,2.646687806202709e-308,3.372157861439217e-308,7.041280881284234e-308,2.9693153567498325e-308,6.260888876059956e-308,8.27359991046027e-308,2.547157565825083e-308,1.0,4.1370153550640657e-308,2.1959604503101803e-308
228,"The abstract and presentation allowed me to gain a more formal understanding of the experiment, methodology, and findings. Whereas, actually participating on the study and then completing the reflection was more of a hands on experience.",0.014281646147977141,0.05912289955935127,0.24429802632090278,0.040648755052638916,0.051595211681518746,0.093142033460657,0.06736642445691819,0.10681942526400674,0.048861300915832434,0.031193281157943974,0.0614671689474959
229,"I knew little to no information about the study going into it and while participating. Even during the reflection after I didn't know much about what the study was for. However, after reading the abstract and watching the presentation, I learned a lot more and understood it better.",0.014476471458966193,0.06180117871207617,0.06851427374466364,0.06890470594094757,0.03743452757073194,0.07397708372890602,0.1463959163318385,0.041393168073412256,0.0773398738500581,0.036987092071766065,0.04467967773711965
230,The information that I gained during participation differed from the information gained from the extended abstract. In participation I gained information about how to perceive different types of graphs. In the extended abstract I learned more about the theory behind the experiment.,9.097174926158493e-309,2.8364067006657663e-308,4.576105528121578e-308,3.8261273134957245e-308,4.622678781389392e-308,1.0,5.489706930636796e-308,4.159437504825029e-308,6.081590109753227e-308,2.908890853607887e-308,2.6630506898910144e-308
231,"The different components of the project each offered unique insights. Participation helped me understand the visual perception task from a user’s perspective, while the post-study reflection allowed me to think critically about the process. The extended abstract gave technical details and background, while the presentation emphasized the broader impact and practical applications.",0.15861947602598056,0.05805980995849356,0.041994700685752555,0.05761832432403183,0.03556913317246846,0.039038221347118235,0.04226686350416734,0.03492344158238763,0.041202143337116505,0.04089831617623888,0.039943990559271704
232,"The different components of the project provided varying levels of understanding. Participation gave me a limited, surface-level view of the study, while the post-study reflection helped me process my experience more critically. The presentation explained the purpose and design of the study in detail, and the extended abstract required me to engage with the research on a deeper, more analytical level.",9.11659227963955e-309,4.1736586424957255e-308,3.2973272758916034e-308,1.8344232563877945e-308,2.285226904335716e-308,2.2066600262876765e-308,2.183963015835498e-308,6.35375636947953e-308,1.74614940892021e-308,1.511971891757965e-308,1.0
233,"Each part of the project offered a different perspective on the study. Participation gave a hands-on understanding of the tasks but didn’t reveal the full purpose behind them. The post-study reflection and extended abstract helped connect the activity to broader research goals, showing how the data collected fits into questions about perception and data visualization. The presentation pulled everything together, offering insights into the results and their implications, which made the whole study feel more meaningful and applicable.",0.24966856005872068,0.07585419805929516,0.057830009030208025,0.07396642517884773,0.05074435953161955,0.0538680396961513,0.05533784479163504,0.050061513709231474,0.05483835616930715,0.055006407888093446,0.05616828609682697
234,During the participation portion of the experiment I had no idea what I was going into and was given no prior knowledge. The post-study reflection did not give me much information and related the study to the course. Both the extended abstract and presentation were detailed explanations of how the study was performed though I find that the presentation was clearer to understand.,0.017022818574931833,0.08680133228308232,0.2406359861495666,0.06364335934119617,0.0461748893277787,0.08214484934241781,0.09298166583803905,0.06312498820414722,0.06044478229075715,0.03526145263646655,0.06156737299989472
235,"Each part of this project offered a different kind of learning experience. By actively participating, I gained firsthand experience in creating the 3D model and learned how to troubleshoot and make creative decisions along the way. The post-project reflection gave me a chance to think more deeply about what I learned and how my approach evolved. Writing the extended abstract helped me organize my thoughts clearly and explain the technical and conceptual elements of the model. Lastly, putting together the presentation pushed me to communicate my ideas effectively and helped me see the bigger picture of what I accomplished.",7.901790144536746e-309,2.699408543318549e-308,3.29030220252063e-308,1.8183978335753755e-308,4.0120273302442775e-308,2.876685477185275e-308,2.1990237186492137e-308,1.0,1.8326527843675843e-308,1.62960888361185e-308,5.016357682095616e-308
236,"The participation merely gave us instructions on how to complete the experiment.  The abstract filled in some context, what it was we were doing and why it mattered and how it could help people in the future. The presentation however gave us the actual results of our experiment (which I'll be honest wasn't what I was expecting - I thought it would be flipped) unlike the abstract.",8.851714189020713e-309,2.5831561375773875e-308,4.464094151344005e-308,3.4998200017567687e-308,3.812598140791491e-308,1.0,8.424737179131968e-308,3.542444061954165e-308,7.567909099587515e-308,2.804925664402255e-308,2.339532701672173e-308
237,It differed by saying what graphs worked better (the 2d vs the 3d printed graph. Also it talked about the different ratios that went with the types (1 and 3).,0.8147433320869637,0.02201333036788588,0.017505482720223564,0.023377183435351986,0.016281166264684215,0.017228022821254928,0.0184940935719131,0.015321232764770657,0.018907304160991956,0.019292143531008117,0.01683670827495197
238,"The information I've gained is that the experiment was built and improved with time and as technology advanced, the experiment got more specific and improved in quality of the graphs. Like I said, the experiment seems to be built from the previous.",1.0,1.056961092034827e-308,8.62398041842867e-309,1.0975600737686983e-308,8.00855427271817e-309,8.2770258458999e-309,8.733802873319353e-309,7.60562050470712e-309,8.86597651848101e-309,9.14827965613515e-309,8.29033358166637e-309
239,During my participation in the study I did find myself a little confused as to what the point of the study was. It wasn't until the extended abstract where I understood the scientific reasoning behind the tasks we were doing. On the other hand when listening to the presentation i was able to get a better clarification on how this can be seen in real world settings while also showing me the educational value that the trends are able to say.,0.01588817116235937,0.06912183562618068,0.0655031929197965,0.07146769050858444,0.037743875984141785,0.06391724919403438,0.40747602982409803,0.041268114560537146,0.07697060297379295,0.040417908148077754,0.04265302634220731
240,"All of the components covered a different aspect of the experiment as a whole. As a participant, we knew only what we participated in and that our data is used in this study. The post-study reflection was reflecting on being a participant as well as a student in a statistics class. The abstract and presentation give a design for the experiment and what the experimenter is researching, but the presentation gave more visuals into the experimental design. We got a 360º view of this study as a whole.",9.223268842278794e-309,4.843181352322042e-308,1.0,2.726771585853314e-308,2.727306492578443e-308,4.0970022893707774e-308,4.1286737797526123e-308,4.763379658809224e-308,2.8065443635364786e-308,1.8152591915762374e-308,4.230135967730692e-308
241,"Each part of the project gave me a different view of the research. Participating in the study showed me what the tasks felt like, while the reflection made me think more about my own responses. Reading the abstract and seeing the presentation helped me understand the purpose, results, and big picture of the experiment.",7.966512066361555e-309,2.8294440324360387e-308,4.492792107554436e-308,1.959557526584247e-308,4.209233627158072e-308,3.894259183083972e-308,2.704669291801713e-308,1.0,2.1949573141689945e-308,1.740282584138532e-308,4.2133018164432044e-308
242,"I feel like being a participant we were given more information on the experiment itself, and what the purpose of the experiment was. Whereas the post-study reflection we got more insight into the experimenters thought process, and how they plan on coming to a final conclusion, and how our participation helps the experiment. We got to see the experimenters point of view, in a more detailed way through reading the abstract. The presentation allowed us to have more background information, and what they plan to do with the conclusion they will make, because the post-study reflection just gave us information with how they plan to make a conclusion, not what they will do with the conclusion.",8.80809477469877e-309,3.8270521154730884e-308,1.0,2.578233053681197e-308,2.714279323770332e-308,4.64402679532679e-308,3.9878204164266894e-308,4.802056960394091e-308,2.8807108505276e-308,1.7859158378705923e-308,3.523073142027258e-308
243,"The pre-experiment reflection did not provide much information regarding the specifics of the study. However, I feel that this was probably best because it allowed for students to give their honest responses that were unaffected by the variables of the experiment. The abstract gave a in depth description on all of the specifics of the design and theory of the experiment. Finally, the presentation gave a concise and digestible summary of the experiment and what it was trying to accomplish.",0.019661597294544076,0.08759667750064443,0.07257077866733172,0.12347365141449981,0.03607670043654864,0.05319702347623634,0.0833573316126441,0.03813782896550686,0.05863924612418737,0.03752997543097957,0.04121881378772644
244,For me and the way I learn I gain more form a video or something hands on. I don't do well with a long study report. So I gained more information and understanding from participating and the presentation.,0.014514283035777445,0.051653197981479444,0.06178038532136221,0.05874030286625893,0.07986122813551114,0.1562989975825147,0.05493544998667206,0.07570169394299875,0.05654842995062005,0.042725911794154636,0.05299640733323744
245,"The experience gradually increased my understanding of the project's purpose. As a participant, I knew little about the study's intent. Why did it matter? What was significant about the results? Through the progression of participation, reflection, abstract, and presentation, it is clear what the study's purpose is and why it matters.",9.36473272857153e-309,4.657771962451321e-308,3.8126626692573717e-308,2.09119799935051e-308,2.6747631765211886e-308,2.6157527908823124e-308,2.470695757095686e-308,7.809743642691522e-308,1.977572243460205e-308,1.691016261981569e-308,1.0
246,"I think I had a really great grasp on extended abstract from this video, and as well as I believe all the topics were discussed very well. And overall the presentation was also taught very well.",0.016473670364819677,0.04627883137285091,0.054296791718724244,0.1192980169322287,0.038096146839028594,0.0770735056098061,0.16534645455124009,0.035795033185429884,0.15377383587010282,0.048435547491863774,0.0361517872310242
247,In the presentation it seemed to emphasize the most important finding and the implications of the study. For the abstract it gave a concise summary while highlighting key findings and other things.,9.487589331382893e-309,3.2585528229455204e-308,3.965301176242684e-308,3.5259722810004347e-308,2.496775334923304e-308,5.283415892330371e-308,1.0,2.7406842178461464e-308,5.029856376002375e-308,2.70130726474126e-308,2.3935034952607566e-308
248,"The information in this presentation was much clearer to me. Partially, I think it was because there were visual demonstrations of the kits given to participants, and partially I think it was because the information was very organized.",1.0821429864476e-308,2.4599060035863537e-308,2.6107719283960227e-308,7.127396472635473e-308,3.0687512546516874e-308,5.23298867750724e-308,6.487682302932843e-308,2.35337947511232e-308,1.0,6.186615694735456e-308,2.0404827288692977e-308
249,"I feel like I was able to gain more information in the presentation than I did in any other part of the project. I think that this was probably meant to help tie everything together, but the abstract and other parts were much more confusing and did not offer the same amount of information. More information was provided as the project progressed.",1.036962651622086e-308,2.632330082403832e-308,3.176012987947216e-308,6.23869020789979e-308,3.2313791682120943e-308,7.12764611731872e-308,8.72563569699273e-308,2.6784195147954506e-308,1.0,4.3638170653168015e-308,2.2750295767463283e-308
250,I found the presentation to be the most informative component of this project. The information in the extended abstract and presentation were similar. Initial information ins the post study reflection was vague.,9.91107956355375e-309,3.46827357094242e-308,3.589819118872362e-308,4.3612307615240196e-308,2.5312891682759147e-308,4.46317717012359e-308,1.0,2.5624999326375204e-308,6.188070436306464e-308,3.0238899093347065e-308,2.4072084671635616e-308
251,The presentation made the experiment much easier to understand because it was made for the public. The two page paper was harder to understand because it was so in depth and mainly for the researchers.,1.1202798173963435e-308,2.6212753987298834e-308,3.2500729655290683e-308,7.832326440396436e-308,2.86812838150337e-308,5.478662329383667e-308,7.337836890823613e-308,2.4417733192875987e-308,1.0,4.275382458180509e-308,2.1312576628193427e-308
252,"When I was participating in the study I felt unaware of what I was looking at, and how the graphs being different from each other probably affected the was I perceived the graphs. After reading the article the researchers put together on how they conducted the experiment I thought about my answers a lot differently, and it made me question my answers. Knowing that they purposely made the graphs all different changes the way I would have looked at them.",1.0,1.103298477242908e-308,8.947481178824037e-309,1.15318079662624e-308,8.20659383793585e-309,8.54480722468706e-309,9.082117326758526e-309,7.792411917644218e-309,9.21749833481223e-309,9.44453722811145e-309,8.53787476729958e-309
253,"They were all different forms of obtaining the same results, i understood some better than other because of the way that i learn. Some people will benefit from certain forms of learning better than others",1.1605311235533266e-308,2.302722623196496e-308,2.186393623069601e-308,1.0,2.881381372268545e-308,4.150252920643469e-308,3.788251175021986e-308,2.0200685842610664e-308,7.842626263118721e-308,6.288912201447434e-308,1.835167382321865e-308
254,The presentation really helped me understand what the project was about. I did not know much about the study given the information from other sources.,1.00134523595124e-308,3.2136929500917617e-308,3.5753453809122154e-308,5.158421125104816e-308,2.616215019817295e-308,4.945673156016317e-308,1.0,2.530765667550397e-308,8.806013285529379e-308,3.21353745257024e-308,2.3025479032211923e-308
255,"Within my participation in the testing i had no idea what to think, but as i started to think after i completed it i started to come to the conclusion that they were testing how different peoples judgment are in different age groups. After, i completed the abstract and presentation i found that there was a specific purpose behind the testing, finding what the general public can read more accuratly as far as the different types of graphs.",1.0,1.0874051424851217e-308,8.81486006150752e-309,1.1329430195605445e-308,8.101607379838623e-309,8.43096351929794e-309,8.960401237399554e-309,7.7009237184517e-309,9.079539393499193e-309,9.322635480062666e-309,8.43077925687879e-309
256,"As a participant in the study, having no idea what the purpose was at first, I truly enjoyed the experiment. I felt like I was doing a self-challenge to try and accurately determine how much smaller the smaller graph was. Next, I read the extended abstract and appreciated the purpose of the experiment, its history behind it, and the strategies used within the experiment. When doing the post-study reflection, I feel like I got to tie everything together that I had learned so far. Finishing off with the presentation, I feel like everything became full circle and I found interest in the additional information that was given that wasn't in the extended abstract.",0.02402998405444594,0.11943372279844194,0.18489201934526386,0.0854312699938554,0.04965217147121872,0.07122063302012982,0.08326634340295082,0.061656858672408006,0.06274898661632172,0.041341672807814506,0.06612983480542738
257,"The knowledge about what was being experimented on was different. For instance, throughout participation, what was being experimented on remained unclear until reading about the results afterward.",9.74520376367153e-309,1.789156509016948e-308,1.6559839292058323e-308,1.2459577033828896e-307,3.0597518437037194e-308,3.2924898506200043e-308,2.704975164432158e-308,1.822049190811791e-308,6.088945126773263e-308,1.0,1.5764937475731653e-308
258,"I was kind of lost on what information was being gathered by just going blindly into the study, but then by reading the abstract it became more obvious it was about comparing 3D and 2D model accuracy. I really liked the information the presentation added though, because it was easier for me to understand and then I fully understood what the content was about.",0.3449849377048619,0.07589490594130197,0.05703657786746747,0.08441374942046123,0.05018622573076978,0.05494284654612218,0.0606208195372138,0.04697331634669619,0.06102542149971624,0.061101437396940045,0.05318945429304139
259,"The experiment itself didn't make it obvious that 2D presentation of a graph distorts the data, which is an interesting perspective to carry when reading different charts, especially bar graphs. I learned this through the extended abstract and presentation, which drastically changed my thought process when reflecting on why each type of graph led me to believe it had that specific ratio on the slider tool.

I gained minimal information from the experiment itself, but the post-experiment activities helped me gain a better understanding of the purpose of the study.",1.0,1.0748964494883933e-308,8.74952589597864e-309,1.119628940250229e-308,8.088891104906643e-309,8.39337877100671e-309,8.842800526646047e-309,7.68386262774063e-309,8.976940601642116e-309,9.22543307003761e-309,8.39342645549844e-309
260,"More information was provided about how the graphs differed from each other. Also, it was clearer to me when they described who participated in the study. Also, from participation not much was said about how the graphs were manipulated from the 3-D and 2-D graphs. The abstract made it clearer how each of the graphs was manipulated from the heights of each bar, how far the triangle and circle were from each other, and how the viewing angle would change.",0.7228513945691996,0.03331613706064889,0.02676855643581589,0.03527415993075849,0.024204352729138134,0.025554238551840705,0.027547755134985454,0.0229524004499349,0.027878990987703064,0.02833871949180493,0.02531329465817019
261,"I was given little information when presented with the study; I was given directions however I wasn't told why or what was being tested. The post-study reflection allowed my to process all the information I was given up to that point and I was able to draw my own conclusions. The extended abstract gave me more information into the purpose of the study and what the questions guiding the study were however, I was not given any results or further discussion. Similar to the extended abstract, the presentation provided a more in depth analysis into the background of the study as well as the methods. The presentation was easier to understand in my opinion. The presentation also provided the results along with an analysis.",9.142729661884204e-309,3.9711449604215986e-308,1.0,2.882813974533297e-308,2.38632628371659e-308,4.1041161436713816e-308,4.438260286405269e-308,3.6044719896105706e-308,3.040197137336087e-308,1.782988495988587e-308,3.070472567342165e-308
262,"I did not realize the depth of thought that goes into experimental design. As a participant, I had no idea of the depth of the research for this data. Also as I moved through this process it gave me a clearer understanding of the study and its implications. This experiment also helped give me experience in understanding the experiment design process.",0.026909449728519455,0.21203439936440144,0.06141858991490191,0.08417386480271893,0.04193016041411201,0.05617383988407944,0.07386350779210955,0.044566392534692266,0.05607267528792309,0.044923781396309044,0.05506170496035392
263,"As I went throughout each step of this project, I was continuing to learn more information about the study itself. Each aspect helped me learn something about how the experiment was done, or more of the math used to figure out the data given. It also helped me to be able to think about what I did on the experiment to compare to the answers other people gave/ the data that has been collected so far.",0.015351705052052599,0.05587117125191406,0.062168758161129684,0.05779324747945225,0.09682544390415493,0.11266721830469445,0.0511772600369803,0.09634529490914583,0.05021644371390658,0.04336626821620058,0.06397347690095537
264,"The participation component provided the least amount of information as it didn't want to give away what the study was about. On the other hand, the extended abstract and presentation gave more information on what was being looked at in the study and how the study was being conducted.",8.55776611687774e-309,2.642108317648362e-308,5.086292061476027e-308,2.9840877804257467e-308,4.0940945934438346e-308,1.0,6.719420813902367e-308,4.351367779204859e-308,5.033555832965116e-308,2.534133832876608e-308,2.565502363056262e-308
265,The information that I gained from the components of this project differed a lot in my opinion. At the start of the experiment I was a little bit confused but all of the parts of this experiment and especially the presentation helped me to understand it more.,1.297396069352193e-308,2.8695140993332157e-308,2.198318373848654e-308,1.0,2.6309783299996182e-308,3.675571067434319e-308,3.2990865222036964e-308,2.008744443648418e-308,4.3782685101553894e-308,4.546575126481771e-308,2.034737470416317e-308
266,Each component of this project explained a different part for the experiment. The participation was to collect data for the experiment while the presentation gave us a breakdown of what the the questionnaire was all about. It also broke down what the results would mean and what the scientific research question was being asked.,1.0776736658295545e-308,1.0,4.119984326373481e-308,2.738061135769005e-308,2.2295954822807834e-308,2.6236397125172335e-308,3.256486258498594e-308,3.067967320802483e-308,2.293631696960388e-308,1.822172974725163e-308,4.798339326996866e-308
267,"I think that with each module, we gained more and more insight into the study and its purpose. It was almost like this video was the last part of a scavenger hunt to find the purpose and idea behind the study and the other components were like little puzzle pieces.",1.0891352375609706e-308,2.8201577446977217e-308,3.1312215488896083e-308,7.830575050502759e-308,3.0616318377215536e-308,6.677629698350107e-308,9.850616497259458e-308,2.575453660281286e-308,1.0,4.464259486341547e-308,2.315030576485563e-308
268,I think I gained a bit more information each time. For the participation I did not know any purpose except for the instructions. After the extended abstract and presentation I knew much more about the purpose of this.,9.24306406528399e-309,2.8731934240105156e-308,3.7328187956000285e-308,4.30592286188515e-308,4.687236836645853e-308,1.0,4.605508737961618e-308,3.821960805272202e-308,5.74783594642907e-308,3.2598153348816573e-308,2.694990581276442e-308
269,"each gave no insight or rather a new lense of how to look or go about something. each was important and different. the presentation gave background information, the participation allowed me to try and get hand on, the post study reflection helped reflect on what i really just did and the exteded abstract showed what someone elses thought process might look like.",0.01626499035733837,0.05437285677837226,0.13617981913434474,0.052493328628985314,0.059901939030849304,0.21926251199457059,0.13505700905391307,0.08125428447765383,0.07869136122353304,0.04171787601591965,0.05080579301633574
270,The participation was me doing the study and being part of the research. The post-study reflection was nice so that I could reflect on what I thought of the study and made me think about it a little bit more and deeper. The extended abstract was nice so I could see how the study was initially put together and what they wanted to find out. I liked the presentation so I could see how the UNL study differed and what they were trying to accomplish.,0.014611858625255148,0.06266075739323876,0.20348287201508403,0.042591560805865146,0.057618318950324585,0.09146812541491221,0.06434933985307117,0.1286096063375994,0.04870256611578063,0.032622009761699336,0.0720791576924126
271,This presentation goes into a little more depth about the information that was actually placed in front of the participants and how that differed from the studies that they based this one off of. They gave a visual of the kits which was a question that I had from the extended abstract. The abstract cleared up a lot of questions that I had from participating in the study by clarifying what they were looking for.,1.034449988728532e-308,3.7341759279864685e-308,3.635524310931241e-308,4.889117236189227e-308,2.4119286181255335e-308,4.0451967861148377e-308,1.0,2.4570206241227926e-308,5.805850553361812e-308,2.9563027721078187e-308,2.3915735818577353e-308
272,When participating in the study I was confused at what I was specifically doing and what the data being collected was. Once I was on the other side of the experiment it made more sense and realized it was about perception.,0.24680516775466807,0.09617783227407731,0.06693601005611573,0.09831427994058628,0.05601469461409009,0.06224975921649938,0.07057587841571897,0.05421706421208147,0.06846756799369753,0.06788340674884379,0.06272803105821367
273,"Throughout my participation in this experiment, I gained more information on how I examine data given to me in two different graph types, 2D and 3D graphs differences. From the extended abstract I could fully understand why the experiment was designed the way it was. I know now that it was important to start with 2D graphs and then go to studying 3D graph data to see which I had more confidence in analyzing or which I was most accurate with my responses. The presentation was helpful because I was able to gain more information as to why the researchers were studying the difference in how people analyze 2D and 3D graphs. From the presentation, it was interesting to learn that people are able to have better accuracy with their 2D graph responses compared to 3D graph responses.",1.0,1.1235454695498174e-308,8.960486297368683e-309,1.182134270160209e-308,8.176724923252433e-309,8.650247529465347e-309,9.18669845160755e-309,7.76779996849578e-309,9.297300907146847e-309,9.454002989678344e-309,8.563107012600093e-309
274,I feel like we got more information as we moved on. That allowed everything to come together and show us why we were completing the experiment. The presentation was different from the aspect because it showed how it was specific to our experiment.,1.089579488567624e-308,2.4774386164242436e-308,2.817192983827141e-308,7.188696991479545e-308,3.268324515388423e-308,5.636946598293741e-308,6.24874957061336e-308,2.496868409266538e-308,1.0,5.732432320937734e-308,2.0971711677200003e-308
275,Participation and post-study reflection offer a more immersive experience and the extended abstract and presentation focus on sharing the projects essence with others in a structured way.,8.032797992987627e-309,2.9663780706459123e-308,3.479079378800338e-308,1.8276326903681826e-308,3.576511696208736e-308,2.7940463728415196e-308,2.251047482565704e-308,1.0,1.811284126061427e-308,1.599571285204282e-308,6.70572116248581e-308
276,"The information gained during the participation in the study was mostly conjecture, and the same was true for the post-study reflection. The extended abstract primarily covered the methodology of the experiment as well as its inspiration, and the presentation went over the study more broadly but in less detail than the abstract.",1.1574768611734167e-308,1.0,3.692653274550664e-308,3.0016025035496773e-308,1.952719004344822e-308,2.4047651544263054e-308,3.443010429465639e-308,2.4213822900400427e-308,2.3171655699536725e-308,1.832961630612261e-308,3.279908086104409e-308
277,"I didn't have much information when participating in this study, which allowed me to complete it unbiased. After reading the abstract and watching the participation, I understood the scientific method behind it, and more about the research question itself.",0.020860462818486247,0.15725714806396984,0.062509077938079,0.07059316216729983,0.044735786041268134,0.060458585451369264,0.0772267479035702,0.0477929337112781,0.05670804604897462,0.04404349544865048,0.06141833745195886
278,They gave more depth to the purpose of the experiment for me. As a participant I would say that I was a bit ignorant to purpose as I simply answered the questions rather than inferring the reasoning behind my answers.,1.2136900493468354e-308,3.0127904471380465e-308,2.798201190420816e-308,1.0,2.654682219144907e-308,4.415546981169356e-308,4.752180390942636e-308,2.211145927862168e-308,6.231956565376788e-308,4.0093884104558523e-308,2.1733763985616477e-308
279,"Neither differed, but was able to follow along better in the presentation.",0.012797888770399486,0.022303159180616962,0.021197404550062162,0.09876647591836252,0.03524045157907493,0.03876693019345382,0.035119950175927034,0.02255491862042106,0.08065610101371759,0.577355131022839,0.019507089205037284
280,"Being a participant in this study I felt as though I didn't get a lot of background behind this experiment as for the why of it. Post-study reflection I felt as though I got more insight into what this experiment was for. These differed based on the people within the experiment, it's very unlikely that an experiment with a random group of people will be the same.",9.72729915651013e-309,5.783530061233871e-308,1.0,2.7857126410310893e-308,2.3119759512404975e-308,3.1917949942521905e-308,3.614807201586536e-308,3.5197560840505604e-308,2.4819492228106475e-308,1.67859646026714e-308,3.8744976608745374e-308
281,"They differed because of the different aspects involved. The information I gained went up and down. Furthermore, the information made more sense after the experiment.",1.175535341369535e-308,2.180634072108048e-308,1.833213932807142e-308,1.0,2.7309839146989473e-308,3.3846828294244616e-308,3.012977338032977e-308,1.8466683453911637e-308,6.011564162059456e-308,8.192096460162305e-308,1.7234911231359464e-308
282,"The information I gained from the extended abstract and presentation was certainly more detailed easier to understand. It became more obvious to me as to what I was being tested on and the purpose of the study in the post-study reflection. However, the practice run before the actual experiment test was helpful.",9.342790543276454e-309,4.21801367105214e-308,1.0,3.031850637595682e-308,2.375615885989243e-308,3.964394184029993e-308,4.54701453486075e-308,3.497148089010837e-308,3.0722004431910794e-308,1.8058318253313826e-308,3.1164434321178433e-308
283,"He provided for background information to it and more of a purpose to it as well, rather than just having a group take it randomly.",0.015539496754431802,0.047130893393463956,0.06297195497053337,0.05566870853635907,0.06045040437450512,0.11611678250216984,0.13688663045349203,0.06093159587801951,0.08276111977555833,0.05112833683864375,0.04958688466809744
284,"This presentation cleared up a lot of my questions about the study. I wasn't sure if it was about 3D printed objects or 3D graphs in general, but now I know they're seeing if the objects are useful in comparison with 3D graphs. During participation, I understood what I was doing but I was simply confused. During the reflection, I still wasn't sure. Luckily this presentation breaks it down into something I can understand.",0.3686839802390967,0.06687970030159987,0.050768717609431455,0.06948925127630538,0.044925653574538066,0.048805479054430466,0.051657590485485516,0.043207592547508784,0.05152150107068213,0.05151150090049959,0.048564426947297526
285,"Participation: I was confused on the purpose of the study, but understood the directions clearly.

Post study reflection: I was able to guess what the hypothesis and purpose the study was, but i was incorrect.

Extended abstract: I understood that the researchers were trying to gather data on depth perception with 2D and 3D models.

Presentation: I was able to clearly understand how the researchers came to this hypothesis, sampling methods, and results because it was easier to understand rather than reading the abstract.",0.01589095134126815,0.10120221029914346,0.3679264042741946,0.04910804399659516,0.04208418505948367,0.06178184035664828,0.07741977797995298,0.06666248547171111,0.047137807050074636,0.030640996293825707,0.07098337001230537
286,"The information I gained rom the components of this project differ in a couple of different ways. For example; when I was a participant in the study I was a little bit confused on what the experiment was observing, but after I read the extended abstract and watched the presentation I was keyed in a lot more about the background of this study. I also felt that the post-experiment reflection and the extended abstract differs because the abstract gives you the details and the reflections asks you to inturpert those details.",0.016076703065560933,0.043560576638200406,0.054866674853690796,0.053774316870676055,0.31030525164179434,0.1317016607435828,0.05799560863882972,0.09718477280524679,0.060482906845019974,0.052626676493614424,0.04796805610882628
287,"Participation gathers real-time, subjective feedback. Post-study reflection provides deeper insights. The extended abstract offers a formal summary, while the presentation conveys findings to a broader audience. Each component serves a unique role in understanding perceptual judgments on 3D printed bars.",0.34922498139502195,0.06987215935140938,0.05322429197853229,0.071077226764574,0.046807177894664764,0.050709576536280276,0.05314336897010712,0.045504092577386954,0.052698273221111654,0.052634962712859966,0.05111928260492706
288,They all differed in explaining why the results were what they were. The abstract was from the views of the experimenter vs the general public.,9.0966789383379e-309,2.5871163810548214e-308,3.802742843499204e-308,3.564558061655649e-308,2.965737852200092e-308,9.860500781808984e-308,1.0,2.8491900657828277e-308,7.704893869292561e-308,3.041958814600472e-308,2.166708319131139e-308
289,I was a bit confused in the beginning because I didn't read the instructions well enough. I was considering the difference between the shortest bar (triangle / circle) compared to the tallest bar (not the other shape). So I had to start over. I was focused on the color of the graph more than the dimension. I did notice further along in the experiment that the angles were changing. I did feel as if the dimension was an obvious component as the experiment went on.,1.0,1.0651766244236274e-308,8.63141578263687e-309,1.104176298487047e-308,7.97744103797516e-309,8.297600303031327e-309,8.739680153043724e-309,7.598629123644847e-309,8.854247240251974e-309,9.094082272999347e-309,8.305473974817467e-309
290,"The information I gained from this project varied throughout each component. During the particpation level, I just learned the very basics of the experiement, and what I would be doing to participate in it, it was just very ""baseline"" information. It told me the basics of the experiment, and I was able to connect the infromation, experiment style, and how it related to what we learned about experiments. I was able to transfer this information I learned in the particpation component into the post-study reflection. In this component I was able to dive deeper into what we learned in class so far, and directly relate it to what I learned in the experiement. I did not learn much more about the experiment in this part but I did get to review the information. In the extended abstract I learned so much more information about the experiment, the ""why"" and ""what"". I learned what they plan on doing with the results, and how much further they plan to go with the experiment. I also learned why they chose certain graphs. This part told us so much more than just the basic outline of the experiment. The presentation allowed us to hear directly from the experimenter, and learn more about their interests in the experiments and explanations as to why certain methods were chosen.",0.012894486963962925,0.03992572623809402,0.051364406308393826,0.048307295357251485,0.1261255720018121,0.16767836726089608,0.04999577154887976,0.08127545746728293,0.053013885492225,0.042199752437590964,0.042390811171028255
291,The result is a little different from my choice.,1.2546593888121095e-308,2.4330234714589143e-308,1.890527769356938e-308,1.0,2.5093993232478733e-308,3.233287817112405e-308,3.0289919535168045e-308,1.8245294775862995e-308,4.968331131872676e-308,5.675633241165706e-308,1.791412489109877e-308
292,"I felt like during my participation of this project I didn't gain much information, I felt blind doing the experiment. The study reflection I gained a lot of understanding on what the point and goal of this experiment was. The abstract gave me good background of what this experiment was about.",0.02376814932783325,0.15462328118360313,0.07617173635680788,0.10238504736270984,0.03933226169111267,0.05532621642626355,0.08655135046157998,0.04249656350523605,0.05845191703116739,0.040960202807124375,0.0515276889198266
293,The information I gained helped me realize where the averages were in these studies.  It was weird to see when you were above or below average.,0.022290296879909903,0.0931178459519337,0.06159422878522166,0.08961282140993727,0.05285456145300633,0.0664348070549242,0.062751986232723,0.05064665124327478,0.05603598312192598,0.04880851406122359,0.055082941566726294
294,"Overall, the components of this project offered different insights. Participation provided hands-on, practical experience, highlighting challenges and dynamics in real-time. Post-study reflection changed the inspection, focusing on personal growth.",9.00287937715021e-309,3.7952213976162363e-308,3.2290330000897395e-308,1.853060936503718e-308,2.458214969503691e-308,2.2737381394879875e-308,2.155148785471673e-308,8.251915759913257e-308,1.753608830503199e-308,1.544271374215993e-308,1.0
295,"The information gained from the active participation:

Was difficult to comprehend while it was happening. I would currently say the results are still cloudy, but seem to be gradually improving. Through the extended abstract, I would hypothesize that

The information gained from post study reflection:

The one thing that is quantifiable from this test is how much stress a human being can take at one time. I can attest in terms of numbers in blood pressure and counted time put into the experiment. I would currently say that I feel like things are about to turn around 360 degrees. In terms of my grade percentages through this statistical experiment.

Information gained from extended abstract:

More questions for the experimenter than information gained for my own memory.",0.017354541592329954,0.09105751019691297,0.23908229186243568,0.0644755811695856,0.04630534448327931,0.08020492769063466,0.0899796651502457,0.06333569970671463,0.05937811402119285,0.03534800507587715,0.06328181603906956
296,Each component added a different layer to understanding how people see graph values. The abstract was able to sum it all up neatly and the results made it all clear and engaging.,0.4846020670345898,0.042792465993152014,0.03395253152309117,0.04381500833242713,0.030868316416564526,0.03253967240810548,0.033785882475480276,0.029723006982670292,0.033988528730167875,0.03448659190479667,0.03278992840889129
297,From the actual participation I liked how I was able to measure the 3D graphs in person and try to get a better measurement idea on which graph was bigger. My post study reflection was that I measured some of the material wrong because the extra graph lines threw off my results. Then I realized watching this and reading the article that the purpose was to measure the differences between 2D and 3D prints and see how I visualize them differently.,0.34819161024444445,0.06947345797699828,0.05235431597619016,0.07341400685069219,0.04641666404816233,0.05048933760122205,0.053799842389208055,0.04425703467428817,0.053806949650199415,0.053945839335498076,0.04986633525997214
298,"The information gained from this project differed from part to part. At first, while I was participating, I knew how to participate in the experiment and what to do, but I did not understand what the study was for or what question was trying to be answered. Now after doing the post-study reflection and watching the presentation, I understand what questions the study was trying to answer: how do 3D charts compare to 2D charts and can the study extend the findings of the previous study conducted on this same idea.",0.2492163264991043,0.06743274308446681,0.051968566604661946,0.06858161386528565,0.046195452752737995,0.04875680725755928,0.05095370868176963,0.044513694806593056,0.051204932675391855,0.05166668501136772,0.04978392089159491
299,I gained more information and understanding during the abstract and presentation than any other part of this experiment. Both of these had more information that was better organized for someone outside of the statistics world.,1.2047586796437995e-308,2.906944960241341e-308,2.82644855098499e-308,1.0,2.6137617994715115e-308,4.2402377760401704e-308,5.050167879876586e-308,2.1876901776036054e-308,7.024594010818626e-308,4.17776900120135e-308,2.1099101320372235e-308
300,"I learned how certain graphs, such as 3D graphs, mess with my perception of the graph in the experiment. I learned more about the previous experiment and how it did not consider certain factors of the experiment. I also learned more about the results and how they turned out to be not statistically significant enough.",0.02760729194907692,0.07276266526621224,0.05974509225779781,0.13838275556925872,0.051135082896409674,0.06733647859343359,0.06412016398199605,0.04604219329961392,0.06777168839753922,0.05545518348867268,0.047062310236008674
301,A lot of the information gain from the presentation and the post study reflection make mode sense about the experiment being study. I think the information I gain didn't differ instead I made more sense as the the experiment continue and what the experimenter was testing from participants. The only thing challenging to understand was the study design how it was created and how it was going to distinguish between the result from both graphs being used.,0.02686501333320801,0.11787217952830521,0.15654122197024609,0.09741622206224468,0.05235566876317297,0.07351067295708387,0.08482706102448477,0.06196907078974203,0.06765304723211339,0.044950848339427585,0.06584249098824944
302,"As a participant in the study, I has gained firsthand experience of the research process, seeing how data was collected and how the experiment was structured. During the post-study reflection portion, I thought critically about the study design, its goals, and the conclusions, as well as developing a hypothesis on what this project could have been aiming towards figuring out. During the extended abstract portion, I was able to get an even better view of the research process, and what plans were made to reach a conclusion, and while watching this presentation, it was a chance for me  to see a researcher communicate findings and insights to in the study, making the results even more accessible and engaging. Each component offered a different perspective on the study, and each component offered a different perspective on the study.",0.01665517218327698,0.12801820013209353,0.2067711728007999,0.046476453619306246,0.045958511959218816,0.06045427387019381,0.07352117256606122,0.0781901945335219,0.04507241978842373,0.03178667139308241,0.0951780959372593
303,They differed in what we were told about the experiment. We were given less information in the participation and more information in the abstract and presentation.,9.560358595231493e-309,1.7223280223629957e-308,1.6288064443770934e-308,9.538568653633948e-308,2.962390975526856e-308,3.196474307114124e-308,2.6494582480488033e-308,1.7819589790497494e-308,6.182729576361805e-308,1.0,1.5274064102686026e-308
304,I was very confused while taking the prompt since it was completely online. After the reflection questions I started to understand a bit more and finally grasped it with the article. It was interesting to see the presentation after because I could see equations that we learned applied to a real life scenario.,0.013666733090449124,0.04920864848511557,0.05820422111688624,0.07027485292929729,0.04269370277862185,0.12155355432443618,0.0967828499175444,0.043002830605867584,0.0946274441730688,0.0409286336806153,0.040960498118583634
305,The information I gained for the post-study reflection gave me an explanation as to why the experiment took place. The extended abstract and the presentation were components of the project where the experiment took place.,9.28126109178652e-309,4.525376303720474e-308,1.0,2.721169431674122e-308,2.610254230014809e-308,3.854416674295176e-308,3.77913180743819e-308,4.3197950814106106e-308,2.727708353245927e-308,1.7595862113688837e-308,3.81042440398099e-308
306,I gradually got more information about the experiment after I completed it.,0.01670961540023275,0.03763565183462334,0.031646735631694546,0.5547799769240702,0.041876439068311656,0.06293772376142241,0.04983613968147508,0.03011827198389379,0.07099003936217453,0.07429140091103155,0.029178005441070243
307,"I was a bit more confused on the purpose of the study than the presentation explained. With each additional section however I was able to gain a better understanding of the purpose of the study and what I was doing. When I was doing the participation at first I was very confused. By the time I did the extended abstract, I felt much better about the study.",0.014455305305713996,0.06470893654816944,0.07826874867858452,0.06393118858199252,0.039020154286694156,0.07595388375884028,0.13306082779127493,0.0454411831815408,0.07226549424689098,0.03640424448550098,0.048394002355283586
308,I noticed a couple components in this project that differed. I noticed that the presentation offered 3D bar graphs that the experiment did not use. I also noticed the presentation used seven unique ratios.,0.01592629357398364,0.03574526176475756,0.039115332648127006,0.055198810899642424,0.3799545940418976,0.070235217594239,0.04615612335936682,0.06278572970446647,0.0517111295724644,0.05878612099022584,0.03658667528354603
309,"I found that a lot of the elements were similar, but it was easier to listen to the speaker. The additionally photos and walking through the website refreshed my memory of the experiment better than the abstract did. I also think that the video talked more in depth about the idea of using the experiment as part of our course. I think it would be more interesting to read a study or watch a presentation on the findings of the student reflections.",1.252668179812509e-308,3.3588309108615777e-308,3.077536297906368e-308,1.0,2.218081916632774e-308,3.5625665682667454e-308,4.826733011433913e-308,2.059214090130645e-308,5.260033480031955e-308,3.2072619251262063e-308,2.139457284429712e-308
310,"The participation component of this experiment focused on participating in the experiment and getting a baseline of what the experiment is. The post-study component of this experiment focused on reflecting on the experimental design, how randomization occurred, and identifying different components of the experiment, and the extended abstract component of this experiment focused on reading a paper about the general study design and concepts of the experiment and reflecting on it from the view of the researchers. Finally, the presentation component of this study focuses on watching a presentation about a more in-depth explanation of the experiment overall and reflecting on it.",1.0699011436325287e-308,1.0,4.948644716171171e-308,2.8157441698432923e-308,2.136901197498666e-308,2.5975648245825986e-308,3.3156656742994315e-308,2.965566362524347e-308,2.282532451464204e-308,1.7433533215906757e-308,4.603542203756102e-308
311,The information I gained from each component of this project differed. The participation in the experiment allowed me to see how execution of a statistical study might look like and the post-study reflection allowed me to think deeply about the study and its design. The extended abstract allowed me to get clarity on the exact experiment design and understand the purpose of the experiment and why it was structured the way it was. The presentation presented all aspects of the experiment and understand its purpose as a component of this class.,1.104734336765738e-308,1.0,4.140312389986696e-308,2.767506155429933e-308,2.0432615054640293e-308,2.4423711143782343e-308,3.230421499067944e-308,2.739458625901852e-308,2.2248634287780514e-308,1.7537971640418756e-308,3.998550970625217e-308
312,"The components of the project provided different types of information: Participation offered practical experience and insights; post-study reflection allowed for personal evaluation and understanding of experiences; the extended abstract summarized key findings and theoretical implications; and the presentation facilitated sharing and discussing these insights with peers, receiving feedback, and enhancing communication skills.",8.98389876753999e-309,3.8316136593896494e-308,3.2124942925676726e-308,1.8183153093597105e-308,2.359157320152451e-308,2.2165173294524167e-308,2.139379233024335e-308,7.351781496992846e-308,1.729164783342194e-308,1.514170725930573e-308,1.0
313,"participation involves collecting data, post-study reflection involves analyzing and interpreting data, the expanded abstract summarizes the study's conclusions, and the presentation offers those findings to an intended audience. Every element has a distinct function in the research procedure and adds to the overall understanding of the study's conclusions.",9.059058833260843e-309,4.087460861149205e-308,3.1745773227753496e-308,1.77820479566219e-308,2.179898980406759e-308,2.1170912005327717e-308,2.12405281504096e-308,5.73470035895873e-308,1.6969692121735055e-308,1.4692155546042843e-308,1.0
314,"I guess they differed in perspective, beforehand knowledge etc. During the actual experiment, there was not much context other than a brief introduction regarding the experiment and instructions in the kit. Afterward, during the post-study reflection, it differed since there was new information to go off from the experiment we participated in. The abstract itself was in the perspective of researchers and the presentation was still informative and more packed with visuals than the abstract.",8.92068878564927e-309,2.575088780778246e-308,3.904005446242573e-308,3.3295943814627226e-308,2.911473593193871e-308,1.0229360387785678e-307,1.0,2.9020404359738424e-308,6.682487195606228e-308,2.8702077099800944e-308,2.1800088847878493e-308
315,"During the participation and post-study reflection, I did not know that there were multiple repeats of the same ratios. In the presentation, we learned about the study this was based on as well as how each value was decided and designed.",0.021881422841625454,0.11806844924320656,0.06287240331049165,0.07351458661879097,0.038818077150480454,0.052165622104169966,0.12014516087330418,0.0419861754486514,0.06036668960859162,0.04581964359017418,0.048218596753372575
316,"The abstract focused more on results and patterns than the presentation. As well as the potential impacts, while the others focused on more of the process.",9.131651467265325e-309,2.869761600226171e-308,3.833305151608898e-308,3.232813018258634e-308,2.5390087298313303e-308,6.106670428000123e-308,1.0,2.7417931813772554e-308,5.207766333861318e-308,2.696638062099759e-308,2.243700967677548e-308
317,"The information I gained from the components of this project differed from each other by providing information about the experiment and doing the experiment. With the participation, I got what the study was about and thought the presentation showed everything tied in compared to the extended abstract.",0.016077784171590195,0.04435934457147049,0.05505287697234525,0.052768323640884525,0.3150661739224476,0.1235922666159815,0.055745664011536224,0.10567765894908111,0.05707917170227164,0.0509715259829174,0.05015241416451661
318,The presentation above also incorporated 3D background graphics which was different from the abstract earlier. The presentation also expanded on each of the different experiments and showed statistical values for the experiments such as p value.,0.0232115130953286,0.2985997002199432,0.055082010571260616,0.06257899579863448,0.03265562879232119,0.041753109516236335,0.06237152500732042,0.036445698284398594,0.04323080696842218,0.034934720469353676,0.04525702309942319
319,I liked how the presentation was formated much easier to understand than the paper. The way the voice and visuals explained it was more straightforward and user-friendly in my opinion. It also seemed more chronological.,1.1001944698102286e-308,2.5892688023512313e-308,3.2271140148652347e-308,7.318038232943627e-308,2.8709692965677583e-308,5.646350148267052e-308,7.705353680957597e-308,2.444568572575633e-308,1.0,4.24541102510652e-308,2.124901338154854e-308
320,"well for starters i really didn't have any knowledge from the participation component of this project, i just knew i was estimating a number. so from the participation to the extended abstract i found out why we were estimating the percent between a 2D and 3D model. in the presentation i learned that viewing angle is not a problem for 3D models, but when you have a 3D graph with a 2D model the perception is skewed.",0.5157537514091077,0.05983084778964554,0.04626640686621286,0.06353181641780378,0.04123621476404332,0.04423784505856593,0.04769587279180584,0.0391462459944031,0.04792643431350111,0.04844041873693256,0.04375819256067118
321,"Throughout this process, I gained different information through completing each step. In the experiment, I felt a little lost in what the experiment was aiming to find out. Through the reflection, I was able to consider my own feelings on the experiment and reflect on the information presented. Then, the abstract gave me a lot more context into the parts of the experiment I didn't understand, like the purpose, methods, and just the workings of the experiment as a whole. The presentation gave a deeper look into the concept of 3D graphs, the design of the experiment, and the results.",0.022718410574320516,0.08821414602043155,0.08262920916246633,0.10860661918967204,0.03895905829596279,0.053775090931280224,0.07328568445267544,0.04188760794726759,0.058145378322609936,0.038493350490304216,0.04474506932385863
322,"I feel at every step I gained a little more information and had a better understanding of the experiment then I did in the step before. Participation- I really didn't understand what the purpose was of it but just answering the ""questions"". Post-Study- It made me start to think about what the purpose was, the different variables, and etc. Extended Abstract- Gave me tons of new information and I truly understood what exactly they were trying to find out. Presentation- Expanded more on what the abstract had already said.",0.015733095714647743,0.06414900161331387,0.07421064100185183,0.05942429195973037,0.07317556915612358,0.11713616789990453,0.057043435091420895,0.08254581523497022,0.054159347346837035,0.04108939559742113,0.06708952731436556
323,"Participating in this study allowed me to experience and compare 3D and 2D printed graphs firsthand. The post-study reflection helped me organize my insights, while the extended abstract and presentation enabled me to share my findings in different formats.",0.3824724010149199,0.06486901597949085,0.04956704148497141,0.0670547893245897,0.044033434572252124,0.04766580082219203,0.05016163281587734,0.04242612534994189,0.05008980265212189,0.050118569062988866,0.047556780927529275
324,"During the participation and post-study reflection I did not have a true understanding of the purpose of the experiment. However, the abstract and the presentation gives an overview of why the study was happening.",0.02074946485147923,0.30324600165186943,0.0574745881509134,0.06441125867197778,0.034883497437007825,0.04646458538031098,0.0682445851980161,0.03913549708620811,0.04675663428382732,0.03605059988347319,0.050639515473361596
325,I honestly did not think that this changed my opinio very much. I think that bar graphs are still very helpful because it makes it easy for people to get a brief representation on what the research looks like.,1.0,1.098392704873629e-308,8.931824371870043e-309,1.1571659075630494e-308,8.14210615353356e-309,8.519024545918174e-309,9.09393107893928e-309,7.72320585255287e-309,9.238673856347337e-309,9.414192553016214e-309,8.473916796619736e-309
326,"Participation in the project provided hands-on experience and real-time engagement with the subject matter, allowing for immediate feedback and interaction with peers and mentors. Post-study reflection offered an opportunity for introspection and deeper analysis, enabling a more nuanced understanding of the project's challenges and successes. Crafting an extended abstract distilled the project's essence into a concise format, emphasizing key findings and contributions, while the presentation highlighted these aspects through dynamic storytelling and visual aids, aiming to captivate and inform the audience effectively",8.97401422164374e-309,3.7324334233251513e-308,3.1724747401894683e-308,1.836943664525248e-308,2.4461588521740897e-308,2.2481969616273145e-308,2.1313354707972617e-308,8.213259284924964e-308,1.737523111497069e-308,1.535463117916838e-308,1.0
327,The participation component is different because it is our personal experience with the experiment. The reflection portion is different becuase were not actively participating in the experiment but we are still learning about it.  The presentation and abstract portions are different because they give us the information instead of us being the test subjects. We get to learn about the results of the experiment,8.751446461642117e-309,2.59264301479346e-308,4.773053677098855e-308,3.294304661235886e-308,3.712205372023179e-308,1.0,8.505692468599155e-308,3.6412036421112786e-308,6.507792414040104e-308,2.6506009617881446e-308,2.3692633805412324e-308
328,"In the participation I was fairly in the dark with information. I didn't know what the experimenters' goals were, how they were going to use the data, etc. In the post study reflection, I didn't learn much more, I simply reflected on the application piece of the study. The extended abstract gave a good amount of information on the study, it gave the why, how, and what next. The presentation gave the results of the study as well as, in my opinion, a slightly more digestible form of the information given in the abstract.",9.0464478034018e-309,4.0060014944231243e-308,1.0,2.798982504484915e-308,2.517920216662779e-308,4.3439186039974253e-308,4.3286774721150567e-308,3.997877419808551e-308,3.010904807371335e-308,1.791528086262818e-308,3.285994277084877e-308
329,"I would say the difference from what information I gained differed the most from the participation to the abstract. From the participation of the project I really did not have any insight on what I was participating in, had no idea what was being studied and observed, what group I was in, etc. From the abstract not only did I learn about the experiment but I would learn the purpose of the study and how the different variables were tested and what was being tested.",0.01688932417421293,0.046710746545378,0.06301274008094757,0.05477667723031738,0.23524241192817222,0.16110286614459446,0.06501887798174485,0.11160061641388999,0.06674531788498478,0.05336011617041364,0.05208351015038648
330,"participation offers hands-on experience, post-study reflection encourages critical analysis, the extended abstract provides a concise summary, and the presentation facilitates effective communication of the project's findings. Each component contributes to a comprehensive understanding of perceptual judgment on 3D printed charts from different perspectives and adds depth to the overall evaluation process.",0.3651873809235538,0.06714245300491567,0.05146216093039951,0.06921395163272077,0.04558175222994539,0.049352975325422516,0.05167915585373719,0.044030197281953086,0.0515310090558833,0.051475421410945826,0.04935893635739849
331,"Participation in the project involved engagement in the experiment and experiencing hands-on practical experiments. Post-study reflection prompted critical evaluation of the project's process and outcomes, leading to insights on areas for improvement and personal growth. Going into the extended abstract required vital findings and contributions in a concise format. At the same time, the presentation focused on effectively communicating the project's objectives, methods, and results to an audience, honing presentation skills.",0.016401046316194337,0.5679924899165236,0.06047416958228466,0.038466402826966964,0.030541014359650065,0.035254559461391624,0.045651310660691814,0.0426734210347226,0.03177386229580462,0.02556499239711765,0.06281500995484866
332,"Engagement in the project facilitated experiential learning and the pragmatic application of acquired knowledge, engendering profound comprehension through active involvement. Subsequent reflection following the study afforded an avenue for introspective analysis, enabling the amalgamation of individual insights and acquired wisdom, thereby fostering heightened self-awareness and personal development. The formulation of the extended abstract and its oral exposition necessitated the succinct elucidation of pivotal discoveries, refining communicative prowess and adeptness in condensing intricate concepts for heterogeneous audiences.",8.948200128012523e-309,3.700187093858907e-308,3.2179608054122163e-308,1.8456255586168637e-308,2.483511830479395e-308,2.2811733357729e-308,2.145888549177742e-308,8.7911034918315635e-308,1.7498773695017595e-308,1.5439405264655087e-308,1.0
333,I thought that the 3D models were easier to estimate the proportion of the smaller column than the online 3D model and the standard 2D graphs while the study shows that the 2D brought about the best results. However I also didn’t know that you could move around the online 3D models.,1.0,1.1502093805400572e-308,8.9478581281901e-309,1.2353873404466523e-308,8.185107983107443e-309,8.792180201902934e-309,9.607570095323216e-309,7.694140005814526e-309,9.76644544389263e-309,9.906166275830674e-309,8.539906784380765e-309
334,"The information from all components differed because of style and information. For style, all parts were presented in a different way (physical, reading, video). For information, all parts presented different information, or new information from the previous parts.",0.014321497554589977,0.035567422156448925,0.037166633200916,0.056984109329418366,0.2720046263113105,0.0846887029153372,0.04146103327511017,0.05836766319560005,0.049155964923794336,0.054833119339171024,0.03642468827988238
335,"Doing the experiment, I did not really think about what I was doing or why. During the post experiment reflection, I realized that the purpose was probably to see which kind of graph is the most accurate. Watching the presentation I realized that I was right, they are trying to see what type of graph is the best.",1.0,1.049966831898552e-308,8.57729964854885e-309,1.0876891159930645e-308,7.96188475486103e-309,8.22765142593954e-309,8.661689866170303e-309,7.57431623906682e-309,8.787541348133957e-309,9.05944281616642e-309,8.25239039252426e-309
336,"The information I gained from the components differ in the way that they were given. For example, the participation was in-person while the rest of the components were virtual. Furthermore, every component of the project had different expectations; most of the components had some sort of written part but whether or not the participants had to watch some sort of media to complete the questions is an example of how they differed.",8.38494806823615e-309,2.049405750716896e-308,2.311754357129556e-308,2.760078772170643e-308,1.0,4.3539639608471243e-308,2.4937312448013966e-308,4.1444886703636018e-308,2.645529216751368e-308,2.8011326264357897e-308,2.2220990770293464e-308
337,The information gained from the components of this project were how different was how the experiment was constructed and what it all means.,0.01583422141810472,0.04049813683164125,0.04178654596071932,0.06458062283030074,0.21453369942130887,0.0994914504677239,0.04549979329847199,0.06418864945927509,0.05381934077433288,0.05951443920851952,0.041228560811180606
338,"The information differed throughout this experiment because I knew little to nothing about how 2D and 3D graphs can either help or hurt when it comes to estimating length, when I was participating in the experiment. To after the experiment and watching the presentation, I now know that the three different graph types used in the experiment had an effect on how you answered the questions. You were either in person or doing it online, so there was a variety of answers.",1.0,1.1010541904686993e-308,8.88390251589816e-309,1.1373647140662567e-308,8.14111023752361e-309,8.49330788688532e-309,8.94034512180985e-309,7.782980941296525e-309,9.028639813056844e-309,9.243449274110135e-309,8.531901811821625e-309
339,I feel like the video explains more about what the study is about and the background knowledge which allows me to understand it more. I also know now what this study is used for and how it can beneficial for understanding 3D models.,0.272504666534258,0.07230747679629444,0.05454979611533431,0.0840151705220318,0.04850841486550864,0.05339367621640757,0.058986836310391755,0.04496186893817501,0.0600085475152319,0.060040759014581786,0.05061426871756452
340,with each step there seemed to be a new focus on what we were trying to accomplish which cause new information to come up for each step. this differed because of the learning i did by partaking in it.,9.54541757327933e-309,2.884581852852206e-308,3.314662630450246e-308,4.738963714913752e-308,4.837687318935487e-308,1.0,4.3833078548957044e-308,3.595671884847371e-308,5.398754531151424e-308,3.6260761366936153e-308,2.67642359892308e-308
341,"I think that they differed in their explanations of the study. For example, I feel like after the presentation I understand the study much more. The presentation goes into the most depth.",9.962728240881033e-309,1.726400969238395e-308,1.612107578909883e-308,6.911864338956862e-308,2.50258177109049e-308,2.783478719846171e-308,2.732033592245787e-308,1.678286403188816e-308,5.919823102129434e-308,1.0,1.4766760966934284e-308
342,The only information I gained was the design of the study. I did not gain any useful information since in reality I was a test subject and did not partake in the actual information side of it all.,0.020453808309957074,0.09556431595697798,0.0574203460109064,0.09301587315111683,0.05160254719501601,0.06809939825163079,0.06358015701978037,0.04923899093596482,0.05662555935375766,0.048904448224348085,0.054725193351350676
343,I realized that the study was to find out what the difference was the different presentation of graphs. What I did not realize is that the 2D should be easier to interpret.,1.0,1.10980040872083e-308,8.735882737150463e-309,1.1748215701693304e-308,8.02237852780219e-309,8.54063007879207e-309,9.19744722247731e-309,7.583050703497273e-309,9.343969621914994e-309,9.499479853070835e-309,8.375867746134174e-309
344,"Participation allowed us to understand how it played out, and post-study reflection allowed us to think more deeply about what we believed was happening from the participants end. Extended abstract allowed us to understand the intent behind the project from a different perspective and presentation let us understand the results.",0.015031200022782347,0.06530188050186377,0.14502308334224906,0.04042084608769964,0.061497672118828596,0.07761699765163069,0.0581140983262884,0.1907583193549812,0.044215500874865955,0.032258602545665385,0.08855797213838795
345,"With each step more of the reasoning behind the design of the study was revealed, which makes since since informed participants could skew data.",0.02173425242732532,0.15251498028633617,0.06120412648838709,0.07326351630076837,0.04468841796016016,0.06084372338441574,0.07890133448762443,0.04700034828201518,0.05824843968226352,0.04554883056098128,0.05965581318462737
346,"The information given during participation was very vague and did not say what the experiment was testing for, which is good. The reflection and abstract explained a lot more about what this experiment was testing for, and I was actually quite surprised to find that I did not guess that that was what it was looking for, which is also good. Finally, the presentation expanded further on the information given before, but now had graphs with the results of the experiment.",0.02665771326229686,0.07614542825912642,0.061559042630745554,0.3868939592132106,0.04437823277048164,0.06599662640468099,0.0807270758313251,0.041695612423257936,0.0821141452459168,0.060396192839530974,0.04506874564928467
347,"When I completed this exercise, I thought it was testing our abilities to read a graph. There was a lot more involved, with reading two dimensional versus three dimensional graphs, for me it was easier to read the 3-D graph.",0.5351026445250545,0.03696676621159336,0.029063229142588142,0.03831684090607101,0.02631812618306944,0.027780442314408096,0.02978155601848839,0.025128104516102114,0.029904615693548624,0.030593587667132854,0.02780452748549837
348,"During participation, I didn't know much about the study. I was given a paper sheet describing the study but didn't read it very carefully. After viewing the presentation and other resources about this study, I know it is to compare how 3D and 2D graphs differ in accuracy of perception.",0.5072689862979546,0.060902628331941724,0.04750735579845673,0.06389906967409992,0.04231903304008054,0.04495767742753679,0.04890603359738316,0.04028816188036523,0.049172487074300865,0.04989560864727377,0.04488295823060675
349,I think the information gained during my participation was minimal. Since we went into this participation blindly it has been nice to gain knowledge from the abstract and the presentation. These two components differed from the participation because it provided us the purpose and the background of this project.,0.014237565035403929,0.04142586397923846,0.055390558247936504,0.06056793450886128,0.09287679250997587,0.4050276014873631,0.06998642663394651,0.06452210465797048,0.08342543485161848,0.0530245211969547,0.040441523298607875
350,It was mostly the same.,9.256208535948727e-309,1.6284402626283e-308,1.568315809770162e-308,7.199435948103525e-308,2.8803515100024415e-308,3.022992210295683e-308,2.479191128783345e-308,1.7289340937611277e-308,5.532693846544131e-308,1.0,1.4639130797083986e-308
351,"I thought the experiment was actually interesting to do and a good hands on experience, and I thought the reflection was a good way to analyze the information about what I had learned in class as well. The abstract and presentation were similar but I was able to get the project into a document. Then the presentation I was able to get oral communication and more visual representation.",0.02019459988329624,0.07138810841358156,0.06746122440783635,0.15276537350027616,0.036395828029955994,0.05353500123809014,0.07401856443609438,0.0370167724527625,0.0623986810475298,0.0382481161885617,0.0380373551128644
352,As this project progressed I gained more information on what the goals were for this project. I also learned more about the methods that were used during the project.,0.017899669275926507,0.052691231715444924,0.052320001380654645,0.07521479093323377,0.12574323798874765,0.12016761331249644,0.05192485170627512,0.07813121715348897,0.055729987060847905,0.05647503559758042,0.05467782435688265
353,The components of this projected differed because with the participation and post-study reflection we didn't really have much information on what the project was being utilized for. After we got the abstract and presentation we were able to have more in depth information on why this project was important and what was beig tested.,8.26405334312079e-309,2.0764930149160294e-308,2.4450631418056657e-308,2.4809598103331973e-308,1.0,4.1396622114087527e-308,2.5566913870545596e-308,4.873596438000344e-308,2.528248118089012e-308,2.5446371990810995e-308,2.3248026075366645e-308
354,"Based on the information that I gained from the components of this project over time, my responses have differed because I have been learning more about the reasoning behind this experiment. Now knowing all about the experiment after watching the presentation I now understand the information.",1.2762892528632394e-308,2.611199273799145e-308,2.003262820551757e-308,1.0,2.5517976164530767e-308,3.3997203732442426e-308,3.1767036431254717e-308,1.891913502838941e-308,4.843918170156906e-308,5.242354682822467e-308,1.882228487843025e-308
355,Some applications from different aspects.,0.014004014144442502,0.053429956571544854,0.05577449185980758,0.03607085650904433,0.07551413164567071,0.05250247679401562,0.03978340446445002,0.2581389815669351,0.033738972065401704,0.03154253111809894,0.09506025914331112
356,"I would say it was different depending on how much information that I was given about the study. Now that I saw the presentation, and know what study was being conducted as well as what question was being answered, I have a better understanding of what was being studied as one of the participants in this experiment.",0.009378079907443583,0.021274740906708944,0.019930834249213228,0.11851340130366592,0.03608077570287602,0.0466385540525575,0.0353342834247695,0.021878335471525328,0.08616151880960372,0.12773681289936265,0.01842382123161401
357,Aspects such as the history of 3D graphics and the fact that studies have show them to be somewhat less effective at conveying information about data than 2D graphics were left out of the initial debrief we received as participants. This is likely because any information such as this being provided at the outset could skew participants' perception of material in the study and lead to a compromise in the data they produce.,0.3710094563247453,0.07839987551843648,0.06078513982644447,0.08242527159953826,0.05427263903209728,0.05755612266676559,0.06147176471306513,0.051555450160360464,0.06210394450446813,0.06283665330660611,0.0575836823474727
358,"It was a very interesting experience, because the research problem is very interesting for me. Following each step, I had good chance to understand the meaning of research. It is a very valuable topic.",0.017573285364070646,0.07755268198697492,0.09463608155134108,0.053759143606471646,0.08129419732193136,0.0901680460609064,0.05969187910853638,0.16066690845698012,0.05184160681291214,0.04258061829599,0.13990588370618412
359,"The information I gained at the very end of the participation was very detailed because I remembered every aspect of the experiment. Doing the experiment was fresh in my mind so I had a very detailed reflection on the experiment. As I did the extended abstract and watched the presentation, I forgot more and more about the experiment.",9.223003964219326e-309,2.927985325479458e-308,4.1454447915611735e-308,3.928344125005079e-308,5.280264410210274e-308,1.0,4.396984961497332e-308,4.4451166566348357e-308,4.994665886852685e-308,3.002815908870944e-308,2.84146357032666e-308
360,"The information that I gained from participation, the post-study reflection, the extended abstract, and the presentation did not differ much from one another. Much of the information that was relayed was consistent throughout. However, I was surprised to learn from the presentation that the difference in answers for the 2D and 3D graphs was not statistically significant.",0.582970862455821,0.05098699342784005,0.04064768320893551,0.053000617816354394,0.03632691945029603,0.038213943770257615,0.04111892176720963,0.034740839911059,0.0415058662939411,0.04204462432000909,0.03844272757827652
361,"From those things which originally came from the point of view of the researchers, like the presentation and papers, it was easier to ascertain what aspect of the study was of interest and what the larger implications of the study would have been. From being a participant in the study, it was easier to understand the study's process and what data was being gathered.",0.017191294362952594,0.06922520581771717,0.14697556079943183,0.0488879634104857,0.07339512892105508,0.1288982422010975,0.08550559379019221,0.17166212533956327,0.05952645468042198,0.040573821670498424,0.07910366977850951
362,"During the participation, I had no idea why we were doing this. Then as I looked at the reflection and abstract I understood why this study was being done. I think it would have been better to read the abstract then do participation.",0.0179715345462265,0.11027632831630325,0.14847647142178658,0.059348668887284364,0.05722949855342297,0.09283094952807151,0.08048635822745395,0.08376133927013805,0.05765944122712646,0.039316054043430276,0.10244685296703421
363,"The actual participation and the study itself are very different. Just in my answers, I know the motivation to complete the task would be different if I had the hindsight I do now.",0.010304149553965561,0.024429739727701013,0.02306187122618693,0.10323406649103911,0.04572385234349101,0.05769871060043374,0.03880290125038258,0.02634664746407818,0.08059561317627367,0.10943041552399292,0.021723190601795693
364,"Most of the information was the same besides the amount of information in certain categories. For example, the abstract had a big focus on methods and data collection while the presentation had a focus on results.",8.790874231936544e-309,2.5211874023958885e-308,3.699607584414784e-308,3.096530849087798e-308,2.6990282911438295e-308,8.060040164152706e-308,1.0,2.7631446994703507e-308,5.737900123961181e-308,2.7518760791149205e-308,2.105980926975758e-308
365,It was fun to participate in this experiment myself. Seeing the back round of the experiment in the video was also neat. Seeing it from another perspective gave me different thoughts then I had going into the experiment for the first time.,1.332876407708444e-308,3.254995750664528e-308,2.668703148638687e-308,1.0,2.193007217067167e-308,3.296305522146637e-308,4.04474415151832e-308,1.950794126512985e-308,4.510663007847989e-308,3.338039177272501e-308,2.032128798888117e-308
366,"All things considered, every element—from active engagement to critical thought, succinct summation, and successful communication—contributes to a thorough grasp of the project. When combined, they strengthen learning, promote growth on a personal level, and increase the project's overall impact and dissemination of results.",8.116254758389017e-309,3.0282635426987903e-308,3.375791708045049e-308,1.882423923569337e-308,3.6671429432437164e-308,2.837793019106184e-308,2.2422982676010683e-308,1.0,1.826613218676167e-308,1.631579590918165e-308,6.813084223120656e-308
367,All aspects of this project were very different and unique. The presentation helped inform me about what I was learning about. The study reflection allows me to reflect on my opinions for the project and the extended abstract allowed me to think about things I normally don't think about.,7.89389525948508e-309,2.7379948592319944e-308,3.625318631394143e-308,1.846331753815143e-308,4.1374634533091094e-308,3.0978224910773175e-308,2.340744607492377e-308,1.0,1.9419159325156697e-308,1.66516401456054e-308,4.593565288778323e-308
368,That the 2D graphs produced more confident answers. People were also more accurate with 2D graphs.,1.0,1.082816514857349e-308,8.59862683719944e-309,1.1416213582280605e-308,7.89748891593916e-309,8.383604004398165e-309,8.965106448171447e-309,7.48557280961695e-309,9.10383275023569e-309,9.247076325477707e-309,8.247786529903373e-309
369,"During different components of the project, more information was given. Due to this, I was gaining a better understanding of what the researchers were trying to test. The participation was very hands-on, but the information was less in comparison to the post-study reflection, extended abstract and presentation. During the presentation reflection, I could piece together the purpose of each component.",0.01412788561799473,0.04810628001290017,0.06129600878717453,0.03967982359581525,0.10373006292311286,0.07719138679313405,0.0437027211423764,0.26301200403480884,0.03965855653956689,0.03439706245333583,0.07079026062051451
370,"I don't remember the post-study reflection or extended abstract, but the participation and presentation differ in that I actually understand, watching the presentation, what the aim of the study was. This information may have influenced the results of my participation had it been revealed prior.",8.949034982128704e-309,3.876893334397168e-308,1.0,2.7920819514896846e-308,2.541352803356651e-308,4.519627120492421e-308,4.353828228976095e-308,4.0262695370088826e-308,3.057948811881086e-308,1.8044833447507642e-308,3.24460250300874e-308
371,"As a participant I was given a task to complete without knowing the ultimate purpose. After reading the extended abstract and watching the presentation, I've learned that there are limiting factors to interpreting 3D data, and what was actually being tested (3D vs 2D in a 3D environment).",0.3469961094705439,0.07669841121246604,0.058007792100738295,0.08206491433356038,0.050284001535006985,0.05458814189497229,0.059933420906788264,0.04781788784297935,0.060061593661995115,0.0598149401074802,0.05410247921806154
372,The participation was pretty much what I would expect. I was surprised having a 3D model in our hand wouldn't make our answers more accurate. The post-study reflection helped remember the process and see different views. They all focused on a slightly different view of this experiment process.,0.034290432007485626,0.06101673952829699,0.03909648319303475,0.08683981786834427,0.029337676425590584,0.03716531507056719,0.042974137465003046,0.028170052365871813,0.04131667338037103,0.03530177637215934,0.03411400260598497
373,"It didn't differ at all for me. Everything he laid out, explained, and showed in the video sums up what I got out of the experiment.",1.217622380488666e-308,2.308329937572235e-308,1.8655922132630273e-308,1.0,2.5458004323067985e-308,3.2692421247800087e-308,3.1126653616624054e-308,1.8138459326191887e-308,5.839540685401318e-308,6.610276781623216e-308,1.740260375826195e-308
374,"I gained more in-depth information about the equations they used and how they were calculated. The results were then shown, which explained predictions and how they felt about the results. For example they were a little surprised that one of the studies did not show more of a difference.",0.022700670855768552,0.0868921627473817,0.06494118086509473,0.08702728842714966,0.05509986864369003,0.06793768586438412,0.06165489145496558,0.05280130505563232,0.055990217702775194,0.04854027544205932,0.05564509070190556
375,I learned a lot more information after the experiment occurred. The participation and post-study did not give a lot of information to us.,0.02547541200386099,0.09194469137361955,0.05982765010004234,0.1802414630284204,0.06317939545177757,0.09345073767846432,0.08606259413257669,0.05496353570810779,0.09044333004427317,0.0785538368667283,0.06070115154441301
376,I think that the project was very similar to the experiment that we participated in. I think that there is a difference in observing a 2d graph with a 3d graph I was was surprised with the results of the experiment saying that there wasn't much of a difference.,1.0,1.180768312037693e-308,9.22039513879638e-309,1.25263591009498e-308,8.39373138486531e-309,8.93312097009576e-309,9.74248945738015e-309,7.923953939141373e-309,9.845077656766287e-309,1.006147291666399e-308,8.786332437184786e-309
377,"Due to conflicts with work, I was unable to participate in the study, and I am deeply regretful of this. The information presented in the abstract vs the reflection however was consistent. Due to my abilities as a learner though, I found the video presentation easier to comprehend.",0.016637938599720178,0.08156476936798607,0.21308991878947173,0.05998717159521517,0.046312093420877394,0.08564563045824349,0.12019354073216464,0.06539528997034104,0.0641920898273307,0.03612249598913458,0.06066255823779307
378,"Participation in the project involves actively collaborating with team members, sharing insights, and contributing to the project's development. Post-study reflection entails reviewing personal learning experiences and identifying areas for growth or improvement. An extended abstract provides a succinct summary of the project's objectives, methods, and findings for a broader audience. The presentation distills the project into a visually engaging format, highlighting key points and outcomes. Regarding 2D vs. 3D graphs, 2D graphs represent data along two axes, suitable for visualizing relationships between two variables. In contrast, 3D graphs add an extra dimension, often depth or color, enabling the visualization of relationships between three variables, providing a more comprehensive view but potentially being more challenging to interpret.",0.30252634708087706,0.06721414911337902,0.052382327981172726,0.06667073448350223,0.04675584126944401,0.04935051247255842,0.050558622940820294,0.04577135682123024,0.050395213364987756,0.050829199581918234,0.050889695100046504
379,ohh actually I would say a lot just because of how each person's story led to a different event. Another reason is that some of the people's stories didn't line up to mine as my experience was different.,0.01005125373629581,0.023228570357719875,0.022306697699327638,0.10305140253700387,0.0443002969981903,0.05673798193679729,0.03756461910685245,0.025310475048424305,0.08465091394408837,0.11341281499409074,0.020736131600549795
380,"When participating, the purpose was able to be deduced, but the details were unknown. The post-study reflection allowed me to think more specifically about the intention of the project, and then the presentation itself filled in the details.",0.015473603686735638,0.06679160838037589,0.16072058245996687,0.0409627411435332,0.060517058349880776,0.07766723704053226,0.05883199380396786,0.17390750640435645,0.04487442314649982,0.032423352466997304,0.08662606608239708
381,"The purpose of the experiment was not clear to me until I completed the abstract reflection. When completing the actual experiment for data collected, I understood the least about the bigger picture of the experiment. While as now, I have a good understanding of the experiment in its entirety.",0.02580494662396062,0.13982582048985495,0.07126411740455692,0.13032172565322828,0.04151194890452276,0.05930977107192132,0.09460750901180363,0.042805051664998726,0.0664307639683091,0.04639428848120982,0.04978028479407876
382,Each stage of the experiment taught me something different. Participating in the experiment i got first hand experience with the graphs. The post-study reflection helped me to really think about how a study like this it’s important. And the presentation let me see more behind the sciences and how much thought and work goes into a study like this.,0.02811562630379805,0.10081390860233669,0.09707527213805306,0.10807515138194013,0.05196101391812871,0.0692275582415093,0.07340239657180025,0.05545463261500951,0.06796387889739722,0.048519127398128296,0.0667447132916818
383,"The information I gained from the components differed because when I first participated I really had no background of the experiment, then the post-study reflection and abstract, I learned a little bit more about the behind-the-scenes of what the experiment was trying to prove.",0.013565105980697403,0.03380955765570403,0.03828505117257017,0.05271542807519522,0.25054230428190244,0.0910798836271794,0.04464224767190268,0.05919701088724158,0.05104185909473328,0.052025328831894466,0.034704891356873435
384,The information I gained from the components of this project does not differ that much because it is almost similar.,8.33347361660644e-309,1.933153590428016e-308,2.150261181905414e-308,2.833030652850711e-308,1.0,4.013411030504073e-308,2.4543055903368706e-308,3.6401185345082326e-308,2.6999344508683995e-308,3.0075402760280175e-308,2.0388695459622895e-308
385,The information I gained from watching the video helped me understand the difference between using 3D and 2D graphs. I feel that they were different by having us use graphical models in person while also online. This had led to possibly making the study even more accurate.,0.44612912947545263,0.05453690840332056,0.04280840864182075,0.060482458715788466,0.038841704501068094,0.04162706969921117,0.04485976883042138,0.036167769309195484,0.04577845021550701,0.046396614260857866,0.04022524779759891
386,"When participating in the experiment, I was a bit confused as to what the purpose of it may be. The post-study reflection helped me to see what each individual component was in the experiment. The extended abstract focused on very detailed explanations of why each graph was chosen and included in the experiment. The presentation, on the other hand, focused on giving more background information and useful visuals to understand the experiment better.",0.022703209353733933,0.11214446099848646,0.19120512339027107,0.08811713750405852,0.047579657418263054,0.07192238885410196,0.08990000355991477,0.058825825487645256,0.06462827540220994,0.04063429783792835,0.06214311718166481
387,"I did not gain much information from participating in this study. Most of the information that I know about the elements of this study came from reading the abstract and this presentation. After watching the presentation, I feel that I know a great deal about this experiment.",0.02265364870927781,0.13330373671691043,0.06107171604463986,0.08355236983009688,0.04748658218500003,0.06483749859489428,0.07494084601212996,0.04820618890223972,0.05992796199121069,0.048065277742979674,0.05955795631552522
388,My reflection of the experiment differed from the results. I think they differed because I assumed the results would be different based on my participation with the experiment.,1.2575690730697566e-308,2.4944092409232547e-308,1.9120597994012153e-308,1.0,2.5036512806655555e-308,3.2589505923063805e-308,3.0585729677044744e-308,1.838508063946246e-308,4.854610063163578e-308,5.474899954614853e-308,1.820341671809862e-308
389,"The presentation explained exactly what the aim of the study was and what was being measured, whereas the abstract was only a shortened version of that. The participation and post-relfction did not give a lot of information, but had me guessing instead of what the researchers where measuring.",9.04136105454751e-309,2.7442859402992105e-308,3.847261357408932e-308,3.2983399808786684e-308,2.6670920484892013e-308,7.20554760790502e-308,1.0,2.7909949158703393e-308,5.823909951361061e-308,2.787042157700821e-308,2.2160190560124507e-308
390,"The participation didn't really offer me much information, personally, However, I think the presentation is much better at explaining the purpose of the project.",0.012264869267832178,0.03393146483842383,0.04428770591862861,0.05813719661879341,0.06445829267160673,0.4221754779566261,0.07005226670083564,0.0459519256088311,0.0986314727359688,0.05095754189890817,0.03128648178287131
391,"It's hard to say because the project was long. But I feel like from participation, I was able to see hands-on how participants do the task in the experiment, and how the experiment is presented to them. I also think that the post-study reflection allowed me to reflect on the project afterwards. The extended abstract gave a longer explanation of the purpose of the study, and the presentation was similar but it was an audio and slides version of explaining the project.",0.014954878308845761,0.06294322504731815,0.2039105430229004,0.040922734618036055,0.057273857611009664,0.08336438729988035,0.06054159829688331,0.1423261633126799,0.04620969555841661,0.03186746469665594,0.07448162519261695
392,"In the post-study reflection, I had the opportunity to reflect on my learning process, identify strengths and weaknesses in my understanding of the material, and consider how the project contributed to my overall knowledge and skills development. This component encouraged critical thinking, fostering a deeper understanding of the experiment topic. The extended abstract provided a concise summary of the project, including background information, research questions, methodology, findings, and conclusions. This component served as a comprehensive written record of the experiments key elements, making it accessible for review and dissemination to a wider audience.",1.1528346770054203e-308,1.0,3.7236061566388275e-308,2.8772332094069703e-308,1.9372724564741673e-308,2.3541070911078154e-308,3.2686681127520996e-308,2.4540315690031446e-308,2.2350853402479885e-308,1.779536918755837e-308,3.352215646704442e-308
393,One thing I noticed was different about this project is that they talk about how they drew influence from another study. You don’t see that too often.,8.447810226175e-309,2.2194164286285463e-308,2.544059307228932e-308,2.4398375614532127e-308,1.0,3.9999683491962436e-308,2.5507632132459157e-308,5.389731828787665e-308,2.459795735207418e-308,2.477591226917758e-308,2.529505660549095e-308
394,The results provided differed. It was quite surprising to see that our results did not match our hypothesis that 2D graphics were better than 3D ones. Maybe the deal was in the way the new generation perceives graphics because we are more involved in the world of digital information and vision than the generations before us.,0.47982453006467823,0.037929386769104075,0.02919528275896704,0.040286373589378144,0.02651708334910303,0.02846866691924018,0.030713830266741852,0.02506679241494254,0.031067653022214328,0.03149213517394603,0.027924627822032602
395,"The participation phase involved hands-on engagement with data collection and analysis, fostering direct interaction with the research material. Post-study reflection offered an opportunity for personal introspection, focusing on insights and challenges encountered during the project. The extended abstract provided a concise summary of the research findings, while the presentation phase emphasized effective communication of those findings to a broader audience.",8.997908365892934e-309,3.940813018133513e-308,3.103819280377523e-308,1.7608276571050084e-308,2.1726132854128944e-308,2.096953687860913e-308,2.0920678362727076e-308,5.795087280378789e-308,1.679160820862191e-308,1.4594581271436663e-308,1.0
396,"Each part of this study contributes differently to the understanding and communication of the experiments findings. 

1) Participation- this was the direct interaction with the 3D bar charts, which allowed me first-hand experience and insights with the experiment; specifically, on its clarity and effectiveness. 

2) Post-Study Reflection- this was my reflection on what I experienced after interacting with the 3D bar charts.

3) Extended Abstract- this was my understanding of the study's purpose, methods, goals, key findings, and final conclusions.

4) Presentation- Final interpretations and results of study.",0.2220740721692764,0.0720104017145718,0.055076888777692165,0.07238131112287781,0.04819078596829424,0.051205546546529486,0.0532604877180281,0.046853031169347546,0.05328873665856771,0.053248197597474144,0.05268499268787364
397,The information that I gained from the componets is learned about the graphs and show different kind of graphs that repersent different meaning.,0.8406181532128845,0.019138862475036007,0.015309634618900305,0.02000742316574065,0.014086708472502306,0.014859661748786878,0.015705475304222075,0.013401535837073198,0.01593599230171367,0.016211537022031222,0.014725015841109215
398,"I learned about the role data visualization had to play in the experiment. 

I now understand the assumptions that the researchers made regarding data analysis.",0.02475859698328041,0.07013898205877081,0.0570778570386528,0.1197214140202729,0.04890036742390779,0.06452791718851915,0.0604577968790669,0.04403892746340832,0.06046631440572263,0.0502749116189502,0.043357846006074396
399,"As a participant, it is much harder to understand the overall design of the study or the implications of the answers. The post-study reflection allowed me to think deeper about the meanings and reasons of the study. The extended abstract and presentation gave me a greater understanding of the design of the study, the reasons for developing the study, and the implications of the results.",0.016994024291736215,0.13427710916088076,0.2305774777721574,0.04532059097198853,0.04346206543240689,0.05485685379035508,0.06482385696568839,0.07245614969266907,0.042038484253925444,0.03012852119310177,0.09314720525832827
400,There was more in depth information given within the presentation than within the extended abstract or the study reflection. The presentation gave information about the background of 3D graphics.,0.3342416245659541,0.07690590350275395,0.05928624030738461,0.08262140593326914,0.05259408650038273,0.05621688552129114,0.06039714977759413,0.04962113573040787,0.061244964322213186,0.06154758787662179,0.055692708246719576
401,The information for this project I felt it was a little more detail with the person explaining through the presentaion in the video since they had to explain the graphs. The participants were the researchers friends or even students which showed that there was not an expecific group selected for the study.,0.18510468151368725,0.07646329360895379,0.058399847749518494,0.0771930210601335,0.052164794459820474,0.05488435828826882,0.056048363224889375,0.05025704254049946,0.05647318739917645,0.056854605193992394,0.05643125709159322
402,"In summary, each component of the project—participation, post-study reflection, extended abstract, and presentation—contributes uniquely to the learning process, facilitating comprehension, synthesis, communication, and reflection. Together, they form a holistic approach to knowledge acquisition and dissemination.",8.085070497765403e-309,3.0630859341626033e-308,3.38833461242509e-308,1.823492166040488e-308,3.3953617567942906e-308,2.697840862992608e-308,2.2197614828227027e-308,1.0,1.7778589628911565e-308,1.580258209795325e-308,8.033276335685875e-308
403,"Each component of the project contributes to the understanding of the research process, from initial data collection to final findings.",0.013753343153575435,0.04867064760245552,0.057098558686435215,0.03645865388111729,0.0863698253929044,0.061820529403261104,0.0401229191507917,0.30553110173467674,0.03503067922171835,0.031402379526431275,0.07943341476736705
404,I got a lot more information from this video presentation. It really laid out what was going on during the entire study and also gave reason as to why the study was being done.,0.02005867238209877,0.0828689588915434,0.051308351290188126,0.10554873008256233,0.03663839144580525,0.05417219337766584,0.12742986357589264,0.036067182035008846,0.07515083625459429,0.05060284617654346,0.04005825191374127
