document_index,document,topic_0,topic_1,topic_2,topic_3,topic_4
0,How do you know whether or not your response is accurate if you’re just making an estimate. Giving the answer after each one and then seeing if you were closer looking at it in 2d or 3d,1.0,4.557150266277675e-309,4.23332029516517e-309,3.29305055783735e-309,3.49800966551214e-309
1,I think this study has a big possibility for confounding variables because it's only being sent to STAT218 students. A smarter idea could have been sending this study out to all students on campus.,9.12036260987759e-309,1.054959165758171e-308,1.0,1.2183489662007227e-308,1.8491027890067794e-308
2,Maybe to explain the experiment better to the participants I walked in completely blind but I feel like it could have had a more thorough procedure.,1.3117228590157894e-308,1.0,9.495204548392077e-309,8.068148573074205e-309,7.713161889650944e-309
3,I don't really have any critiques of the study; I thought it was pretty interesting and it was made easy to understand. One thing that could have made it better was to actually see the results from our class that did the study which I thought would have been interesting to see.,0.04177208691231442,0.04731027182652332,0.07528141368386357,0.5060885478937566,0.07669348255809764
4,"The only critique I have is that as a participant, it was difficult to discern what the different heights were because there were no markings. If there were markings at like 25,50, and 75, it would have been much easier to estimate the difference. Also, for repetition’s sake, I would make each graph appear different, like instead of just one color, make the different bars colored differently, that way, it’s easy to keep the participants attention.",0.688024756104098,0.09698170810466125,0.08351189826778814,0.06359140563184502,0.0678902318916074
5,A critique that I think might have made this study better would be to possibly do a second round of the same students with different 3D graphics. This might give a larger range of answers. It also might show an increase in students' ability to answer the questions quicker.,1.0,4.64081440821992e-309,4.372704356574314e-309,3.38014805902773e-309,3.57139470571557e-309
6,"I think having a very clear introduction into a little bit of what the research is, would help. I felt a little confused when I was filling out the survey/experiment.",0.11000534086921268,0.3109945619224334,0.11028480319473846,0.07973958408158181,0.09313325566364912
7,Something that would have made the study better is having all of the graphs online instead of some online and some in person because at least for me it seemed like it was the same consistancy if I would have done it all online or not. Also it would definitely  save you some time without having to get a kit. I know some other people are visual learners and do better with hands-on experiments but personally I think this experiment could have been all online.,1.0,6.637090324024153e-309,5.471567380949664e-309,4.08373181750217e-309,4.470292979888833e-309
8,I think that the study is very interesting and was not very clearly explained at first. I think that the study would have been better if all the students did the experiment on the same day so that the results are the most accurate as possible.,0.1347365774770012,0.19026339267520392,0.14189522886792943,0.0796061989598326,0.08310017418910198
9,"I don't necessarily have critiques on the study, I feel like it was well-designed and well-thought-out. I do feel like maybe open the experiment to other groups as well since the stats department isn't the only ones using Microsoft Excel.",0.04370927302168346,0.0482517218297326,0.09307975012702847,0.3044191522067082,0.0821422347239487
10,I don't have any critiques. I don't have any suggestions on how to make it better. It was pretty well planned out.,0.05906146563336585,0.07258339116556854,0.08510016543044331,0.5794108131397231,0.09866204650442019
11,"I think maybe knowing why we had to do it before we did it. I heard a lot of people just going through it as quick as they could because they had no idea why we even had to do it. If we knew that we were a part of an experimental design, we probably would put more care and effort into it.",0.1206187744837469,0.3301858357715563,0.09694398634716837,0.06888056539793395,0.07630961536362317
12,I don't have any suggestions other than I didn't really know why or the application of the study until now.,0.08507433762316659,0.11203442249862179,0.13135711089844254,0.13610933686064333,0.12653116054610605
13,I believe that there should be an experimenter present to make sure that subjects follow the instructions closely. I for example used my finger to measure the ratio and just realized that that should not have happened after reading the abstract.,1.2719743206747446e-308,1.0,1.051653172859576e-308,8.206636390563323e-309,8.4498574566299e-309
14,I do not have any critiques. I don't think I am know ledged enough to contribute any significant criticism.,0.05842220201056428,0.07188948082832314,0.08363711299373769,0.585189255061622,0.09567983097927378
15,"I would like to see more confounding variables that ensure validity and reliability of the stimuli. Also, it's difficult to take such a large group of diverse students as some may have learning difficulties that aren't mentioned or addressed in the study.",0.08685064621996791,0.0970865904680973,0.1654511505212243,0.12810494337909498,0.11939625468815175
16,I think talking about this study and conducting this in class would have helped. I think I would have tried to be more precise if I knew more about what this study was for and how we were expected to complete it. I think I also would have felt less rushed if it was in class and not on my own time. I took it right after class and before I had work. Therefore I think I felt a little rushed and maybe didn't think about the differences/ answers I put.,0.1305489606164995,0.3539108492681016,0.10993501357929855,0.08521713168974848,0.09061982112941763
17,I found the in person experiment part of this study to be the easiest. Though it was quite repetitive. That may be part of the point but lots of the questions and graph answers were almost the same.,0.879719617940855,0.039299273150506124,0.03150638524296102,0.023617916152435074,0.025856807513242895
18,"If possible, to obtain a more diverse group, potentially include a larger range for the age group. A majority of the students in STATS are between the ages of 19-23.  In addition, I feel like having a better explanation of the purpose of the experiment. When I was participating in the experiment I was at first confused about what the purpose was and I feel like that caused me to get distracted.",0.11253431024035436,0.10006486503793187,0.20751404980079152,0.0855694789552182,0.08732177821234965
19,"The critiques I have is wondering if the numbers and the graphs and blocks are an accurate simulation and if they are good enough to use for real data, the thing that would have made the study better was having more exact numbers and reasonings to back up the study.",0.5946401211014841,0.1335755236208351,0.10885308458785879,0.07965668002950374,0.08327459066031812
20,"I think the study was somewhat boring to do, I found myself past the second half of the study just interested in finishing it up because I was doing the same thing over and over and over again with very very slight differences. While I dont really have any suggestions I think that it needs to have some more substance or color to it. Possibly introducing some photos or animations rather than just click to the next bland page.",0.08426228395046216,0.1061487321821321,0.12934646292602536,0.15071907945760749,0.12062980991075313
21,"I think that this study could be improved if the participants were more thoroughly informed of what the experiment was looking into. While some may argue that it could have caused biased participation, I believe that I personally would have been more intrigued with the experiment as a whole.",0.10227659427494928,0.1875232153434252,0.15169898555423098,0.08136616719243372,0.10673660980402994
22,I think the study should of sticked two either 3-D designs digital or physical 3-D designs. Another critique I have it that they should of sticked to either just position or length.,1.0,4.80527952522086e-309,4.43715676002579e-309,3.42991786292003e-309,3.62296090636099e-309
23,"It was kind of hard to determine how big/small the bar was from the other bar, it was difficult to calculate the number. I think that's the only critique i have for the study and it's design.",1.0,1.0971478695553014e-308,9.074282174999152e-309,6.09510651821131e-309,6.8390428887611e-309
24,I think they possibly could have explained more to the participant while we were doing the study what it was about and why we are doing it. I was slightly confused about what the experiment was trying to understand and what I was doing until I read the paper and saw the presentation.,1.21327498647002e-308,1.0,1.047480728357835e-308,8.365622694497093e-309,8.581818459495903e-309
25,"I do not have many critiques. I may have been helpful knowing more about the study prior to doing the experiment. Also, maybe opening up the experiment to more students the just stat student would better the results. I know that east and city campus both had kits but was the system the same?",0.12055529713564948,0.11364701504065979,0.1631115973097166,0.10728255747060851,0.08840801529001117
26,"It would have made the study better if subjects were told more about the study before participating in it. Many of the subjects had no idea what the purpose of the study was other than to tell the difference between two bars on a graph. It would be beneficial to give the subjects more information about what the researchers want to gain from the experiment. It would also be helpful to give a few more hints as to what the research question, variables, and hypotheses are in the experiment.",1.0,1.1532566476255187e-308,8.9839351935811e-309,5.95593044800295e-309,6.866561994677616e-309
27,"I think overall the study was good, it was long but the more questions the more data you get. I think it would be better if we could type in the number and not move the bar line it doesn't always land right on the number you want.",0.08361811423766699,0.11949460281413556,0.13386044214920345,0.1303600013251704,0.12377320790080382
28,The critiques that I have is that I had to go to office hours to complete it. As a busy college student it slightly throws a wrench in my plans but I got it done.,0.05598003004076428,0.06832383092014939,0.08079237374537927,0.6003013534800438,0.08942029368718409
29,"I think the only thing that would make the study better would be a little bit more direction at the beginning of the study before we started it. As a participant, I was very confused about what to do and what I was being asked to do. Now that I know the background of the experiment, it makes a lot more sense. When I guessed the point of this study, I was not even close to being correct.",0.11227726730503443,0.21303260846118974,0.12408863079514366,0.08301056690098448,0.09719249870671678
30,"I think this study is really dependent on people's eyes. When you think about the bright colors of the blocks, and how the different heights are being presented I think it is important to know depth perception and color blindness of who is being tested, additionally if they are wearing and prescribed glasses. I also think that having this study done outside of class time, it limits students to get it done within a specific time frame, which might make them rush and skew the results.",0.15184806241451734,0.15106566455088197,0.12422222095008696,0.0671420061073831,0.07168770196679271
31,A larger sample size would have made the study better by giving us stronger evidence to sway one way. My critique once again is I just cant follow the point of this study other than helping in a STAT 218 class.,0.08088842663818525,0.11103544607048428,0.3254000849738096,0.09309749114528308,0.18398823110301848
32,I do not have any critiques for this study and its design. Maybe one thing that I would've done differently is get more students to do this study maybe in like an honors class and see their answers to just a general Stats class.,0.07522201209295978,0.08094113148342055,0.3058323260202875,0.1775446096482193,0.12990639885515734
33,"The abstract was a little hard to understand, and I am still a little confused as to why we are participating in the later parts. I think a more in-depth explanation for this would be helpful (though I could have misunderstood something already present).",1.0806916715661553e-308,1.0,9.656200246198056e-309,7.825475156824516e-309,8.276376904515517e-309
34,"I think they should have made the sliders easier to use. Or have you be able to type a number in instead of a slider. I was unable to get the exact number that I wanted with the slider. 
They could give this survey to children in every grade from 6-12th grade and see how the results differ.",1.0,1.3401910188709346e-308,9.98123783142991e-309,7.269221393256557e-309,7.230832415491884e-309
35,I think the study could have been made better if we had to complete it multiple times. If we were to complete this same experiment once a week with the same bag we could definitely see some differences in the answers given. Maybe 3D answers would differ greatly from one week to another which would further prove that 2D is more effective.,1.0,4.42622125388626e-309,4.15217637380089e-309,3.23500322438018e-309,3.43614747234843e-309
36,"I thought the study was well constructed, utilizing the 3D printers was a good choice. The use of a wide range of ratios helped as well. Sorting through all the graphs sometimes was a little confusing, as they easily got mixed up.",0.8389045288726003,0.048120894259466744,0.043838075993768606,0.0336539580170142,0.035482542857150155
37,"I think the fact that the graphs didn't have any values to measure up against made it really difficult to guess exactly how far the difference between the graphs was. I can't imagine someone every publishing a graph without including numbers on their graph, which naturally makes it easier to read for people.",1.0,6.23155261450538e-309,5.28858737572166e-309,3.99783594928952e-309,4.361188863049975e-309
38,I don't have many critiques for this study. I think that one way it could be better is if the slider maybe had markings to notify every 5 units. I think this would make things a little easier.,1.0,1.3950329150074143e-308,1.0301533281127614e-308,7.464837420319853e-309,7.389059161288914e-309
39,"I don't really have any critiques per se. But I think that there should be multiple groups within this experiment. I think that there should be a group of participants who know about the potential perception issues, and have them work as a control group of such. Rather than all of the participants be unaware of the possible perception issue.",0.12844745929049214,0.19022911377039725,0.11245764560586709,0.13002142325023244,0.09043383246489611
40,"I think just the way it was set up, at least for me, just wasn't enough for me to understand what I was doing. I am not sure how to improve it but I think that having the system in place right now may not always work if that makes sense.",0.5629333677779738,0.1389173063711954,0.09616030071737278,0.06714848932696313,0.0715279650576989
41,"I think one critique is maybe how many graphs we see, 2D and 3D, and there might be a correlation between the better someone does and how many pictures and structures they are shown.",0.7178623419022628,0.08686443813196425,0.07543828954370879,0.058265780825613504,0.06156914959645055
42,I think what would make this study better was more students taking the test. It would help to have a larger group.,0.08219776890703796,0.09856203372438271,0.3545308331199407,0.08309993708230712,0.12653120430827985
43,I feel that we could have got some more information on what the study was about before doing the experiment. I was really confused on what they were looking for.,1.2395844741708074e-308,1.0,1.086849582852427e-308,8.63344311625957e-309,8.808486195583044e-309
44,"I think if the students had known what they were observing and researching that they might have had better results, rather than random clicking.",0.14075061564613792,0.18122152301129982,0.14470781516258885,0.07819710151594168,0.08472451683310085
45,I honestly do not have any critiques of this experiment. It was short and sweet and overall enjoyable to participate in!,0.11485719559250086,0.24839718568958655,0.08618685098551788,0.09149626701267553,0.06721095924846351
46,I think maybe if they do it on younger children that could be interesting. Not in the sense that it takes away from the project or questions at hand. I just wonder what it'd be like or what questions they'd pose if the focus group were younger.,0.0757217446400863,0.09093742010642861,0.3501860653667009,0.08054720721446865,0.12992516925760875
47,"Not many critiques come to mind regarding this study. One thing I would say is I remember when beginning the study most of the examples at the beginning were values such as 25, 50, and 75. Throughout my participation this led me to assume most of the graphs, 2D or 3D, were numbers similar to those rather than numbers such as 22, 56, or 77 for example.",0.6520997449916061,0.10689130294306762,0.09349261025876826,0.07162445438055803,0.07589188742600014
48,I think that they should sample the entire population of UNL students instead of just the kids in stats. I think that the results would be more accurate and apply to the average student better.,9.68314618365137e-309,1.035796208996549e-308,1.0,1.236871002953245e-308,1.5611226921544743e-308
49,I thought the study was set up pretty well. The only suggestion I would have would be maybe trying to reach more than just the stats class to see if those outside of the class would think the same as those within the class.,9.868225579474945e-309,1.0554907690205196e-308,1.0,1.284062054492667e-308,1.518171955036123e-308
50,I feel that using an entry-level statistics course was not the best sample group because of the lack of care for the experiment by the students. Many of my classmates with whom I discussed this experiment emphasized how they just clicked through the answers. This will distort the findings not to be as accurate as they could be.,0.11597914788105229,0.10587485953686294,0.2025624742349329,0.0831256440681635,0.08546235652563403
51,I can’t think of much exactly on what could’ve made the study better other then that they could label and organize things a little better they what they were I just feel like there was little instruction while participating in the study.,0.08026749213352088,0.1279876298338816,0.15636929194301757,0.07977145534299217,0.12868849352458533
52,I honestly don't have many. Maybe the texture of the graph on the 3d printed version could make a difference? Use a smooth texture like it is depicted in the 2d render rather than a bumpy texture.,0.6781424333401194,0.09448689291931117,0.08686067489236685,0.06727832433928393,0.07323167450891858
53,One critique that I have for the study is that students in a rush or not wanting to take the experiment could very easily mess with results from the study if they were to click that they want their data recorded on accident. I think that if you want more control over accurate results for the experiment you have to administer it to completely random/willing sample population.,0.1320448164765292,0.11853777006912528,0.17127553631338666,0.08630985829063596,0.08483650109696857
54,I would say maybe a little more knowledge going into the study. While doing the experiment with the charts I was a little confused. I did in fact understand more after reading about it in the one article.,0.5712587263525181,0.14336509039470524,0.10387417240979827,0.06579960795695751,0.07810594737965622
55,I would say that having more of the experiment packets would be good but the way that it was set up worked quite well. Being able to use any packet and then enter the information made it easy for me and easy to keep it randomized. One thing that might make the experiment more accurate is to put some sort of incentive for whoever does the best that way a student doesn't just randomly put an answer. I am not sure if that happened but I am assuming there is a slight possibility of it.,0.14544360939399792,0.2615521220940266,0.10206957723614747,0.08079871131479957,0.06958922159265747
56,I don't have any real critiques. The only thing that would make it better would be if it was more convenient to take/participate in.,0.060488649904345757,0.07452453547551383,0.08547132633816557,0.5787333361227089,0.0956000340327868
57,"No major changes need to be made. I feel like some visuals on the printed versions could be better, white colored labels, the same color for labels were hard to read and I think it messed with how I answered some things.",0.038337247379559486,0.04705581939014081,0.05777003050264641,0.6775403195180751,0.06790966557287674
58,If we could get a little more information about what is going on with this study. I had no clue we could turn the graphs digitally and I didn't know there was 3D digital graphs.,0.7553442572509416,0.071162494710391,0.06624254400333202,0.05173951256133763,0.05551119147399779
59,"I think that having a little bit more background or instruction would have been nice. For example, I didn't know that I could move the 3-D graphs on the screen (because I wasn't told that they could be moved), and that might have impacted my results.",1.0,5.88563553565835e-309,5.063550998025467e-309,3.89148673190881e-309,4.204165427608587e-309
60,I think clearer instructions on the experiment itself would have been helpful. Otherwise the study was pretty effective at containing the desired data.,1.318825522351563e-308,1.0,9.9536891734783e-309,8.120478052198687e-309,8.06058831183959e-309
61,The only thing  I would have made better is the grpghs because those were kind of confusing to me in what they were showing. This could juts be me and maybe im bad at reading graphs but I just thought that the correlation would have been explained a little better in all areas.,0.6757140995490809,0.10193478682317335,0.08762064103354614,0.06389714942570418,0.07083332316849547
62,I think the study was great. It would be cool to see different age groups do this experiment as well or people who do not have proficient eye sight to see if the notice the distortion of the graphs at all. I really don't have any critiques for how it was done.,0.6806841830411375,0.10854608716710117,0.08499169031762105,0.060683023715105,0.06509501575903516
63,I think allowing people to type their responses rather than using a slider would have given more accurate results. This is because the sliders were largely unruly especially with a track pad.,1.0,1.309492522992575e-308,9.837434908345095e-309,7.07656353779702e-309,7.26722222620867e-309
64,"I don't think that anything needs to change. I wonder why you had to be 19 to have results taken, this is something that all age groups should be able to do.",0.10425044465559784,0.12334347019524315,0.25709856493566813,0.08985822618453791,0.12917119241918107
65,"I believe that having a bit more background or direction would have been nice. I didn't know that I could move around the graphs on the screen, because I was never aware that I could do that, and that could have made my results different.",1.0,6.14012512525161e-309,5.262481584843656e-309,3.99556997212196e-309,4.361101364877017e-309
66,I dont have any critiques for this study. I also don't know what would of made it better.,6.378476033965084e-309,7.63282369235778e-309,1.1320391274407487e-308,1.0,1.44912642214063e-308
67,"I really don't have any critiques for this study, but I would've liked the study better if we could input numbers in the graph comparisons directly, instead of using the slider. At least for me, it's easier for me to just input numbers, instead of messing with a slider until I think it looks either close enough or right.",0.7528466491482082,0.07970553688842157,0.0659990637469518,0.04911154721925517,0.05233720299716323
68,I think that it could be shortened or have other parameters to follow. The context could be set earlier or give more information on the initial experiment.,1.249912061908291e-308,1.0,9.477934236381955e-309,7.81854427541265e-309,7.7828394059011e-309
69,"They should consider making more kits for the students to use. They could make it more obvious that the 3d digital graphs can be turned during the experiment using some kind of visual indicator(arrows, etc.) to signal this, I didn't realize you could manipulate the 3d digital graphs until I watched the presentation.",0.7725556332373589,0.0670456666194942,0.06208537903693979,0.04739036613915622,0.050922954967050744
70,I think that the study should have been conducted in a shorter time frame because the amount of time between participating to all of the reflections was quite long and I found myself forgetting what I did in the previous steps of the study. I think the study would have been better if there was a higher sample size because the low sample size doesn't really tell you much about the actual significance because there were too few people to see the trend.,0.045475447147178494,0.060159315337082,0.10050039671322877,0.28115791785224403,0.14352751475459546
71,I have no major critiques on the study's design. I would suggest expanding the sample size and reaching out to other groups of people (not just introductory statistic students).,0.07638324806557703,0.08466070004498731,0.2658569436716417,0.2023512845293867,0.1401943017884517
72,"I have concerns about the generalizability of this study. If it is only being conducted on college students, then the results can only be applied to college students. To use these results or data in the real world, the study will need to be expanded.",8.664419388688227e-309,9.99622151842164e-309,1.0,1.2732639385054695e-308,1.935684814062588e-308
73,Perhaps it would be better to have a timed portion of picking out the 3D graphics to study visual graphical elements or elementally perceptual tasks on a quicker note.,1.0,4.58808073633377e-309,4.324023739268893e-309,3.349049528526516e-309,3.565477315494655e-309
74,"I think another thing that could change the study is having 2D models going up against other graphs like 3D models and pie charts. There is more than one type of 3D graph. Each is different and provides a different purpose. 

I honestly wouldn't change too much though. The experiment made sense and the information found out in the presentation made everything in the study make way more sense.",0.7621199475677284,0.07090157873944221,0.06479705505122146,0.04915157967074222,0.05302983897086559
75,"I think this study could have been made better by involving a wider group of individuals, not just members of the statistics department and their partners. This small group makes the study less generalizable to the larger population, and this could have been remedied by using a larger and more diverse sample group.",0.05199803959256518,0.06523191199368887,0.5077503785980113,0.06777771920291899,0.1298984428488948
76,For me personally you could have made the graphs represent something that either I understood more or had some sort of relation to college students.,0.7611674060261845,0.07445764733625597,0.06456810537242771,0.0475484885159583,0.052258352749173426
77,i dont have a ton of critiques of the expieriment maybe getting a broader range so you can generalize more but idrk,0.03683224910423946,0.04513690361052849,0.056658156273126724,0.6887250016769547,0.06746557120867143
78,"To make the study better, it could have been randomized more. Also just adding more students to do the study to gather even more data. Otherwise, it was a well done experiment in my opinion.",0.12523297389183,0.19880350737986788,0.14070120777270445,0.0774570781683418,0.08740680495632508
79,It would have been interesting to see if there would be a difference between 3D and 2D digital graphs and if those same graphs were printed on a piece of paper... does technology affect a person's perception?,0.8074679930176774,0.055285508366466216,0.052553788045106097,0.04073186881878422,0.04396084175196611
80,"I honestly don’t know. I don’t have much experience with studies like this, most of my experience is with animals.",0.08905266265590034,0.21217826259865855,0.12353884135951589,0.08596537992783175,0.1024053548210142
81,"Use a more diverse, randomized sample. Like younger or older participants.",0.1112701176226038,0.1020709262591801,0.20726547997627504,0.08166356324362856,0.09073439514495805
82,I feel that it would have been nice to have got more information at the end on what the study was exactly for. I feel that it would have helped me to learn exactly why we did it and what the learning goals were for it.,0.11661538827233582,0.32185177942578747,0.12061235161611891,0.08133800281162101,0.098783489219636
83,"Some critiques I have of the study is that I would've some of the graphs shown, I didn't really understand that and I would've left some of them out.  I would've make this study better by having it be straight forward when people do the experiment.",0.6222639668603679,0.12456279542489139,0.1015418636235719,0.07395427465462405,0.07767709943654466
84,"I do not really have any critiques of this study and its design. When I was taking the test for the study, it didn't really make sense as to what I was doing, but once I finished it and read the abstract, it all made sense as to why there wasn't much information as to what we were doing it for. The only thing that I think would have made the study better would be to include just a little more background information.",0.05591221204450396,0.06401945250256373,0.10641477454277827,0.4185752757342479,0.10222408805046174
85,"I feel like one could lack some randomization, I might be wrong, but I feel like it kinda does a little bit just because some students had the same ones, and I even saw students working together in my class. Another critique could be based on whether there was one class in particular that did better; it could be because they were taught different things, or instructed differently things so maybe just fixing something like that. Lastly, possibly just share more about what it was kinda about beforehand if you get what I'm saying.",0.0736466927382905,0.07300101420825124,0.5148271331035065,0.09438805485545701,0.09095031974473618
86,"I think some of the aspects of the digital study were a little confusing but that could very well have been user error. I think maybe color coding the graphs would be better than the shapes, especially on the digital graphs, just because sometimes it got confusing.",1.0,6.091880335403873e-309,5.21669617584096e-309,3.95490072789909e-309,4.288372633667277e-309
87,I would say people don’t really have accuse to 3D printings of the graphs so they are likely more familiar with the 2D. I couldn’t really do anything but maybe use 3D with them before starting the study,0.7419143291955934,0.07451917055288335,0.06989939783172713,0.054603626514022466,0.059063475905773585
88,"I think that this study was done well for the most part. The only thing I would change is how the models are labeled, because I would get slightly confused at some parts.",0.07367636902213963,0.10508014765252531,0.1252193736251344,0.1820650429107246,0.1290821210995137
89,I think the bar graphs and data ratios could have been simplified.,0.6587105445684909,0.10670773295067115,0.09235907453906425,0.06756591216825057,0.07465673577352308
90,The study was only for stats students so not a lot of generlization. The experiment also was a bit long and I feel like many students would start getting bored towards the end and just put guesses. I would also have assigned bags randomly to students instead of letting them just grab one just so that I don't have a large amount of students with a certain group.,0.13872828228758036,0.11592492075145494,0.16720702980611035,0.08785306784061249,0.08329118156088744
91,"I think it was well-designed, especially with using random assignment. The random assignment assures the results can be valid.",0.13132761034154233,0.4045332298994277,0.09337864052210919,0.08267829198102376,0.06861362636516556
92,"One thing that could have made the study better would be to include different numbers by which the graph is labeled. For instance, you tell the test taker that a certain graph goes by 20 or by 40 to try and see if the number the graph goes by affects the subjects response.",1.0,7.124908187841136e-309,5.82587804174101e-309,4.2714348328805e-309,4.71507556440682e-309
93,"I don't have many critiques as I am not very well versed nor am I an expert on conducting studies in these fields. I think that there were no serious issues with the study, even a minor complaint such as there not being enough kits was mitigated by having the participants share the kits in class, which did not give less then enough time to complete the study since it was during a 50 minute class period and the study only takes around 25 minutes maximum.",0.055569274836668875,0.061582643528717916,0.10240557306293856,0.4275069911673296,0.10008132027890065
94,"To be honest, having the purpose of the study with a deeper explanation would have helped me comprehend what we were doing better. The videos and abstract would be great ways to explain to them what is happening. Going into blindly made my classmates and I confused on some parts.",0.09790206526868134,0.45464203062246294,0.09023955763152429,0.06687697647151354,0.07643148697200443
95,I think that the design should have had a short brief intro like before class started on what the experiment was trying to identify. I think if I knew what I was participating in I would have been more exact with the sliders. I would have been more serious about it and tried harder over all.,1.0,1.5509137619694966e-308,1.058430005022975e-308,7.94582192278015e-309,7.51942357948077e-309
96,"My biggest critique of this study is that the users can move around the digital 3D graphs. If the researchers are trying to mimic previous results where 3D graphs are harder to read than 2D as a control, I would imagine they would need to keep the 3D graphs in one plane of viewing only.",0.7739476284971526,0.0653209494981751,0.0613258534482342,0.04792833877776678,0.051477229778671314
97,"I think that the study was pretty good, and ran smoothly. The only thing I would say is to make it a little shorter, because at the end of it I started not being as particular.",0.07814298264597389,0.10311412072084652,0.12469409304479905,0.16318415713450876,0.12197101488085206
98,"A critique I have is to maybe give more information about the experiment. I had no idea what I was doing. Maybe that was a factor in the experiment, but if I had a slight idea of what exactly I was doing before the experiment I would have been more interested in my participation.",0.04919771175538501,0.6718219247759659,0.034152371681146626,0.031018921815535016,0.027688765061139077
99,"I don’t really understand why it existed in the first place. If I had to pick something that could be improved, I guess I would suggest that the researchers provide a computer, rather than having the participants use their own.",0.14568294830134393,0.17960155743068515,0.1368331696927399,0.08024436123064294,0.10211425571729989
100,I think the study should have been easier to understand going into it. I was very confused what I was participating in.,0.09214846906820019,0.19725704227436205,0.13415894531718894,0.08744539823467642,0.12336776975594894
101,show the total values on the 3D graphs and they could of had use wear things to time how long people sleep.,0.7920517812233482,0.06252379277420866,0.056489686452177466,0.04257572153223007,0.04635901801803555
102,I think that the study would have been better if we could type numbers into blanks instead of the slider. The slider was inconvenient to get the exact values that I wanted to get.,1.0,1.3413670526375013e-308,1.0230196084315697e-308,7.276464186268585e-309,7.35610277625334e-309
103,"I think that the study may be hard to understand or follow for some participants who are not really familiar with these kinds of statistical things. It also confused me a lot. It can be improved by giving some simple background or explanation of the components in the study like ""what is 2D? what is 3D?"" before. Because sometimes one could do the instructions wrongly; not because they made mistakes unintentionally, but because they don't even know what is going on.",1.0,4.572024822694297e-309,4.31932089747239e-309,3.343840343064676e-309,3.541459411336745e-309
104,"I think some things that could have made this study better would maybe have a more selective group of people to read the graphs. By only having participants who have a college degree or some sort of school certification, the results may be different.",0.7452777522731985,0.08427886644891348,0.06881241703804783,0.04823108835802065,0.053399875881819554
105,I think that the study was really well put together. But I wish I knew a little more about the experiment before I participated in it. With my thoughts before hand and what to expect.,0.0895265389341659,0.34395895739157767,0.08745054625805901,0.07081659477946635,0.06842965438980853
106,My critique would be to add more people to this sample and not just people from the unl stats department. I think its important to get people not in higher education to be able to make this experiment relevant to the general population.,0.12812451836959698,0.22956079280730318,0.095160213791722,0.08722741668349332,0.0680755168766289
107,"I think the design of this study is very well organized from what I've learned about statistics. However, I think this study with a small group of classes is fairly accurate. I would like to see more random selection throughout the university or the surrounding population to get to see how accurate it is compared to our study.",9.73861083191076e-309,1.0243480805510187e-308,1.0,1.279070266999469e-308,1.492484162827217e-308
108,"I think replicating another study, Cleveland and McGill closely is bad because the results will be too similar. I think keeping the study close but adding in the researchers own take or variable would help. I think having a random group from many statistic classes is a good representation of most students at UNL.",9.567621129587606e-309,1.009673236417682e-308,1.0,1.291092980012922e-308,1.5080941564693593e-308
109,"I don't have a lot. I'm not a researcher. Maybe the grad student who handed me the kit could afford to not be so rude to someone who volunteered to come in on their free time next time, but I didn't get his name.",0.08392107651569011,0.5291035972252982,0.06624214541639793,0.052190821828898566,0.05463447597990167
110,"One critique I have is that the study might have benefited from a large, more diverse participant group to improve the accuracy of the results. Furthermore, the 3D printed graphs were innovative but could have introduced more variability on the print quality.",0.7903637287057643,0.0626067273099374,0.05694524893061594,0.0438366082764594,0.04624768677722285
111,I think the participation would have been better if it happened at a set time instead of over office hours. Otherwise I thought it was interesting.,0.08123889920339149,0.12303813142694416,0.20212078168020148,0.07609309061146727,0.10570136141618366
112,The only critique I have of this study was that a couple of my graphs were broken when I got them. Just making sure to keep the graphs looking good would make this study better.,0.6876424484768806,0.1005595530981511,0.08387924589272834,0.06231887417308921,0.06559987835915086
113,"This study doesn't provide a lot of real-world examples aside from citing other studies and it makes grasping the applicability a little more difficult to do. I would have loved simply more examples of how this data can be applied to day-to-day contexts, presented in any format, I suppose.",0.018323756127064272,0.021192255113524048,0.8288157945407266,0.02803656048640258,0.042558907092109424
114,"One critique I have is that the sample size seemed small since it was mostly people from the statistics department and their partners, which might not represent a wider group of people.",0.04224867558962079,0.049298915860346675,0.43427548324798115,0.07236730551250158,0.10645169865366938
115,I think this study would have been better if we were informed just a little bit more of what exactly we were doing. A lot of people informed me of being confused.,0.0925686968973586,0.2029327900768997,0.13227102892121967,0.0862525824669997,0.1203525262878989
116,The sample of people from the stats department may not be representative of the general population.,9.118605633620663e-309,1.0232061560916814e-308,1.0,1.1136330036336683e-308,1.61434826401164e-308
117,"I don't really have any critiques of the study itself but more of the timeline of events we completed. I think it would have been more beneficial to participate in the study then in the following week done the reflection, abstract and presentation. This way the participation is still fresh in our minds and not as hard to think back on.",0.03927013570635855,0.046607185832201824,0.07153320944032812,0.3674702644179872,0.09232882790224131
118,The fact that they are using stats students as test subjects introduces issues as stats students are likely to be more acquainted with looking at graphs than many other people,1.0,7.49526406539096e-309,6.087255157127657e-309,4.38430822132341e-309,4.905268863079265e-309
119,One critique is that is is very specific and it has little real life world application to a lot of things. Also another one is that it is not all about accuracy and more so could depend on the user instead.,0.07499322367365444,0.09355761782524472,0.10083245945945003,0.49705836708086176,0.10799095199620967
120,"One thing that could have made the study better would be to include different numbers by which the graph is labeled. For instance, you tell the test taker that a certain graph goes by 20 or by 40 to try and see if the number the graph goes by affects the subjects response.",1.0,6.99795293191493e-309,5.74368994949522e-309,4.23136108786857e-309,4.67617416167526e-309
121,I think the bar graphs and data ratios could have been simplified.,0.6727465813381244,0.10237049008592311,0.08877926620132158,0.0645136753019572,0.07158998707267374
122,"I think that the study was pretty good, and ran smoothly. The only thing I would say is to make it a little shorter, because at the end of it I started not being as particular.",0.0795678609053432,0.10422670147796521,0.126899150005695,0.15712526447133707,0.12328739156663983
123,"I think it was well-designed, especially with using random assignment. The random assignment assures the results can be valid.",0.13113442295662586,0.41055478678637436,0.09318920409303742,0.08305266685792005,0.06868585139467152
124,"My biggest critique of this study is that the users can move around the digital 3D graphs. If the researchers are trying to mimic previous results where 3D graphs are harder to read than 2D as a control, I would imagine they would need to keep the 3D graphs in one plane of viewing only.",0.7681283587599389,0.06722119495457829,0.06279519202947655,0.04917280993541745,0.05268244432058874
125,"To be honest, having the purpose of the study with a deeper explanation would have helped me comprehend what we were doing better. The videos and abstract would be great ways to explain to them what is happening. Going into blindly made my classmates and I confused on some parts.",0.09965809479985313,0.4511146895209829,0.09079390171617159,0.06764306659506561,0.07688236433411336
126,"I think that this study was done well for the most part. The only thing I would change is how the models are labeled, because I would get slightly confused at some parts.",0.07450554319577035,0.10704502582440972,0.12655359342816266,0.17809285904742692,0.12892603281426795
127,"I don't have many critiques as I am not very well versed nor am I an expert on conducting studies in these fields. I think that there were no serious issues with the study, even a minor complaint such as there not being enough kits was mitigated by having the participants share the kits in class, which did not give less then enough time to complete the study since it was during a 50 minute class period and the study only takes around 25 minutes maximum.",0.05819850015570682,0.06407633707499924,0.10701798654946652,0.4147986697439814,0.10305430935040161
128,I would say people don’t really have accuse to 3D printings of the graphs so they are likely more familiar with the 2D. I couldn’t really do anything but maybe use 3D with them before starting the study,0.7549565396391317,0.070783713710347,0.06639926329510837,0.05187773208586425,0.05598275126954868
129,"I feel like one could lack some randomization, I might be wrong, but I feel like it kinda does a little bit just because some students had the same ones, and I even saw students working together in my class. Another critique could be based on whether there was one class in particular that did better; it could be because they were taught different things, or instructed differently things so maybe just fixing something like that. Lastly, possibly just share more about what it was kinda about beforehand if you get what I'm saying.",0.07345250539539454,0.07344921552574818,0.5870450858974464,0.0944842424110173,0.092548046505833
130,"I think some of the aspects of the digital study were a little confusing but that could very well have been user error. I think maybe color coding the graphs would be better than the shapes, especially on the digital graphs, just because sometimes it got confusing.",1.0,6.09495054446169e-309,5.18485326261105e-309,3.92945399476779e-309,4.278834115839194e-309
131,The study was only for stats students so not a lot of generlization. The experiment also was a bit long and I feel like many students would start getting bored towards the end and just put guesses. I would also have assigned bags randomly to students instead of letting them just grab one just so that I don't have a large amount of students with a certain group.,0.13748176994563466,0.11396944993530549,0.17037863774798695,0.08790984227396155,0.08326478234375692
132,I think that the design should have had a short brief intro like before class started on what the experiment was trying to identify. I think if I knew what I was participating in I would have been more exact with the sliders. I would have been more serious about it and tried harder over all.,1.0,1.537612862235395e-308,1.0588645674405565e-308,7.95818447795259e-309,7.511707972251314e-309
133,"I think the design is pretty well laid-out. I suppose of anything, it could be good to get a wider variety in the people sampled, besides STAT218 students.",0.06012311066569553,0.0619264198003815,0.49266990529593546,0.07669650798623796,0.08297089696658298
134,I think that making the bars right next to each other on everything would have help and maybe lines at every 50. I think that would help with more accurate answers.,0.6919641963783357,0.09682448066361105,0.08375966255559923,0.06039370154782896,0.06705795885462507
135,"One critique is that the study mostly used participants from the Statistics department and their partners, which could lead to biased results since they might already be comfortable reading charts. Including a wider range of people with different backgrounds could make the results more general. Also, the instructions told people not to use tools like fingers to estimate, but it’s hard to control that—some may have still done it. It might have helped to track how confident participants felt about their answers, or to include a timed element to see how speed affected judgment. Finally, the 3D printed charts could vary slightly in quality depending on the print, which might affect results too.",0.7531934040762156,0.07374716009016638,0.0672403113099459,0.051323334495785154,0.05449579002788707
136,I don't really have any critiques. Maybe just to have more knowledge during the experiment and what it was really asking me to do.,0.10856651140684437,0.26480969531038717,0.08226470106818616,0.0871950106939466,0.06531254004938011
137,I do not have any critiques for this study. I believe that the study was well thought through and created so that anyone could participation. The breakdown of the experiment was a great aspect that helps with the short attention span of students.,0.05020382279804823,0.05630956077340083,0.08864688454769604,0.46312494013099764,0.08886059462441276
138,"The only critique i have was that i was very confused the whole time. I couldnt understand what my responses were going to be used for, and couldnt tell if they would be focusing on which shape i chose or something different. I think better instructions couldve helped.",0.10765983869546403,0.1630179828903541,0.0910162944506313,0.12110984882902227,0.08072579618840957
139,"I think it is a very interesting study, I think studying the difference in perception based on age category could add a lot of further insight into how our brains develop an ability to perceive the differences.",0.14286565226459896,0.14368034241015434,0.11418617184208377,0.06596047703229996,0.07300579187252383
140,"I think the labeling of the bars could have been better. It was extremely difficult to answer what they actually wanted us too. However, part of me thinks they purposely did this because they wanted it to be difficult for us to tell the proportions of the bars.",1.0,1.039429475889932e-308,9.02117651294425e-309,6.072621489242177e-309,6.835481117933075e-309
141,The studies small and non diverse sample limits widely the results can be applied. A more inclusive participant group would improve its reliability and impact.,6.65482080524005e-309,8.617731142546376e-309,1.9296140050321946e-308,1.252693585277277e-308,1.0
142,I would have more than one experiment to ensure an unbiased result. Test each student multiple times instead of just once.,0.13459537233815327,0.11288400118189082,0.17529552215127087,0.08628484942063586,0.08394473715469473
143,"*

Lack of control variables – If important factors weren’t controlled, it could lead to biased outcomes.

*

Measurement tools – If the study relied on subjective measures or poorly validated tools, results might be less reliable.",7.28737737773031e-309,9.607775936975995e-309,2.1233572070001394e-308,1.335083003161151e-308,1.0
144,The study needed more than direction. I needed to know what exactly the study was going to be calculating. I liked learning about the different between 2D and 3D.,1.0,4.7020645431093e-309,4.43651173954536e-309,3.415845524690036e-309,3.601823407911647e-309
145,"I found the 3D graphs in the bag instructions a bit confusing and unclear. The instructions seemed to direct me to an applet or website to view the 2D version, but I wasn’t sure whether I was supposed to focus on the 2D graphs online or the 3D graphs in person. I think the experience could be improved with clearer instructions right at the beginning.",0.74979050212206,0.07361414744607261,0.06761607919126911,0.05255981473706154,0.05641945650353678
146,I personally learn better from hands on so I believe that the actual the 3D printed graph had a significant advantage over the non physical graphs. I would say that to make this experiment better questions about peoples learning preferences should be included to stop outliers and to decrease a skew in the results or at least find the solution for the skew.,0.7735221949716462,0.06790581439305182,0.0615923777969837,0.04673361704110451,0.05024599579721375
147,"Overall I think this was a pretty solid experimental design. I would maybe gather participants in a more randomized way rather than just in a stats class, maybe college students in general or students in any type of math class.",0.13309484045670908,0.11029391184152937,0.17517348525491258,0.09052776863647935,0.0839144760570151
148,Some critiques that I have is that a person vision was not taken into affect because different individuals may be near sided or have a hard time with eyesight which could have lead to skewed results.,0.3752507681093388,0.11712076556437882,0.08752458088521779,0.061931739879482944,0.06596499780882553
149,"I do not have any critiques for this study and design. I like how, going into the experiment, the participants have little to no information on what they are participating in besides it being an experiment. This keeps the answers and their results authentic.",0.09639938858254585,0.11331726207192876,0.12737801579571503,0.18637991086419955,0.10502752381899731
150,"One critique of the study is that the sample size may have been too small to generalize the results widely. Additionally, more diversity in participant demographics could have strengthened the findings. Including a follow-up or longitudinal component would have provided insight into whether the effects observed were lasting.",6.462232498319405e-309,8.31878674630107e-309,1.78395513358897e-308,1.335275372226921e-308,1.0
151,"My only critique about this study is that seeing all of the background information after we do the study seems a little pointless. If we did the study once before and then once again after getting all of the information, it would be interesting to see any differences.",0.07984875341976362,0.12368026459339501,0.14253990030358804,0.13588169348833165,0.1331724425049593
152,I still don't quite understand the purpose of this study. Like what are they planing to do or use this information and study outcomes for? I know he explained how they want to add even more types of graphs to the study in the future but he never said what they want to use the results for.,0.6541836331067776,0.11932402464086762,0.09267470636624714,0.06310646253551357,0.07071117335059406
153,"I do not have any particular critiques of this study and its design. I thought it was designed fairly well for its purpose, and I am not familiar with exactly how various studies ought to be designed. I suppose that a more random sample could improve the merit of the study. By this, I mean that the sample could have been random students in random classes and/or majors.",0.06151332508470295,0.06566517368561445,0.42339405754688036,0.11470747078583983,0.10416645099700685
154,"One critique is that the sample size was relatively small, which might affect how generalizable the results are. The study could also benefit from more control over confounding variables, which would improve the reliability of the findings.",6.841287459522225e-309,8.75204462114364e-309,1.8553560576653733e-308,1.7845044614848004e-308,1.0
155,"I feel that having a bit more knowledge of what the experiment is for would have made it a bit more engaging. While I knew how to do it and the process, I was still unsure of the reasoning for it all.",0.06151280417914641,0.8011044824162832,0.0417500527137167,0.03545974751938962,0.03373377440926779
156,I believe that this experiment would be better if we were explained what the experiment was for. I had a hard time taking the experiment seriously because I did not understand the purpose of what I was doing. So understanding what we are doing would make this study better.,1.2487680310040656e-308,1.0,9.906273849567627e-309,8.23186672965193e-309,8.04347807104632e-309
157,"The only critique that I have for this study is that it isn't engaging enough. In its defense this is a study about graphs and boring stuff like that, so it is going to be hard to make it engaging to people.",0.6993005946547607,0.09718417481497885,0.08087191249890205,0.05953597403225849,0.06310734399909991
158,I think really explaining what the abstract was for during the first step would help them with better results. I was confused on what the purpose was so I felt as though I did not need to try as hard or get the correct results.,1.0899491393024037e-308,1.0,9.59188588825393e-309,7.749910344535203e-309,8.247618513950535e-309
159,I don't really have any critiques. The study maybe would have been better if at the beginning we were told why we were comparing 2d and 3d graphs.,0.6667217054231588,0.10172734927717678,0.08939920652261625,0.06905828328368256,0.07309345549336564
160,They could have used some more data and tried to be more efficient. If they would have used more data they could have gotten a better idea of the experiment.,0.07338846531387416,0.45620417523397694,0.05774022293533043,0.042211952659562804,0.043867399163100264
161,"The only critique I would have is that I think it should be expanded to students outside of just Statistics. I understand why they chose these students, but I think it would be interesting to see how the data would differ between students in other classes.",0.05482858086134517,0.056434477427295696,0.7052688813127933,0.08116307939619571,0.08043746018213824
162,"I think that this study and its design could have been better with the way that the 3D-printed models were printed. Some of them had weird bumps or errors in their prints, which could affect the results. The way we were able to view the 2D online models could have been different like it would be more helpful to zoom in or move it around more.",1.0,4.65668632659744e-309,4.29554544175212e-309,3.330246893185916e-309,3.517672927912516e-309
163,"The sample size of this experiment could possibly create a bias, because we are getting a large proportion from the same class that is an entry level stats class. Because all of the students are in an intro stats course they might not be the smartest math students. I suggest we open this study up to all students to eliminate all possible biases.",9.516296305209054e-309,1.026109877530081e-308,1.0,1.1025371633920064e-308,1.40636676683626e-308
164,I have not participated in a blind study before so I do not have much to compare to. I would maybe like to know beforehand that they would explain later instead of being confused.,0.09214334631377963,0.19553163214113525,0.13271336592786623,0.08802886625321674,0.12596041401437866
165,"I would say to make the labels on the bottom of the 3D printed graphs different. When I was doing this study, I only looked at the last 4 digits of the graph and realized halfway through that I was looking at the wrong graph because they were labelled so similarly.",0.701173470470812,0.08830624503061876,0.0809491255081174,0.06211830289217459,0.06745285609827725
166,"I don't really have any critiques. I just wish the models were labeled a little bit better, I think I remember accidentally selecting the wrong model number since they were all so similar and then I couldn't go back and change it.",0.06375419700908809,0.07862547892572662,0.08925664211175975,0.563171410917913,0.10001015290903338
167,One critique I have is that using only a few types of graphs might have limited how we saw the full range of data visualization. It would’ve been better if we tested more complex graphs.,0.7067158081735139,0.0912932016458237,0.07829477710792618,0.060063887223309416,0.06363232584942671
168,I do not have any critiques. I think this study was easy for participants to understand and collected good data.,0.026396353273013252,0.031013272266293086,0.04592249839423926,0.7684051635710649,0.05246711127542335
169,I don't have a lot of critiques for the study because I think it has been carried out very well. I do think that presenting some of the information about the guidelines of the research project at the front end of the project would have created better results and had everyone understanding the importance.,6.659012529623955e-309,7.841364954344304e-309,1.240811148594883e-308,1.0,1.563090293301106e-308
170,One critique that comes to mind is the sample size. It may have been too small to draw a very strong conclusion if the study was a lot larger than you would be able to have a stronger conclusion.,0.03785896356204391,0.05013753981560377,0.0881112879225323,0.26040898772700133,0.1519436212633471
171,"One critique I have is that the study could have used a larger group of people to get better results. Also, it would have been better if we had more background information before participating so we could understand it more.",0.034975901229449935,0.042268833911588054,0.074055208787818,0.33059403886010347,0.10335619093301576
172,I would say they need to go into a little more detail about the purpose of the experiment before we do the study so we have a better understanding of what we are participating in. Also trying to compare different types of charts more diverse from each other so that there is more of a significance shown in the data.,0.670569978716796,0.12005096104472128,0.08697593353476807,0.056075190672190696,0.06632793603152393
173,I think the study could use more types of graphs to better understand the impact of 3D and 2D on perception. I also think that having more people participate in the study would show more accurate results.,0.8611174233997536,0.03998082508236009,0.037954392691267734,0.029439794053631094,0.03150756477298744
174,I think that having the digital portion be interactive when looking at 3D vs 2D could have been a great way to eliminate any skewed graphs based on perspective or angle. I also think that doing this study and collecting a larger sample size would be a great way to make the information about perception more generalizable.,0.8338531006151569,0.04769365744519579,0.045263128933775744,0.03529023480160266,0.037899878204268926
175,"It was a very well done study, and I wouldn't have a whole lot of changes to make on the front end, however I would suggest perhaps putting components' (this may be different from the online class to in person) due dates closer together, so that all of the information used in the last assigned component is still fresh in the participants' minds",0.08060304696033822,0.09818704136881268,0.1281730594655341,0.16576603498577405,0.11837718564652117
176,"The design of this study did not take into account the differences in the participants' visual abilities, which may have affected the judgment results. In addition, the inconsistent experimental environment (such as screen size, interference, etc.) may also affect the data. Improvements include adding background surveys, unifying the experimental environment, or using more types of charts to enhance the comprehensiveness of the study.",0.7595441853909991,0.06865411571461312,0.06582631688479838,0.051195193156594,0.054780188852995466
177,I was not a fan of the extended abstract. It was hard to understand and digest the information. I would not mind seeing it taken out of this project.,1.0436041475419474e-308,1.0,9.54257044031752e-309,7.658050140570184e-309,8.310373498353267e-309
178,I do not have any critiques of this study and its design. I honestly really enjoyed the experiment. I liked that they did provide the results as it was interesting to see how others interpret graphs differently and the statistics behind it.,0.6727658543587088,0.10510523846958049,0.0878432442728431,0.06558734020631016,0.06869832269255752
179,I think the study could be modernized. Even the online resources were glitchy and made it hard to work. There needs to be some updating for future research.,0.08240543935989245,0.1333182184059077,0.16086284112872543,0.12876510506788433,0.148742920036469
180,"The only critique I had was to make everything about this study all within 2 weeks, or just 1 event. I had forgotten I even participated because I have such a busy life, so when it came to the abstract and reflection, it made it difficult to answer because I could not access or find the old information on what I had even done.",0.03796197607312391,0.04491744384053338,0.06780589090141427,0.4085647595373085,0.08578173576427713
181,I think giving more information before the class starts would make it better. If there was an explanatory video at the beginning of class I for one would have participated because I would have more clearly understood what I was signing up for.,0.10572946374431481,0.4245238022707514,0.09891175294270949,0.07282280840131414,0.08410428960709668
182,The study could have used more people to get better results. It would also be better if the participants were more different from each other. Like using random selection.,0.07755395495226984,0.10560257239609441,0.3156690538578367,0.09445016280969436,0.2011339359148853
183,There should be a larger pool of subjects tested. I think it would be more accurate if the test was given in one format rather than offering both online and physical test kits.,0.10102523891484756,0.12422453094239513,0.23093330112821606,0.08659682553737612,0.12518514982669712
184,I think the design of this study could have been easier to follow using an applet or something we are more familiar with. It could have made the study easier to see visually on random charts.,0.5320930765979461,0.15790702526872846,0.13349347297624686,0.07884461295261194,0.09766181220446665
185,"My critiques of the study are the population of the participants. I think it could have improved the study to answer the question if 2D or 3D models were better by expanding farther than UNL statistics students maybe to other majors, like arts, or other ages like elementary. I think a more random sample would have been better.",1.0,4.709950871063743e-309,4.398959276954087e-309,3.405103067827287e-309,3.57405095379702e-309
186,"One critique is that the sample size may have been too small to generalize the findings broadly. Additionally, increasing diversity in the participant pool and including more control variables could have strengthened the validity of the conclusions.",6.87354980661889e-309,8.84271261574254e-309,1.955107904469072e-308,1.470712288003699e-308,1.0
187,"I think there could have been more samples shown to us, I remember only working on this experiment for 10 minutes or so, and maybe asking us about more pictures could have helped them to get more accurate results. Overall I thought the study was completed very well!",0.08218769077223215,0.39668274831342737,0.0686104727791496,0.05841486366650872,0.05428651622175955
188,A critique I have of this study would be is it used limited amount of graph types which could affect the results or the comparisons that are being made. What could have made this study better is having more diverse graphs along with a wider participant group.,0.7293922456269828,0.08653928577382165,0.07245809934319065,0.05405369985093801,0.05755666940506674
189,The only thing that I could say was having a better understanding of what was being tested before have someone test it. Otherwise I think the rest of experiment was good.,1.33945637828875e-308,1.0,9.347632619316635e-309,8.3776971491302e-309,7.538954125168554e-309
190,I think they should have limited the study to only in person or online. I think the perception of a 3D object is extremely different online compared to in person.,1.0,4.507144041604155e-309,4.222785656808263e-309,3.27678736611145e-309,3.481832858248845e-309
191,I would have liked more information on the point of view distortion in the abstract. I would also like more information on this study in the abstract as it seemed to all be about replicating previous data than what the study was aiming for.,0.0920075130268925,0.19706902092483652,0.1352019491935505,0.08711364264998223,0.12298549885511474
192,"To me, to effectively critique this study you have to consider the experiments purpose, and the data/results found from said experimenting. If the conclusion aligns with the findings with the research questions, and a example of one of the overviews answered was ""how do 3D printed charts compare to 2D and 3D digital charts"".",6.619590620635095e-309,7.693940898307986e-309,1.2533142818527954e-308,1.0,1.4753779235437997e-308
193,the sample size may have limited the ability to detect statistically significant differences between graph types. The graph type within ratio may have made some effects harder to isolate. Another potential improvement would be to include boarder range of particiants beyond statistics department to reduce possible bias from individual with strong data literacy. Also more trials per participant could increase precision.,1.0,6.934483341782547e-309,5.71739431526069e-309,4.215679513037164e-309,4.6410399226434e-309
194,"I think as a participant, a video or resource from the beginning about the purpose of the study would have been helpful. I wasn't sure what the purpose was and because of this found it harder to complete the experiment without being offered much information about it.",0.08556833548804599,0.5049210989601057,0.07514399295546932,0.0570810239863635,0.06337766557620192
195,The study could have been improved by prepping subjects better. I was fine just reading the instructions but I do think I missed a few key components of how the shiny app works and some answers I gave before I understood could most definitely be outliers and affect the study and significance of the results.,0.09455853254581077,0.11248235955939019,0.23485451984591518,0.08065145903054388,0.10700580531117276
196,"The critiques I have of the study and the design are the way it was set up. I believe that 3D graphs are very complex and hard to view. It is clear that the study was to see how students view the graphs, but it is pretty obvious that the graphs are not clear enough to see the data.",0.821633011063998,0.0529902785157843,0.048363973614423204,0.037387073273418864,0.039625663532375684
197,"Rather than randomly assigning the graphs to be separate or adjacent, it might be better to incorporate the randomization in a way that ensures one ratio doesn't randomly end up being assigned into one category more often than we would expect due to happenstance, just in case. Moreover, the color variation of the graphs might have some unknown influence in how the graphs are interpreted. Given the future implications, it may have been helpful to see how accurate 3-D printed models are when interpreted by the visually impaired, especially considering many blind people do have some degree of vision and may find some use in 2D models to compare to.",0.7959460811003284,0.06255499504323567,0.054529047105708384,0.04162914318795791,0.04534073356276961
198,Some critiques that I have of this study is that they should explain more of the origin of where this project is coming from because I thought that that was really interesting.  I think something to make the project better would be to post somewhere the results of the people in your class so that you can see what you are contributing to.,0.06373406423956667,0.07090008807756583,0.11469234425888399,0.3867048305654376,0.11111447573310143
199,"One criticism is that generalizability suffers from a seeming small sample size. Furthermore absent clear addressing of any confounding factors could weaken the validity of causal conclusions. Using a randomized design, stronger controlling variables, and more participant variety might have helped the study to be better. Furthermore improving credibility would be a clearer definition of statistical tests and technique.",0.012531402410411743,0.016003725448443046,0.03374455829252916,0.034063960992050654,0.7514776258405347
200,"One critique of the study could be that it may have used a limited range of chart designs or participant backgrounds, which could affect how generalizable the results are. Including a more diverse group of users or testing different types of data representations might have strengthened the findings.",7.13179632552675e-309,9.16376674676124e-309,2.0240660816375557e-308,1.5155570556134764e-308,1.0
201,"A critique of the study could involve its sample size, selection bias, or methodology. Improvement could include increasing sample size, ensuring random sampling, or using a control group.",6.76784802965661e-309,8.711477909910056e-309,1.8155935462129506e-308,1.5331520189847274e-308,1.0
202,I think some critiques i have of the study is the length of time in between the parts we participated in. I found it difficult to tie back into the experiment during the reflection and presentation as we participated awhile ago and are constantly learning various information at a large scale in multiple courses at once. I believe it would have had more benefit to participate in these closer together to better retain information.,0.06529410429529589,0.07763050694477938,0.11854928418998856,0.20465799549060013,0.10877267538531435
203,"One critique of the study is that it relied heavily on subjective opinion, which can be influenced by individual biases or screen size differences. To improve it, the study could include a larger and more diverse sample size, control the viewing conditions, and compare 3D graph interpretations with 2D versions to highlight specific differences more clearly.",0.7538760063137234,0.07020943685418676,0.06735841161422203,0.052445121651378476,0.05611102356648924
204,"The study could have used a bigger or more diverse group of people. Also, some things could have been explained better or more clearly controlled.",0.08740906734922184,0.1235058221409667,0.265986988201121,0.10068667014396537,0.21682113209550585
205,one probelm I found with the study is it might not have enough people and more types of people.,0.06458113385269267,0.08732292445651907,0.27455384087042084,0.08825999107477883,0.23374241257716807
206,"If I were the change this study and the design of this study at all, I would change it so that the group of participants was of all kinds and from all over the world. I would like to see lots of them speaking different languages and see if people from different countries have the same thoughts or if they think differently. By doing the study this way, you get lots of different results especially if the people have no idea what they are doing and don't know anybody else in the study.",0.08481968165207944,0.11674993277932698,0.29351107324598535,0.10302122207463357,0.19630777017875536
207,"I think the design of the study makes sense in order to test between 2D and 3D graphs. What could have made the study better was giving it to students during class rather than outside of it so they may not feel as rushed to finish the assignment, therefore giving more accurate results.",0.761119474464262,0.07240019625694842,0.06442705065196448,0.049032989188032526,0.05302028943879278
208,Providing a few practice rounds of questions could have helped. As well as more refined online graphs.,1.0,6.6734810424288e-309,5.478099976346245e-309,4.12533422882187e-309,4.509045685716766e-309
209,"I believe the study is well-designed and cannot think of any improvements on the design itself. However, because participating in the experiment asked for our age range, there may possibly be a correlation between participant age range and participant accuracy/performance (i.e. are college students/young professionals sharper ages 18-25 more accurate than middle age professionals ages 35-45 in the experiment while the former's brains are absorbing new information everyday in college?) The conductors of the study may have already searched for a similar comparison but did not mention it due to lack of correlation.",0.1277622134444347,0.16928143049859837,0.14589323624556447,0.08729347920526229,0.09321142873840665
210,I don't think I have any critiques. I don't see anything that I would change.,0.05275101275235671,0.06470936721320847,0.0764827067775304,0.6135763114115231,0.08729848371890216
211,I think that the experiment could be designed better and measure a different thing that isn’t comparing sizes based off of the other size of something. It could have been designed to describe what could be seen from what angel or having all the levels be on one measurement scale.,0.08482476154620512,0.5762112527201387,0.05965102239223818,0.04786312397321138,0.04643663916120504
212,I have no critiques for the study or its design. I think the study did a very good job with how it was designed.,6.841525828124707e-309,8.03947637564292e-309,1.2297898059287706e-308,1.0,1.4017678575091753e-308
213,I didn't love the color we used. I think we could've used more eye-catching colors and less words. That way we wouldn't have been reading off the slides as much.,1.0,1.5171971402439997e-308,1.0393966806450814e-308,7.962069240807643e-309,7.42929720678309e-309
214,I really enjoyed this study. It was well made and not overly complicated to where someone younger couldn't do it.,0.07920675339656533,0.10496429289940505,0.12554572320272983,0.15880985164703512,0.122579747281245
215,"-I think potentially looking at how accurate students (randomized) from STATS 218 classes are able to identify the shorter bar and the 'size' of the bar within 'kits' of just 2D, 3D printed, and 3D virtual graphs. This would've helped determine better the differences between the graphs, instead of having every student get all the graphs when doing the study, it was more overwhelming.",0.7955771257117518,0.06155089274114494,0.05592826622739449,0.04156359312977715,0.045380122189931614
216,The study faces a limitation because its small sample size reduces the ability  to generalize its findings to other populations. The research would have gained stronger results by recruiting participants from diverse  backgrounds to achieve better population representation. The study would benefit from two changes: adding a control group and  lengthening the experiment duration to generate more reliable data about variable effects.,6.464259992369903e-309,8.348863652157585e-309,1.7787159977036846e-308,1.310736789354471e-308,1.0
217,Spreading out the steps of the study over such a long period of time makes it difficult to recall what every step entailed. Doing the steps closer together would have allowed me to provide clearer feedback. Perhaps having the whole experiment proctored instead of not could have altered the results as well.,0.07051626973612257,0.5319209956476297,0.052315717391099865,0.043126821888729044,0.0429456788287226
218,"Would it be detrimental to add more shapes for people to count like a square, triangle, and circle?",0.6932741610727963,0.09267714363483617,0.08374884491339958,0.061998024009426556,0.06830182636954148
219,When I did the experiment I was confused about the circle and triangle. I thought it was about the graph as a whole and not the individual bar that she shape was on,0.825680688382574,0.04615827601174452,0.03796206049767344,0.026490719216162893,0.029908019154594175
220,I do not have any critisims of this study. It was done well and the results show an interesting conclusion.,0.03586578759859492,0.04906877594979788,0.0657238723884621,0.35167978064386146,0.08274030046399161
221,"I don't really have any critiques on the study and its design since as I was tasked with following procedure. But a small thing that I would maybe add or change, would be to simplify / dumb-down the experiment so that the experiment can be applied to a broader group. Or maybe in general just apply the experiment to a broader group, rather than just the statistics department.",0.08588827723669736,0.09190834370258524,0.24531057346433047,0.2112917615205748,0.12820412853769123
222,I would say that one critique I have of the study was that it seemed to be that the instructions provided were fairly vague and could be left as something that was requiring assumption/interpretation of the participant during the actual data collection stage.  I think that something that could have been improved would have been providing clearer instructions as well as specially stating what things were being tested and how the results would be interpreted following the conclusion of the study instead of just basically giving a sheet of paper that had vague and slightly confusing instructions.,0.04982039338893171,0.05684585266357539,0.09832533679560863,0.44059371083928806,0.10156050918715172
223,"I feel as though as a participant, it would have been nice to have more information. I understand that we were not supposed to have much information, in the first place so that confounding variables would be much less. But, I think that we could have had a little more background data - I was very confused when I was completing the study!",0.09811452654448251,0.18621241085006418,0.14897557841596115,0.08299181206820537,0.11808329677166332
224,"Random sampling could’ve allowed for generalizing the results, so that could’ve improved aspects of the study. They could also in the future test if the way they are asked to perceive the graphics changes the results.",0.36082602809348785,0.15069904835879988,0.13686768956861906,0.07512405293501383,0.09177504701375981
225,"Is there a way to observe or have students outside of Stats 218? This would provide large sample sizes and potentially provide a more diverse sample population, since many Stats students are typically STEM majors, and this may be a potential skew to results.",9.4209629111998e-309,1.007584457402337e-308,1.0,1.1339972854319793e-308,1.4463817007380854e-308
226,"One criticism leveled at the study is that it may have had a small sample size or lacked variety, which might have influenced the dependability of the findings. Furthermore, the study design should have incorporated additional controlled factors to avoid bias. Extending the data gathering time or employing mixed methodologies may have resulted in a more in-depth knowledge of the issue.",6.71060325203885e-309,8.64276071271728e-309,1.8661796666724054e-308,1.4437242048280417e-308,1.0
227,"I think it would have been better if we had been given instructions beforehand. If we were given the abstract to read over before the participation component, I would have been way less confused thr9o9ughout the whole experiment.",1.1646656189924056e-308,1.0,9.638527507409466e-309,7.834681420093526e-309,8.058929301297473e-309
228,"One critique is the lack of diversity among participants. I think extending this study beyond the statistics department/students would yield more informative results, as you'll have people will various majors, skill levels, and backgrounds.",9.088564763264624e-309,9.67323979909914e-309,1.0,1.3978228159134296e-308,1.551420239575587e-308
229,"I think not enough direction and information was given to the subjects prior to the experiment. Researchers may have wanted it that way, but I feel like that could've been a reason for people for complete it inaccurately. If the subjects were given more direction that would've made it better.",1.2891548726472285e-308,1.0,1.030621614135086e-308,8.298981741379686e-309,8.23023199644698e-309
230,"I think the study was well-made. However, the design could be improved by giving more information about the goal of the study to subjects before they participate.",0.08182156855966502,0.10112990899808591,0.18013756781354023,0.16228692604943998,0.1381916408112566
231,"One critique is the small sample size, which limits how broadly the results can be applied. The study could also be improved by accounting for individual differences in visual perception and including more realistic data comparison tasks. More detailed control over 3D viewing conditions might also enhance the consistency of results.",0.7817828034748057,0.062423256486419235,0.059632940128490616,0.04646319170776328,0.04969780820252112
232,"One critique of this study is the timeline between participation and the later assignments. Since the tasks were spread over several weeks, it became difficult to recall key details from the initial experience, limiting the depth of reflection and analysis. The study would have been more effective if all components, like the reflection, abstract, and presentation, were assigned closer together or provided all at once to maintain continuity and improve the quality of insight.",0.04980011288882971,0.058417601523665215,0.09301136728397377,0.315538876812714,0.11884724726854516
233,"One critique is that the sample size was fairly limited, especially since many participants came from a similar background in statistics, which might have influenced the results. It also would’ve been helpful to have more diverse chart styles or data contexts to test how generalizable the findings are. Adding more control over environmental factors, like lighting for the 3D printed graphs, could have improved consistency. A wider participant pool and more varied conditions would make the results stronger and more applicable.",0.7662306887336496,0.0700454173440813,0.06339209144281366,0.04875044770094373,0.05158135477851176
234,I do not have any critiques for the study and how it was performed. I think that the results could be better explained in detailed in the presentation.,6.46436642844994e-309,7.79024045350185e-309,1.142241278454069e-308,1.0,1.438549883676861e-308
235,"One critique I have of this study is that the design could have included more opportunities for peer feedback throughout the 3D modeling process. Getting input earlier on might have helped refine the model and avoid some issues that only became clear later. Another limitation was the lack of variation in the tools or software we were encouraged to use—having more flexibility could’ve allowed for greater creativity or efficiency. To improve the study, I think it would’ve been helpful to include more structured checkpoints or mini-assessments to guide progress and ensure consistent development over time.",1.0,4.811873952667e-309,4.45016133985798e-309,3.44745270596073e-309,3.60657883152126e-309
236,"I honestly don't have any critiques of this study. I guess if I had to say something I think it would be when a person completes the experiment and gets to the end maybe have them fill out a small questionnaire. Nothing major, just something like which do you feel you were more accurate on to throw that into the data.",6.97629070848901e-309,7.976905834257103e-309,1.306963174671883e-308,1.0,1.42897577384845e-308
237,I think this study was really good and super instresting to do and take part in. If I could change anything it would be adding more graph bars that are closer in height to get an even bigger variety.,0.6634124297542355,0.10395432623617151,0.09251785099682053,0.0669263265478431,0.07318906646492938
238,"Critiques I have could be that the replication might introduce inconsistencies due to the creative adjustments needed for 3D and printed formats. For example, using color coding and physical identifiers on 3D printed charts may unintentionally influence participant perception. Additionally, the participant pool may not be representative, which could bias the results. The study could be improved by increasing the diversity of participants and perhaps incorporating eye-tracking or response time measurements to add more depth to the perceptual data. A more standardized viewing environment for digital and printed charts might also help reduce variability in perception.",0.8074443988191681,0.056781706385724676,0.05239195214971442,0.0404789840090618,0.042902958636331
239,The presentation had already mentioned this but the small sample size of only 39 participants was a little worrying as it limited the ability to detect statistically significant differences. I think a way of improving this would be to including a more diverse and larger group of participants. Including students from the stats students is great but i imagine this group of students mostly being stem majors. I think it would be interesting to see participants from different areas of study be represented in this as well.,9.712527749472177e-309,1.026848752905957e-308,1.0,1.106339609058723e-308,1.388674882481905e-308
240,"I do think it was a well designed experiment, but the time it takes answering all of the questions is longer than it should be given the question at hand. Making a simpler/simplified test would make it better for us to give all of our attention, but also give more accurate results when done well. Also, the way that the app/website gives us information could be improved, because sometimes the directions were unclear.",0.13449993162880985,0.36153103060124786,0.09820887032677525,0.0872459609556173,0.07145170655033305
241,"One problem is the study didn't really look at how good each person is at understanding 3D stuff, which might affect their results. It also would've been better if they asked people which charts they liked using, not just how accurate they were. Using more real-life examples could have made the study more useful",0.8381448012341592,0.04682462997026267,0.04427040761013756,0.03421663416827228,0.03654352701716815
242,"It is hard to critique the design, because this is the first design I have participated in before, and have gotten this much insight in. However, one way I would critique this study and its design, would be participants randomly selecting the graphs, I think they should  be assigned graphs to make the data more consistent. I also think getting more background on the model aspect, because I was slightly confused on the meaning and relevance on the model at first, and think this could have had a poor affect on the experiment.",0.638034899762219,0.11340434372122057,0.09739107291386069,0.07380349272948032,0.0773661908732194
243,I think that only using the spouse and/or roommate of faculty members of the statistics department may have created some confounding variables considering that those people may also have a deep knowledge of statistics. This also did not allow for random sampling.,9.175629824300807e-309,1.0798668351690006e-308,1.0,1.1723763217100306e-308,1.8989816967865963e-308
244,I have no critiques. I feel for the topic of the study it was done well and fully.,6.42021112354881e-309,7.76534078358759e-309,1.033685479785811e-308,1.0,1.235285284890246e-308
245,The first issue is related to the initial sample taken. It consisted of statistics staff and their significant others. I would assume a large amount of bias in this selection. The study would have been better if the participants had been random and included an academic and non-academic user base.,0.04771124554189418,0.058676428993310686,0.3731058719406732,0.07198145554698808,0.13505608376799547
246,I think that this study could have gone over the overall error and maybe how to approach it in a different way.  The differences between the different degrees of the graphs.,0.7604863823762988,0.07695415006423512,0.06426416566141617,0.047376357570751745,0.05091894432729812
247,More control for potential cofounding variables as this can influence the studies results. This would then strengthen the study’s design. They could have also had a larger more diverse group.,0.09232966568141333,0.12892073432914494,0.2858018509138794,0.09868495936143623,0.1886724696449068
248,"I think that this study was done very thoroughly and very well. I think the only thing that could have made it better is simplifying it (as a person who doesn’t know much about experiments, it was hard to get the “point”)",0.10066523757783225,0.25426389636465635,0.11727204636060834,0.09481917986099454,0.0931619315889859
249,"Some of the critiques I have of the design of this study were they should have a larger sample size. Additionally, I would have included more of the unique ratio comparisons instead of the five to seven that were included to gain more data. Lastly, something that would have made the study better would have been to incorporate people outside of the statistics department to allow the results to be better generalized to the general population.",0.07039717876980316,0.07941099819714148,0.2106307427185631,0.26023228734693243,0.14193187742943905
250,A little more information about the study could be provided prior to the participants engaging in the study.,0.0976142150561959,0.20167542224017923,0.13480224056394807,0.08393030860411867,0.11635543818593468
251,"It needs to be clearly stated that you are comparing the smaller bar to the larger of the two bars, not all of the bars on the graph. The first slide in the experiment where it shows you what you will be doing needs to include all the bars just like the experiment does.",1.0,9.762792134469117e-309,7.949568063444256e-309,5.49093981988569e-309,6.21766594651165e-309
252,"i think the study would have been better if they made the graphs brighter, and more defined so that the subjects could see the graph better. If the graph was larger I think that would help with the online version of the experiment.",1.0,6.95106736866649e-309,5.653605785656017e-309,4.177006250384247e-309,4.590249064589043e-309
253,"I don't really think anything was wrong with the study, they asked questions to get the information they wanted to obtain. I didn't love the way the questions were asked because i was confused at first but eventually got the hang of it.",0.07898192629135649,0.11084963360950942,0.13549415828365835,0.13373694008292783,0.13204371015952815
254,The study doesn't account for discrepancies that are caused to factors other than the difference of a 2d bar vs a 3d bar.,0.7025617321508042,0.08551345464819868,0.08174457727850164,0.06258043885525187,0.0675997970672435
255,"Personally after gaining all of the infromation i have now on the study there is nothing to critique. Moreover to make this study better, i believe that when participants are tested they should be monitored.",7.007039213606587e-309,8.18807498675443e-309,1.330468878047245e-308,1.0,1.541747607542148e-308
256,"I thought that the study was well put together. When I was doing the experiment, I hadn't yet understood its purpose, and I enjoyed the concept throughout its entirety.  I don't have any critiques or advice to make the study better - I appreciate the attempt of replicating Cleveland and McGill's previous experiment.",0.09025513264286653,0.2174211661324527,0.08015928916150836,0.07253006894950478,0.06435863957774247
257,The study could have more specifically studied novice graph readers to focus on a more specific group of people. I also feel that this would make for results that would better pertain to the general population.,1.0,7.63824566490663e-309,6.205246933679867e-309,4.48078344533622e-309,4.92834317244961e-309
258,"I think that having all the graphs have different colors might affect the study design. I'm not sure if it was recorded whether people were color blind, because the shading of the graphs might impact results there, as well. I think it would have made this study better to have accounted for information about color-blindness or to have color-blind-friendly colors on all their graphs.",1.0,6.071567975814146e-309,5.11742477613662e-309,3.867988531521307e-309,4.22113665183642e-309
259,"Learning outcomes - Seeing the same ratios across multiple chart types may inadvertently training participants, skewing results. Showing each ratio only once could avoid this. I found myself detecting patterns of ratios with multiple graphs.",0.8088170220947778,0.06025078380136478,0.05089400197132292,0.038183381169798386,0.041854810962736
260,"For the 3-D graphs, it was hard to tell which one was a circle or triangle based on the first look. Also for the 3-D graphs on the computer, the shading and colors used made it visually difficult to tell how much smaller the bar was. What would have made the study better is keeping the graphs the same color, also having less of a shadow when comparing a smaller bar that is next to a larger bar when the observed bars are far away from each other.",0.743958562117243,0.07649190664309927,0.06933147186091582,0.05280164514258346,0.057416414236158515
261,"In my personal opinion, the results were a little difficult to understand as someone who doesn't have much experience in statistics. However, I think the presentation was able to give a very basic analysis of the results that allowed me to understand more.",0.07676165012208369,0.2542861174397279,0.09148926139916218,0.07530771264985756,0.0750791160991898
262,The only critique I would have for the study is just a bit more clarity. I was not sure at first whether to compare the single bar or compare the whole mass of the two graphs differentiated by letter.,0.6994526964945217,0.0964550974411613,0.08066272380338971,0.060036863654275345,0.06339261860665191
263,"I think something that could have made this study better is maybe reducing the combinations of ratios that were put out in the study. Less ratios could allow for more people to do the experiment, but not have such overwhelming data to go through in regards to figuring out the hypothesis.",0.0959750907549592,0.16725611945341565,0.1663382073191265,0.08726545828529483,0.11276669635627287
264,"Though I thought the study was well made and carried out, I feel something differently could've been done regarding the slider for indicating ""how much smaller."" I'm not sure why but the slider didn't seem like the best option especially when you're trying to get more accurate information.",1.0,1.2410344388712656e-308,9.711271306778997e-309,6.684433929325824e-309,7.121237270166504e-309
265,I would say that the researchers could have made the study a little bit less confusing if they would have worded some things a little bit differently. I also think that they could have use something other than the sliding bar to show by how much the bars on the graph differentiated. I could have been overthinking it but it was a little bit confusing to me.,1.0,1.12453202613271e-308,8.918525003887257e-309,5.973474242215456e-309,6.76847057093383e-309
266,"I believe using more graphs from programs that are used everyday like excel would've made the study slightly better. If we used graphs that were most commonly used, we could have a more accurate result to how 2D and 3D perception are different.",0.8077817604578964,0.05502239421773892,0.05241551749575588,0.04083246906391186,0.04394785876469701
267,"I think there could have been a different way for participants to determine how much smaller one bar was compared to the other. From how I see it, I feel like the sliders aren't the most accurate way to describe the difference in size.",1.0,1.1407110889555284e-308,9.27185424317091e-309,6.342696006545783e-309,6.89927505054452e-309
268,I think the study would be better if the sample size included a larger amount of different people. I also think results would be more accurate if it was supervised.,0.08626597341766326,0.11792779284587256,0.30289585003420744,0.10017167906133727,0.18714838457170013
269,"I do not really have any critiques, i would say that the study could be better if it were expanded to more than just stat students. I think students with no stats background could be interesting.",0.05418301699169975,0.057282169872633903,0.6453001555502298,0.09642332766592455,0.09355896385542312
270,I might have missed it while reading the instructions but I did not know that you could move the 3D graphs around which would have been nice to do. It would be helpful to maybe bold that in the instructions so the person doing the study remembers it. After watching the presentation I thought the UNL study was put together nicely. It would be interesting if they kept doing it how the data would change from year to year.,0.7948787185047442,0.060709663431939904,0.055596634521737694,0.04292894582484257,0.04588603771673562
271,Presenting the information to participants either only through kits or only online would make this study better because there would be fewer variables in the participant's perceptions.,0.12594694635538609,0.28304279511797326,0.13659771402389811,0.08599499231497086,0.10761856353327082
272,Some things I would change would be to make the images a little be more clear to see. I also think this would improve the results of the study. The online experiment was more difficult compared to if you could see the images in person.,0.8379262791680746,0.053797009487935844,0.04256715278454134,0.03125857228807892,0.03445098627136927
273,"I don't have many negative critiques for this study, it appeared that researchers tried to navigate around each limitation that occurred in the Cleveland and McGill experiment. The only critique I would have is in the participation portion, and how the 2D and 3D graphs are set up in order for the participant to look at. I think it would make the study even better and provide better results between analyzing the different graphs if the researchers set it up so that participants looked at a 2D graph and then immediately a 3D graph, back and forth, and so on. It would even be beneficial if they showed the same data in the two different graph types back to back that way researchers could really see how the two different graphs are analyzed and if there is a significant change in 2D to 3D analysis.",0.7221750469900993,0.08298883896053408,0.0748637781792981,0.0580395982163477,0.061932737653721
274,I think this study was good. I like how we went into it not knowing what was being compared so it couldn't have been biased.,0.09162080097843557,0.17470633822953013,0.15209701536892115,0.11123975930028898,0.13051837787590156
275,I think if the bar were more noticeably different and easier to compare that would make the study better. I also feel like the wording of it was a little confusing.,1.0,1.1756521323026914e-308,9.901875132167465e-309,6.416253268274846e-309,7.351171903091503e-309
276,"A notice on the screen that the 3-D models were mobile would have been nice, as I did not realize they were and that may have impacted my estimate and by extension their data. More types of graphs may have been beneficial but I can understand why a smaller sample was easier.",0.8300075897394833,0.050335912992997896,0.046184377512929004,0.03554479382020358,0.03792732593438634
277,I think the darker colors made it difficult to differentiate the bar size comparison which could have influenced the results. I also think a large sample size amongst other people outside of statistics class might allow a more generalized representation of participants and allow for a more accurate outcome.,0.3229905887281426,0.1407901205318257,0.13157792136049834,0.07166429794181473,0.08847287834414606
278,"I think that the actual experiment could have asked the participants more about their own experience with the 2D and 3D designs. Whether they personally thought one was harder to understand than the other. We have data to show which one may have been more difficult, but asking opinions of the participant may have changed how we viewed the results.",1.0,4.477742375420116e-309,4.21406349686144e-309,3.2725585771137e-309,3.48624701243275e-309
279,No critiques. I think involving different colorways would be interesting to see if there is any preference change. Would it cause more confusion?,0.6460495303587728,0.13167903266087932,0.08705808548889642,0.07224495865562183,0.06296839283582967
280,"Some critiques of this study that I would make would be to make it a little more interesting to participate in, I feel like I had a hard time staying focused on this. To make this better I would have made it shorter for the participants and broadened it to way more people so people have less graphs each but have more answers.",0.6966922188647249,0.09795408756343786,0.08130748486075517,0.06039570959206448,0.06365049911901749
281,Some critiques I would have are maybe have different studies. Having different studies can have better results. When its repetitive it can get boring and easy to lose track.,0.08486584812536067,0.10657232901950096,0.12985114939370923,0.14935931369404815,0.1204577281943613
282,Some critiques I have of this study and its design are the specific way in which they collected sample units. I am not sure that either sampling populations would be representative of an entire population or able to be generalized further. The participatory nature of collecting sample subjects may turn out in an oversampling of one population so there should be a larger and more random way of getting a new sampling population.,0.055337482461937336,0.06830636115770576,0.16515748052892038,0.19473915798685162,0.12729156150246734
283,"Don't give so many ratios and combinations, it did make for a confusing study. A little more information to this study would have been better than almost no context",0.09491046966536577,0.18409417725795096,0.1499304196183381,0.08829127649477776,0.11237522913263645
284,"The instructions for the test were a bit confusing - maybe I was just overthinking it. As I've said before, this presentation cleared up a lot of this for me.",1.324300046315155e-308,1.0,9.73551113629295e-309,8.26054723116125e-309,8.0265761012469e-309
285,Something that would have made the study better is using numeric values when determining how much larger or smaller a graph is because each person has a different conceptualization of what the distance of the slider means. I think that this would provide more statistically significant results because it will not be categorical and the researchers could actually compare the numbers the participants are choosing.,0.8731453884199302,0.04190360256509623,0.033528027655951524,0.024693503355190372,0.026729478003831717
286,"I think that to make the study a little better it could have went over why your answer to the questions impacted the results of the study as well as maybe showed a trend, where if the answers were incorrect, show the most common answer. On top of that, the study could of had better ways at retaining the results rather than a software that could be considered hard to use.",0.14101285338015104,0.25627374998949703,0.14153827107197606,0.09099949500205987,0.10937664190181515
287,"Some potential critiques and improvements for the study:

Critiques:

* Small sample size.

* Lack of participant diversity.

* Inadequate control of external factors.

* Potential order effects.

* Limited replication.

* Overreliance on subjective judgments.

* Lack of blinding.

* Unclear data analysis.

* Ethical concerns.

* Insufficient discussion of limitations.

Improvements:

* Increase the sample size.

* Include a more diverse group of participants.

* Control external factors.

* Randomize the order of evaluations.

* Replicate the study in different contexts.

* Incorporate objective measures.

* Implement blinding.

* Establish a robust data analysis plan.

* Address ethical considerations.

* Clearly discuss limitations.",6.318581006293294e-309,8.17744605242929e-309,1.724941945948293e-308,1.2924233451174987e-308,1.0
288,I think being able to use the 3D kit is not exactly relevant because there is no way that universities would be able to provide them for every student. Other than that I think that the study was very well designed and explained.,1.0,4.6692172050807e-309,4.38984233951823e-309,3.401457664471907e-309,3.56768249698347e-309
289,"I would have liked to have heard more about the different colors and how that affected how people viewed the bar graphs. I felt like that component really changed my ability to tell differences, especially with the darker colors. It may have been made better if the subjects could have only viewed the physical graphs rather than on the computer or phone.",0.6893871958842367,0.09522492187857562,0.08534977159050719,0.06204731600002102,0.06799079464665957
290,"I have little critiques about the study and design, and thought that overall it was done pretty well. I will say at first I was slightly confused on the experiment, and it took me a few tries throughout the experiment with the graphs to fully grasp the concept of the experiment. A litte more explanation about our role in the experiment would be helpful and make the resutls consistent throughout if it was understood from the start the role of the experimenter. I also think having some trial runs before offically starting would be helpful in the constisency of the experiment and results as well.",0.11754862601139701,0.27056281593666354,0.08057449991514601,0.077917984273757,0.061544532391780926
291,I think this study could choose other participants other than students. It could make the study result more general.,0.067036663150704,0.08177894563414703,0.44559030955955925,0.07621753131144879,0.13141282996208276
292,I think this study should have had more reps to create a larger sample size. I would've made more examples to make the sample sizes bigger. I felt this experiment was done pretty well overall.,0.10062921561549841,0.15987516227280948,0.16816552451675715,0.09009685233203023,0.11083481743197383
293,"I don’t have any specific critiques, but if there was any way to make the study more assessable to more students that would make it better.  Also making it easier for students to actually take the study.",0.06757003729862596,0.07401397866096013,0.12210456357909805,0.36918491144633997,0.11427231188953156
294,"The first thing is the lack of clarity in subjects, limited diversity, or not enough integration between components. Additionally, the study might have benefitted from way better feedback",0.02438875526341404,0.0323641750377836,0.07197815549007931,0.04251707540024775,0.5372842860739722
295,"The physical objects in the experiment were not very stable. One of the test objects was broken, which means the online version might be a little but stronger. Either way, neither the blocks online or in person are invincible. They both need to improve the strength in stability for the benefit of the student. Key word: student, that is sacrificing their time and tuition money to participate in this experiment. This must happen as soon as possible.",0.15659219857331247,0.15400622274849524,0.10899469312598883,0.06306739871538625,0.06638582713119472
296,"Honestly, there weren’t many critiques since this process is likely how I would do it too. Adding more graph types could be useful, and maybe providing a bit more instruction would help make things clearer.",0.6635883836145644,0.10415767413526213,0.0895066988639424,0.06959319315041927,0.07315405023581201
297,Critiques that I have about the assignment is that when I was in person with the 3D graphs that I had no measurement context about how big each graph was. So if I did the study I would've have some form of measurement for the graphs so there's a possibility to tell which graph is bigger.,0.6633339128947607,0.10146234594825787,0.09034599072066779,0.07035039949735876,0.0745073509389548
298,One critique I have for this study is to make all the graphs online and in person the same color. If all the graphs are the same color that would remove a variable that is possibly affecting the data.,0.7488800223528131,0.08208093973832332,0.06666656871513786,0.04965068336986448,0.05272178582386122
299,I just don’t see how this experiment will better anything within the scientific community. It think all experiments should either better with science or human life in a significant way or they are a waste of time. If they could better explain we’re understanding this difference of inference can help people.,0.07603375777302408,0.6982772597549993,0.05894035787200455,0.051294379346305444,0.047278462452216306
300,I think that it does not consider limitations in age demographics. There is a possible oversaturation in young adults when age could be a variable in how people perceive 2D vs 3D graphs.,0.7619483207493969,0.06784620257477082,0.06480934331509913,0.050814373079841955,0.054581760280891074
301,"I don't have any major critiques, I guess I would have like if after the experiment you could see the result and see how your guess you made. How accurate you were from what you thought which shape was larger or smaller. I think it would be interesting to see your result and how after reading the abstract or watching the presentation match the result from both graph.",0.6803133175399972,0.09720531984015233,0.08553253230877536,0.06642124069541765,0.07052758961565744
302,"I personally do not have much critiques of this study, as by going through the process myself, I was able to evaluate and understand why this project was done through different steps. I thought that the study itself was pretty easy to understand as a participant- and one that many others can be involved in without it being to complicated to understand.",0.04848477171298371,0.05565924218850386,0.08982727237268784,0.45816477498481806,0.09500974161556215
303,I think the color of the graphs should have all been the same. I also think that the 3D graphs should only be interpreted using the physical kits.,0.8160052352437545,0.056235527868792906,0.049028301134167306,0.0378062275021923,0.040924708251093
304,I think that some questions should be multiple choice to see if people were just guessing. I do not have any other critiques.,0.061750831109446847,0.07512244221351344,0.08770157157248362,0.5757541484496301,0.0944888885284468
305,I believe that providing a explanation as to why we being shown the models at beginning of the experiment would have helped. Not knowing why made me lose interest personally and knowing would have provided clarity.,0.08236606546095009,0.5028181274893389,0.06592005074212265,0.05098604981727938,0.054626810403280955
306,"The study could have controlled for outlines on the graphs. The 3D rendered on a 2D plane graphs had outlines, when that could have been expressed with shading to control the rendering style. The 2D graphs did not have outlines.",0.7208754319030867,0.0802807350034559,0.07552410456580094,0.05923846456974731,0.0640812639579091
307,I don't think this study was very important or had much of a purpose. Looking at graphs is something people do daily and the study just didn't make much sense. I think an in-person study would've been better.,0.7709448279496692,0.07658010653311999,0.061437550209092445,0.04326599976944564,0.04777151553867264
308,I thought maybe having a larger sample size would have made the study better. This would have allowed the study to gather more information producing more accurate results.,0.09509762143799741,0.12612743506089963,0.30253812485619547,0.09443151951307335,0.1667060093600848
309,I found the sliders annoying to use. When I tried to pick something like 20% the slider tended to snap to numbers like 19 or 21. This meant that I gave up trying to select the exact number I wanted. In the future they could redesign the website so that you can drag the bar OR type in a number. This way you can manually adjust the what the bar says.,1.0,1.2378601579224315e-308,9.564921335557293e-309,6.8582962725635e-309,7.03154217459221e-309
310,"My critique of this study is that it is hard to generalize to the public, since the population contains of only students from Stats 218 classes at the University of Nebraska-Lincoln. The study would have been better if it had been administered to a broader population.",0.04665384633261048,0.05301756301750718,0.698987964957134,0.06342311960810669,0.09346914938855647
311,"I think that the study could be improved if the experiment pool was larger. Since the study focuses on stats students, the population isn't very representative of all students or all people.",9.798066976426206e-309,1.077510361621903e-308,1.0,1.169671541282088e-308,1.525674081422308e-308
312,"To provide critiques and suggestions for improvement, I need more details about the specific study you are referring to. Please provide information about the study's topic, methodology, and any findings or conclusions it presented.",0.037791216591523034,0.04578797198466923,0.0767035345791504,0.38907520707729154,0.12157031464030554
313,The results would be more useful if the sample size was increased and the number of participants was diversified to include people with different backgrounds and levels of statistical expertise.,0.03942398806386343,0.05252713836668654,0.1860065786928912,0.06037361057802323,0.20629198556646886
314,"Besides the technical issues, I would've also collected data on whether or not a student had a strong sense of 3D visualization skills. I'm not sure how the data collection turned out, but I believe it's a factor that could influence the outcomes. For the study itself, I can't determine any critiques regarding it. It was simple, and the follow up questionnaire, abstract and presentation was also good.",1.0,4.722225769240453e-309,4.3983536011891e-309,3.410675490471335e-309,3.580748982142895e-309
315,"I think using a larger sample size would've been beneficial, but otherwise the study was well thought-out.",0.08570882301724,0.12522621979769386,0.22052439548915703,0.0922436148244939,0.14955346277688275
316,I believe that it would have benefit from having another part with markers. As this is more accurate to who we would see both 2-d and 3-d graphs.,0.7963397559829933,0.061734836353590436,0.055010925694983344,0.04159542645958227,0.045319055508850625
317,Some critiques I have is maybe a little more information on the study in the beginning. Also possibly having everyone do the in-person portion or everyone do the online portion to not mix.,0.08577358856754592,0.10406057924053817,0.13146024159175643,0.15510758446510656,0.11470437456203313
318,I think that the study did not incorporate human error or eyesight into the experiment. I think what may have caused so much standard error in the experiments is peoples lack of judgement.,0.07411074131845359,0.46811772159625714,0.06029205987990809,0.04693628511613054,0.046126467339188536
319,Some critique I have is how it was sometimes challenging to identify the shapes. Having a different way to highlight them could be helpful. I also thought that the online model could have been made simpler with its UI design in the slider.,0.6650784755962914,0.07198622777922993,0.06011144707846108,0.046114691741426496,0.048843519594833754
320,"i like that it was made accessible for the kids doing online classes, however i think the data should have only come from either in person experiments with the 3D printed graphs or from the online 3D projected graphs. there could be different answers for both and could skew the data.",0.7863372709421852,0.06366889135639603,0.0579572849229434,0.04445936149000602,0.04757719128846936
321,I think this experiment would benefit from clearer instructions. It is hard to give accurate responses when you are confused and unsure about the experiment.,1.2941483095404866e-308,1.0,9.303941182826444e-309,8.069402070448613e-309,7.57488869382486e-309
322,"I really don't have any critiques for this study and its design, I liked the way it was set up and designed. The only possible thing would seeing maybe if they had to type a numerical value in instead of move the bar if that affects the responses.",0.03807359770459599,0.043294651964369636,0.06875698103711508,0.6566831844243649,0.06887934997741872
323,A more detailed description of the methodology and experimental setup could enhance the study's transparency and replicability. Participant feedback during the study design phase could have also provided more insight.,0.09828852458955215,0.2033267961423933,0.13433612842479276,0.08357220376960493,0.11485397172403337
324,I believe that the design of the study should also include the use of a third data set on the 3D graphs. This gives more reason to use the 3D graphs and would allow the experimenters to see if it is an effective way to implement response variable data.,0.7931942003592949,0.06127081249953647,0.05598096431001899,0.04336009178450366,0.04619393104664595
325,I think that the abstract was more confusing than the presentation. I think that the presentation could have been shown to help me understand even without the abstract part of the assignment.,1.07293186810133e-308,1.0,9.549521666276816e-309,7.712546169785396e-309,8.240199218229247e-309
326,"While the study provided valuable insights, its design could have been strengthened by incorporating a larger and more diverse sample size to enhance generalizability. Additionally, a longer duration of data collection might have captured more nuanced trends and variations over time. Finally, implementing control measures to mitigate potential confounding variables would have bolstered the study's internal validity, ensuring more robust conclusions.",6.45927720861314e-309,8.379616524891493e-309,1.720332049806237e-308,1.352029619712359e-308,1.0
327,"I have no critiques, this study was well organized and I thought it was well thought out.",6.31811956172739e-309,7.624934128499907e-309,1.070823914407591e-308,1.0,1.3216626740344507e-308
328,"I think it would have been beneficial for the researchers to get more information on the participants. For example, gender, major, etc. That way they could look at the variables that may skew the results and draw more specific conclusions.",0.09693432772344229,0.1355418895274743,0.29697425957795287,0.09250872222980312,0.14227175677834808
329,"I think the only critique I would say that I have is how it was tested, for me it was online. With the online participation it made it very difficult and could be biased by having to participate online.",0.06147708680196077,0.07446307540481276,0.08736934198828102,0.5575592703893221,0.09356384545104407
330,"addressing these critiques and implementing suggested improvements would enhance the rigor, validity, and practical relevance of the study on perceptual judgment of 3D printed charts. By refining the study design, expanding the participant pool, controlling for confounding variables, and adopting complementary research methodologies, researchers can strengthen the study's contributions to the field of perceptual psychology and data visualization.",0.7620990331835973,0.0686545663143803,0.06496465108523472,0.0504161439093854,0.05386560550740217
331,"Depending on the number and diversity of participants involved in the perceptual judgments, the study's generalizability could be limited. So, increasing the sample size and diversity of participants, such as including individuals with varying levels of expertise in data visualization, would, I think, enhance the study's robustness and applicability to broader populations. Follow-up studies would be great. Conducting longitudinal studies to assess the stability and generalizability of the findings over time or across different contexts can provide more robust evidence and insights into this experiment.",0.7321849525438002,0.07635550346000214,0.07345486809132941,0.05695528551910177,0.06104939038576637
332,"A critique of the study's design may center on its restricted sample scope, potentially diminishing the extrapolative prowess of its conclusions. Furthermore, the study's efficacy assessment might have been enhanced through the inclusion of a control cohort, affording a more comprehensive evaluation of the intervention's impact. Augmenting the methodological framework with qualitative inquiries alongside quantitative metrics could have yielded a more nuanced comprehension of participants' subjective experiences and perspectives, thereby enriching the study's analytical depth and interpretive breadth.",6.41467067238865e-309,8.243969849106974e-309,1.7599086424053377e-308,1.321940583484492e-308,1.0
333,"I didn’t know that you could move the online 3D models around, plus the estimated time limit for the experiment is too short; I felt rushed.",0.872982594913533,0.037416646860290344,0.03455559652107458,0.02667805129198948,0.028367110413112566
334,I don't feel like there are any critiques or notes that I have for this study. I feel as though everything was very organized and understandable.,0.035827921652248414,0.04291750017087842,0.05932880625211113,0.7711366265017199,0.0735033626483269
335,I would let people know in the beginning what the goal of the experiment is. If I would have known I might have thought more about the numbers I was giving for the size differences of the bar graphs.,1.0,1.073921334550185e-308,8.41247155611462e-309,5.6938777298189e-309,6.557296801882606e-309
336,"I think that other parts of the study should be completed in person, and that there should be more detail about what the experiment actually is when we first begin it. I think this would make the study clearer and could help the participants better understand what they're doing and why they're doing it.",0.12396986619767231,0.3178515558185496,0.11814650779332324,0.07741304496147308,0.09122895937375876
337,I think this experiment was good because it was easy for the experimental group(us doing the experiment) to do.,0.08193270322597362,0.5758787324823852,0.058740903088370704,0.051941750243133335,0.045385606049308684
338,I think it would've made the study better if they showed the correct answer after you submit a response to a question. This will allow participants to gain a better understanding of how far off they are when it comes to estimating between a 2D and 3D graph.,0.9152387766166238,0.024719966909158113,0.023018980817162794,0.01790538667061722,0.019116888986438155
339,I took the online version and I felt like it was really hard to determine the percentage. This was due to absolutely no knowledge and no reference. Maybe in person would be more beneficial for me.,0.1055731808562783,0.21351951586002355,0.10295139344208104,0.08538696161685368,0.08481168027386862
340,i dont think i would critique anything or change a lot. the study was done well and got the job done in the end.,6.40089132487865e-309,7.6051393497868e-309,1.17656036317744e-308,1.0,1.515147856497436e-308
341,I think that more context should be given before the study is conducted. I struggled to understand why I was doing what I was doing.,0.09396841715093115,0.20814769070425215,0.1298078609310527,0.08526679187128225,0.11718686399285826
342,The critique I have with this study is that it is mandatory and all the assignments that go with it is mandatory even though it barley helps to teach statistics. Nothing made this experiment better.,0.05039207793442622,0.0537059732261313,0.3196386174992701,0.05922199682991756,0.06295993417082077
343,"Hopefully students would take their time and try their best to guess right, but there may have been outliers who went too fast and made for unclear data. There could be some sort of incentive to slow down or do better.",0.1316601257410718,0.19600083314228398,0.1416206831217734,0.07564144710091877,0.08467848306302111
344,It may have been more helpful to have us compute the data. This would give us some hands-on stats experience.,0.09609444478801023,0.39479139418275916,0.06069253006489311,0.04919637848849553,0.04691443915855176
345,I have no critiques since this isn’t my field and I don’t know enough about it. I would say that maybe there should have been a time limit for how long you have to answer for each graph. I think that might get a better read on how people initially interpret the graph without giving them the time to make logical judgements about what the correct answer probably is.,0.6523600154393014,0.10843739821822897,0.09255164137321477,0.07145224201712584,0.07519870295212897
346,I do not have any critiques of the study. I cannot think of anything that needed changing in it or would make it better.,6.32148138544944e-309,7.498959664736287e-309,1.1487305235698666e-308,1.0,1.47751102747942e-308
347,"I would add a little more context, but other than that I don't have many critiques.",0.05541909390779928,0.0679511980590989,0.08113773998666497,0.5953814248661573,0.09492842505380043
348,"The only critique I have of this study is the sample. Some students in introductory statistics may just complete the study to boost their class grade, leading to outliers. An upper-level statistics class may have more dedicated students and yield better results.",0.05197519638284278,0.0574081218060884,0.5315995293024324,0.07545326910666719,0.09293435137322989
349,I think that one critique I would give is having the participants take it twice. I think this would help give more reliable and interesting results.,0.09241600172924268,0.11356905963397805,0.11893353554143242,0.1891674483454236,0.10479160413675201
350,Maybe more options for graphs,0.7625723968596675,0.07303884126879,0.064271309390403,0.04776211846624078,0.0523553340148987
351,I think better explaining what you had to do so people didnt get confused and mess up part of the experiment. I think the study would have been better and my results wouldve been better for them if I didnt get confused at the beginning.,0.12384071380300284,0.4069967908999479,0.09297311931457934,0.07161507964482146,0.07480607262071422
352,I don't really have a critiques for this experiment. they could have explained the method of the experiment better earlier in the experiment.,0.11538825462970606,0.25208113076820526,0.08510898153793325,0.08945339006530235,0.0661167015275976
353,I think one critique that I have about the study and its design is that there should have been a little more background information. If the students knew a little more about the purpose of the experiment it would have made it easier for them to actually want to participate in the experiment.,0.12364036654474578,0.1179796650818174,0.15303366507909166,0.10966063041986238,0.08869015512112842
354,"The critique that I have for the study and its design is that the information and instructions when completing the experiment were not very detailed. I was confused when filling out the experiment. To make this study better, adding more information and better instructions would be helpful.",0.08147511507455842,0.1142082897047259,0.12819316171546022,0.1607745767488085,0.11357136199975941
355,The research is very good.,0.09482085275476183,0.2059051570450125,0.13520570298845158,0.11077177839251773,0.11347880057233382
356,the critiques that I have are honestly few. I would say if any prior information of the actual experiment can be given out before it takes place that would be helpful as someone who did participate in this research.,0.10970915255218221,0.27254119634952034,0.08042015284001285,0.082443244192082,0.06303471259494706
357,"The digital portion of the study, particular manipulating the 3D graphics on a screen as well as interacting with the sliders used to log perceived size of the bars was somewhat clunky to interact with. I initially began going through the study on my phone but it had too many issues trying to navigate through it and switched to a computer which was somewhat better. Perhaps specifically controlling for the devices that participants use could help decrease variation introduced by differing screen sizes and formatting troubles.",0.7501934441052348,0.07113453662118668,0.06847745372907009,0.05322322149562469,0.056971344048883835
358,"The value of model and quiz might need a little improvement. For me I feel the give a very detail size in the quiz is very hard, it also not helping with collecting data from people.",0.09533894981363746,0.1061447207172851,0.11914147477331072,0.14951268282028,0.09423285756920603
359,"No serious critiques from my end. I heard a lot of complaints from others that the experiment was taking a long time, But I am sure the researchers needed a big data set to work from.",0.11265360910206344,0.2535226248593494,0.08505647451346421,0.09000215543055648,0.06691359462331097
360,"Something that could have made this study better is if the participants had been told the purpose of the experiment beforehand. It seemed like quite a few of my peers were frustrated with the experiment, and I kept hearing people say ""this is a waste of time"". Given, college students seem to have a short attention span, however, this indicates that people were rushing through the experiment and not providing their most accurate estimates. This may have skewed the end results. 

If we were told what the experiment was about beforehand, we may have put more effort into it.",0.11971144865286093,0.16208752671958426,0.16391190966789182,0.08786341221351711,0.09602727491521494
361,"I would have tried to get more participants, especially those without any connection to a statistics background. This would make the study better because it would give more insight to the general public as a whole, since most people do not work with statistics.",0.06275787550331748,0.08005168083772699,0.43971549767111184,0.07373494287249811,0.13814968304612632
362,"I think you need to add some sort of payment for the students to do this study. Without this then they will start guessing as the experiment went on for a long time. I would say breakfast pizza, doughnuts, or snacks anything to make them want to do it.",0.13797695943153893,0.1144809580292213,0.1698774334742827,0.08739583238466582,0.08327329892693688
363,"I think student participation needs to be presented better. I was not fully sure if this was mandatory, plus when we worked in class, there were many people vocally admitted to skewing results and not caring about their participation.",0.06973202146441983,0.06939984145878278,0.5086290682739496,0.08819582612151752,0.08655090368438835
364,One thing that I would say that could make the study better is to give the participants some sort of an idea of what they are doing. Our class was just told to go to the website and start which caused some confusion in the room.,0.08706182364730693,0.10700311836922614,0.13085886614249548,0.14841278446303843,0.11776977580491331
365,I don't really have any critiques. I think this was a fun experiment to be a part of and it's a cool way to use statistics in the real world.,0.11755010098802084,0.24080083598066188,0.08856766508971321,0.09313674719122982,0.06809310927911869
366,One thing I would have critiqued is more scientific data. I would have liked to have more input from others that are professionals post experiment.,0.09876033556803661,0.3082743008928905,0.07183666776605839,0.07212626930466819,0.057150884997090826
367,I do not have any critiques for this study or design. I very much enjoyed this process and project. I think one thing that may have made the design of the project better is doing over a less extended period of time.,0.06023373059758722,0.06862872027548549,0.09918968385109235,0.3210159010737195,0.0945309799740779
368,I think they need more variations of bar graphs to be more accurate on information. The more variety the better the data.,0.6446449814064144,0.10881786126708447,0.09697344550219746,0.07102551641629863,0.07853819540800515
369,One slight critique would be not further explaining the purpose of this study. Why should people spend time reading it or further researching? What gap is missing and what are the implications of not bridging the gap?,0.032113030018648854,0.038239198617899095,0.0622086671723645,0.7806913620862614,0.08634144000364924
370,"As indicated in a previous assignment associated with this study, the lack of incentive to correctly gauge the difference in values in the chart probably plays a role in the results. The presence of any kind of incentive, via gamification, grade, monetary reward, etc., may have a significant effect on the results.

Beyond not having an incentive to be accurate, my found myself frustrated and giving very little care to my answers, having showed up outside of class hours and then waited for at least 15 minutes to even begin my participation.",0.8620083286436836,0.04488276802001756,0.03716066537901204,0.026393892023239746,0.029554345934047085
371,I have no critiques or judgements.,0.032221443230500205,0.03918707433204774,0.0505955712451295,0.7112588807332004,0.061554912332642986
372,Some of my 3D shapes and models didn't line up with the pictures of 2D ones online so I just had to go with the online one. Therefore I put that I wasn't confident with my results.,1.0,4.565609592234034e-309,4.219958843705583e-309,3.28270262979407e-309,3.473814030462403e-309
373,When experimenting I didn't know we could move the 3D model of the graph on the computer around with our mouse. That could've affected the results and would've been nice to know. It might have just been me but it could have affected the results.,0.8559376807058175,0.04395729441941227,0.03843104503141942,0.029512282983166997,0.03216169686018375
374,A critique I have is when taking the quiz and choosing a value that best represents the graph it was difficult using a slider. Therefore I would think having people manually put the number in rather than using the scale would have been a better design of the study.,1.0,7.298188405591395e-309,5.8845609788323e-309,4.363495126954133e-309,4.754319240548257e-309
375,I personally did not understand why we did it in the moment. I guess providing a sense of purpose before we take it would make the results ore accurate to what we think.,1.178854247366369e-308,1.0,1.0645635645985977e-308,8.563254926453674e-309,8.72785730531003e-309
376,I think that overall this study is very well done and that they did a good job on explaining the reasoning for the study. They also did a great job explaining the results of the study and why they predicted this outcome.,0.09177663453474944,0.17905225176824108,0.14132502846140804,0.11859876593315799,0.12334184330132239
377,"A major critique for me would be to allocate class time to participate in the experiment, this way we can avoid scheduling conflicts. Additionally, I think that this study could have been improved by replacing the slider with a dropdown of set values. This would yield more accurate results that are easier to interpret, which in turn would help to eliminate biases.",1.0,1.458408312581931e-308,1.106328804262574e-308,8.027859632378936e-309,7.68100557901303e-309
378,"Sample size, and maybe a different population of non stats students",9.24211844407583e-309,1.005675836832847e-308,1.0,1.0931488775747434e-308,1.4463877068278286e-308
379,"what the graphs were measuring like length and position on a common scale, because participants could be color blind or what if colors made things look different for people.",1.0,5.96481062540092e-309,5.177634790303667e-309,3.87248416880153e-309,4.243981625847867e-309
380,"As stated in the presentation, the group of people being asked was relatively small. Also, the only students answering the questions were in the statistics course. The results could be more applicable to the general student population if students that were not enrolled in the statistics class also answered.",9.264693266258377e-309,1.0287253221513067e-308,1.0,1.09150488259944e-308,1.4630755569074646e-308
381,"I remember feeling slightly confused when I was a participant, so maybe it would be beneficial to explain the experiment to the participant differently, so the results aren't effected by user error.",1.2359470185562927e-308,1.0,9.306371335301733e-309,7.72000932089006e-309,7.61152801674975e-309
382,"I think the study as a whole is a really great study, The only critique I would have is to make the participation part of the experiment a little more formal. Going in to participate in the study I was a little thrown off at the structure of it.",0.07305211383451292,0.09537825591958678,0.12214381514406196,0.18909607044887022,0.11143611307994841
383,Maybe it would've made the study better if it was timed so each individual has the same amount of time spent on each task.,0.08513960841969016,0.1276408193986242,0.15900772358745802,0.07710163487348644,0.12287946953034029
384,"The critiques I have for this study would be to have a clear and straightforward explanation on the study for the participants, and the design is amazing.",0.041819685321084224,0.048489477679505066,0.07137658891501904,0.435188878542933,0.07200564648786874
385,I feel giving more of a set scale on the hand-held graphs. Such as a sheet with lines that someone could align the graphs up with then make an estimate.,0.8432560811979819,0.04947324811658404,0.04183606256375677,0.031205734048994543,0.034228874072682755
386,"I think the study was designed well. When doing the experiment, I personally did not have any idea what the purpose of the information collected would be, so my results were not biased at all.",0.09921894036648725,0.19185219775814616,0.15117705480170918,0.08436832927627573,0.10298504996645073
387,I think that this study was carried out really well overall. I do not really have any critiques!,0.05927378981400036,0.08160208449368841,0.10618890084857543,0.2321494118925486,0.13038420425087277
388,I think the study was designed very well. They could have had more students participate rather than just stats students.,0.05009261829765129,0.05895754911229476,0.5465871436748282,0.05667162949814588,0.08737067084326638
389,I do not have any critiques of this study. I think it was well executed and the researchers were correct in not divulging all the intentions of the study to the participants.,6.983047129107503e-309,8.115719155851014e-309,1.3248418494978375e-308,1.0,1.5398983103374403e-308
390,I don't actually have many critiques. I think the study worked pretty well and provided decent data.,6.446834800399125e-309,7.487591782254665e-309,1.1555375077436547e-308,1.0,1.352103379746395e-308
391,"I think these following things would make the study better (more generalizable); larger sample population, include participants from outside the psych department, extend to other universities outside of UNL. Maybe even extend to different age groups outside of undergrads, such as highschoolers or graduate students.",9.31950726375682e-309,1.003622919401991e-308,1.0,1.387969740520762e-308,1.608290794777374e-308
392,"One critique of the study design is the lack of a control group, which limits the ability to make causal inferences about the relationship between the independent and dependent variables. Additionally, the sample size may be too small to generalize the findings to the broader population. To improve the study, incorporating a control group and increasing the sample size would enhance the validity and generalizability of the results.",6.441367692984224e-309,8.33305992514129e-309,1.7797642224705767e-308,1.320549502720937e-308,1.0
393,"One critique I have is limit the variables to two. I don’t like how they are comparing 2D printed, 3D printed and 3D.",0.8184785008100718,0.05425548807644527,0.049252632053474084,0.03794583278233014,0.04006754627767877
394,"We can try to work with different generations or sort out groups more affected by technology (like younger people, we have more access to technology and new digital technology). Even virtual reality is now available for future med students to learn organs by wearing VR glasses. That certainly changes the perception of information.",0.6352649724165373,0.08092304937761938,0.07705882906238078,0.05852100903730237,0.06344636608867384
395,"One critique of this study and its design may be its reliance on obituaries as the source of data, which could introduce selection bias and limit the generalizability of the findings. Additionally, the study may lack control over potential confounding variables, such as lifestyle factors or pre-existing health conditions, which could influence both the presence of children and lifespan. To improve the study, researchers could consider using a more diverse and representative sample, implementing controls for confounding variables, and employing longitudinal designs to better capture changes in lifespan over time.",6.246516783107257e-309,8.046887154425653e-309,1.630718256928493e-308,1.3237520711843545e-308,1.0
396,"I don't think the instructions were very clear, and I didn't really understand what I was doing when I was doing it, and I think that could have impacted the reliability of my answers. Therefore, clearer and more defined instructions and understanding of goals for the study would make it better in my opinion.",0.11567518375966207,0.2586189932889949,0.10389362556134178,0.08358300314846114,0.08666155347958356
397,The 3 D prainting is better to learned for me because I can tell how much they measured it. I like the one when they talk about the study design because it help me how to learn better and it explain better to understand.,1.0,4.806523612593464e-309,4.50439504816369e-309,3.45540667891462e-309,3.673358395887683e-309
398,"I think they could have included 2D physical, 2D digital, 3D digital, and 3D physical. In my kit I only got 3D physical and 2D digital. I think the slider could have have been easier to more (more precise) it was hard to get my exact value",0.7591352285047633,0.07084950229965722,0.06498503490489918,0.05058351987348144,0.05444671441719884
399,"I don't think I have any critiques for this study, but one complaint I had about the participation in the study was the number sliders we were asked to use to gauge our responses. Often the slider was too finicky and wouldn't allow me to settle on the number I wanted to respond with. This led to me not being able to give the answers I was trying to give.",6.954311217282395e-309,7.97418575048653e-309,1.2731974808190796e-308,1.0,1.396937128778697e-308
400,Something that would have made this experiment better in my opinion is to give the participants more information as to what this experiment is and why it is happening.,1.3880292537207764e-308,1.0,9.447926922872987e-309,7.856738886360127e-309,7.498546615225395e-309
401,For the moment I do not have any critiques about the study. If it was my study I would put in the bottom of the models only the numbers that would go from 1-6 so its more easy for the participants to know which block they selcted.,0.0608907275304771,0.075805956056728,0.103071487620837,0.2539866979676914,0.10323759157908535
402,"To improve the study's quality, consider expanding the sample size to increase representativeness and diversity, ensuring rigorous methodology, and addressing potential confounding variables. Enhancing measurement validity and reliability, while upholding ethical considerations, will strengthen the study's credibility",6.326719388110586e-309,8.17055644150484e-309,1.7155475907059083e-308,1.3153069420176573e-308,1.0
403,I don't have any critiques on the presentation or the study.,6.15900783518778e-309,7.482372636705286e-309,1.0298186265418834e-308,1.0,1.295265375657651e-308
404,I really don't have any critiques. I think it ran very smoothly and I can't really think of a way to make it better.,0.0627627989857061,0.0772127391896954,0.08907406871145039,0.5635630053508123,0.10220526963585658
