document_index,document,topic_0,topic_1,topic_2,topic_3,topic_4,topic_5,topic_6,topic_7,topic_8,topic_9
0,I think this was a paried control group because the variables were related to each other and they both were related to what the results would be.,0.5306827849304357,0.021250322189149472,0.07577435191111256,0.024183916665407472,0.028288562788732024,0.022532020462698813,0.021695990221378438,0.033595341803993845,0.0480398698973888,0.023484692006682913
1,I think the control group was the models we had and randomization was in the form of that we didn't know which model we were going to do next.,0.4042205199135249,0.026441881271087538,0.11304876813864848,0.032536164159137806,0.044114344069685105,0.026507720596443914,0.027746968891332855,0.037156761876725834,0.08801706820867024,0.03204261055368809
2,Randomization was used because we were given different bags with different numbers and maybe some of the bags had different items.,6.794322179918437e-308,1.478094591615269e-308,5.645550064612107e-308,4.419336866472907e-308,5.735084715281914e-308,1.185662220840872e-308,1.0,2.491534602939505e-308,2.1249930612928724e-308,7.711844171947891e-308
3,Randomization could be each person having different blocks to judge and having to find the size difference between them. A control group was that we all came to the same place to do the experiment and it was a controlled environment.,0.3427219635312039,0.02807887671369176,0.13356606097487134,0.03713265294642133,0.053013534080971446,0.027430515801471503,0.03160014714644936,0.04075844715822155,0.10075097810804502,0.036779631217597676
4,"Randomness was used by the test subject in picking the order of bar graphs, it could have also been used to determine control percentages (using a random number generator 1-100) for the different graphs used. 

The use of a control group was demonstrated by the older results being compared to current ones. The older data is the control group.",0.1954386265795359,0.2017540364863582,0.07265730073772012,0.03391773891439357,0.039748832395547336,0.15153471855613815,0.03082312131698735,0.027193490384254664,0.03844624975589295,0.03776478085270872
5,"random convenience sample for sampling due to just taking a random ""convenience"" sample of all stats 218 students.

I don't think there is any control group as every individual did the experiment by by themselves and there were not placebo or other vehicles controlled by the experiment creators.",1.0,1.263859573387618e-308,4.948648023251563e-308,1.535087738590858e-308,1.801111424390143e-308,1.3113195913277495e-308,1.3979849965370636e-308,2.33727937598852e-308,2.950731099173907e-308,1.4877622259860065e-308
6,"Randomization was used by having each student get randomly assigned ti a different bag of blocks. The control group was students that were taking STATS 218. I think that this was easiest for the experiment so that results were of a similar population,",0.0925878414229025,0.014279942772468414,0.10150944848347698,0.04028223771822435,0.23053372127787775,0.01223057579969532,0.04064480799628567,0.031767788777256264,0.03488816337833075,0.047935025596635844
7,"There were different bags of models, that people used at random. This was most likely to have some factor of randomization.",6.821102547189298e-308,1.4803270269188e-308,5.693288989126271e-308,4.466472222948608e-308,5.745129221537322e-308,1.1854889567480084e-308,1.0,2.5151292244509264e-308,2.1341237471934555e-308,7.738675456200374e-308
8,I think randomization was definitely present in this design I think there was no control group because most of the experiments were random. But I think overall this study was designed to have both sides of the experiment randomized to really give the participants all a fair chance to answer a variety of questions given on the test.,0.1956964679760435,0.01666314638091125,0.14196039067824617,0.029856040297329897,0.04029899518308264,0.014936538376635972,0.023256460223206286,0.03715805078713938,0.0848674247060738,0.028733094102592685
9,The use of a control group was used as all the participants within the experiment were in the same class and given the same questions to answer over the same kits. There was also randomization used as the questions and kits very all in a random order when presented in the experiment. There was also a process of replication used as the questions and kits were very similar as the experiment was performed.,0.13043068463797391,0.021468812268105673,0.18741120898708377,0.08744012057749867,0.051038069077788836,0.0177160414203353,0.035197150225153774,0.041745887274475195,0.06616331814861053,0.06165030426654369
10,"Random assignment because it was given to stat students, not necessarily specific students. Random selection as well because everyone was given different bags to use for the experiment. Lastly, replication because it was done multiple times to get accurate results.",1.4802372613085486e-307,1.895134320325628e-308,1.0,5.253252837518781e-308,6.0592974476067485e-308,1.6579561674976e-308,3.2947022087311253e-308,4.478326460361745e-308,8.976417383820867e-308,4.664207475155573e-308
11,"The control group was pretty narrow because of the fact that it was only for student AT UNL that are currently enrolled in the intro to stats class. The randomization was pretty narrow in a sense that it's one subject taken at UNL, instead of having students from a more advanced stats class or calc class complete the experiment.",1.0,1.2478293194320895e-308,4.913907522978953e-308,1.5280354301922385e-308,1.785145903992692e-308,1.2831739138166734e-308,1.3961151541493414e-308,2.379519508664193e-308,2.8646212399340623e-308,1.4808103579109643e-308
12,"I think control group, because it is limited to students enrolled in a stats class. If it were random, there would be a few from this class, a few from an english class, bio class, etc.",1.0,1.2786988808770965e-308,5.152140614597816e-308,1.5694546118276393e-308,1.872113685311887e-308,1.3148284588570086e-308,1.448665429086116e-308,2.442144390493915e-308,3.0175775755928506e-308,1.529170440091204e-308
13,I don't believe randomization was used as the experimental group was only STATS 218 students. Since the experiment was conducted last year it could be compared.,1.3907667724194052e-307,1.485181402571579e-308,1.0,3.763132122643709e-308,4.939980394439787e-308,1.2793291585232515e-308,3.2109264293370885e-308,9.501725217841067e-308,4.471766029517821e-308,3.787540997111178e-308
14,Randomization was present in making the kits and distributing to the individuals.  Randomization was used to avoid bias.,0.0669053114104836,0.012232332732779284,0.07860324011166604,0.09449060664441651,0.0569995564370013,0.01002372581843675,0.03392503211815378,0.02421749576608023,0.026935950123119265,0.06702665345817543
15,control was probably determined off the same shape given both physical and digitally,1.0,2.875650597489969e-308,4.968019991851567e-308,1.8734189872948003e-308,2.3530996819992507e-308,3.480365295585513e-308,1.6441841068050086e-308,1.776142967059906e-308,2.9890031930289234e-308,1.9190875725080373e-308
16,"Control group: A control group may have been included to compare responses to a standard (i.e. commonly used graph)
Counterbalancing: To control order effects, the order that students were exposed to graphs may have varied across individuals",0.38748506091571405,0.03809047216405396,0.08594664449526894,0.03167110723188325,0.03860937855469111,0.03916031733880928,0.027552869305344153,0.033490884449369186,0.05403070784364162,0.03147540970597659
17,"Randomization was used to present the graphs to us. They were all presented in a randomized order to prevent bias of seeing one model before another. 

I don't really think there is a control group, but since everything that is given to us is randomized, it helps keep everything unbiased. 

This study was replicated from Cleveland and McGill and replication is important in experiments to compare the findings, and build on the knowledge of the experiment.",0.430857925609044,0.05122458605500691,0.08523202942546776,0.03411988357800726,0.0419539547189578,0.05029350834846425,0.029448487743695448,0.03146508471424521,0.0500603430537684,0.03515697969837699
18,randomization because both the bag of 3d printed graphs and the code generated were random for each given person that completed the experiment.,0.20263645918396328,0.323894350590817,0.09275534726164417,0.047555456091752574,0.05189935035352266,0.08796564018258521,0.04019291772883502,0.033791135603028245,0.04789505772010329,0.053039057714035553
19,"I believe radimnization was used for the presented bar graphs, however there was one bar at least at 50% and I believe that to be the control group. I believe it comes ntonues asking questions on om different bar graphs for different sections depending on your answer to the question.",0.3535827951501355,0.06072749550222572,0.06089408663591447,0.02575449000312953,0.03154560405025572,0.06787263616845966,0.02321069367254407,0.02278523514575887,0.03391042330082323,0.02760630734231089
20,The elements would be the blocks and they are used as the control group.,1.0,1.8460724440690516e-308,6.650571389762212e-308,2.066424204692161e-308,2.667402733384459e-308,1.9635509027859994e-308,1.8587284872425837e-308,2.589076057706202e-308,4.587462205707216e-308,2.04491950333634e-308
21,"I don't remember there being the use of a control group other than showing us the height of a stat in a bar graph, the variable that is being manipulated is the different heights of bar graph data points and their nehighboring points. Another randomized portion was which bag you got, I assume they all had different bar graphs to observe increasing the amount of data points. I think each of these as well as anything else was included, was done so in order to get a clear confirmation that the variable they are testing for indeed was influencing.",0.3776993657267695,0.03649516623771263,0.08910237710564492,0.032266193378035074,0.043042528541233485,0.037354504848782465,0.029061635672752936,0.03361543658631471,0.05552169238564476,0.03335395152186165
22,The randomization aspect that was involved within the experimental design would be the various kit numbers that the students were able to choose from for the experiment. This works to have provided randomization and in terms of which participants worked with which kit.,0.06860027914401706,0.009423576377441345,0.11654934625218526,0.02980511183952626,0.04952055533079943,0.00833944707060997,0.020735108569822542,0.024091611193461718,0.03552684473706363,0.026568706550852524
23,Randomization was used with the different structures so we wouldn't have the sme answer every time.,8.18230743996022e-308,2.018829190092468e-308,7.130336858090284e-308,8.955866157515472e-308,1.0236343996752582e-307,1.53336940500228e-308,8.252535742651102e-308,2.600408237191762e-308,2.8681556148637037e-308,1.0
24,Control group was present in the experiment because the 3D charts were picked by the participants and also the participants were from a Stats class. But also the there was a randomization of 2D charts and 3D charts included in the experiment.,0.49316169135912036,0.055422612903284596,0.07292297697600922,0.029022438842187376,0.03612022589698681,0.06821324752351324,0.02567472531196469,0.026218712479145145,0.04217634851657999,0.030427084893863046
25,One element of experimental design that was present in the experiment was randomization because each participant in the study was randomly given a kit that was different from the other participants. The way in which the study was carried out was through randomization.,1.3198364451920754e-307,1.8630891016081947e-308,1.0,4.888581235327631e-308,5.587573728074239e-308,1.7174136542820304e-308,3.0735580638780936e-308,3.630922680463289e-308,1.1124588296218303e-307,4.161411299348175e-308
26,"Since the experiment was limited to only stat 218 students, it was a limited group of people. So the experiment was not a random group or control group as we were the only ones asked. The ""control group"" in my opinion would be the actual measured ratios and height comparisons.  However, I think random assignment was a part of the experiment as we were able to grab a test kit bag which were different and not assigned. As well, I believe taking the experiment online allowed for more randomization.",1.0,1.3118641081941535e-308,5.207329466485324e-308,1.5899736508492527e-308,1.895519862164105e-308,1.352330245897036e-308,1.4582013221417246e-308,2.415670906466008e-308,3.1112856471098466e-308,1.5487234708068676e-308
27,Random assignment was used in the experiment because when we entered the room we had to choose a bag full of figures for the study. The bags had different codes and graphs representing different experimental groups. I do not think there was a control group because the different bags were all experimental groups. The manipulation in the experiment was just the comparison of 2D and 3D graphs using different figures.,0.30447313981101043,0.06401551438274722,0.09655578317454969,0.03984689689829391,0.050573383522110334,0.057340620188362265,0.034091045655074696,0.03322281543626246,0.05457575779120862,0.04260045675105471
28,"I think the sample group was random, a class from a college is going to have a lot of different types of people from age to place they are from which would change the outcome of the experiment. I think this is designed in the experiment because it gives a variety of answers in the experiment.",1.0,1.5230414955411034e-308,9.49233827058255e-308,2.5005416260979408e-308,2.8307138211815364e-308,1.3948342874937633e-308,2.0994739755933806e-308,5.289871423432307e-308,4.541588842334867e-308,2.370601954225509e-308
29,It was randomization. The control group were the professors and I think that they wanted to see the difference,0.4775220619589945,0.014169585268434717,0.0750877678356472,0.020012883706525004,0.023135546197072615,0.013871182178816145,0.016317272420750813,0.030042424237591684,0.055344096066440765,0.018851663605511597
30,"I believe this experiment was randomized because everyone in the experiment got to choose a different bag full of shapes to compare, meaning each participant in the study had an equal chance of being assigned any shapes to compare. I also believe there was a control group in this experiment because there were many different variables in this experiment such as age, school, class, etc. All the participants in this study are currently taking the class Stats 218, and all of the participants are college students attending the same university.",0.15826932427984658,0.0181085437640214,0.19017597114528417,0.03927652811187345,0.0752567237521207,0.015699000746475723,0.037272978730716895,0.05344585296034488,0.05482735063863963,0.04155684543601006
31,The randomization was what bag the students picked upon arrival. This was present so that students couldn't share answers and skew the data.,0.08055824127180213,0.012073192599110716,0.10216437114463357,0.0408042220533677,0.0677124230272958,0.010089566084537987,0.039442803517697,0.037841764719613036,0.027324471499864285,0.04515760237055088
32,This study is randomized because multiple different students in a Stats class. All different backgrounds and multiple different majors.,0.11532747316972738,0.01039591245294518,0.42160085948521253,0.024184058902424897,0.029074235338477677,0.00922300275948651,0.020573406170322016,0.10703677377464649,0.034125503155555036,0.023527313733188487
33,I think the control group in this study were the students because everyone had to participate and it was not really randomized because it was specifically meant for Stat 218 students.,1.0,1.2235086200046706e-308,4.669666553039092e-308,1.4771434113010933e-308,1.7188096675537695e-308,1.2703469381124957e-308,1.352715078575967e-308,2.2614246566712614e-308,2.7260272666606057e-308,1.431608937923393e-308
34,I imagine there is a control group-- maybe a computer program-- that has the exact numbers. The bag of graphs each participant received was also randomized.,0.10932872631939966,0.09583644993411608,0.03831307064738359,0.018112390007595205,0.020393740198995383,0.05539204709597343,0.01595299768690248,0.014636405158923243,0.02038638034770619,0.019614873889043195
35,"Use of a control group, those were the students who took it in person.",1.0,1.267165317894681e-308,4.736800402168144e-308,1.509355077889002e-308,1.7060744522634286e-308,1.3050587656887415e-308,1.3255606866583537e-308,2.215614069966203e-308,2.898814424799915e-308,1.446786798085089e-308
36,"Each student was given the same baggie of graphs, and asked the same questions I assume. We all performed this in the same room. Randomization could be that students performed this during different times of the day",0.2158473487548027,0.3251145125936048,0.09122640078785672,0.046388183306252634,0.051695951102739855,0.08524837698208673,0.04088059534309671,0.034826761347783494,0.047002965677831444,0.052514823126795236
37,"All the different groups of graphs/bars were randomly assigned to students.

I'm sure there was a consistent bar/graph (control) present in all the bags/groups, to gauge how students all interpreted the same bars/graphs after viewing varying ones.

An element of experimental design would be having the bars/graphs digitalized and 3D printed. The 3D printed ones were neat as they made the experiment more ""real.""",0.13750943693227458,0.05303131846375009,0.04547922887142221,0.020422281600866562,0.025529907876360874,0.04692540334253588,0.01868730472344769,0.016871117685641746,0.024340396050595507,0.02303936333704829
38,"The group of students themselves were randomization, lots of students from lots of different majors take statistics, so it's a good representation of the campus's population. The control group was likely that the Ziploc bags of graphs/graphing program we used had all the same graphs for every student doing the testing, so they could have something to compare against everyone who took the experiment.",0.3548949895215388,0.04315417157260605,0.09222441584153963,0.0348832535583813,0.04327604692312267,0.04230505053603582,0.030280397497394546,0.03502953044877585,0.05628944624769095,0.0351755498576667
39,"Randomization because everyone was given a set of questions and different order of graphs because no one had the same order, you got to choose for a certain part of the experiment.",0.16646591977702352,0.45890882783298387,0.07641747651923873,0.04027819786115675,0.04205994528603161,0.07024708815624842,0.03367068700400203,0.028595527926463846,0.03933692677538053,0.044019402861470554
40,"I believe that this experiment utilized randomization. Granted the only participants were the Stats218 students, but majority of those students come from different backgrounds and even many different ages.",1.0,1.5157291033351445e-308,1.0914593541719696e-307,2.703145890686074e-308,3.02070734476954e-308,1.3788250193402923e-308,2.193632625016975e-308,6.376451011180442e-308,4.923574083005349e-308,2.5302496486520964e-308
41,well since it was only stat 218 students that seems more like a controlled group because only those groups participated in the experiment,1.0,1.194367449412259e-308,4.349897224098254e-308,1.406167302996425e-308,1.6211156398309793e-308,1.2507168737072493e-308,1.2794892106810816e-308,2.083079848029986e-308,2.5777368631005505e-308,1.3610466870880014e-308
42,randomization was used when picking out the real life blocks from the bag because there was no way in telling what block a person would pick and when they would pick it from the bag.,0.06568715608627683,0.01481296376207192,0.05548878920187022,0.0488380905678436,0.07914304118296527,0.011788136837861531,0.2028012353249222,0.02209467767972627,0.02148002848167136,0.14645641160588058
43,I think its a random sample because there are many different age groups in the stats classes and they didnt pick it based on anything else.,1.2193980608053237e-307,1.2211893943084775e-308,1.1670290509215906e-307,2.7083268604877565e-308,2.87042778336148e-308,1.063083050778621e-308,2.427824036458757e-308,1.0,2.950638139471068e-308,2.657571928745184e-308
44,The experiment was not fully random because it only surveyed students who were in the statistics class. This was not a random survey throughout the whole campus on UNL.,1.3728479838442237e-307,1.2720171102016687e-308,1.6257279781329107e-307,2.8913917374799213e-308,3.219860057895986e-308,1.1125325822097016e-308,2.547583613950827e-308,1.0,3.3802275844688674e-308,2.834637171301219e-308
45,"I am not sure it is very random, as it was just all the statistics students, although it is a specific group.",1.14492265676313e-307,1.220385615694643e-308,1.1062259041561155e-307,2.773889964261135e-308,2.9294321218278554e-308,1.0560809372480207e-308,2.5282279728245e-308,1.0,2.865158568599455e-308,2.748360639107399e-308
46,"I did not note a control group at the time of the experiment - it appeared to be all randomization. At first, the experiment called for the user to pick which column appeared larger/smaller than the other and gave two choices. The second half of the experiment called for the user to guess a percentage of how much taller one block was than the other and provided a sliding scale. This would provide more specifics with data.",1.0,1.8485524759368637e-308,6.071197636591581e-308,1.9605770363072666e-308,2.5060654168173646e-308,2.0096133820783026e-308,1.7711983803319513e-308,2.402330148285132e-308,4.1054422951721387e-308,1.947238032752988e-308
47,random selection of the different kits was there. i also think there was a good sample diversity as a bunch of diff uni students participated.,7.923022965371551e-308,1.6966065300278564e-308,8.179238880977355e-308,1.0,5.295173675200009e-308,1.343530881053047e-308,4.708906511590773e-308,2.836720129065208e-308,3.0505458652513525e-308,1.4321770902753446e-307
48,"Randomization is present in the random assignment of the bags of bar graph models and switching between computer and in-person models. I'm not sure if all students observed the same visuals on the computer, but if everyone did, that would be a control.",0.2123742040654214,0.3200251135698016,0.0920871507353308,0.0476175737947068,0.05322597339187411,0.08510965127536002,0.042808457706813775,0.03559912816618952,0.04698945941775822,0.05490920689959405
49,It was very randomized because there were multiple bags of 3D models and multiple randomly selected people that we're experimented on.,0.07756146007803992,0.017164834533628576,0.07072945073568443,0.04591780116253942,0.06501448466144927,0.012688247241897342,0.0379466165005902,0.022853294787563025,0.028035862331609793,0.06515662952451673
50,"I feel like the use of randomization was not used in this cause because all those that took part in the experiment were students in a stats class, and therefore there couldn't be complete randomization. There was some randomization based on participants randomly being given the kit they were supposed to use, but otherwise it seems as though randomization may not have explicitly been use for this experiment. I feel as though the use of a control group is much more likely since it was controlled as to who was experimented on and what they used to experiment.",0.14371250158405027,0.016439207644477954,0.21648144962726965,0.04039034055543559,0.06787221187362484,0.014159204838522345,0.03383661132516407,0.05574274184905957,0.05408576456595621,0.041169085701772995
51,"I'm assuming that there were different model kits therefore increasing data samples and randomization

 

the control group would be the actual size difference between the data",0.5227159146954625,0.025165196775860987,0.09461228967789342,0.02874544193569436,0.03697455248493821,0.026539655073598144,0.02492143494876803,0.034552371840511124,0.07091797983601844,0.02817548613151681
52,I think that randomization was used and that everybody may have been given a separate set of blocks to look at and a control group may have been used also where it didn't mater what the height of the blocks were.,9.47095966577019e-308,1.87309935383039e-308,8.525284261823635e-308,5.269457165656101e-308,1.0,1.571709035762266e-308,5.859016177182486e-308,2.804053383439363e-308,3.4603918347098574e-308,9.528289694222213e-308
53,I think randomization was in use for the experiment. This will help with ensuring that decisions made by the subject are not biased.,0.16884657595337982,0.022789866349123684,0.2240292243693426,0.06622173461148359,0.051327828409522436,0.019026888639697422,0.03402766371526027,0.048069462267095325,0.08649817655326937,0.0547597605691511
54,The people used in the experiment were all in a stats class which would be probably be convenience sampling because for it to be completely random you wouldn't assign students to do the experiment as a requirement.,0.13427254858939763,0.013150601946251205,0.13722011269696344,0.030381672969817346,0.03261285449440126,0.011395369900972759,0.02664915883661187,0.43396844416451075,0.03288414984068352,0.029783741070209594
55,"I don't think that there was a control group because there was constant change, however I would say that randomization would definitely be apart of this experiment because the subjects were assigned to different 3D graphs.",0.4360764745108056,0.05137267112470765,0.08274023534344774,0.03253017595677702,0.041210659460345064,0.05516657032773081,0.028379935655470562,0.029374133283413362,0.0484466507047313,0.03401369834084633
56,"Elements of experimental design were present in that we were randomly assigned a different packet to use for our experiment. As well we were not told why we were doing it or what results they are looking for, just for us to participate so that they can track the data. This way the data is authentic and not skewed.",1.4074048204860302e-307,1.984061168295312e-308,1.0,5.203918915588456e-308,5.535831866474923e-308,1.7426397802207216e-308,3.103884665456839e-308,3.8447144512938486e-308,1.1103198777313643e-307,4.538962996302167e-308
57,The randomization here was what bad you were given in the experiment. Everyone was given a bag and some people got the same bag as others but not many so in this experiment mostly everyones answers were different. This is why its a good control group experiment that would provide some good results for this experiment. So yes I think there was good randomization.,0.10358651601020283,0.016875594691191483,0.10594966464231848,0.04961889379594909,0.11951337196987447,0.014102513586623837,0.07812613189058677,0.04316859294865098,0.033068225263454785,0.06214482571042221
58,"There was randomness because everyone got a different kit, I'm not sure what else was involved",7.782966686615956e-308,1.7127885473499027e-308,7.764807018538451e-308,1.0,5.461395849253732e-308,1.340496153107315e-308,5.18196469644379e-308,2.7765368481831165e-308,2.919292275576971e-308,1.8405286196880704e-307
59,There were different bags with different observational units. Then at the end it gave us a code to put us into a group. He did this to see what percentage of the class was in what category of reading.,0.13991997730999328,0.0473826993596774,0.04692986309374488,0.020793999952832185,0.026675642062362812,0.04468815568022324,0.01928051509613571,0.017408654087584956,0.025144940853564918,0.023611311387823925
60,"Randomization was used, because the 3D model kit that was used by each student was random. A control group was most likely used. The control group might consist of students that completed the experiment using only 3D models or only pictures.",0.1568509985382607,0.039875907570595205,0.09707257562529512,0.04195508413894858,0.05635548856450175,0.030912956392753384,0.03242779981827428,0.027985777276544922,0.05057789620767676,0.04610281670207941
61,"The control group wasn't exactly randomized because people who feel less confident about their answers are more likely to not release them.

Everyone in 218 does the experiment so that in itself is randomized.",0.12156269981894388,0.010923535584830718,0.1327161663008939,0.022827590375220436,0.031087030389082115,0.009458674549865136,0.01951278847889341,0.04110622376545505,0.037518519327663806,0.02277886540987704
62,Random students participated in the experiment. The bars were randomly generated.,0.21844884248760277,0.12296725169348088,0.08067072687961008,0.03769377262663915,0.04583756900303112,0.10256964306107424,0.03506297343830282,0.030538391687038497,0.0423756112218396,0.0430550944081229
63,"I think the control group was the blocks because everyone examined the same blocks, but also had different results. I think this was present because the goal was to figure out how people examine the same blocks",1.0,1.8415726931136115e-308,6.039080340360447e-308,1.9517241546636067e-308,2.4885035829325177e-308,2.0040932147531025e-308,1.7622071437147784e-308,2.394483847741542e-308,4.085943172346644e-308,1.936165176244464e-308
64,I think one of the graphs had to be a control. I remember there being a little quiz or something before starting the experiment so maybe that was to test us for the control group. A control group is set to 'standard' conditions to draw comparisons from once the experiment is over.,0.09797180970614297,0.11759558856260201,0.033904312240354395,0.01585168130757442,0.01770653197285507,0.06287617639888758,0.013960689303016863,0.012993494098044713,0.018164915019202494,0.0169418826773579
65,"- convenience sampling- the participants were students in a stats class. 

* I don't believe there was a control as far as I know

* randomization from the bag of graphs that were given.

* I would need to know more about the experiment to give you anything else.",0.352201574954379,0.042175294956066485,0.09354143702238396,0.034940169335596134,0.044312647302642505,0.04177759267779854,0.030318330600198905,0.034803895508918506,0.0581000937914647,0.03534181585530335
66,the researcher may have only targeted specific groups/classes,1.0,1.2368249509053136e-308,4.550296059818866e-308,1.470661892455735e-308,1.647472549437517e-308,1.274330469086226e-308,1.291511878384769e-308,2.1662862316093425e-308,2.7475380049961183e-308,1.407444967373348e-308
67,I think the use of control group because these were all comparing different groups.,0.7084040633616615,0.020925650485433708,0.0739395306234033,0.023890840763534454,0.027242585199114742,0.02186339432744317,0.021091274020978414,0.03344575399806222,0.0461617034380076,0.02303520378236076
68,"To prevent differing answers, the creators opted for a constant variable, the graphics.",0.19432076811676627,0.05833826900828003,0.051570153172087935,0.021525991241227935,0.025826216673328274,0.08662085231298783,0.019013207748181386,0.018600341646515892,0.028894236083539703,0.022736663073768988
69,I think randomization was used in this because each person was randomly given a set of charts to interpret.,0.20155710529161547,0.2790061895460297,0.08700086304038623,0.04418207914341654,0.049764218766488295,0.09430735429974645,0.03945088581269473,0.032916822426627294,0.04472178729505557,0.05051231045462392
70,"For this experiment, I definitely think randomization was a part of the experimental design. I say this because the bags of materials were handed out randomly when they became available to use. Additionally, on the same page, I believe this experiment also included only experimental groups. I say this because, as a result of the randomization, everyone received different bags and no one was specifically grouped into using certain things.",0.1022349880931059,0.01676097640443294,0.1034416631345585,0.049046355762508605,0.12479477058928015,0.014015514049335084,0.07858083459231638,0.04196821571729965,0.03268851916157208,0.06262249300486566
71,The randomness of what graph you pull out of the bag and the mix of questions we were administered. I am not sure how a control group would have been used in this experiment.,0.3638691942983716,0.03956722196272354,0.09099741997181933,0.03365396119700543,0.04446970955987775,0.03989331640773043,0.030101796134439546,0.034184193637823,0.05601302646137604,0.03476301237358539
72,"I think the graphs you receive, and the order they are presented to you in, are randomized. I don't know what the control group would have been in this experiment.",0.5791310567390191,0.05914753273778747,0.07118073673303138,0.029687249565669555,0.03613768904051671,0.06041903483292195,0.02622402326820129,0.026593844200924376,0.04021978527522716,0.031309173735570205
73,"I believe that convenience sampling was used because they are experimenting with a statistics class, so they may be more predisposed to graphic interpretations than a random person. I also believe randomization was used because each class had a different set of 3D models.",0.19287274288769873,0.07154953732833169,0.09460143954798772,0.04437441340500925,0.05507996921462293,0.04760481178649328,0.03667416329060562,0.03124450604875525,0.049576907717351765,0.05038327200748711
74,"I think randomization was part of this experiment's design. This was done to rid of possible confounding variables like gender. A control group may have been part of the experiment's design, but I am not sure what that group's ""non-treatment"" would have been. A control group, if it was part of the design, would provide a baseline for the experimental group(s).",0.431829975325865,0.019686346490415823,0.11564472039553132,0.02865685180708078,0.03674858921682378,0.018639565699098488,0.023430988286404834,0.03687053634507805,0.09339268113544638,0.027707650561072154
75,I think principles of sample size were considered in this experiment. This experiment is using a large number of STATS 218 students.,1.0,1.5216551138959215e-308,1.0341317704361246e-307,2.6063528793000125e-308,2.905069301470668e-308,1.407955275121453e-308,2.0902499844281214e-308,5.394896211448858e-308,5.335648472942209e-308,2.4205051517264295e-308
76,Randomized photos could have been used from a database when looking at the study because they wanted a larger spread among different age groups. Replication was used among the student pulling from this same data base. Controlled variables were the in person models being the same in each bag,0.14709483146160943,0.019217639795353517,0.16460329480800623,0.04329449091662655,0.10169794688217636,0.016523520717363068,0.04230169786958935,0.04765301013185777,0.05310299216284392,0.04839969481990731
77,The control group was that the bigger graph piece was always at 100. I think this is the control because it stayed the same each time and with every changes in the graphs we observed.,1.0,3.2768806466111817e-308,4.56633307697263e-308,1.8321195581236964e-308,2.248698394149138e-308,3.6585259931970886e-308,1.6219814341575594e-308,1.7110988207245423e-308,2.657373927890992e-308,1.9014324930829436e-308
78,"Not randomization - if randomization were used, kits would be randomly assigned rather than picked. I don't know if a control group was used, because this study could have been on statistics students vs students not in a statistics class.",0.14101552739571244,0.01586527086490932,0.22649067968835837,0.038462381403108974,0.06535625311982377,0.013728275082232904,0.033736806816886754,0.058748863215801646,0.05084822486811487,0.03963683711038436
79,"A control group was used, because results were only taken from individuals 19 and older, as well as participating in Stat218. Gender was also taken into account, and will most likely be divided into categories based on these things.",1.0,1.2166808783720216e-308,4.385171432822723e-308,1.4304508686913276e-308,1.608691083599167e-308,1.283282030886843e-308,1.256536060158325e-308,2.038385116254744e-308,2.720259763941602e-308,1.368832140739665e-308
80,design was used to target specific stats students they maybe the control was the ones in person because i would think they were testing about the online graphics,0.36267520616461113,0.027965677359605614,0.06274730306683883,0.022164440181582326,0.028160796645334215,0.03285902345515746,0.018814300389145274,0.02076706240699789,0.03936318379289435,0.022233708381988095
81,The randomization of the students in STATS 141 and the control group could be the actual answer.,1.0,1.4869863056634637e-308,1.1440553755373126e-307,2.744622419745872e-308,3.065950579379131e-308,1.3527659991496327e-308,2.2238803703784757e-308,7.161556730101e-308,4.877396158269957e-308,2.5655068797596946e-308
82,The fact that we were all around the same demographic. Maybe people all got the same materials to work with.,0.07746556629944792,0.01815771358742127,0.0708449820545495,0.051223057300870664,0.05641907848097805,0.01320647159392613,0.03606220286841834,0.022426646786057658,0.02882863771035321,0.06843432487549597
83,"The randomization aspect could be seen in the random kit each participant used. The different kits could have different difficulties of models to assess, which when given out randomly, might show results related to the accuracy of that participant's responses. A possible control group present could be participants that have no prior experience with statistics. This would provide a benchmark to compare active statistics students with. The only evidence of this study being an experimental study is the assignment of the model kits. Besides there being different kits used by participants, there was no manipulation by the researchers as for what was done on the survey.",1.556686444131587e-307,1.460723299853667e-308,1.0,3.265326704929116e-308,4.39259982394826e-308,1.2895069241918183e-308,2.876835642264393e-308,8.915734950804027e-308,4.785204590235236e-308,3.253558436551236e-308
84,I think that the elements are a controlled group because they are given to us and not randomized.,1.0,1.77776813977622e-308,7.029492442823847e-308,2.1007089955258073e-308,2.6490508145426897e-308,1.8498098511106104e-308,1.874281390389285e-308,2.7815874905427195e-308,4.863430450245627e-308,2.0606344866330655e-308
85,"I think that the elements of the experiment are a controlled group because they are given to us and we are just judging them based of looks, but they are not randomized and are set out in a controlled manner.",0.6126366460704078,0.022028698682211086,0.094588796256644,0.027146980669116593,0.034231192824019596,0.02232756228338932,0.023705477791392076,0.03595948295080196,0.06814306645501915,0.026531946137929772
86,I think that it is randomly assigned because we were given random bags.,6.751236570408661e-308,1.4619885644195625e-308,5.638888250553691e-308,4.4178748013487007e-308,5.447018619693071e-308,1.169720897565677e-308,1.0,2.5302295173095835e-308,2.10450848092123e-308,7.228225432844753e-308
87,The kind of graph shown,0.1518808352421483,0.21693389781249017,0.055711130023703724,0.026075897902318602,0.029642646406373367,0.1838976831578328,0.023757172926165648,0.021562346568865194,0.02959796433146266,0.028359890939246974
88,"The randomization of the groups were present in the experiment through the use of the ta's handing out the different packages, as well as the user's requirement to randomly pick a 3D model.",0.15736412933526894,0.042725800700163574,0.09429994449747822,0.04188164498114106,0.055284278473662456,0.03222107707431087,0.03269202683481255,0.027973546906220663,0.04917899428421837,0.04649585774765344
89,"I guess overall they were pretty random because not everyone had the same blocks, and didn't know where the blocks were going. A bunch of different classes experimented, so there wasn't just one class studied. Lastly, possibly something like the kids are from different age groups.",9.782945660127094e-308,1.7796175029561936e-308,9.696941152708777e-308,5.658687767336802e-308,1.0,1.499984350959153e-308,6.071944539659027e-308,3.157379898960699e-308,3.64975941642297e-308,8.452417690105453e-308
90,I think there were randomization because the different charts weren’t assigned to specific students and the students randomly chose which data set they interpreted.,0.21215763010736022,0.32139737212379765,0.09190032075035334,0.04738397592314903,0.05303128752594749,0.08555967239526079,0.042446149630576906,0.035355315849437484,0.04696719720058122,0.05454699751638635
91,I would say it was random because they used both 2D and 3D graphs for both groups,0.12835746999580308,0.33138241040455546,0.05804231058230947,0.03022029922703801,0.03227318353839903,0.06950042335862404,0.026390086635339687,0.0220988773304324,0.02981784072822359,0.033598086407039665
92,"I think the randomization was used, because there were many random participants. There were many different students that participated in this study.",1.3855295172943115e-307,1.460414247955165e-308,1.0,3.643890821749372e-308,4.3610857814376934e-308,1.276852989209701e-308,2.861641435120371e-308,8.33838845148149e-308,5.041952582668523e-308,3.4958461456963434e-308
93,It was a randomized order and repeated measures design was also present. Conditions were controlled to have a baseline comparison.,0.1623294789361328,0.020303304242415818,0.2488667152825505,0.057430701503458054,0.04648530734459624,0.017549419328161408,0.030786197454889967,0.04710228989930864,0.09736528105026065,0.04737848639555161
94,"Random sampling, I don’t believe there was a control group but it also has random assignment to the bags",0.10134612076376949,0.019419534751380425,0.07729256451735994,0.0396165616727383,0.16487894545016044,0.01637408011760079,0.07416937346384718,0.030960403441701194,0.03049567819329088,0.06826983110769538
95,"The experiment included several good design elements. Each participant got a random mix of chart types and bar layouts, which helps avoid bias from always seeing things in the same order. The charts were also randomly assigned different ratio values, so no one could guess patterns. Everyone answered the same types of questions, making it easier to compare results. While there wasn’t a traditional control group, the 2D chart acted like a baseline to compare the 3D formats against.",7.492298677013177e-308,5.746928759972484e-308,2.8803443221891177e-308,1.2864456395991027e-308,1.4884707247276247e-308,1.0,1.16365098149425e-308,1.0700167851590174e-308,1.550103539412309e-308,1.3836611030176633e-308
96,"Random assignment was used, but not random sampling because we are all from statistics courses. A control group was also probably utilized, without us being aware.",1.146673903375116e-307,1.231997572922928e-308,1.0943001419866303e-307,2.8474894126728924e-308,2.938667741486431e-308,1.061442290678522e-308,2.534262647155503e-308,1.0,2.876452796756329e-308,2.801158460798914e-308
97,Randomizing groups by giving different people different 3D printed graphs. This was done to see if results differ between the different 3D graphs and it is not just up to chance.,0.166856213630755,0.2885009661255516,0.07768530523014266,0.04019017681426433,0.043092156567817855,0.0779680088373333,0.034060366907448826,0.028573956512887393,0.040070024185398706,0.044488404031193834
98,Randomization by randomizing which bar charts to utilize for each participant was used,0.23905967921672688,0.2425546773406324,0.09979007516280075,0.049753671462574076,0.05770401900065524,0.10814564017977063,0.04553369191802126,0.03810352672572064,0.05136239263442119,0.05754587832489815
99,An element that played a part of this experiment was the randomization of the Stats 218 class and what package they got.,0.12537267342265945,0.014298410354480626,0.15404391799414516,0.034424467684560076,0.046461059827116104,0.012442916292303275,0.036162327245628775,0.11703770378595842,0.035743721721544164,0.03627708664721696
100,"There was some factors that indicate there was a control. Like at the beginning of the experiment we had to depict which model was 25%, 50%, and 75% to the other graph. However I think the element of randomization was present in the experiment. There was no selected models per person and each graph was random.",0.4720102193968467,0.04654692174998218,0.07598625460975021,0.030265903619970343,0.03732133170967162,0.04679878649982287,0.026425916776388118,0.028441635792358033,0.044800896369883186,0.03121491642036079
101,The observational study was used because it was the design for the experiment.,1.668933639220637e-307,1.826929536594607e-308,1.9789276972459785e-307,3.4150993250382935e-308,4.041553518968572e-308,1.752659642453864e-308,2.457973783857146e-308,3.4768904896928476e-308,1.0,3.127260059614976e-308
102,"The control group used was the digital 3D graphs, and random assignment was used by having students pick the bags of graphs randomly.",0.26180657133012436,0.0829157334362529,0.09869367900597048,0.04377030246183859,0.054696732754404086,0.06189331524205893,0.03752472283460454,0.03408307136423416,0.05343313889971932,0.04847814628146694
103,"I think that the control groups were present, because the experiment was planned out. They had to plan this experiment out otherwise the results would not have been as accurate.",1.0,1.786514536575328e-308,6.880681685818811e-308,2.0895545517108913e-308,2.532084110063383e-308,1.886616710536085e-308,1.794742445275133e-308,2.678605326026419e-308,5.079224770250438e-308,2.0234848957757066e-308
104,"Randomization could have been used in this experiment because they want each participant to have a different set of graphs to interpret. If they gave each participant, the same set of graphs the previous participant could have influenced the other on what they thought the answers were, which would skew the evidence.",0.1445585286628876,0.5271813574191277,0.06680117787299125,0.035841652366461085,0.03678964895975596,0.060468099337834584,0.029833103696517507,0.02526823652805184,0.03422694022649363,0.039031254929878814
105,"Each participant received a random kit. This may have been to ensure that if a single kit was somehow flawed, useable data could still be gathered.",7.86744616403494e-308,1.6884041982714524e-308,8.125777531874576e-308,1.0,5.315772279660201e-308,1.343717187658873e-308,4.687345015483297e-308,2.7987236284882926e-308,3.042116440946379e-308,1.3218947754907439e-307
106,"Random assignment of different graphs, the 2D bar is a control group. Helps give the experiment validity.",7.758317695447485e-308,1.0,3.104480560875185e-308,1.50777689209652e-308,1.6477194886064865e-308,7.140294124058621e-308,1.333486129671022e-308,1.191936409840041e-308,1.636019332115726e-308,1.624549250592018e-308
107,it was random because we were asked in class and with 40 some people the sleep schedules are not going to be controlled.,1.1175709777730674e-307,1.2141757243707703e-308,1.052493204081306e-307,2.7664768720502023e-308,2.8796428780408055e-308,1.048623114398282e-308,2.5137478734474333e-308,1.0,2.8053929249899134e-308,2.7369448135594493e-308
108,I think that the elements of randomization was there somewhat. All the test subjects are in a statistics class but many of us have different majors so it is a good pool to test. I think that the different bags of figures was probably given to students at random as well.,0.1100306501483794,0.017729652006800937,0.11186986797281159,0.04817126543712509,0.11716365197071454,0.014547493340858253,0.06718137840455429,0.04388946739470378,0.03442946198545807,0.06114144184786895
109,"That was no random sampling. 

But the group for different type of problems were randomly assigned. 

Researchers know the answer.",1.1557533706969785e-307,1.223444334483837e-308,1.1113622970333515e-307,2.7945653871434103e-308,2.8999407267727797e-308,1.0578003043568795e-308,2.49174127087749e-308,1.0,2.886464936824631e-308,2.74499779791923e-308
110,"To reduce bias the graphs were randomly assigned to random participants in a random order, we did have a control group as there was 2D graphs that seem to be easier, and a lot more accurately read by participants.",7.617366410921876e-308,1.0,3.104308264756877e-308,1.5257676321732397e-308,1.6331416141879584e-308,5.939423093067838e-308,1.33100979432188e-308,1.1976584806659506e-308,1.6348858584191334e-308,1.626032433684877e-308
111,randomization was when the participants got to pick a graph and then answer which graph is bigger.,6.836613737161391e-308,1.0,3.125211953513501e-308,1.6679623956027493e-308,1.690938160192677e-308,3.3702952324298005e-308,1.408243035064327e-308,1.206952296734942e-308,1.6054659522400794e-308,1.791062888744819e-308
112,I think randomization of the bags that we got was present because when e walked in we were able to just grab any bag on the table so it really was random when students picked.,0.07666677120728602,0.015898026671512706,0.06496560218177314,0.04821155446340167,0.06116240600591069,0.012898317782101053,0.5644435354975816,0.02998099085328618,0.023811656403553857,0.07092795116444421
113,"randomization: different graphs, different forms of the test

Different forms were given, possibly to see what threw people off the most.",0.15174827162633742,0.3601250591514805,0.06642503600072958,0.03431539913172468,0.036791891876773404,0.07859363133532038,0.029788428445645006,0.025298393257934277,0.03422492848913068,0.03797298049444038
114,"I believe randomization was an element of the experiment. They have mentioned in the Future Research and Implications section that they wanted a bigger sample group from a statistics class in the future. 

While reading I did not see anything about if the experiment was random or a control group was used. I would think the researchers would use a random group.",0.14217343124622517,0.01508043893122118,0.18510033228763056,0.035282702904172694,0.04770769199071797,0.012930260985269355,0.026379963173194257,0.0462503642336628,0.056923678579181965,0.033921125843291024
115,"Randomization was used through how the graphs were shown to us, but I don't think we counted as random sampling since we volunteered and weren't from the general population of Lincoln. There was no control group present, as all participants took part in the randomized measurements.",0.397373674719656,0.031468124022692945,0.11239155712067492,0.03566104594220767,0.04701225852498162,0.029448412334857465,0.03057734036032216,0.03960896772746384,0.07269238316121855,0.03559904376486969
116,"The study included randomization; the participants were given randomly ordered graphs to avoid bias. It also included controlled conditions, in which they used the same ratios and graph sets across different groups. These elements helped ensure that the results reflected the differences in chart perception and not outside influences.",7.257446740034214e-308,7.236464143093941e-308,2.7780124408853867e-308,1.263355519005571e-308,1.4412592905098705e-308,1.0,1.1418393189898077e-308,1.0488440374911503e-308,1.4903207171193846e-308,1.3565430163809393e-308
117,"Randomization, because bags were chosen at random, even if it was the participants who chose.",6.941957908145039e-308,1.4636061748040566e-308,5.837294537756094e-308,4.316194368888855e-308,6.034459930860873e-308,1.178718489304397e-308,1.0,2.60957508422036e-308,2.157003476017099e-308,7.170151974355655e-308
118,"Randomization was used in this study because it was open to every single STAT 218 student. They didn't pick certain students from our class, they took everyone, and they had no idea who would sign up for STAT 218 this semester. This is good because it makes it less biased.",1.4477370046040075e-307,1.434919945996995e-308,1.0,3.4065058019418983e-308,4.3236600922192504e-308,1.2528241398082255e-308,2.9480325118329577e-308,1.0942589187877367e-307,4.454439782246445e-308,3.3881778006738847e-308
119,"The experiment involved convenience sampling from the Stat 218 classes and those who volunteer to participate in the experiment. The models being perceived were randomly presented, however, they were in assigned baggies/units that were presented to the respondent(s). The control method, I believe, was the use of identical or similar models for all respondents, helping to create a stable testing method and presenting respondents identical data models in multiple formats or presentations. All of this culminates into comparatively simple forms of data collection that can guarantee a degree of randomness without bias or skewing and control methods that aid the experiment's final interpretation.",0.13389219441298614,0.011423746758319966,0.33908094694353536,0.02393319803718494,0.03144499666934862,0.010166944295476633,0.02105487017881973,0.06580751305473304,0.03864025631883984,0.023668152564232478
120,"Since only stats students participated, the experiment did not use randomization for participant selection, as the sample was predetermined. Additionally, without a control group, it may have been difficult to compare the results against a baseline or determine the specific effects of the experimental conditions. These factors could limit the generalizability of the findings to other populations.",0.26443083485986085,0.013371551798198957,0.12256720504110832,0.02478624864135171,0.02922728551995002,0.012325929550659684,0.01939750424843099,0.049855978431156536,0.062475498101565746,0.0229944048734742
121,The experiment likely used randomization to present the 3D-printed bar graphs in a random order or to assign participants to different groups. This helps reduce bias and ensure fair comparisons. Standardization of the bar graphs and repeated trials across participants would help make sure there is consistent conditions and reliable outcomes.,0.09914822803023549,0.07890991392459668,0.03760920627038075,0.017048957231213156,0.02012842818144412,0.1362809343408808,0.015416178827608757,0.013751759964724546,0.020102261940965982,0.018778845913747868
122,"the order which the participants recieved the graphs, which would be randomization",6.734564676995554e-308,1.0,2.9857763596775147e-308,1.564103875287798e-308,1.600952992657403e-308,3.5846967969794576e-308,1.337281279688031e-308,1.1643790939231054e-308,1.54176186209295e-308,1.672831419528693e-308
123,Elements of experimental design that was present in the experiment would be replication because this was replicated the same way for each person and within different sized groups.,1.314913664437035e-307,1.9340974373660036e-308,1.0,4.555151313688162e-308,4.807978229620138e-308,1.8047493104432596e-308,2.851539747690048e-308,3.2915204063490525e-308,1.1337642108501718e-307,3.903059929804033e-308
124,"I can't remember the experiment well enough to answer this question, We should have had this assignment right after we participated in the experiment.",0.24419448923326365,0.01399536257509622,0.09049902148353363,0.02234800740468207,0.024387433877140718,0.013051391313557132,0.016476696324561082,0.030726695997975194,0.07278543882646288,0.02033886068844658
125,Randomization was present as they had different combinations of bar graphs to analyze. They used manipulation to change the variable of which perspective of the bar graph was used 2d vs 3d. They also used replication as they wanted to test if the results of the Cleveland and McGill study of 1984 would translate when using different mediums.,0.09716800054631532,0.0802273745813375,0.036295477946936584,0.016467215122558134,0.019372037679091784,0.14187641892472613,0.014900801334453873,0.013359569786630101,0.01941963926072955,0.01808817944301911
126,Randomizing groups by giving different people different 3D printed graphs. This was done to see if results differ between the different 3D graphs and it is not just up to chance.,0.15762955860567712,0.2541652835300167,0.0733830026625869,0.03788217219250905,0.040688394050053193,0.0738866319440792,0.03213193060529762,0.02696881173526532,0.037871803444665376,0.04193536432201294
127,It was a randomized order and repeated measures design was also present. Conditions were controlled to have a baseline comparison.,0.16281255305440026,0.02048144624610195,0.24671113467535968,0.05768042763497862,0.04636978942014081,0.017723987663397785,0.03081760691187914,0.04678284322381629,0.09874952917765485,0.04746786342959644
128,"I think that the control groups were present, because the experiment was planned out. They had to plan this experiment out otherwise the results would not have been as accurate.",1.0,1.7848357576211373e-308,6.955223861962776e-308,2.1021792663054615e-308,2.537739343661749e-308,1.8807122878666486e-308,1.7978888425449047e-308,2.699655704227412e-308,5.181317190101804e-308,2.0324431039311917e-308
129,"Random assignment was used, but not random sampling because we are all from statistics courses. A control group was also probably utilized, without us being aware.",1.1404235201404306e-307,1.229065979099156e-308,1.0739195194323979e-307,2.8439977196380764e-308,2.908773632784291e-308,1.0586370343933503e-308,2.5149220903003883e-308,1.0,2.8609904740906493e-308,2.78906982216021e-308
130,"The control group used was the digital 3D graphs, and random assignment was used by having students pick the bags of graphs randomly.",0.2584929967266483,0.08544466038202268,0.09845009366478993,0.04403816664909759,0.05480616863014141,0.06216449317619749,0.037771244399354593,0.03410684672487127,0.05309531353327159,0.048925429724279344
131,An element that played a part of this experiment was the randomization of the Stats 218 class and what package they got.,0.12554667311048373,0.014219507098256213,0.14944832551911647,0.03395531891178898,0.044785546580260994,0.012372406113396201,0.03550175811184118,0.1253803403884193,0.03531494002630169,0.035739469115748206
132,"The experiment included several good design elements. Each participant got a random mix of chart types and bar layouts, which helps avoid bias from always seeing things in the same order. The charts were also randomly assigned different ratio values, so no one could guess patterns. Everyone answered the same types of questions, making it easier to compare results. While there wasn’t a traditional control group, the 2D chart acted like a baseline to compare the 3D formats against.",7.630269450032159e-308,5.774960871655604e-308,2.9228396340920827e-308,1.3030674046400405e-308,1.510999933351992e-308,1.0,1.177121633908626e-308,1.0818015429140594e-308,1.5738487785623763e-308,1.402565971609976e-308
133,"I think the randomization was used, because there were many random participants. There were many different students that participated in this study.",1.4104253291116685e-307,1.4307398969285655e-308,1.0,3.4202556523414377e-308,4.0945007837158356e-308,1.26174434992224e-308,2.74987247503774e-308,8.580529060198633e-308,4.995304266997308e-308,3.2854670706351005e-308
134,Randomization by randomizing which bar charts to utilize for each participant was used,0.24124337422416925,0.23790150996326326,0.1001618444084254,0.04982380555915851,0.0578980399428291,0.10932120458990505,0.04570002809249607,0.038304632679129466,0.05157766697140408,0.05762114553544114
135,I would say it was random because they used both 2D and 3D graphs for both groups,0.12934616578521826,0.3275942809723552,0.05848213559496082,0.03045363929582638,0.032565907172859766,0.07034987583272101,0.026657442852783934,0.02228958517079356,0.030030078825411387,0.033911876704834094
136,"I guess overall they were pretty random because not everyone had the same blocks, and didn't know where the blocks were going. A bunch of different classes experimented, so there wasn't just one class studied. Lastly, possibly something like the kids are from different age groups.",9.79694697460297e-308,1.768791933068902e-308,9.68850090905209e-308,5.53638651170459e-308,1.0,1.4944488472216853e-308,6.073205641301125e-308,3.173747952756133e-308,3.6369526565234816e-308,8.264179376361884e-308
137,The observational study was used because it was the design for the experiment.,1.6644852756837358e-307,1.828555917239712e-308,1.9347464474248387e-307,3.382564557063753e-308,3.997734174511687e-308,1.7607685682479203e-308,2.4408557256192105e-308,3.431319082162899e-308,1.0,3.099965049453256e-308
138,I think there were randomization because the different charts weren’t assigned to specific students and the students randomly chose which data set they interpreted.,0.21026147761384287,0.3253698621963926,0.09151271371753313,0.047330561073410604,0.05273157736781506,0.08501676625334995,0.04222782323433153,0.035167608275707,0.046756400658178134,0.0543711286322895
139,"Random sampling, I don’t believe there was a control group but it also has random assignment to the bags",0.10152081135651957,0.01958965708018041,0.07730563769143534,0.04004327907718416,0.15915478433714464,0.016488655185664173,0.07775312802403304,0.031191981909490223,0.030457193882683094,0.06931796493520939
140,"There was some factors that indicate there was a control. Like at the beginning of the experiment we had to depict which model was 25%, 50%, and 75% to the other graph. However I think the element of randomization was present in the experiment. There was no selected models per person and each graph was random.",0.46857340411129456,0.04684567811988004,0.07701079167814812,0.03059331879172329,0.037174839653756474,0.04700504598779231,0.026516275216997308,0.029032887551606316,0.04585016355783264,0.031210378276003085
141,"What kit students received was random, and participation wasn't mandatory, so what students in taking STATS 218 participated also wasn't known for sure.",0.5161350044740326,0.018401379201857696,0.14216668722497275,0.03455682081628195,0.03926342902097874,0.016575438769275856,0.029333385204210013,0.10796076770429634,0.053494640093480206,0.03296977072276302
142,"I think there is a decent amount of randomization given the variety of STAT218 students and differing experimental bags/kits administered. I really can't think of how there would be a control group in this experiment, however, so I am going to say that it is missing that element to some regard.",1.4915028038412997e-307,1.488034407352174e-308,1.0,3.45170093335698e-308,4.721586681803772e-308,1.287740783701358e-308,3.1297806914003203e-308,9.579976327034759e-308,4.3804769430595643e-308,3.522517187034006e-308
143,The color that you pick because they were random and said to pick one.,7.991196780867517e-308,1.9439012649727664e-308,7.135606246807454e-308,1.0686524430020757e-307,7.476793821416048e-308,1.454091524695962e-308,8.67238620045206e-308,2.70825705904277e-308,2.7567440170739235e-308,1.0
144,"The experiment included several strong elements of experimental design:

 

* Randomization – Each participant received a random set of graphs with different ratios and chart types, which helps prevent bias and ensures more balanced results across all chart conditions.

* Control elements – The 2D bar charts acted like a control group because they’re the standard, well-studied format. Comparing the 3D and printed charts against them helps show whether the new formats perform better or worse.

* Consistent procedures – All participants followed the same process, used the same computer setup, and got the same instructions, which helps reduce variability.

* Replication – The experiment was based on a well-known study (Cleveland and McGill), adding reliability and allowing for meaningful comparisons to past results.

These elements help make the study more fair, accurate, and easier to trust.",7.492681054964399e-308,5.902994765788381e-308,2.8982466502889705e-308,1.3008922763242477e-308,1.5082080242373787e-308,1.0,1.178553528215196e-308,1.0756658163365636e-308,1.556192946830743e-308,1.4054845750377757e-308
145,"The order of graphs were randomized to account for the order affect. A control group could be students not currently taking STAT 218, have never taken STAT 218 before, or students only able to view graphs in 2D. This is important to see if class or 2D vs 3D has any effects on graphical estimation.",7.487026942489022e-308,1.0,3.02033065170097e-308,1.4685846909025046e-308,1.5841059375429725e-308,6.881594562835406e-308,1.2909945054930356e-308,1.16651188298029e-308,1.595182327117902e-308,1.5647207558494914e-308
146,The bar graph and the size of it,0.16637762637735978,0.18602766343118374,0.059889852117921305,0.027772950934124803,0.032090346683609126,0.18435588749905074,0.025522477557703642,0.02309934640246626,0.031848038494154865,0.030435275813033093
147,I think the kits given to us were randomized and that they contained different 3D models. I believe this was done to ensure that people didn't share their answers. This helped to avoid biased results.,7.739903946712717e-308,1.6851218285049755e-308,7.791388920007127e-308,1.0,5.682625240992929e-308,1.336849985110258e-308,5.268851844447621e-308,2.7553880367718466e-308,2.9305819271015667e-308,1.4736949246111847e-307
148,Randomization was used because the order of the blocks chosen was randomly selected by the person.,8.22322267191292e-308,1.9247848421889908e-308,7.171675818228351e-308,7.829157105707363e-308,1.3365720764910108e-307,1.5025721682036534e-308,1.0466809280076231e-307,2.657937870778574e-308,2.8513358751441023e-308,1.0
149,I think the element in this design is randomization because it was random of just looking at whether if the circle or square bar was taller. There wasn't a control group in the experiment.,0.22388547141916468,0.10949837143143831,0.08074051069748894,0.03608942451923151,0.0447625320619898,0.11808233150268163,0.03308029267168284,0.029350499224683198,0.04311973063875087,0.04061071233963016
150,The experimental design was control group because it gave you two choices of either triangle or circle you had to see which was bigger then estimate by how much was the data bigger or smaller.,1.0,2.7180051949316293e-308,4.979683197142508e-308,1.865753975382353e-308,2.3579453543105598e-308,3.2159587879360133e-308,1.6486854034770595e-308,1.8146787696153523e-308,3.0433864874897416e-308,1.907109881180396e-308
151,"Randomization of the height of the graphs. So, they were not as easily identifiable.",0.12292229959650025,0.5723219857331053,0.05292805440305438,0.026972732188603306,0.028474871300569683,0.08388568858209343,0.023578877739813556,0.02053409317323185,0.027468393331850565,0.029140591254828943
152,The element of experimental design would be randomization. When we had to pick a random graph with the pieces we were given we had to randomly select the ones present in front of us and give the graph info on the computer and length and shape which was larger.,0.17753882382587188,0.03500595549327814,0.15105341509142883,0.04335067517917173,0.05303469156295281,0.03743968834686708,0.032817580349713785,0.03138965624117575,0.07379367830059055,0.042255255682501325
153,The randomly handed out packages was randomization. This helps because no one group has an unfair advantage or bias.,0.07531356637985512,0.01545186833471236,0.07793178954464929,0.20376560552305858,0.06399830786367633,0.01236721025103342,0.06533633666752918,0.0287429301652747,0.028303232557816898,0.14977283617888784
154,I think that the use of control group was present in this experiment because this seems to only use students that are taking the statistics class.,0.743571447070771,0.01770433173909291,0.06589596876706222,0.020836112721317593,0.023971114702915484,0.018429124979789505,0.018490479307682803,0.030090650328014255,0.04092636824454559,0.020084402138808598
155,"Randomization could have been used in the assignment of bar heights for different trials to minimize any bias, this helps ensure that any observed results are due to estimation abilities rather than predictable patterns. Another element could have been repetition. The repeated trials allow for analysis of learning effects, consistency, and changes in performance over time.",0.20194882771955813,0.13505473524320977,0.07546087787652994,0.03474673754153836,0.04197539726924191,0.13107394422165544,0.031915907316310936,0.027908388460691165,0.03991647666122398,0.03921858419678252
156,I think we used the element of randomization by hanging out back with random numbers to different people but I felt that there was no control variable in the experiment because there was  not a bag that had no pieces,0.09481263154573438,0.018235710535143192,0.07479143554107093,0.04009757013593426,0.16383410880293586,0.015243066916893621,0.086005614370814,0.030499558657027463,0.02874625520149299,0.0705571417724973
157,"Randomization is when no one is given a specific set of instructions on which bag to take and is instead given a random bag of charts and pictures. This helps keep the data collected relevant and more randomized, meaning the authenticity of the results is more acceptable than if they were to control the experiment in any way.",0.08132596711481244,0.009911091971498115,0.10851788987356294,0.024892995766230365,0.0445373381886021,0.008868534394297488,0.02059619755580575,0.02854233041559323,0.03790119020540721,0.024067051579970147
158,I think randomization was present because each bag was different.,6.765484480514365e-308,1.4793201017208026e-308,5.629667838035685e-308,4.486515316427915e-308,5.617020000354742e-308,1.1841003333860014e-308,1.0,2.485070816240032e-308,2.1199332063204095e-308,7.777373088103908e-308
159,I think randomization was in there but I think the graphs were pulled from a bank of graphs pulled out in different/ random orders,6.406615804788692e-308,1.0,2.9066232952446063e-308,1.5386605817446596e-308,1.579227392259768e-308,3.5480877078796977e-308,1.3306500228372686e-308,1.13458015119605e-308,1.4919554839448385e-308,1.66528155574362e-308
160,I do not think the use of a control group was used in this experiment because everyone had to do the test. The order of questions might have been random but the people surveyed was not because you had to do it as a 218 student. There were variables and a large number of people sampled.,1.0,1.2820739614517155e-308,4.909007387572581e-308,1.535505473922085e-308,1.793250663320181e-308,1.3383849957103723e-308,1.3881883494797515e-308,2.280601345755906e-308,2.9824170079543506e-308,1.4864541773433483e-308
161,One of the biggest randomization factors was the physical 3D printed models we were given. They were not strategically handed out they were randomly taken or passed out. This removed bias and the ability for people to choose the exact few models that they wanted.,0.0781288957620622,0.01797546666392481,0.07128845278236293,0.04911296999670136,0.05871332467325379,0.013141353647627679,0.0363530983066936,0.02261348197745008,0.028926555696761908,0.06681508205068037
162,A control group in this experiment was there being no numbers for reference on the graphs. Another control group would be giving random graphs in which the two statistics being observed were not right next to each other.,1.0,3.358590870903785e-308,4.603578732475334e-308,1.864727782462396e-308,2.2735555892036554e-308,3.576438101604471e-308,1.643909987393424e-308,1.732165308930443e-308,2.668280405565904e-308,1.9349764533820787e-308
163,I think replication because I think some graphs were repeated to see if you realized it was the same one. Not to sure to be honest.,6.562890694023434e-308,1.0,2.8933835762300675e-308,1.5071452294083637e-308,1.55724903359977e-308,3.7998421247675695e-308,1.304270208330111e-308,1.1310703487426203e-308,1.4936466575927854e-308,1.6209296182098957e-308
164,"Giving students' in a class random bags, because this makes it completely random for a set group.",0.06312164727978634,0.011992594576198296,0.05747001735088697,0.03818346197373775,0.057909096309577954,0.009826282003465114,0.13497303348539127,0.025851170807782646,0.019845344797841703,0.05316832020396359
165,I think there was lots of randomization because we had to pick the random shapes and there was not a control group I felt like.,0.08815903055098592,0.017130729103980235,0.08344465748226712,0.04226751125244555,0.057594583430760085,0.012961357368802688,0.03381939916361213,0.0254077208778437,0.032138465246917935,0.05014522707990341
166,"I think they didn't fully use randomization in this experiment because the STATs classes were the ones being tested. 

The independent variable was the type of graph it was- physical, 2d, 3d

The dependent variable was how the test subjects would interpret the graphs.",0.1736005563603903,0.431245572151687,0.07878859442058692,0.04103691809381204,0.043800875840308125,0.08117568976122172,0.034963839109166485,0.02940855185922132,0.040533158481440616,0.04544624392216547
167,I think randomization was used in this experiment. I was able to randomly choose the order of my graphs so they were not in the same order for everybody.,7.540326518374054e-308,1.0,3.1546473873319373e-308,1.5899077130796473e-308,1.675833567778194e-308,4.835904200422238e-308,1.377754405040538e-308,1.2245607115771097e-308,1.6475414445153746e-308,1.700188360828677e-308
168,Each person randomly picked a bag and each bag was different. Probably in each bag though there was one that was the same in each bag.,6.606842988444769e-308,1.464560116951716e-308,5.384334802389922e-308,4.2192643268213717e-308,5.345821212204694e-308,1.1751446975361e-308,1.0,2.394541941407301e-308,2.0551099574470206e-308,7.260435643673613e-308
169,They tried to make it random but there will always be some kind of bias that prevents this.,8.543280709959684e-308,1.9469018199874544e-308,8.364125176901599e-308,2.0090008930693615e-307,6.003648111104321e-308,1.459908126187003e-308,5.922520843929689e-308,3.0213562754844134e-308,3.1190045700702654e-308,1.0
170,"The experimenter most likely had tested a control group, so they had something to compare our results to.",1.0,1.7309671871681206e-308,9.054916850758442e-308,2.41925338804664e-308,2.7982865842417773e-308,1.7138458931985004e-308,1.9479270811703046e-308,3.4143569456724084e-308,7.3930277054794e-308,2.274840416916583e-308
171,"I don't think that there were control groups present because this study would be hard to have a control group. They would have to still participate in some way, but they wouldn't be estimating the heights of the blocks/bars so I don't think it would be effective or applicable to use a control group. I do believe there was randomization within the experiment because we were put into different groups randomly by giving us a different package filled with differently sized bars/blocks and maybe an online presentation as well.",1.0,1.821642445624402e-308,5.907723853564977e-308,1.918786315891278e-308,2.4384582304622207e-308,1.9829315851115584e-308,1.740847355221888e-308,2.368098527907681e-308,3.949995823591655e-308,1.9059022119874457e-308
172,"I think that they randomized whether they designed the experiment so that they could test for the results that they wanted by framing the questions and data to see the responses that they are looking for. They also separated all of us so we had to take it on our own, which eliminated a chance for social implications to create a confounding variable, for example if a popular kid got a crazy answer and everyone wanted to be their friend so they also put that answer.",0.15636171535978421,0.026629825042041887,0.19185205548555573,0.15474902563367474,0.06671403731163136,0.021031719474300742,0.04691887003600898,0.0551226651514566,0.06503632376593643,0.09565265951219559
173,Not random if only students in Stats did the survey.,1.2785341894794528e-307,1.2301748698219664e-308,1.3569148835063766e-307,2.7104938744395674e-308,3.013636105493853e-308,1.079074383838547e-308,2.4776498154655e-308,1.0,3.1196093232688913e-308,2.6807964150628353e-308
174,We had to randomly choose a bag to use for the 3D printed models. This might be to ensure that the directions could be followed in relation to using the correct 3D block when asked. This could also prevent two friends who were taking it simultaneously to not share what they thought.,6.845200591270252e-308,1.467641570913554e-308,5.688797380671279e-308,4.286224759384845e-308,5.860979049746648e-308,1.1806636529557575e-308,1.0,2.5343212796391054e-308,2.126828191833592e-308,7.302462473287609e-308
175,"i think this design was mainly randomization because students were instructed to just take a kit out of the box, meaning that a lot of people likely chose the same kit as it was on top. therefore, there may be a lot of data for one of the kits and not really any data for the other kits.",7.958128141092026e-308,1.688927458078476e-308,8.318604332083714e-308,1.0,5.478075263310456e-308,1.348489937237923e-308,4.718617204566761e-308,2.834646137755185e-308,3.0971762190703266e-308,1.3106680912243271e-307
176,"This experiment included randomization since each participant received a random chart combination with different ratios and spacing. This helped minimize bias. Since there wasn't necessarily a control group, 2D was a good comparison for the two since it was most studied and trusted. Using questions to determine the differences between all of them helped with design and to differentiate them based on these variables.",7.545695849853877e-308,5.287724673943132e-308,2.904578575332835e-308,1.287843108851402e-308,1.4987577498111957e-308,1.0,1.166910516562255e-308,1.074365591757992e-308,1.565221498961412e-308,1.385907836237094e-308
177,"They had a random group of participants, along with also having both 2D and 3D graphs.",0.1407512350252549,0.2929368871901229,0.06360303520503789,0.03276488762539338,0.03502222532006528,0.07547129946243966,0.02826210625665994,0.02390718835002826,0.0328467467727669,0.03611537699999524
178,"The experiment used randomization to assign charts and their order to participants. The control group was the 2D charts, used as a baseline. Counterbalancing made sure participants saw the charts in different orders to avoid bias.",7.845456327291685e-308,6.208372656675737e-308,2.96451150899405e-308,1.319586562909318e-308,1.5216106680548896e-308,1.0,1.1830584814278113e-308,1.0949010943199534e-308,1.600328120220963e-308,1.4125808180997566e-308
179,"The experiments definitely used randomization the graphs and the order that they were placed, and they were also randomly assigned to each individual. This really cuts down on how biased the participants can be. They also used a lot of repeated measures meaning each individual looked at the three different types of g, that way everyone would act in their own controlled way. I don't think there was a traditional group but using 2-D graphs which we already know they are more accurate. They kind of served as a baseline compared to the graphs that were 3-D and 3-D printed the designs of the graph really helped make the result more reliable, and reduce outside influences.",0.18850462053230407,0.3958684267534782,0.0853016535520468,0.04439749257689117,0.04699479536581673,0.07738692177046531,0.03714244593489661,0.031712052527743,0.044051408044280455,0.0486401829420775
180,na,8.48726792036796e-308,1.8591832695631656e-308,8.433330883950386e-308,1.9200067557655972e-307,5.99805500057771e-308,1.4110415286698896e-308,6.522932774432012e-308,3.155525696982878e-308,3.0455400701947364e-308,1.0
181,"The experiment was investigating the judgments in comparing bar heights across different visualization levels 2D, 3D digital, and 3D printed. It replicates and expands on previous research. They specifically focus on the perception of position along a common scale. The experiment involves participants comparing bar heights in various charts and providing ratio estimates, with the goal of determining whether 3D printed charts offer any advantages in conveying quantitative information compared to traditional 2D or digital 3D charts. The findings aim to contribute to a better understanding of data visuals and potentially inform the development of more effective data representations.",7.017219681763737e-308,6.437854037089613e-308,2.705984626440139e-308,1.2312554221787834e-308,1.4091650044370876e-308,1.0,1.121406515662448e-308,1.027594651531585e-308,1.44961347171026e-308,1.3258930737759366e-308
182,"The experiment only used STAT 218 students, and some people did the experiment only online which could have been the control group.",1.0,1.1931127320665096e-308,4.442232838430249e-308,1.4257100405359824e-308,1.6368021790339414e-308,1.2413690786012787e-308,1.2894785376157574e-308,2.142110226408917e-308,2.6292457167813066e-308,1.3760022455418947e-308
183,"By picking up any block from the bag, there was no order to which block we had to do first which represents randomization. This allows for perception of block size to be less skewed, there is no manipulation. Since we were not really comparing blocks there was not a specific control group, but we could possibly view the representative block as the control group that we were basing our guesses off of.",9.446254084498709e-308,1.768337816634834e-308,8.122706124425571e-308,4.4447488096854e-308,1.0,1.4898723106890214e-308,6.404202177609469e-308,2.9427718659193134e-308,3.181668852431687e-308,8.043334941115135e-308
184,"I think the randomly assigned control group is a great idea, that way the people still think and act/ answer according to them being studied, however they never had anything special in the long run. Their own unknowingness keeps the results more accurate. It is a better representation",1.0,1.3566578078288054e-308,5.571510413616578e-308,1.673294663156856e-308,1.9809584669202957e-308,1.3604548104451416e-308,1.5197568146585087e-308,2.6149687188410405e-308,3.255552642965362e-308,1.626780352541574e-308
185,"This experiment may contain several experimental design elements. First, the experiment may have achieved randomization by randomly assigning coding bags or model order. Second, although there is no typical control group, the experiment effectively controls potential interference variables by maintaining fairness, consistency in presentation and operation procedures. At the same time, all participants perform tasks on the same platform, which also reflects the standardization of procedures. These design elements together improve the internal validity of the experiment and the reliability of the results.",1.279951824917045e-307,1.9865640993841104e-308,1.0,4.545052440501192e-308,4.855497374924699e-308,1.855568527368885e-308,2.8481965988824084e-308,3.1229167567296236e-308,1.0478125664097719e-307,3.917926160698047e-308
186,to create no biased and accurate results,0.10347530595394325,0.010744988827174319,0.11780901607573549,0.022273213838974296,0.025517464262520873,0.01035346252636035,0.015972079147064996,0.025475583478484522,0.6122683676173641,0.019794260159692996
187,"The elements of experimental design that were present were randomization as the bar students saw first may have been chosen, and instructions if students all understand the assignment the same way.",1.2708262972264878e-307,1.8159694621418977e-308,1.0,4.945649269217897e-308,5.872110978352165e-308,1.6859584372139517e-308,3.1576412132131974e-308,3.613477578181978e-308,1.0060134294666712e-307,4.163429114626061e-308
188,"I think there was some, but also using students and spouses of stats people is random but not as random as it could be.",0.11694939300859375,0.01224203722852948,0.12491285568390044,0.027872359615316415,0.03206806860313963,0.010658574194543607,0.02681024137438115,0.2589860380234739,0.029938783967375423,0.028289498095830628
189,"I think randomization was used for which order the graphs were seen online, possibly, and there was a control group with certain graphs.",6.579684039195566e-308,1.0,2.933761499557951e-308,1.538165625962819e-308,1.5820229554554165e-308,3.662121962900358e-308,1.325343377022158e-308,1.144321571829718e-308,1.5120865996534423e-308,1.6550234522824814e-308
190,There were both. They used randomization by changing the order of the graphs shown. This helps avoid bias. The control group was that 2D charts were the standard for comparing how well people read the data.,0.07168713841710486,0.16166801375487344,0.026966596160309587,0.012651192329084248,0.01398614169744443,0.07451811932549758,0.011093304487342656,0.010215680037880294,0.01443673638209259,0.013450563876074451
191,"the study was done on the STAT 218 students, which is a relatively random group of students at UNL. This type of randomization ensures a relatively even distribution of skills and experience.",1.4499547116273624e-307,1.389187247208092e-308,1.0,3.2490786612562274e-308,3.9696999639782817e-308,1.222033232689898e-308,2.808587786885725e-308,1.2945011949385545e-307,4.3495508280812603e-308,3.202026953114047e-308
192,"I think this was a randomization because each participant was randomly assigned with their kit with random graphs, so no one had any idea before the experiment what they'd get in order to know the true measurements or cheat.",0.14972722027728674,0.023762322978300533,0.20719763013763,0.08314812314692335,0.064726893659275,0.019083126217690274,0.04013382836334164,0.0456884463720178,0.0704143217241566,0.07171526856070373
193,"The elements of experimental design involved randomization in the arrangement or assignment of the data points to avoid bias, and the control group was included to compare the effect of visualization type. I think they were present because they help isolate the impact of design choices on interpretation.",0.17493705240291899,0.03297724819923598,0.1587351480629205,0.04260385841543341,0.05243657879051752,0.03491762679446468,0.03203836599538846,0.031161793207639236,0.07682691047716379,0.04104483772786915
194,Some elements of the experimental design that were used were random assignment and variable control.,0.15549352652410206,0.02151166381231008,0.3725712118610575,0.04620965358032489,0.052824776264645094,0.02084030902045551,0.031385192944857664,0.03742173740372135,0.19460095117733867,0.04035912724970718
195,"The elements of experimental design, such as randomization or the use of a control group, that I think were present in the experiment where randomization in chart types and bar spacing because this helped to reduce bias.",0.17850497191583609,0.03487779918231657,0.15098842242795266,0.04308437169920448,0.052661534258290295,0.03739050440709964,0.03263190133634254,0.03138364624458,0.0742326681762093,0.04192360042572021
196,"The experiment likely used randomization to change the order of graph types for each person, so results weren’t biased by the order. There may have been a control group, like people using 2D graphs, to compare against the other types. These elements help make the experiment fair and the results more accurate.",7.404635980278825e-308,1.0,3.00344955545912e-308,1.4663646038573636e-308,1.576079878259024e-308,6.616265848348678e-308,1.28821359501308e-308,1.162674692160435e-308,1.5842096037820516e-308,1.5616424297426936e-308
197,"There was a controlled variable aspect, like the graphs being in the same format and no extreme variance. However, there was mainly randomization involved as each participant was given different graphs to interpret.",0.44141282120067404,0.0495643646312544,0.08318687141130715,0.03318516697535544,0.040449476553201504,0.04870257650194451,0.028729359451106863,0.03132374440716095,0.04930559743011114,0.03395280438291808
198,"Randomization was used in this study as each question was randomized from a pool of questions. This means that each person got a different set of questions, eliminating the chance of people telling each other their results. This was done to reduce inaccuracy in the results.",0.13466047288635213,0.014992163409216788,0.2574498996035819,0.040560551421374956,0.039545047607069825,0.012878723798229123,0.027422681576693156,0.07902803262235897,0.04948789012120583,0.03625005785192185
199,"1. Randomization

*

Presence in the Experiment: Randomization is a critical design element in experiments to minimize bias. In this experiment, randomization could be used to select cows for each group, ensuring that age groups, health status, breed, and other factors are randomly distributed across the experimental conditions. Randomization would help eliminate confounding variables that might otherwise skew the results.

*

Why it is Important: Randomization helps ensure that the results are not influenced by hidden biases or confounding factors. For instance, it prevents the possibility that older cows are always in one area with different environmental conditions compared to younger cows, which could bias the results.

2. Control Group

*

Presence in the Experiment: In your study, a control group might not be applicable in the traditional sense (since you are specifically testing the impact of age), but a ""control"" could refer to a baseline group of cows that are considered to have ""normal"" or ""ideal"" conditions for calving. For example, cows that are in a middle age range (e.g., 3-5 years old) might serve as a comparison group. Alternatively, cows receiving no intervention or standard intervention could serve as controls in experiments comparing different assistance types.

*

Why it is Important: Having a comparison or baseline group allows you to measure the effects of age and other variables more accurately. For example, comparing cows under 3 years old (younger cows) to cows over 7 years old (older cows) can show if age directly influences the likelihood of needing intervention or experiencing difficulty.",1.6961242803021425e-307,1.673378088539017e-308,1.3898742496253494e-307,2.963688817931571e-308,3.612659088094934e-308,1.6609734065144667e-308,2.2825783689497895e-308,3.4419721952756954e-308,1.0,2.741681274405115e-308
200,"Randomization is crucial since there will be multiple groups being evaluated both 3D and 2D printed bar charts. This helps control the differences being observed between these two groups, and allows data to increase in accuracy. You don't want any pre existing differences/variables to occur during testing especially ones dealing with different subjects. Now for the control groups you can see when compared (both groups of printed bars) that without a variable to manipulate, you can in fact isolate a possible effect on one group of your choosing. Without the control group being present, we wouldn't have any obvious differences pertaining to the prints, and or the other confounding factors mentioned in this abstract.",0.09719459705167327,0.06830940357091328,0.036990044134936735,0.016609803408052667,0.01978570613861788,0.15158296726049858,0.015096721630581535,0.01348099823022489,0.019810555581589364,0.01831391761870997
201,randomization was a big part. participants were randomly assigned graphs types and bar groupings to minimize bias. each participant views a set of graphs in random order to avoid affects. there wasn't a traditional control group but the use of the 2D graph served as a baseline for comparison against 3D versions. the design of the experiment helped isolate the effects of graph type and layout on judgement accuracy.,7.449639444706159e-308,1.0,2.9752315527290793e-308,1.430879841686761e-308,1.555021403055525e-308,8.171401987669685e-308,1.2641222929032983e-308,1.1475470182957984e-308,1.576503782365357e-308,1.524111503317944e-308
202,I think there was  randomization used as to which version of the data students received.,0.21606699715216704,0.3024853681376108,0.09525176080591795,0.04974541662131913,0.055606444340132156,0.08355177532592971,0.04488003505114884,0.03692593389542669,0.04838110343689841,0.057851084256299604
203,I think the randomization is which bag a student gets. I chose a random bag out of the pile and after it was put back into the rotation for other students to use. I volunteered for this study so the survey was not random. I am unaware of a control group but if there was one I would imagine there is a standard set of blocks and maybe they were hypothesizing people would score different on a different set of blocks.,9.627442211841306e-308,1.7162442691183265e-308,8.411905395559805e-308,4.2809802251961707e-308,1.0,1.452105446021892e-308,6.429220023749423e-308,3.115734009203794e-308,3.180570348689758e-308,7.103982245367963e-308
204,"The elements of design which I believed to be present were randomization is the way which the graphics were presented and the participants in the study. There wasn't necessarily a control group, but there were things kept the same for everyone. This would be the instructions given and the information given prior to the experiment.",0.18032663737535595,0.03449077325060274,0.15086199566939967,0.04248734239990507,0.052586528247681924,0.036778456184255404,0.032311572816226465,0.03128175500836905,0.07507961268932957,0.041474746432426164
205,"I think randomization, such as with the order of the graphs and associated questions, was used to help eliminate confounding variables. Participants are presumably being paired with themselves, with each individual having their own accuracy score for each type of graph. The accuracy for each type for the population as a whole is likely also being considered.",7.554320886134967e-308,1.0,3.209939982773249e-308,1.6260761813108994e-308,1.7077202475887e-308,4.647398966549496e-308,1.4019288073765503e-308,1.240087973733178e-308,1.674519535686075e-308,1.7392435533159005e-308
206,I think that this was a controlled group because it only used students that are part of a math/statistics class.,0.6194201248035454,0.018283399503620925,0.06365072629710472,0.020774381718037478,0.023982249440819142,0.01917875717759398,0.018859892250636456,0.029638388815473562,0.03825213793237282,0.020179060807814852
207,"Replication, as many of the testers likely had to perform the same tasks to demonstrate that the results were not due to chance but were reliable. Randomization is used to reduce bias, so testers don't receive better results because they recognize a pattern. Standardized procedure, as I believe all the testers of this experiment were probably put under the same conditions to reduce confounding variables.",1.5743674229615356e-307,1.892943477793872e-308,1.0,4.648114089059751e-308,5.207342902025618e-308,1.6898488469625963e-308,2.9728975795553655e-308,4.302714931003878e-308,1.3135107507284046e-307,4.1031904427357407e-308
208,"*

Randomization – They might randomly pick which people go in which group, so it’s fair.

*

Control group – One group doesn’t get the change, so you can compare how they act versus the group that does.

*

Blinding – Sometimes the people in the experiment or the people running it don’t know who’s in which group, so they don’t accidentally mess with the results.",1.716113962885561e-307,1.651056580075019e-308,1.4415486317642932e-307,3.0012884124322164e-308,3.6280239810080464e-308,1.6290845306954613e-308,2.2939408707880337e-308,3.5707264800458725e-308,1.0,2.7616907140447524e-308
209,"I think randomization was used when distributing the test out. I think that they probably still narrowed it down to college students though. I don't think you could make a control group for this type of experiment, everyone conducts this experiment differently so it would be hard to create a good control group.",1.0,1.3565503142740495e-308,5.592985673603697e-308,1.672565681764582e-308,1.990660101805678e-308,1.364933971541405e-308,1.5230041112421805e-308,2.6060834001661963e-308,3.283303640578737e-308,1.627931328679951e-308
210,I think randomization could have been used by randomizing a pool of questions for surveyors.,0.12275887477470929,0.0235703755067968,0.14033606177960847,0.25739276209114303,0.06115050679513055,0.018332990931016792,0.0463108246647288,0.044034468210907986,0.049473175762697184,0.11670885625584736
211,"The experiment likely used randomization by assigning participants to different graph types and ratio combinations randomly. This helps avoid bias. There wasn't a clear control group,  but the 2D graphs might serve as a baseline for comparison. The use of different graph types allows the experiment to test how each format affects accuracy.",7.62941623374526e-308,1.0,3.057302947487036e-308,1.482424568628617e-308,1.6071908549173323e-308,7.17940743178143e-308,1.304642522699006e-308,1.176858626327385e-308,1.6152859320284423e-308,1.5838053965015473e-308
212,"control group it showed group that does not receive the treatment being tested, and it provides a baseline for comparison against the experimental group.",0.2353107855574238,0.011738267481047658,0.04774868801693791,0.014276337729159207,0.01671247003191742,0.012423479008591972,0.012259122997961188,0.019614779086622357,0.033961011660577294,0.013684804141848004
213,Randomization was done to distribute chart order and question sequence to alleviate bias. Along with a control group of 2D charts to see variability across types.,7.549181760813152e-308,5.755982630034027e-308,2.9006226431162145e-308,1.290562169091243e-308,1.4879341443032926e-308,1.0,1.1614416255936605e-308,1.0740173643097153e-308,1.563914383176695e-308,1.3814866272960993e-308
214,There was randomization on the kit that was used for each person that was in the study. The studies were also controlled through how the graphs were positioned and how they looked.,0.2244078247229528,0.07534156341646803,0.08290976035539213,0.03801820067213151,0.04341037680103454,0.049602087756968366,0.03132613173185978,0.030054637045296338,0.04507475600408845,0.04011470157650207
215,I think randomization was used because the survey was done by students who come from many different majors and years. This experiment used convenience sampling since it used students taking introduction to statistics.,0.1464937549894593,0.013781678205941795,0.47727082489543715,0.031185257497904285,0.03922580645251679,0.012006848435953987,0.027767963760653287,0.11948163592355095,0.04025649793550599,0.031249283420282152
216,"I wasn't aware of a control group being used

Randomization was present because all demographics of people were included, and different graphics and physical graphs were provided for the people participating in the experiment.",0.44839270250697427,0.02619757604804251,0.09989506565090545,0.030284385029567543,0.03866362084899467,0.025953377571395177,0.026023887949199423,0.03641348367000123,0.07020272272417102,0.02980598567969361
217,"There were 2-D, 3-D interactive, and physical bar graphs utilized. The distance between the two [triangle and circle] bars varied between the two for each graph, as well as the randomization of the other bars not asked about in each graph. My guess is that the seemingly  ""randomized"" irrelevant graphs may very well be intentionally proportioned and coordinated for measure of scale between the triangle and circle bars being asked about.",0.16586659894056932,0.18254525884798392,0.061037169412507836,0.028306012884703777,0.032930794955329024,0.18404942063070304,0.025902234982004554,0.023158535340934722,0.032414877365544256,0.031208561950326844
218,I think randomization was a large part of this experiment. Having randomization allows for a non-biased view of 3D vs 2D charts and how their results work.,0.09411767092782958,0.06867576856091663,0.03582217183450607,0.015927773284854483,0.018596108210367602,0.5244488403975391,0.01433518575084196,0.013109361844862534,0.019297309954531293,0.01721193688631696
219,"Their didn't seem to be any control group that I knew about.

The bars were randomized every next question.",0.500983533225594,0.02473537978331399,0.08159038498632107,0.026614218261215933,0.03157864148262555,0.02648099025569755,0.02399908191198497,0.035370673812609825,0.05218436909653509,0.025990580061082295
220,"If the questions of the graphs are randomized, you might get the exact same graph back-to-back to back, so, you would remember what you put for it and just put the same answer without really thinking about it.",7.042096335483087e-308,1.0,3.2252323073979743e-308,1.739673853385343e-308,1.758411257101627e-308,3.1277316623208297e-308,1.4650708305838437e-308,1.2506850389494464e-308,1.650735733261366e-308,1.877687577704284e-308
221,"I am unsure, but they randomly told us to select a graph, instead of telling us when. I think the sequence of graphs was random so as not to influence or cause bias.",6.523728338201274e-308,1.0,2.869851740244347e-308,1.488617312305562e-308,1.5408694398169064e-308,3.868628150845875e-308,1.2903822028871213e-308,1.122013067227818e-308,1.4835744353278954e-308,1.5990336255858135e-308
222,i think there was a randomization of colors and the assigned shapes to those colors,7.997377171185964e-308,2.073345060259436e-308,6.879748865572441e-308,9.532959969874113e-308,7.556839459383628e-308,1.5253058568160564e-308,7.155759799460997e-308,2.547052920049279e-308,2.7688272672211513e-308,1.0
223,I think that randomization was present because it was random who was enrolled in Stats 218.,0.11830881782884478,0.013243012423356463,0.14835055245258372,0.03195695113686024,0.039080804997205204,0.011371711738743724,0.03143342910381684,0.15276726987102957,0.03236066053652758,0.033391074886645014
224,They did use a control group which were students currently taking Stats 218. I think they used this because it is convenient and makes sense because this can reinforce our learning.,1.0,1.2221837180353114e-308,4.500135557524676e-308,1.4533022396849317e-308,1.6367696662000185e-308,1.278910048523396e-308,1.277073496801871e-308,2.10749481951353e-308,2.7708749575887187e-308,1.390728998598651e-308
225,The randomization of the experiment in different models given to different students was present. This measure made it so the answers would be more accurate and less uniform. (IE. what did you put for model A? I put 37),0.13343437697199712,0.01827740048741368,0.3002608923574877,0.04951633218561978,0.04784852291453892,0.01573481472241455,0.028616518939135683,0.037707126406742786,0.0773750868325555,0.04242336249875378
226,Each student chose a bag at random to interpret the graphs. the online graph interpretations could have been the same for all observational units.,0.23601509842325805,0.2630352529945279,0.09835132832461968,0.04944903296888114,0.05691399516587865,0.09614334424182472,0.04516940695189179,0.037953108686602344,0.050495642459205514,0.05721970880616051
227,"The class was randomly selected to be together in that stats room at that time by someone not involved in the study, I'd imagine, and we were all chosen to be in the study by being in the class. I don't believe there is a control group, which might mean I am the control group and that would be good control group design.",1.0,1.2647144900268245e-308,4.941955206595433e-308,1.539136507410678e-308,1.8098498685464144e-308,1.3054773471868436e-308,1.410970609216082e-308,2.3629988927024e-308,2.909268667252983e-308,1.494170103907468e-308
228,"Each bag (I believed) was unique to one another making it a controlled group. However, within the actual survey, at the end we had to choose the blocks randomly and identify them on top of random computed blocks.",0.09402127024649153,0.01775434152309629,0.07352842027508003,0.03796511116119965,0.19295422835594855,0.015063291405764455,0.06784590065653207,0.028987914417818374,0.02898166845072583,0.06572094698688723
229,"randomization was present in the experiment with the random bags of graphs, id also assume the questions we answered were comparable and were a sort of control questions.",7.031049588586946e-308,1.0,3.238348999931942e-308,1.750960978509198e-308,1.7575225407733034e-308,3.1247394301012464e-308,1.4633706666280585e-308,1.2524694853749095e-308,1.6586684249708045e-308,1.8787316646591696e-308
230,"There may have been randomization in terms of assigning participants to a set of graphs, because my impression was that each bag of 3D graphs was different. Based on the limited information provided at the start of the experiment, I am not sure whether there was a control group or not. Perhaps the initial experimental group of the graduate students and their roommates was the control group. There also seems to be an element of replication, since this study is based on a previous study and is trying to determine if there are similar results between the two experiments.",0.1742495800531818,0.13098354776269105,0.07476560369405769,0.036396438942088744,0.0410764248332286,0.06381118144746017,0.03053203019571791,0.026771384736683692,0.039345668957092426,0.04006141429789414
231,Control group of students taking Stats 218: only 218 students are proceeding with this experiment.,1.0,1.1852771673465554e-308,4.3694842593377836e-308,1.408145897352513e-308,1.61463928947988e-308,1.2412558662063415e-308,1.27182233067293e-308,2.093519525367225e-308,2.6020683768930327e-308,1.358623290743239e-308
232,I think randomization was used when people were given different sets of graphs in different orders,6.486083428106977e-308,1.0,2.957405407474692e-308,1.579298343042476e-308,1.6044873692418167e-308,3.3659570509675085e-308,1.3537077748861226e-308,1.1561206558525717e-308,1.516003256528322e-308,1.7025499006580156e-308
233,I think randomization was used because everyone had different sets.,8.110607774418617e-308,1.9697416845542666e-308,7.433081038913728e-308,1.4798979847842018e-307,6.898264818879401e-308,1.4738746918524773e-308,7.002514326158071e-308,2.7379002609623425e-308,2.890652514087998e-308,1.0
234,I think that randomization was used. Each student received their own kit completely randomly.,7.863018646166435e-308,1.690435148274422e-308,8.013438522982106e-308,1.0,5.326159664333951e-308,1.3325325854878324e-308,4.928666043946444e-308,2.8454028114376173e-308,2.984496656788766e-308,1.5878628062469598e-307
235,"The bags were distributed randomly, they were randomly distributed so that confounding variables would be lessened / eliminated (i.e. a bias of some sort).",6.63130488955905e-308,1.4601293938192523e-308,5.417980121917214e-308,4.203154950023663e-308,5.362928501607977e-308,1.1723553367596e-308,1.0,2.4193647049933833e-308,2.0592971022442815e-308,7.146076275999216e-308
236,I would say that randomization was partially used because students were just randomly given kits with blocks in them and they (the student) did not know what was in them prior to receiving the kit.,1.0251553797868125e-307,1.7516530220940096e-308,1.0776750824572007e-307,5.553900994520596e-308,1.0,1.4852754830936406e-308,5.584553144536285e-308,3.4238974411736927e-308,3.9072143150956855e-308,7.163357879185351e-308
237,"I feel that the design of the groups were randomization, because we had no indication as participants that we were designated to certain groups. It also did not matter which bag we obtained for our tests, so it seems that the experiment was not specifically sectioned.",0.11001295088787279,0.01713553663527894,0.11274390776702128,0.04730069007351182,0.1137808826802357,0.014436474526605812,0.07183144461709907,0.04706845767394502,0.034363565357617344,0.05748042029008714
238,"While our class was not randomly sampled, I would assume most of the study was. It allows the results to be generalized.",1.3024063028477124e-307,1.2661790814466093e-308,1.6111596215171274e-307,2.9125753393526013e-308,3.1915422564561792e-308,1.103034311156779e-308,2.558431439328054e-308,1.0,3.302371802144845e-308,2.8556429575628434e-308
239,"In this experiment, I think randomization was used by having students pick their bags of blocks at random, which then may have produced differing sets of blocks to be measured on the online version of the study. I am assuming because this was an experiment there was a a control group and an experimental group to draw potential correlation and causation. In this study, I think there was a set of blocks given to all of those in the experimental group and a differing set of blocks to those in the control group, and these groups were selected at random based on which bag they chose.",0.11500407108952124,0.01992293688124052,0.10809181501628397,0.05404800595941827,0.403845741913599,0.01690634727491994,0.06816068420954143,0.03757394468836683,0.0403063021639305,0.08239068145958058
240,"To eliminate bias and guarantee diversified exposure, the sequence or kind of block drawings exhibited in the experiment was most likely randomized. Different versions of the images may have served as treatment groups, but no formal control group was employed. These design components serve to guarantee that any discrepancies in interpretation are related to the visual design rather than the order or content itself.",0.18634601901293138,0.03767455124958232,0.13932186335981467,0.042773154591148825,0.052631763667227674,0.041062739594815434,0.03302316895070722,0.031437864106145026,0.0708717445990313,0.04253655094214796
241,Randomization occurred because everyone was given a random bag with random figures.,0.06408369214307555,0.014476651155121317,0.05358549536170655,0.0480502982347463,0.05520107368284653,0.011483451246283567,0.5233084738624648,0.0231231129918905,0.020423016987418628,0.08662626838657515
242,Elements included random assignment and a control group to reduce bias and establish causation.,1.4721126093806278e-307,1.6692185968841533e-308,1.6697609777806554e-307,3.2712119985139213e-308,3.769546499174681e-308,1.644375964223451e-308,2.3623741166343413e-308,3.3766062512174385e-308,1.0,2.9163149700338046e-308
243,"The study can not be generalized to the population at UNL or just people in general, because the people chosen were from our stats class not randomly selected from the University. There was no control group because we all took the same test and everybody in our class took it.",0.7208475264025814,0.01766333088082672,0.06475636499782741,0.02103213811806653,0.023775159335713152,0.018210072726937664,0.018844783218129716,0.03157979416320198,0.03798204345350943,0.020238397485260975
244,I think a control group was present to see if people who are not taking a statistics class had difference perceptions. Randomization was also used to control any confounding variables.,0.7612753746210289,0.015952988355171248,0.06224889539305754,0.01948571373681874,0.021897410428285215,0.016228305242221526,0.016864603882802937,0.029001845373314475,0.03846188739501726,0.01858297557228218
245,"The study examined several key variables. Chart type (2D, 3D digital, or 3D printed) and bar spacing (adjacent or separated) were categorical variables. The true ratio of the compared bar heights and the participant’s judged ratio were both quantitative variables. The error in perception, calculated as log2 error, is also a quantitative variable. Additionally, the identification of which bar (marked by a circle or triangle) was smaller is a categorical variable. These variables collectively helped analyze both accuracy and perception across chart types and layouts.",7.008868001536477e-308,6.291462402712399e-308,2.7019376066094016e-308,1.228692273174514e-308,1.4078339742197043e-308,1.0,1.1202943727826846e-308,1.0264058114785046e-308,1.447485856907557e-308,1.3238256201912507e-308
246,randomization because each shape was different and out of order so you were not influenced by a pattern or anything,8.060585815960007e-308,2.100181661412519e-308,6.847796272186644e-308,8.667274910628113e-308,8.326251156959378e-308,1.551792162117632e-308,7.208491577357743e-308,2.515620358538488e-308,2.7881617699124455e-308,1.0
247,It was definitely a control group; we were all STAT 218 students.,1.0,1.2101439669787733e-308,4.3957907905176684e-308,1.4183811101258553e-308,1.6385064220477984e-308,1.268948255862082e-308,1.2889895077597735e-308,2.0852352306925876e-308,2.6239174506598304e-308,1.3735744717330967e-308
248,I think that the use of a control group was used because it was all stats students.,1.0,1.2876712731727954e-308,4.670094637703584e-308,1.5092369265929425e-308,1.687550020060653e-308,1.327344113968785e-308,1.312184148371411e-308,2.162357885101188e-308,2.885646846263543e-308,1.443439790962965e-308
249,"It’s likely the experiment included some form of randomization, such as random assignment of model versions to each participant, to reduce bias and variation. There may not have been a traditional control group, but comparing different model types could act as a form of comparison. These design choices help improve the reliability of the conclusions drawn from the data.",0.541418440829075,0.021671502794907576,0.09138561735735254,0.02641158431137144,0.032601351808378046,0.022705971799325368,0.021963330124315655,0.031759417970724214,0.07798355771479533,0.025419548690017325
250,"I think randomization appeared in if a person would be looking at a digital chart or a 3-D chart - I think this help eliminate people getting in this flow or rhythm in reading the charts and gives the experimenters more accurate information.

The control group is present in the beginning test example and gave a good baseline to use as a comparison to the responders answers later on. 

I guess you could say random assignment was used in having us choose our own bag at random since we didn't know what was exactly in each bag.",0.33431523559559867,0.02919290265298651,0.13535891920591606,0.03838918236786769,0.05545767785475504,0.02822717901521694,0.03254476492501351,0.040905831145301656,0.09929831660312952,0.038142798313159344
251,I think randomization was present in the experiment because they needed randomness to determine whether 2D bar graphs or 3D bar graphs were easier for people to understand.,0.18847602534447577,0.20470646965883824,0.07855095242846072,0.03801496239249762,0.043665847630788034,0.12917138039736942,0.03399873106361222,0.028986653039382623,0.04100283454725264,0.042705039476859524
252,Randomization was definely in this experiment but you randomly got a bag and you were selected by group because we were in the STATS 218 class.,0.10996025527231539,0.017356873968700677,0.11430546917458072,0.04977741694071852,0.10189111104441391,0.014520758229472611,0.07658370037118174,0.04903223950001919,0.03418226274622682,0.05854424326164535
253,"Elements of experimental design that I thought was present in the experiment was repeated measures paired design as we had to repeat the estimates twice, one for the computer model and one for the 3D printed model. I think controlled group might be part of it as well if only college students were used for the experiment.",0.1776016592275173,0.035401532360393895,0.1493003056806195,0.043733960008050216,0.055046832803627516,0.03522702718521024,0.032944271684985364,0.03128655885639639,0.07372621272187085,0.04341105954488066
254,Randomization was used since the bags had a unique code. I did not look at the other bags to see if the specific shapes (circle or triangle) was on different heights of the blocks but this could also be a randomization used. I think there was also some sort of repetition throughout the experiment to compare if participants had similar responses.,0.0572066864801217,0.011594865501830578,0.050031616423634954,0.03514735031211222,0.08041821313604446,0.009447557652973825,0.09711745524382821,0.019989236595774413,0.018538662937716836,0.07375307523861974
255,"practice before the test starts. randomization in the fact that we come from different areas of study, so the results are generalized to the population. Maybe a control group present to set a baseline test so the results of the experiment can be cross-referenced.",0.1095080008650227,0.012062593286607621,0.14673095397036304,0.028706767355623507,0.034952840922855985,0.011143484838711522,0.02059195091925139,0.0379953295040897,0.07678700971558568,0.02534433508877919
256,"The experiment probably mixed up who saw what chart on purpose to keep it fair, and it might have had a regular group to compare against to see if different charts changed how people understood the info",0.09842846080483118,0.10889355346884236,0.03326222202273939,0.015290526290917159,0.017266373744191234,0.07446210598576428,0.013493674503219909,0.01262025933256438,0.017934226669692764,0.016315678463275887
257,It’s presented after you find the hypothesis,0.22806175981462654,0.02141914133923125,0.18386245816670463,0.03796126843151678,0.041780963453402514,0.01970276143060635,0.026705957252492665,0.040991154108076064,0.20565173225612107,0.03466905409960865
258,The element of the experimental design that  randomization or the use of a control group that were present in the experiment was how it asked to slide to smaller or larger.,0.14082905255439124,0.019143332375420596,0.2834918495999872,0.041466262331698034,0.048105039789573964,0.018536712844540372,0.028362880207718835,0.03427105055751034,0.1863514982675976,0.03624920112879979
259,"Some elements could be used such randomization of the group, randomly participation of the STATS 218 students. That would be the sample size. Another element design I can see in the experiment, random assignment.",0.11086133620928423,0.011402834982158697,0.12394234798282398,0.02589200824094511,0.03620347629805236,0.010628351497076192,0.020613856026072224,0.03937369172046898,0.05713908412454131,0.0238425463663913
260,"I think randomization, such as random students participating, but also control group, like all of the students that participated were in a stats class.",0.11457487832639629,0.013204736486294708,0.19075649628698274,0.03535615124911751,0.04686949216534953,0.011696589975630056,0.031072144697744723,0.07719440505663812,0.0423729343935918,0.03472964706572033
261,Control group would be the non stats students because they don’t have the experience of going through the course in which proportions were learned about. Randomization could have been used… Although more info would be needed on who else has taken the survey. If it is only this section of stats then it is not random.,1.0,1.2936945593070727e-308,5.534058862021571e-308,1.6344812411118796e-308,1.966990691297906e-308,1.3125907568874746e-308,1.5088285495346387e-308,2.6330931829712765e-308,3.1996417612523755e-308,1.5941143128642216e-308
262,Control group was present because the shapes didn't change but everything else in the experiment did.,1.0,2.503181332419493e-308,5.027292604791172e-308,1.8489947865801305e-308,2.3494916307741455e-308,2.938793857303672e-308,1.642313599606593e-308,1.8580422697831683e-308,3.142966083528567e-308,1.8792401099191483e-308
263,"The use of a control group was present in this experiment seeing as it was sent to students who have experience in statistics. Assuming the experiment was only sent to STATS 218 students, there was not randomization.",0.1588835973076571,0.01422640327228889,0.2991575379255409,0.03052517232607734,0.041962923412957175,0.012435378941129204,0.026937733937616937,0.07233489808437922,0.046604712066602154,0.03062853057678465
264,I think one of the kits was a control group and we were told to pick our favorite number so that randomized the process for the participant.,8.008337930714256e-308,1.68730683640359e-308,8.480614690172259e-308,1.0,5.107226285535653e-308,1.347775874437755e-308,4.3597125868959667e-308,2.8578645951756266e-308,3.152966356891011e-308,1.1895059975303353e-307
265,Randomization was used in the kit number because it determined the questions that were asked.,7.916334857490158e-308,1.739969471742897e-308,8.05402561699825e-308,1.0,4.880074663402706e-308,1.361233035462168e-308,4.328374745408692e-308,2.76909548994716e-308,3.0482539495005695e-308,1.4053580828679806e-307
266,random students in the stats class,0.13372875433755993,0.013213768304401562,0.1416191479032928,0.029372776076999618,0.03597673070581892,0.01176088083235559,0.028646627873341768,0.18350727248447068,0.03533307294644256,0.02976669348357884
267,"I do believe that randomization was used in the experiment as we were told to choose a random number, and the graphs given to us were in no particular order. Since it was hard to apply random sampling to this study, (the participants were volunteers), the use of random assignment was essential to make this a true experimental design.",0.17934988733468749,0.41552884597832523,0.08283153603956742,0.04375995102710382,0.04576070616475755,0.07508673293228746,0.03639490958236193,0.030784149354574762,0.04258417750569778,0.047919104080636495
268,"Randomization was present - the order in which the questions were shown is likely randomized, as was the amount of 2D vs. 3D visuals. 

There was likely no control group present, since each participant would have had to answer all questions, meaning there was no way for the variables to not be manipulated.",0.1415288021812556,0.027193902213687306,0.1496933734175625,0.13067524278705653,0.053147502050340086,0.02088901554522905,0.04003607834814924,0.044017358597845654,0.057973017123239566,0.0818978779171662
269,In the experiment there was random sampling because they were pulling from different courses to collect their data. I would also say there was random assignment because of the 21 different kits to choose from.,0.1208505764215853,0.013704624170094671,0.12137131673590643,0.0336467535690059,0.034298606397438494,0.01170040636726582,0.029528560971149965,0.46765426082611417,0.03184687979967925,0.03325487040950166
270,"They may have mixed up the order in which the bars were shown.

I do not think randomization was used because there was really no bias to prevent. Possibly the randomization of 2D vs 3D bars. 

It is possible some people were only shown 3D bars and not 2D and 3D, which may help to understand people's perceptions and if there is significance in the bars that are shown.",0.19446651118096253,0.19076140451291165,0.07678504093278236,0.03624394655368154,0.042673933313490967,0.1456853607842409,0.033002973306324665,0.028461572522976868,0.04033907877667896,0.04085907409548656
271,"The main purpose for using randomization in an experiment is that it automatically controls for all lurking variables. In a randomized controlled experiment, researchers control values of the explanatory variable with a randomization procedure.",1.5238537604453721e-307,1.6404613524207703e-308,1.44220261188682e-307,3.086610814563522e-308,3.7102790701509768e-308,1.624643697766871e-308,2.329515163749051e-308,3.4293444700187326e-308,1.0,2.803964247285443e-308
272,"The order that the questions were grouped in could have been part of randomization because each person likely did not get the same order. Additionally, a control group could be all Stats students that were experimented with.",0.16622957674383598,0.028287740039308576,0.18560011511435673,0.15479847373547845,0.06180488637715622,0.022325501173422604,0.04616197981394079,0.05836311761307012,0.0667650692539472,0.08973243690806938
273,I believe that randomization was present in this experiment in order to prevent participants from anticipating or following a pattern in the trials. Randomization allows for different values to be tested and less biased answers to be given. Values on each table/diagram also could've been randomized lessen the anticipation or expectation of a certain value to be in a certain spot.,0.13076999620280585,0.09980428616705019,0.06668496923798392,0.036702996464199646,0.037733965161942794,0.04001488942540315,0.028977553537869852,0.023926905727271245,0.033891491455128174,0.04041306896734472
274,"There were independent variables, as well as multiple dependent variables. These were present because there was more than one thing being measured. There was also randomization, in order to prevent bias.",0.11729531930348394,0.023336720740349374,0.1085729657022255,0.06348762056465512,0.037976444767336116,0.01779120918008437,0.027305855574388912,0.031085217601420693,0.04598716193466925,0.04763082778041647
275,"They may have had a control group of people who experimented in person to see if the results differ when someone looks at these objects on a computer. This would have given the observers a baseline to compare results from participants who completed the experiment on a screen to see if there is a significant difference. To minimize bias, the researchers probably randomized the selection and order of images we saw, having them possibly computer-generated.",0.17440112090425497,0.040018281819347454,0.0981879430206429,0.037103754857506596,0.04769765348531008,0.0355351151472079,0.028714771195245504,0.026711287504381714,0.05317838737919613,0.038568985521836886
276,"The elements of experimental design, I think were present in this experiment are randomization, repeated measures, and standardized instructions for all participants. I think randomization because trials were probably given at random to different people. On the charts I was given there were more letter groups then what I had to answer for so I'm assuming that other people got questions I didn't and vice versa. Repeated measures because people answered multiple questions for each chart type. Standardized instructions because everyone got the same clear instructions, that were used for each trial.",0.17647749240917193,0.034237051090771145,0.15397709972583026,0.043130106257658014,0.05281449154623407,0.03646841749162173,0.0325420691688922,0.031319443134914214,0.07488362570749607,0.041829623540962216
277,The experiment used randomization by having an order of trials that are randomized for each participant.,0.15722734236281322,0.020679301782807295,0.24553337907115164,0.0634701432178702,0.04938532241571016,0.01764816116972979,0.0324869807019694,0.048185728405002654,0.08951257700953096,0.05146824530074035
278,I believe that the use of a control group was utilized for this experiment because it was specialized for STAT 218 students who agreed to take the experiment.,0.7615112233862451,0.016602389810127245,0.060817647990347244,0.0195231232474888,0.02234395712938257,0.017411794915312497,0.01741038775300478,0.028295931677024114,0.037278190731063886,0.018805353360003565
279,"The letter locations probably changed randomly so people couldn’t just memorize patterns. There may have been “easy” rounds as a kind of baseline, and then harder ones for comparison.",0.0904016017181588,0.0221195033079038,0.08368450241581243,0.21776042895354536,0.06512500307817963,0.01649682108877996,0.06447195687634379,0.03047344174226781,0.032820714880144694,0.37253049434639374
280,"Since all students in the class could choose to participate, I would say a convenience sample was used in the experiment design. It's hard to know if there is a control group since I have only seen one version of the test (the one I took). For the same reason, it's hard to know if any randomization was used. I would guess a control group of some form and random assignment were used so that a cause-and-effect conclusion can be reached at the end of the experiment.",1.0,1.299262757165576e-308,5.483270968075492e-308,1.6329065790077054e-308,1.952002058207646e-308,1.3278162995847756e-308,1.4922927009869955e-308,2.5722026197241867e-308,3.256898243984734e-308,1.5858691329116933e-308
281,i think randomization of questions and data couldve been used in the experiment- they could have pulled from a pool of questions so they could determine how well they can associate the two factors in the experiment,0.16384149518374352,0.027494665906639338,0.19423430608680448,0.1487987686441662,0.06356276348196496,0.02182982163950846,0.04570672403711161,0.056765328154958536,0.06846068917106295,0.08937433446662627
282,"I think the experiment used randomization because people were probably randomly assigned to different groups, like some people saw just the digital charts, and others may have had access to the 3D-printed ones. This helps make sure the groups are similar and that the results aren’t biased. There was also a kind of control group, which would be the people who didn’t have access to the 3D-printed charts. That way, the experimenter can compare how each group did and see if the physical charts made a difference.These parts of the design help make the experiment more fair and help the results be more trustworthy.",0.10258731928312594,0.07718076473876276,0.039997785853531254,0.01808086477807731,0.021432485349405953,0.12585699646925286,0.016281386874386135,0.01443387849282513,0.02136241246339223,0.019960820323038548
283,"Randomization likel occurred in the placement of letters and their associated values on the heat map to prevent learning effects or pattern recognition. There wasn't an obvious control group, but the ""practice trails"" acted as a sort of calibration phase to ensure participants understood the task before actual data collection. The use of standardized color scaling for the heat map acted as a controlled visual environment, so every participant was interpreting the same scale.",0.18102909499634745,0.34360636152452834,0.08312206013881882,0.04412034472353202,0.047276359243860956,0.07182754042545625,0.037616032137341764,0.03126306524385186,0.042432742833625046,0.04971487392759295
284,"Control group would be the questions are all the same for each student who participated. Randomization is that the results are anonymous, at the end there is no way of knowing which students provided which answers.",0.3918907765129721,0.025818591432671407,0.11936394065019412,0.03314314418321945,0.045266595826298245,0.0256689218360607,0.028616811654944726,0.03935941805796323,0.08999841590064875,0.032706191623972
285,Some elements represented in this expierement was the use of randomization. This helps distribute any unknown of the group and from bias and unsuring the the least amount of errors.,1.5782609270113888e-307,1.6552090129651017e-308,1.8398968492858593e-307,3.3716045507430524e-308,3.844638919523864e-308,1.596610602561526e-308,2.404749495068551e-308,3.7430049068852047e-308,1.0,3.0035615419248255e-308
286,some elements of the experimental design that i think were present would be randomization because it was random on who would get the experiment and everyone got different codes so the experiment was different for everyone.,1.2999556980994658e-307,1.9305240596476377e-308,1.0,5.345053083444224e-308,5.699282461936257e-308,1.7314312608993596e-308,3.154710165055241e-308,3.623175867966925e-308,1.0057094840235878e-307,4.529872100887015e-308
287,"* questions were likely randomized to help control for possible extrinsic variables/influences between trials

* demographic questions were given to help organize survey results and again account for extrinsic variables like in person vs online

* this survey has likely been given to multiple classes and thus replicated with different groups to get more comprehensive results",0.13594455670849878,0.013770507255536555,0.25983354672098924,0.03365082008355132,0.0351639019045177,0.011959754244130514,0.02550300865551792,0.10222402962046645,0.04285764288791722,0.03136775281687865
288,"Both comparison and repeated elements were used. Comparison between the two types of 2-D v 3-D tests showed the levels of accuracy attainable. If the goal was to test how the human eye differentiates color shades for example, the inclusion of a second test type using repeated coordinates would offer a truer result as this gives the researchers context and contrast to another method. Additionally, variable control was used, since all of the students (presumably) had the same coordinates, and the same coordinates were used for both test types. This was present in the experiment in order to provide more evidence against the null, which would assume that all answers are being chosen at random.",7.725180209380711e-308,5.381820210951336e-308,2.9737262246078054e-308,1.3177253747841073e-308,1.5378118398405535e-308,1.0,1.1911699105394545e-308,1.0929658093793225e-308,1.602199062863621e-308,1.4208857703326633e-308
289,The letters were often the same in the two charts so that would be a control group. This was done because it would isolate the variable of 3D vs. 2D and we would be able to determine which chart was better.,0.4470802658344832,0.06812961452023707,0.07587262871512476,0.030899143020379615,0.037811855337791134,0.08886470174391353,0.02740462081151559,0.027538961606848593,0.043254447698660915,0.032503825413699804
290,"One key element is randomization. Students were allowed to try out both types to make sure there were no bias during it. Students are also both genders so that helped because maybe females score higher at tests like this, but with both genders preforming that helps.",1.0,1.566895312495194e-308,9.348493730615541e-308,2.5026653176204203e-308,2.8118502267822314e-308,1.4338276181022953e-308,2.0740494555062857e-308,4.857360526624259e-308,4.696604759637245e-308,2.3633175608644e-308
291,"I think use of control group because the location are staying the same, but the letters are changing and we are reading and interpreting the plot differently each trial.",1.0,3.158132699599398e-308,4.617276202096723e-308,1.839542273387006e-308,2.2644896561819096e-308,3.513438206395535e-308,1.6292214352291353e-308,1.7353089435646373e-308,2.707039487910324e-308,1.904072490167283e-308
292,I am guessing that respondents were randomly assigned to groups that determined which pairs they were quizzed on.,0.07646183871924339,0.0157297791010195,0.0786679733539481,0.41590773074425247,0.03604041720203087,0.012080859727944704,0.03114035897206292,0.027872718482966154,0.02898104801481988,0.08112560940438321
293,I think randomization was an experimental design used because it was being generalized by a computer.,0.11466753378481664,0.01884207503246606,0.18302881590639863,0.07897846148657452,0.06654209465946656,0.015481411479601328,0.03769418408864062,0.038153171187280274,0.05705541706269776,0.06689744179244064
294,People were asked whether or not they wanted to participate so it was voluntary. I personally am not sure if I was in the control group or not so it is blind.,1.0,1.8996157011254604e-308,9.26841583978774e-308,2.5138985303110277e-308,3.089526198538206e-308,1.831567271505186e-308,2.109578415443075e-308,3.384982103994318e-308,6.729820623633803e-308,2.435465899487916e-308
295,"I think the randomization factor would be that the people participating are random. I think the control factor would be that everyone is. taking the test on their computer. Something that could be different is the order of the questions. This is the case because the researcher does not decide who is taking the test. He just gets their results without worrying who the person was that took the test. The only information the researcher knows is the persons favorite zoo animal, age, and level of education.",0.12782546432837227,0.014285764800362222,0.2738485308431121,0.037815865273759776,0.04748876800915004,0.012214532970836021,0.02765966192706384,0.05827563676047205,0.048315624737408136,0.036159269914796933
296,"it was randomized, sure students choose to complete this survey but i would still say its a random group of students.",1.2920982076736234e-307,1.2234558166105717e-308,1.2648464931036668e-307,2.639027370423016e-308,2.8569307597965297e-308,1.0725035790893867e-308,2.368423689767132e-308,1.0,3.0512149808565374e-308,2.5854774028047056e-308
297,I believe every graph was randomized for every student. I also believe the practice was meant to be a bit of the control group.,0.21594950933719337,0.3138644958535384,0.09268859269947749,0.04764473272789937,0.05336534123967161,0.08655072523049197,0.04275232246690083,0.03577437795208045,0.047407621383175745,0.054748200132421106
298,"i believe that the use of convienace sampling is used because it is using stats 218 students to its benefit, the control variable would consist of the stats 218 class.",1.0,1.211608330575693e-308,4.526043413630958e-308,1.446382661173738e-308,1.6505953363836855e-308,1.2660608774253083e-308,1.289166089685648e-308,2.1363272257769056e-308,2.7455509032430847e-308,1.390629636489505e-308
299,"I think that Stat 218 students and are the only ones allowed to participate in the experiment. I think the entire study is randomized with no control group. I think everyone got the same survey, and results of accuracy regarding the smaller bar in the graph will be compared.",0.25207944671729765,0.12664302866170696,0.07802125154623657,0.03553967742252531,0.04229926900617942,0.10000346886908144,0.032309719564896845,0.029847600183441902,0.04177404093443199,0.03918113631460472
300,Randomization was likely used to yield a large and wide variety of people with little bias toward what the experiment was testing.,0.07917210525648807,0.011040363206287351,0.12436809549289134,0.042288377489481,0.03579358687820398,0.009126554847822231,0.0225838515693471,0.033950041262945166,0.03377683177401285,0.03558042249733618
301,I think that they probably had a control group where all the bars were essentially the same and they probably had a lot of randomization in what order the graphs were presented. But randomization in sample size probably isn't there because it's all stats 218 students completing an assignment.,0.22828710136345312,0.14629542606723875,0.07509630173067715,0.034488065255904636,0.04098398326916761,0.1141778761222145,0.03151198923635723,0.028573380747961598,0.040017912932279534,0.038266602495148745
302,"1. Random assignment of participants to groups receiving different chart ratio orders which distribute order effects

2. Within-subjects design where each person sees all chart types to reduce variability

3. Control group receiving only 2D charts to compare 3D formats to",7.388488651614858e-308,5.611424884163757e-308,2.8528726926418484e-308,1.271685020330326e-308,1.4672466183653333e-308,1.0,1.149187824084544e-308,1.060772261638862e-308,1.5363418551451936e-308,1.3634908027268254e-308
303,"The use of a control group was present since only STATS 218 students were the ones who took the survey, so there could be more knowledge of interpreting data compared to the general population.",1.0,1.223940376445444e-308,4.509400465789789e-308,1.454519256223278e-308,1.6366690797021687e-308,1.277725055468286e-308,1.2774234776989933e-308,2.1151974015881497e-308,2.7680435119086068e-308,1.3919198853965165e-308
304,"Randomization was definitely involved since this was offered to all STAT 218 students who were able to choose their involvement. This population is also large as there are multiple sections to this course. I am not sure if there is a control group however, the control may be the correct answer to each question in the survey. Therefore, how far off from the correct answer may be measured and used to observe how well students are able to perceive statistical graphics.",0.12830601104846873,0.009408047737806775,0.10158207946793149,0.01811769202626696,0.0233122394289137,0.008294277251386392,0.01640376969227909,0.0461985182180913,0.029111765334146954,0.01809942457525044
305,I believe that there is a control group and random assignment. This is a double-blind study so as to not cause any bias. This experiment gets a random selection sample by volunteering participants. The researchers could use random assignment as to what participants see what pairs of graphs and in what order.,7.808356811475858e-308,1.0,3.165309864531951e-308,1.5569485873841002e-308,1.659469008194939e-308,5.548075770144823e-308,1.3494269779447063e-308,1.220774104483469e-308,1.6689643319752347e-308,1.6530891633776327e-308
306,"there was a use of random graphs (to me) and colors presented to me, I also think they could have been put in a random order for each person doing the experiment. 

the treatment group would be the STAT 218 students participating in this experiment

I think the control group would be the people who did not choose to do this study, because for this case you either had to do the experiment or you did not do it. 

random selection of results could also be used to compare each persons answers",0.3621567350717262,0.0382682224485665,0.09460636396230647,0.03414042318491903,0.042332809598172545,0.03745127914533084,0.029659813376015205,0.036246491097758834,0.058577681615672124,0.03407303250428461
307,"I believe the experimental design used in this study could have been the use of a control group, considering only members of Stat218 were allowed to participate in this study.",1.0,1.203731721074113e-308,4.421756954150089e-308,1.4357700890988916e-308,1.6165447509985797e-308,1.262319383025323e-308,1.2658459865635546e-308,2.087088244497028e-308,2.707413953583556e-308,1.3739731024200317e-308
308,The researchers told us at the start of the experiment that there is a lot of randomization used in the experiment. I think the reason for that is because it allows for a lot of different results and perspectives to be researched.,0.17340862094889795,0.02560596664623185,0.19639113910996345,0.07400621843825737,0.05821969978990683,0.020520870258407674,0.038634608585706616,0.04951196011777029,0.07501976774417213,0.0642783297980115
309,Randomization was used as participants all received different sets of graphs to examine. A person wasn't assigned to a certain set of graphs and it was up to random chance on which set of graphs they received.,0.09964769670365047,0.6774967627061882,0.044793499719005675,0.023634597069416247,0.024328618754069078,0.04460956713874777,0.01982109920890291,0.017074074458960854,0.023090015817705933,0.02550406842335284
310,"I think that it's possible for some group of randomly assigned students to compare 2D graphs and another group of students to compare only 3D, and perhaps another group comparing both 2D and 3D graphs. Randomization may have been seen to obtain the most accurate results without any bias or influence.",7.403876879638094e-308,1.0,2.994014150586182e-308,1.4539541285257663e-308,1.56834110285779e-308,7.046984806874985e-308,1.279366020262757e-308,1.1568605426729764e-308,1.5819480848492386e-308,1.5480580403877927e-308
311,I bet all the same bars were used because its the best way to judge peoples accuracy if they are all the same.,0.21323869216270075,0.1295774275916324,0.07724148773098488,0.03564694588755008,0.0433143917124781,0.11698180295914437,0.033033507692558625,0.028977845278255896,0.04081198055451414,0.04039579493692285
312,"gaps between blocks were used as elements, also dimension was an element all used to make the experiment a little more challenging and intriguing.",9.678012437617514e-308,1.90035281954774e-308,8.678179666353624e-308,5.060215345351419e-308,1.0,1.6114283327571846e-308,5.299581082912563e-308,2.769980779056258e-308,3.6021967489923444e-308,8.380912621982751e-308
313,I think there was randomization because everyone is going to answer differently and there are females and males. Also from only seeing my results I don't know if everyone is getting the same graphs or different graphs.,7.210549929657681e-308,1.0,3.2913341189299443e-308,1.762789359941957e-308,1.8262364810352276e-308,3.1868526363334495e-308,1.509107477444179e-308,1.2694799635871545e-308,1.6814147127486723e-308,1.9422080990990813e-308
314,Randomization was not used because it was offered as an extra credit assignment in class. There was likely a control group in the experiment otherwise it would be hard to draw conclusions from the data.,0.13474021054060312,0.014760599141181264,0.2572826526411649,0.036455926241056445,0.05356864938342245,0.01263552764961514,0.030210770989561632,0.060451355742781446,0.046977567235068844,0.036805860000878085
315,The randomization of everyone getting 5 out of 7 of the graphs to randomize what graphs were given the the consumer.,6.555413566235071e-308,1.0,2.9558598088037676e-308,1.568188427814781e-308,1.5950320965501165e-308,3.4284551344571665e-308,1.342463438919206e-308,1.1564443819022363e-308,1.5192236047433783e-308,1.6834748015125534e-308
316,"Randomization, shapes were randomized",8.080379354667624e-308,2.059254945344056e-308,6.949190476957452e-308,8.969114432320648e-308,8.737473068314448e-308,1.5356695698736804e-308,7.677756970748176e-308,2.5555749659235467e-308,2.8046885061295333e-308,1.0
317,"I think that there is randomization but not a control group in my opinion, because there isn't one group that is left alone or not studied. There is randomization in how people were shown the graph types and random sampling because the survey was put out to students, but they were not required to answer. The random sampling does make it so that others outside of Statistics 218 can take it as well. This helps enlarge the generalizability of the study.",0.41339848331318724,0.030116290679924582,0.10851201823452292,0.034162815632208784,0.04439249862389563,0.02839255462638571,0.029434475439539688,0.03912863404468284,0.07027674582856051,0.034018291256037045
318,I think that it was randomized because anyone could take it. The controlled group was the pictures that were shown to us.,0.10106780697141976,0.014654510158716693,0.08904732619928349,0.029227304067021755,0.03925935199483503,0.011710677423859648,0.02270955214474269,0.025595062355751392,0.035322733673836204,0.030326798730857023
319,control group would be the symbols representing the words. The randomization would be changing the size of the triangle and the circle,0.20505010592576856,0.03746971925652238,0.08379306998080203,0.03198116608573771,0.04373768115604696,0.03363309296859371,0.027061746693231487,0.027197828735476652,0.049346195713069065,0.03380368210159765
320,"I believe it would be randomized, as it's being offered to college students with no control over who they may be. A control was presented at the beginning of the survey.",1.3224205125843221e-307,1.2362637401467306e-308,1.3456299665251852e-307,2.6708982864073346e-308,2.907998495871565e-308,1.0829819840730376e-308,2.3862019074951805e-308,1.0,3.117410310600995e-308,2.615955455388579e-308
321,"I think a control could possibly be used if someone was presented with all two-dimensional bar graphs, and others with both two-dimensional and three-dimensional. This could have been used to compare the differences in correct answers between the two dimensions. I think recording which bar graph was smaller sets a good baseline for each response, making sure the person is able to understand which bar is the correct bar to be observing and comparing to.",7.601036237354439e-308,5.720618286697371e-308,2.90509088006102e-308,1.3012363614523607e-308,1.513754882163983e-308,1.0,1.1811583252321885e-308,1.079737836094126e-308,1.5616490023605655e-308,1.4071630119341e-308
322,I believe that the examples given were randomized each time but the questions in general all followed the same format,8.083171030833566e-308,1.773036666100678e-308,8.096161736894108e-308,1.0,4.3875261025235304e-308,1.35470753980837e-308,4.040283135219492e-308,2.8850244731128e-308,3.0401675957470667e-308,1.4206332363220441e-307
323,control group. Asked if were above the age of 19 and in stat 218 or related course. It was aimed towards UNL students.,1.0,1.2206271531137157e-308,4.4290204348783533e-308,1.440676636534814e-308,1.6170584192844453e-308,1.2716776695599013e-308,1.2687740549782253e-308,2.095167327683458e-308,2.69223460244216e-308,1.3797919567671165e-308
324,"I think randomization was used in this experiment, they randomly selected a group of participants to do this study. The experimenter decided it would be more efficient to randomize these participants to get a better idea of the average intelligence.",0.16078849007992296,0.022291359185088833,0.21123785864608796,0.08099326477801072,0.054748631228919084,0.018308349838748905,0.037518528209195566,0.056347931856518665,0.07051135990038872,0.06285140771444435
325,I think that each person was assigned different bar graphs in different orders but whether the subject was a stat 218 student or not was known because we were asked and the test seemed randomly generated,0.23480695912867902,0.14293117958194282,0.07596117441881683,0.03492587705312189,0.04132793432532808,0.10767845723292795,0.03184926144090023,0.029082950363109566,0.04049585274465035,0.038638992930926166
326,"I think this was controlled because its a survey for students in the stats class, if it were to be randomized it would be for random people.",0.2966168097341492,0.01249188840841313,0.05829031505667052,0.01619472496509012,0.01988068999328512,0.012290838586967926,0.01467687572202723,0.025876548109608252,0.03432139311468035,0.01580820212889363
327,"They used randomization through the test, providing the users taking the survey with random bar charts that were examined.",0.23320293675359577,0.24852663491193452,0.09918912261904321,0.04976689514223592,0.05730345839753153,0.11010131698267675,0.04530793394341192,0.03768990391838271,0.05098648364035481,0.05747856565705424
328,"I think that each participant received random questions from a question pool. 

This is because then each participant has an equal chance of getting the questions correct.",8.308671777453348e-308,1.7686136422547285e-308,8.442371973145818e-308,1.0,4.1774097644257494e-308,1.3538053363341975e-308,3.7103214266968695e-308,2.9963769163135514e-308,3.142755871940765e-308,1.0913272386112605e-307
329,I think that randomization was used in this experiment; the experimenter could have randomized the the different graphs in different orders based on dimension and color.,7.476692145829372e-308,1.0,3.0867313299166763e-308,1.532319285397132e-308,1.6381177774670355e-308,5.644618901311749e-308,1.3417218575406017e-308,1.194746587736824e-308,1.6177723133392946e-308,1.6431301093818396e-308
330,"The use of randomization and a control group was likely present in the experiment to minimize bias and isolate the effect of the independent variable on the dependent variable. Randomization helps ensure that groups are comparable, while a control group provides a baseline for comparison, enhancing the experiment's validity.",1.5642155018801361e-307,1.64867020802858e-308,1.457398461427213e-307,3.074325031084976e-308,3.68077246423444e-308,1.6310274009950796e-308,2.317035908474069e-308,3.447110156803341e-308,1.0,2.798584192195489e-308
331,Randomization was used because the ever person got a different graph.,6.707060824957069e-308,1.0,3.0628310044392896e-308,1.6372378333898666e-308,1.6727097696703476e-308,3.3804638283276257e-308,1.4002018596164164e-308,1.188703748031223e-308,1.568653674092476e-308,1.7757901319321897e-308
332,Groups were randomly assigned. There didn't appear to be a control group and students were randomly assigned after demographics were collected. A control group wasn't necessary because everything was based on how someone perceived something.,1.0,1.3082775128414787e-308,5.101075442715605e-308,1.576257861149725e-308,1.869184356621668e-308,1.333963740652391e-308,1.4548634965079405e-308,2.4263573214583754e-308,2.9598730483505926e-308,1.5380269200134496e-308
333,I believe there we more then just bar graphs,0.15965086191046157,0.1920771837575861,0.05844081008624219,0.02720417403075637,0.03130950697148315,0.19044944042181466,0.024945951212822122,0.0225051131273321,0.031041480960890523,0.02979494283121826
334,I think the presence of randomization was present because anyone could participate in the experiment.,0.13423975381934763,0.01986622252630217,0.204646651844562,0.08442406209756706,0.06565720544656924,0.016266073106282485,0.04083659231306874,0.05255292896980546,0.05891029382826901,0.07037889537497188
335,"There could be randomization present in the experiment, and there could be a randomization of graphs given to each participant. There could also be a control group where each participant got the exact same chart to see the difference in their results.",0.08187550693461507,0.12559589172728114,0.03250756874206546,0.01607418128966337,0.01755876311918695,0.04371505964902353,0.014051821509925781,0.012461777197190237,0.01702145342553317,0.017509049287135807
336,The color and the width of the bar are random.,0.21427636632037605,0.12051562561627278,0.08230728352016885,0.038823198204285786,0.0473461327135135,0.10066673330429408,0.03634094722749451,0.031189691157970552,0.042993279202861834,0.04476061923950415
337,"Within-Subjects Design: Since all participants were exposed to both 3D and 2D charts, this within-subjects design allows for direct comparison of each participant's performance with both types of charts. This setup can help control for individual differences, as each participant serves as their own control.

Randomization of Presentation Order: To minimize any order effects (where participants might perform differently simply based on the sequence of chart types), the order in which participants interacted with the 3D and 2D charts could have been randomized. This helps ensure that any observed differences in accuracy or comprehension are not biased by the order in which the charts were presented.

Standardized Instructions: All participants likely received the same instructions on how to interpret and analyze the charts, ensuring consistency in the experimental process.",7.355592225374985e-308,5.595243590093919e-308,2.844516227633737e-308,1.2688595899080845e-308,1.464145394383295e-308,1.0,1.147536897664363e-308,1.058434381267457e-308,1.531263357017157e-308,1.3611314650281687e-308
338,"I assume we were in a controlled group, so data points should be consistent from person to person. I honestly don't remember the experiment very well, since I did it like a month ago, sorry if I filled any response in wrong.",1.0,1.56586356850386e-308,1.048068930608773e-307,2.6407524428142775e-308,2.9346824795744883e-308,1.455106609323989e-308,2.077125772594827e-308,4.947844290932865e-308,5.95828568991279e-308,2.4353928191097103e-308
339,"I do not believe that there was a control group as there was not a ""treatment"" assigned in which data could be collected on an experimental group that did not complete the survey. I believe that aspects of randomization could have been included if the bars with specific differences in size were pulled from a larger pool or question bank.",0.5030490526891356,0.024634573401809988,0.08099666296234759,0.026406856928191624,0.031524016506218534,0.026407068490715665,0.023879518350574416,0.03496808472554171,0.05183622610700482,0.025825792715440374
340,"One that was certain was manipulation of the variables, as the presented rectangles would vary between each round of the experiment. This would allow for them to test for how well a person responds to the statistics of the bar being 2D or 3D. They may also have to use blocking if they are to randomize between the groups because there may be very different results if they did not acknowledge there may be a difference because of either taking it in person or taking it online. Thus, this would prevent this to be confounding variable in the study if they were to use blocking or employ the use of a control group.",0.10024288771785188,0.06316509717948844,0.03678615915669543,0.0162715209079652,0.019271860763605337,0.3419214399550419,0.01482569612027672,0.013580817242856863,0.019864233423133502,0.017685387364242005
341,Randomization was likely used because the participants were randomly assigned different bags of models or different question sets for the online version. This randomization helps to eliminate confounding variables. A control group was likely used to ensure that the observed difference is due to the manipulated variable.,0.13181241474198305,0.014275375886246416,0.27821891340744676,0.03651342940425932,0.03720496686513371,0.012348247556201413,0.025693409507263815,0.07509257948713428,0.04794130125629021,0.03317488278604572
342,asking similar questions set up differently to try and trick the student. there isn't much randomization since it just stats 218 students and the control group could be people who have already taken stats 218,1.5129220882333833e-307,1.515357756378117e-308,1.0,3.6140914170954966e-308,4.625884435579502e-308,1.299185112936695e-308,3.080122179731224e-308,9.571195958128023e-308,4.481794009104076e-308,3.6252393166441584e-308
343,"Well, it doesn't seem like the sample is completely random (looks like it mostly uses STAT 218 students) and there's an incentive (extra credit) so this already presents a couple confounding variables. So I imagine that the population in question is either STAT 218 students or is testing something that differences in demographics wouldn't really affect. I  would guess that maybe some of the students particpated were randomly given a control set (figure sets of all one style). This control would be helpful with attributing any noticeable results in the experimental groups to the treatment itself (figure style).",1.0,1.547575398340457e-308,9.00685826923822e-308,2.437026649411293e-308,2.758916459315768e-308,1.420851273117533e-308,2.053474379000878e-308,4.778845483626819e-308,4.491420899636285e-308,2.3145034168649463e-308
344,the element of randomization was present because the number were randomized through out the bar graphs. The use of a control group was also present because for each question one bar in the graph was used as a control to help base your answer towards the other bars in the graph in order to compare them.,0.19723135889370555,0.20944868776790132,0.0840713501219992,0.04176046355395393,0.047544831411827956,0.10711082458825905,0.03726983114161069,0.03134135511930868,0.04350879565324461,0.047371717362484474
345,I think randomization was present in this experiment because the graphs were all random.,0.14168153948347673,0.5141058775718496,0.06564004974837113,0.03497459958693751,0.03643898634426087,0.06860631746406831,0.02967710616570129,0.024812669179761097,0.03358998201298075,0.038535873358126145
346,Randomization because there was no previous data collected on the participants besides that they were students.,1.3717089312502847e-307,1.4219721757580527e-308,1.0,3.4685658475901293e-308,4.24919507908229e-308,1.2533928278446677e-308,2.837322249574626e-308,8.834885309743779e-308,4.903873905884566e-308,3.36145571643467e-308
347,We were given pictures to look at and analyze which tells us that it is an experiment because we were given something of researchers to examine.,0.19207349892853692,0.01957174921422279,0.13905949656041855,0.032231930043136084,0.037435961595838785,0.018466930798745413,0.02343663488422266,0.03230597334926176,0.15097569080705178,0.030016687087538248
348,"There was a control block that was a certain size every time so we could compare the other block to it and get accurate results. There was randomization on which comparison was given to us, so we didn't know the correct answer.",9.509644521551544e-308,1.8563489189797046e-308,8.142973254656662e-308,4.71548580922596e-308,1.0,1.55805713286158e-308,5.957912943677591e-308,2.8127627724083414e-308,3.32225965231288e-308,8.872967219494464e-308
349,"The use of a control group would be University Students, past or present. Past included for a larger control. This is because anyone not in the control group would have access to alternative resources.",0.7604644043522598,0.01711781257424975,0.06050531085421738,0.01977519635523328,0.02255478624043511,0.01784950875254833,0.017820052371335552,0.028772292164619632,0.036027320984293384,0.01911331535080783
350,"I am not sure how a control group would be used in this experiment. Also, I am not sure how random the test was because the students participating were from the same stats class.",0.6596687986366983,0.016098446511492902,0.06318341112178791,0.01941096017757924,0.02271097098832587,0.016719110516135442,0.017344911917104133,0.02860333274223185,0.03931555707225523,0.018759723902137978
351,"Standardized Instructions:

Presence: Providing the same set of instructions to all participants.

Reason: This ensures that all participants understand what is expected, reducing variability in responses that may arise from different interpretations of instructions.",1.4191692124997233e-307,1.8907646742239136e-308,1.0,4.4209716756247193e-308,4.753508942243958e-308,1.748660388565579e-308,2.812533388826863e-308,3.6199420703566277e-308,1.4737507047162168e-307,3.837499982815027e-308
352,"A control group in this experiment would be that it was only available to STAT 218 students. A randomization would be the number of people, their age, and their guess.",0.7430520994172698,0.016923877534689387,0.06707313911964138,0.020646494628343847,0.02450985346346807,0.01751527087579326,0.019075910026224285,0.03196712266580037,0.039130544475101836,0.020105687793667844
353,"If the participants were randomly assigned different types of graphs or data sets, randomization would've been a factor in this.",0.11383891403822406,0.6277663398196581,0.05041306245064338,0.02644038650011478,0.02740836331304854,0.05730834787303797,0.022679393531890163,0.019517323907325072,0.025966882362069305,0.02866098620398857
354,"Randomization: Randomizing the presentation order of models (A or B first) could control for order effects and prevent bias.

Control Group: There might not be a clear control group, but the experiment could establish a baseline comparison by setting the height of one model to 100 for consistency.

Repeated Measures: If each participant assessed multiple sets of shapes, this design could help identify trends in estimation accuracy across different types.",0.13966956496782063,0.0240413267158643,0.22941228723486287,0.039338097964911965,0.04671051407714681,0.024108525994032147,0.027699290942522995,0.02810589544175415,0.08256157604933946,0.03603234068529647
355,I think the extra strips were in there to see if people are more likely to look at the collective of strips as a whole group or if they'll look at just the individual strip. The reason why I think that is because there were about 6 different strips on each side but only one had the shape on the strip and the researchers probably wanted to see if people will interpret data differently as a group of strips or an individual because the researchers   wanted to see what different ways that people's brains processed data.,0.13480164846398504,0.05109181013526773,0.0456646641586277,0.02046089324728402,0.025950951036960972,0.05006974975135289,0.019103945119082408,0.017056478204670253,0.024339760791196065,0.023295857975516247
356,I believe that randomization was present in this experiment because the experiment had the subjects going back and forth randomly between reading the data on the computer and reading the physical data.,0.15666617467101598,0.025480086173839397,0.19084294943972474,0.08739541104193223,0.06257373344751352,0.020094680724536972,0.04126184634871158,0.048073321207684226,0.06872577771844314,0.07448320066392392
357,Randomization was used because there were multiple different sets of graphs that were randomly assigned by a computer.,6.447382162023816e-308,1.0,2.9122588027815315e-308,1.5437924377403323e-308,1.57611585883925e-308,3.492804444163786e-308,1.3290936883730064e-308,1.1398437191494964e-308,1.495645211852676e-308,1.663024778926422e-308
358,Randomization was observed in the bar charts administered to each participant. There was also randomization in the kits given to each participant. The use of a control group could have been in the group of husbands and their wives or previous Stats 218 groups.,0.24281498019363323,0.2325493247840402,0.10223479813378136,0.05110673960544353,0.059592426891309065,0.10336078120067631,0.04686478868045048,0.03905058272149993,0.05250802382259587,0.059470805932791665
359,Randomization was use to assigned the difference between the shape size for participant to guess. Control group were also present as having the printed and digital type of chart. The reason to have this elements its to minimize bias. This help experimenter ensure reliable comparison between the graphs. It also supports the validity of the result from the experiment.,0.09756352270691936,0.07871539556335722,0.036366392017693414,0.016285792951874163,0.018863269029078537,0.614210193485216,0.014777588808245291,0.013631398205937723,0.019595547434005784,0.017540454972527736
360,One element of experimental design that was used was randomization. As each participant was randomly assigned to each of the 3 different objects. Random assignment helps to eliminate bias and ensure that each participant has an equal chance of being exposed to each model type.,1.2877028703484252e-307,2.0369481114549783e-308,1.0,4.147444945280424e-308,4.727536471157743e-308,1.9490857006902703e-308,2.7342703089375784e-308,2.920849847019179e-308,1.014606337206507e-307,3.662425979368145e-308
361,"Randomization was used because students got different 3D kits.

Control group was used when judging the sample graphs given before answering the questions.",0.24220794870099102,0.07689750519259225,0.10787007550078292,0.048110819100999215,0.06010991959855327,0.05563786373387111,0.03979196097746924,0.03556661196790104,0.05804022607075167,0.05306248276676257
362,"I had to redo the assignment a few times because my computer site was crashing and each time I had different images, I think this was randomization because I answered the 3 questions they asked at the beginning exactly the same each time. I wonder if they gave everyone in the control group the same images.",0.1552219772930712,0.027092527475484653,0.1430789894443884,0.061742957230759996,0.06638807253186399,0.02066070841461283,0.04279215301040879,0.04151076507570463,0.0563432860387158,0.06433718145718313
363,I think randomization was used in this experiment because it gave random questions to see what the participant would choose,0.15970955241556084,0.027058109654252288,0.19925277204588268,0.14536847603916878,0.06629543810983377,0.021488497188839384,0.045938629475454275,0.05437264093246836,0.06896798012425559,0.09161680078687028
364,"The control group was the same shape for the graphs, it was either a circle or a triangle. I believe this was for us to correctly identify which two graphs were being compared and not change the shapes so we did not over think the experiment",1.0,3.038820871157195e-308,4.623873954796655e-308,1.807716884555006e-308,2.240587048519591e-308,3.5835564909785393e-308,1.601924898941428e-308,1.7162100411276303e-308,2.739558781549761e-308,1.864481889581371e-308
365,I think it is possible the 2D model was the control group.,1.0,2.5605867342060536e-308,4.962965901583978e-308,1.8358292151754906e-308,2.331295118849776e-308,3.038343590808017e-308,1.632157439148344e-308,1.8265457408422346e-308,3.0726800645582097e-308,1.870927928600179e-308
366,I think the researchers used randomization to randomly order the different bar sizes for each participant.,0.2182597792084804,0.12236157207626167,0.07996087926066131,0.03698217153140376,0.04527112654133462,0.10779104707759589,0.03432374190780467,0.02994917850490821,0.04216099908206009,0.0421593813162313
367,I would say the elements of randomization would be the different types of bar graphs that were used.,0.18845350238347303,0.2213671876298684,0.08338180380174312,0.04205302372285269,0.04717272101319571,0.10540956313013158,0.03724279181334199,0.030966271784620168,0.04296575294118382,0.047646597393884875
368,"Researchers may have randomly assigned participants to different experimental conditions or presentation formats to prevent bias. A control group in which both bars are simply labeled as ""Bar A"" and ""Bar B"" without any indication of their heights might have been used as a control group in the experiment. This group would not have received any contextual information regarding the height of the bars. Researchers can determine the specific impact of the contextual information given by comparing the replies of participants in the experimental groups to those in the control group.",0.23238684540449706,0.11251717489468524,0.07556608823566058,0.03343180349716368,0.04107659569751121,0.12786314042671487,0.030658970820354573,0.02788746676844888,0.040721094967337244,0.03711069579436881
369,"The control group is students in stats. As an intro course, students are likely from various majors making the group more random than a study that only includes Stats upperclassmen. Due to the promised extra credit the observational group of students may skew to student who really care about grades and those who worry about failing. This may leave out students who are more middle range",1.0,1.2507814983855776e-308,4.632493044200989e-308,1.482168956252931e-308,1.682419862358649e-308,1.291515682625298e-308,1.313525191062289e-308,2.184791391190062e-308,2.802816353148426e-308,1.4245425042105705e-308
370,There was probably a control group present in the experiment as it is a very important component of research that uses an experimental design because it is a main point of reference when trying to figure out if your results are statistically significant or not. I also believe there was probably a randomization component used in this experiment because it is important for a researcher to use a randomized population so that they do not get biased results.,1.0,1.8190467594339136e-308,8.000709958837016e-308,2.280429607277157e-308,2.739599238738533e-308,1.875910499857236e-308,1.8982436223874374e-308,2.9253520763251363e-308,6.577442222614434e-308,2.186541221382865e-308
371,The control group where the graph was shown straight on was probably shown to see if the one taking the test could interpret data correctly anyway.,1.0,3.4673867173317544e-308,4.4155326669819566e-308,1.79772354588231e-308,2.198121995728809e-308,3.889920356493056e-308,1.5991263716712436e-308,1.6607308364005947e-308,2.5353399357766893e-308,1.8779603360758363e-308
372,Randomization may have been used in this experiment. There could have been different questions for different groups of people to make sure the specific questions or models weren't creating bias in the experiment in any way.,0.15885689704471384,0.028038432804031958,0.17741146727163035,0.17173119587121038,0.061584453937853854,0.022109813887780137,0.04638174287497939,0.05583012099567454,0.06494471064304248,0.0931800614416693
373,"Generally, elements like randomization help ensure that the sample groups are representative and reduce bias, while control groups serve as a baseline to compare the effects of the experimental treatment. These elements are crucial for establishing causality and enhancing the validity of the experiment's results.",1.5919247447852956e-307,1.6465551989994277e-308,1.3737527346466943e-307,2.9795535521656217e-308,3.598363532275738e-308,1.640778146089726e-308,2.280206094273536e-308,3.387008972678434e-308,1.0,2.73120012171505e-308
374,Randomization - the order in which participants view the graphs or respond to questions,7.007263114115823e-308,1.0,3.1833147658239687e-308,1.700876240276952e-308,1.722751855838461e-308,3.2524760992969444e-308,1.4325549596691923e-308,1.2325313190207885e-308,1.6352309075543363e-308,1.8258837228783226e-308
375,"some randomization would be the chart that you were given to answer the question with, it is experimental because there is multiple different ones that you could have. and the control group could have been the ages of the participants, because they asked your age at the beginning of the experiment and they probably put those into a control group.",0.38481913546010144,0.030017080679262897,0.11698706992831814,0.03568086332047755,0.048590104511769774,0.02882311492227783,0.03014797925236258,0.038428018416903874,0.08291702202401394,0.03542241916345678
376,"At least for the online version, there is a level of randomization versus if it was done in person, some questions allow students to choose the object and that may or may not be randomized.",0.09746751859861169,0.0182908421289485,0.11200413305554627,0.19271619257406383,0.05665084766658761,0.01432514259035653,0.04754412950850583,0.03979670341971963,0.037101706210710114,0.13025490341435852
377,"use of a control group, in-person students

randomization because no names or identities were used",1.0,1.324196006468963e-308,5.35335085396066e-308,1.6251499180318486e-308,1.93647400415799e-308,1.328449755393829e-308,1.50439719350842e-308,2.5770383434878976e-308,3.0360218987166646e-308,1.5889546754667734e-308
378,Blind study,0.28505845668304963,0.01461948788764949,0.10018224282829546,0.023166282376587823,0.027642858173900844,0.013717740370091554,0.018652647874438932,0.03780169574660045,0.06719062297847819,0.02182825538914239
379,Some elements I think were present were the use of a control group and random sampling because the subjects were all in stats 218.,0.44948225218748944,0.016556520535960177,0.09789279145184973,0.02628030363960961,0.02923602176370437,0.015636730092010418,0.02162954575295623,0.05118615101133049,0.05346344497924552,0.02454348217762986
380,I think that randomization was present in the experiment and the responses were up to random interpretation. The control group in each question represented 100% because it was based upon the lower bar graph.,0.43798348466599524,0.08061027699579154,0.0820241909271468,0.03512545767581202,0.042917818098493564,0.08197851520323714,0.03150886674813418,0.030706575333191988,0.045397759597160796,0.03781183394479462
381,"There were various different types of bar graphs that appeared in different sizes, colors, and some were even in 3D while others were 2D.",0.15682292426862096,0.1957835764707926,0.05760375047672374,0.026860355048997725,0.03081288490708692,0.192738701418629,0.024610535327887772,0.0222247089398814,0.0305907129857232,0.02937131546626398
382,"I believe that randomization was present, as when asked which selection of 3D printed items we had nearly 20 or selected as an online student.",0.08147049240122896,0.017171922710792237,0.08394585241874367,0.3640279772796672,0.05013538346086079,0.013268339286466672,0.04725062152778991,0.030411871834859522,0.030193218642339602,0.19618704656647645
383,I think randomization was used in the types of graphs that were looked at as I would be surprised if gender or age was a determining factor in choosing which ones we looked at.,0.0895853294846341,0.6974134904646521,0.04010163092099512,0.021241735138275597,0.022281016485001116,0.041163937779132666,0.018421028068766183,0.01556340291043752,0.020516209803431194,0.02350888597431166
384,"i think that randomization was used in the experiment to reduce selection bias, i think there was a use of a control group with the correct answers to be able to base the experiment results off of.",0.16352176303228427,0.02614733062124099,0.21373700659170491,0.13075834334244135,0.06609779038073349,0.021076908690888334,0.04480370468982454,0.056677507268664426,0.07216366514656347,0.08508487700824051
385,"Randomization may be present in this experiment if participants were shown questions in a random order, allowing for better results.",0.15784948550583167,0.027714733957028264,0.18511623251786674,0.16249667331243184,0.06347234904645428,0.021886903708561393,0.04643525080226338,0.05514832084826156,0.06622656700106547,0.09372238007282166
386,"I think randomization was probably used in the experiment, used to randomized which graphs we saw. They probably used this to make sure students didn't get all the same graphs or to have different orders to make sure the results are true. They may have used the practice ones in the beginning as a control group to make sure we understood everything.",0.18901719708352246,0.3948940634284093,0.08541552040017591,0.04498178433951355,0.047914035834584104,0.07364228488547314,0.03811971626063287,0.03215452433234585,0.04380657598600221,0.050054297449340604
387,Randomization,0.06382680407675184,0.012282785882041684,0.06905972803585902,0.07637626753157344,0.051002019597277744,0.009594889001205654,0.04266802296711288,0.025312465497921197,0.02284643243619334,0.12237697491376147
388,"i think that would be the random picking of a graph kit and so when you have the online students take it then you can have them participate in the experiment, but you know what they are getting for the random graphs an the in-person students get to pick.",0.222907328882743,0.29908109543078265,0.09673544468705084,0.049253234575683695,0.0546528339491353,0.08411358101622039,0.04243538503096766,0.03617046506044435,0.04996348304488765,0.0554330673449348
389,The randomness of the experiment comes with not knowing who would be enrolled in the class that is participating. We represent this randomness as a part of the class.,0.11426244922494105,0.013366082525761292,0.18057018634094507,0.03757776116957864,0.04676200307308115,0.01174310553091854,0.031770855697358207,0.08328537433072095,0.041770886694186965,0.03671877111597413
390,I am not sure. I am still very confused about the purpose of the experiment.,0.4780185930855346,0.020710533572321943,0.12223032367885114,0.03101429462356077,0.03501218255323182,0.019871081498287556,0.023757913378699994,0.04176820777567956,0.10980613976759589,0.02872052993915302
391,i think that use of a control group was present because they did use 3d and 2d bars.,0.4823168821441114,0.05817778960736888,0.07304093656219714,0.029377432330305188,0.03667182385378451,0.07401981247204532,0.026293025592540733,0.026576826045617872,0.041854341531273105,0.031031194563410098
392,"Given the experiment's scientific nature, it likely incorporated elements of experimental design such as randomization and the use of a control group. Randomization helps minimize the effects of confounding variables by randomly assigning participants to different groups or conditions, increasing the study's internal validity. Additionally, the inclusion of a control group allows researchers to compare the effects of the experimental treatment or intervention against a baseline condition, enabling a more accurate assessment of its efficacy.",1.6476279054810603e-307,1.7181753287010085e-308,1.5848034360387715e-307,3.120563260446996e-308,3.687006491559775e-308,1.696082907399296e-308,2.3166438869874306e-308,3.383657945752444e-308,1.0,2.852060458956834e-308
393,"The element of participant bias, we did not know what the experiment was measuring and therefore could not alter our results due to bias.",0.1886563024762216,0.0203993543229733,0.21634603285526144,0.050948034796585544,0.04340488878566089,0.017757210782308467,0.029443666741956115,0.04834192023677241,0.10264063241997708,0.0431894827174211
394,"In this you can see randomization, where the blocks are randomly choses for the audience, it also uses blinding in which the audience/groups do not have any idea of what group they are in. 

Both of which are used to prevent bias in the study throughout.",1.0158135593112914e-307,1.9226416517086497e-308,9.02711242325012e-308,4.775355962431737e-308,1.0,1.6417812040966703e-308,4.878305564899381e-308,2.834789297449478e-308,3.8176521642346726e-308,7.311047459496524e-308
395,"Randomizing the experiments  ،  

It helps you get the best cause-effect relationships between the variables",1.462661218808823e-307,1.6202326355942254e-308,1.3735904570157093e-307,3.046888760045718e-308,3.6083600660630054e-308,1.617358612012675e-308,2.293094629670929e-308,3.31645703904742e-308,1.0,2.750604214443753e-308
396,"Random assignment, because we were randomly given different graphs.",6.501825586381437e-308,1.0,2.92963169536365e-308,1.554239543648018e-308,1.574779428159693e-308,3.3892620962027323e-308,1.32871132712039e-308,1.149580900604183e-308,1.506677931091569e-308,1.6619638169295515e-308
397,"I think randomization was present during the experiment they could have been assigned different conditions present to them and could of caused different observations. I bet there was a control group such as participants estimating the height of the bar graph without an manipulation to it. The last one I think that was used is definitely counterbalancing, where multiple conditions were present, and they had effects evenly distributed across all participants.",0.2154231757892895,0.15921999434419767,0.07289670401582421,0.03342986968483061,0.03942317672074213,0.12406904689444083,0.030142374559856307,0.027278122285095224,0.03894443258702355,0.03687174233910313
398,randomization because there were multiple questions each with different heights,8.075784261315293e-308,1.806154843894497e-308,7.911666762746012e-308,1.0,4.032591458106701e-308,1.3681825426349576e-308,3.679152277381467e-308,2.81659566429557e-308,3.0398819580963276e-308,1.1210517181928271e-307
399,I think digital design was really used just so it could reach a large area of people,1.0,2.909994349680031e-308,5.337452339631278e-308,1.9746178483789485e-308,2.4880600501375473e-308,3.547919978968855e-308,1.703227101393081e-308,1.819208413674722e-308,3.2245756577313764e-308,2.015358472633083e-308
400,Randomization in the process of asking for volunteers in the STAT 218 classes rather than picking students. The researchers would not know who would volunteer for the experiment.,0.11411321946041153,0.013324977022461486,0.18450484852113175,0.03572518244708095,0.046693832486928245,0.011732462260956485,0.03207947022740821,0.08349631172590204,0.0406034513708473,0.03555372018033785
401,"An element of experimental design that was present in this study were the participants. All participants were random, and had the potential to be from any grade or major.",1.2640771325761153e-307,1.762648130402267e-308,1.0,4.9730277160673e-308,6.104543089727749e-308,1.635182675948828e-308,3.228454946398295e-308,3.7885399374400617e-308,9.528287136016235e-308,4.1654849964630553e-308
402,"The bag that students grab is random, and the bar that we grab out of the bag is random. This is so we cannot preference which bag of graphs we get or what graph we want to look at.",0.2123052264449824,0.128640250501679,0.08049080306481535,0.038109533270294156,0.04605905436138416,0.10146149282857791,0.03561908165206378,0.030688027510807514,0.04204585950992025,0.04380054736221767
403,Randomization - as the experimenter placed students into random groups and then got their response,0.11005672473127034,0.012759796629077476,0.2080362668137706,0.03490272483622833,0.045711874171387674,0.011263178892122886,0.029104621068401944,0.06920456355200866,0.042883555240093,0.033904169769104944
404,I believe that the experiment was designed to have a bunch of randomization due to us having to find the general patterns across all the images given.,0.15311012900018245,0.02702785719794541,0.14807054412216225,0.06744634212688554,0.058394455662889304,0.020632965357391637,0.03930329573331289,0.04102894113460232,0.060064519188290415,0.06408956844853125
405,The experiment was random because it included all students in the Stat 218 class. I don't think there was a control group but there may be a separate study section that I do not know about.,1.0,1.2343574893688996e-308,4.82510493277235e-308,1.509235370394326e-308,1.7613258503586315e-308,1.27561706794498e-308,1.3798744120929565e-308,2.33731914956832e-308,2.8209756224034247e-308,1.4620495140275897e-308
406,"This test was stated to be a replication, which is an element. By stating it was a replication, they could be looking to replicate a certain set of results. The conditions, as in the physical and online models, could be an element. By having the online and physical models could change the results of accuracy. The group, which is us as students, could be an element. As statistics students, we may be more inept to the ratio differences. The amount of time or amount of questions given could also be elements. These can either increase accuracy as time or number of questions increase or, conversely, decrease accuracy as less time or questions are provided.",1.410920616536677e-307,1.8921693877548866e-308,1.0,4.665221778028268e-308,4.798564680146918e-308,1.717149955304287e-308,2.8743226624569887e-308,3.7708123880791456e-308,1.1571940208253324e-307,4.02166514091799e-308
407,It's possible that there was a control group to counteract the confounding variable of testing statistics students on a statistical problem.,1.0,1.264644576616245e-308,4.732151086061536e-308,1.5164569543955273e-308,1.690590363927967e-308,1.297902510714455e-308,1.3141863013660114e-308,2.2197716942826693e-308,2.9097027457695916e-308,1.4458464320388125e-308
408,I do not remember.,0.06863393066819466,0.01563283922059035,0.06641690573948239,0.41711582447804135,0.041523084801107904,0.011858081349155843,0.041310883735658284,0.024397950760376826,0.02508786079339626,0.20208536458322107
409,I think it was observational study because it just conducted an experiment and recorded the results. It was randomization because it didn't assign a group under conditions to compare.,1.4729569536858508e-307,1.475030306751899e-308,1.0,3.467466910491665e-308,4.2714804676375816e-308,1.309352966070365e-308,2.7227968398491983e-308,7.187337980173088e-308,5.747600104547598e-308,3.2990453379112056e-308
410,randomization was the students that actually did the experiment.,0.107106537116073,0.013015447530118273,0.20680720408268732,0.037448095232436966,0.05048669094513675,0.01137944748820083,0.030304941040443248,0.06174596992222608,0.043049557404559645,0.036483584941583866
411,"randomization was the type of block you were going to get, and which was going to be taller and shorter.",8.20632224181488e-308,1.945214285828621e-308,7.123246274972849e-308,7.879159381827136e-308,1.2972973589779437e-307,1.512171437359766e-308,9.946330303475356e-308,2.631958603045307e-308,2.8479533445779494e-308,1.0
412,"The use of randomization was present in this experiment because the surrounding bars that were not being measured as the small bar or larger bar still had different heights which you could gain a better understanding of how tall the bar you had to estimate was. The use of a control group was also present in the experiment because of the first question. It asked us which bar of the two that were labeled with a circle, or a triangle was shorter. So, this controls the students in Stat 218 to pick between only the two bars that were labeled and not all of the bars that were present.",0.22322294016365424,0.11021765898264659,0.08058180614671853,0.036150120120020376,0.044849835369333985,0.11772385138102268,0.0332781628344817,0.029456074950121407,0.04296081082222792,0.04077861573651468
413,lots of different graphs with different heights,0.14646739848616555,0.2307738103141445,0.05473567592168643,0.025785972248091645,0.029185442029379477,0.17870910086154354,0.023482475252098404,0.021205568440623625,0.029007705255370192,0.028066316501503992
414,I think that use of a control group was certainly used.,0.7717020294528678,0.01640427209394337,0.05788884852383078,0.018835825818598082,0.021084107239442075,0.017069449080246976,0.0163185275046563,0.026151805176146164,0.03651268947465052,0.018032445635617934
415,I think the randomization comes from the random set of towers one is assigned since each person was assigned a random set of data.,0.07948077377860704,0.025381372382870273,0.058403563614549354,0.0465497147359534,0.05239765403710517,0.016996301274624613,0.03687390630585732,0.020365449866869164,0.025684514941276732,0.08651481376715416
416,"Well, our part of the experiment was just designated to the Stat 218 classes. So we could be a control group or the experimental group. We also could have been compared to a randomized sample of people as well.",0.7310373212073451,0.01755751404250057,0.06743753345847647,0.021396735734262467,0.024838980857746617,0.018391177833569014,0.019440369949931334,0.032249322937942825,0.040303090559575865,0.020664424815736278
417,"I don't know if there was a control group, sampling seemed to be convenience sampling",0.5086558529126889,0.02376787083189305,0.08019060392981182,0.02602561639138555,0.03060252031027327,0.02535807698025523,0.02345401185355914,0.035202108455265786,0.05090890943774733,0.0253622817741003
418,I believe there was probably a second group. Maybe the second group had graphs with numerical markers. They probably tested to see if there was a difference in how accurate the two groups were.,0.11823771863747111,0.08630526024160286,0.03701073296420894,0.01691056210740408,0.01923612086870277,0.0631403729369877,0.014930263245416218,0.014126197461324671,0.020005294450338,0.018064558372582095
419,The Control group was having multiple bars in the graph that where different heights and being given the height of one of them.,1.0,3.456129581594237e-308,4.401982021143431e-308,1.7888668674248894e-308,2.200999831069878e-308,3.9383062735928264e-308,1.5983755377570976e-308,1.6527752671581477e-308,2.5235499473653023e-308,1.8753990348976484e-308
420,"I believe that they started the slider at 50 to make it more fair, since people may have evaluated the smaller bar as smaller than it is if it started at zero. Along with that, I think that they did the two graphs with the bars on different graphs and the bars next to each other on the same graph to see how people change their perception of it being smaller or larger than it actually is more clearly.",0.1964793031259662,0.17396144669625568,0.06747503996094868,0.031025406022978465,0.036453010485819594,0.14805729975809007,0.028385245745768,0.025660834023527992,0.03596414996799309,0.03423690343305529
421,They are likely using the experiment from the 80s as a control group and the new answers by students as the experimental group. Students are also given a random set of 3d printed objects to look at.,0.16935925215287026,0.03721228588086286,0.10302724607731312,0.0381633508796658,0.049167748749926535,0.03242685332851882,0.028903432101197602,0.02710435171433779,0.05567098777970557,0.03908179217053176
422,Randomization was present because everyone had an equal opportunity to participate in the study.,0.10038519015029229,0.012565753930712032,0.21544660989581765,0.03838210068853923,0.04188542405418614,0.010686606662043682,0.026349901449023043,0.054804192139102995,0.040173781854992256,0.03587440409372586
423,Use of a control group because only statistic students were able to participate in the expirement.,0.8050258024554975,0.013797070012790907,0.04963719936696123,0.01616370644416061,0.0180859409981494,0.014171390585578154,0.014236511950540305,0.023676915598099414,0.02970398873909972,0.01550147384912304
424,"Randomization of the bar graph models for each student, a control group could have been one bag of models.",0.22995289144259076,0.2787979124313718,0.09671876081583476,0.04910661456560174,0.05588777925628464,0.09183341010253424,0.04468829325385689,0.03751164116446608,0.04953413676961581,0.056714479220693705
425,the randomization of the experiment is the group of people who participate in the experiment.,0.1102658066715011,0.013737647335040765,0.19481871529421219,0.03941137984706717,0.05719952401971329,0.012071100818471655,0.03101151242886111,0.05267498901592169,0.04886879885063123,0.037768001422045644
426,Control group is the 3d prints because everyone uses the same types,1.0,2.3708007859665166e-308,5.203625284864865e-308,1.8757961906607325e-308,2.429884309662368e-308,2.7567049314581513e-308,1.6797673131642594e-308,1.924858650948952e-308,3.3008508463031886e-308,1.9144139624180565e-308
427,"Randomization, because each person chose a different set of blocks and it can show a difference based on which one they chose.",9.008422924501025e-308,1.893852825953772e-308,7.847635770837984e-308,5.539662275823367e-308,1.0,1.554279421727149e-308,6.652197278438174e-308,2.6950860699230533e-308,3.195121952490996e-308,1.2954102263235058e-307
428,The people who did the experiment were randomized but I feel the design of the experiment and what they gave was control. But the people were random.,1.0,1.9570197622060855e-308,9.702416283700904e-308,2.607833177607441e-308,3.397548874326141e-308,1.8756007847918494e-308,2.241303724236318e-308,3.397493546630897e-308,6.854159011833857e-308,2.561836637935993e-308
429,The students used different graph kits which is randomization,0.2170020505446949,0.31386502906160774,0.094237127880511,0.04820612041458552,0.053572597241671314,0.08336394855306664,0.04190599225488264,0.03547274084827467,0.04852333395615654,0.054596978267399426
430,randomization was present because random students voluntarily participated in the experiment and were given the same type of variables.,0.10750086115861185,0.012742155353491024,0.2101226432607355,0.03642834554076197,0.046369885079098935,0.011149397402813802,0.029012796252115017,0.06663883178267761,0.04263296713783922,0.03522959273532097
431,I think the random participants helps make a change.,0.09209915303020899,0.01884349233030885,0.09886595419581379,0.397353846315387,0.04893898860637953,0.014447213400571226,0.040376133774298835,0.03342312288081857,0.03546484053523141,0.1240813079299428
432,"Randomization for sure, we weren't assigned any bags in particular, we just grabbed whatever was available. Randomization gives better results in the long run.",6.803986285274075e-308,1.453241179736028e-308,5.686438813661303e-308,4.3283718363612577e-308,5.652099636329732e-308,1.16943689550595e-308,1.0,2.55587257059205e-308,2.116492335242017e-308,7.073062727274082e-308
433,The use of a control group with statistics students and observation of different bags of graphs. This is because of the way students will respond to answers based on the graphs they each have.,0.386646603056085,0.037335558986100546,0.08700351024204203,0.03179907044047569,0.03845724083431701,0.03823566081877515,0.027640566245762443,0.034220594147973016,0.05463290667942498,0.031541140553796185
434,I think randomization was used because we were told to pick the objects out of the bag at random.,6.914292370010714e-308,1.5099097916007026e-308,5.891431165610252e-308,5.092054449135394e-308,6.243746174595292e-308,1.208579689286415e-308,1.0,2.5191820198921907e-308,2.215037056473849e-308,9.364593991276072e-308
435,There was randomization based on what bag of blocks we grabbed. There was also use of a control group which was the initial height you were shown. These were used to get an accurate result that varies from person to person,9.286178503462921e-308,1.889524890051276e-308,8.106968906814906e-308,5.242742031460971e-308,1.0,1.5526385911166343e-308,6.508027258624203e-308,2.7898200098358025e-308,3.2623776477135914e-308,1.1270834950820896e-307
436,Randomization was used because it assigned students in a sample to different conditions.,0.10517201146406688,0.012529136299566332,0.21518162363188026,0.03466728092890984,0.04533064695182244,0.01089243544131977,0.02950126521011309,0.07120742283057563,0.03869210658914309,0.0346535463560687
437,I think randomization was used because we randomly assigned percentages to different bar graphs when comparing the height of the triangle bar graph to the circle bar graph.,0.1842267947123921,0.21193193629585363,0.07580040289691435,0.03648271801262941,0.04200010174457362,0.13736814169659087,0.03281194150768413,0.028104104626434628,0.039637609642061714,0.04091514484440245
438,"The group that was chosen to do this study was Stats 218. Then it can be compared to the control group to see if the answers of the study are different or similar in any way. This can be based on level of difficulty, age, gender, etc.",1.0,1.2297952696385215e-308,4.561124471320605e-308,1.467040188333662e-308,1.656078247607861e-308,1.289405379190881e-308,1.287095286030268e-308,2.1190467007783518e-308,2.834995176672913e-308,1.4034149518288573e-308
439,"control group 

No，There are no exact numbers to count",0.5131482194673351,0.02361700938710668,0.0787568129647101,0.025767734000838843,0.030276074906037745,0.025208035525513817,0.023451290006494,0.03511433360464876,0.04903333979355623,0.025155003220738922
440,One thing that was random was the types of 3D model graphs that each random participant received. The control groups were the graphs that were shown to us on the website where the experiment was being taken place.,0.22426830595691627,0.044292918720133044,0.09312069156811213,0.03639725945592818,0.049380809573513325,0.03878360703388292,0.030666258831706886,0.030081531355406057,0.05379602347899113,0.038817821360248785
441,Randomization of which kit study participants selected was present. This randomization allows finding to be extrapolated to a variety of 3D graphs rather than just the specific set that any given participant is given.,0.19534193559540336,0.38248523275917384,0.08746943929068873,0.045548160899063626,0.047385395847631795,0.07726870467643485,0.03751215198161672,0.03264600593825451,0.04534751166651364,0.048995461345218844
442,I think it need to be limited to one group of shapes and figures to makes people solving the problems. The different groups of shapes and figures stand as independent variable makes the data out of control.,0.09448599657913992,0.06675071463165658,0.035216317624804594,0.015724689245439443,0.018380194666841345,0.3728903373473384,0.014433009415605757,0.013290198817091554,0.018967452566876073,0.01701492086778691
443,"Some elements were random assignment, because they handed the bags out to anyone. The choice of the graphs were also random by the fact that I could pick any color or size first, but not random by the fact that I eventually had to pick all of the graphs.",0.07270888239344796,0.016936439414806378,0.0591559998611246,0.050109727663702724,0.061643859819598634,0.013253673001754234,0.3501383647447103,0.02556669182352858,0.0227901546169278,0.0971111139110893
444,it feels like everything was randomized and that there were no control groups in class but I may be wrong. It felt like you could pick almost any physical piece given to you and use it as part of the experiment which feltlike it was not controlled.,0.11098816389085434,0.01694988500324362,0.11727151708534594,0.04467468617086246,0.1331231278434181,0.014211589050972653,0.05462109835656265,0.04185566464485459,0.03664662559932838,0.05581197286383209
445,"In the paper, it stated that the order in which each participant viewed each of the graphs was completely randomized. The control group was the ""sample"" graphs provided prior to the experiment.",7.743178959335041e-308,1.0,3.1589977165743716e-308,1.5608085156161373e-308,1.660387128652956e-308,5.43583407651909e-308,1.3530296222722315e-308,1.2197652964202225e-308,1.662573693906497e-308,1.6595112924016946e-308
446,"I think randomization was used, as it seemed the questions were given in random order. I do not know what a control group would look like in an experiment such as this, as it is based on perception.",0.1521991237274304,0.028154158722831463,0.16833615743221247,0.19019716078566848,0.06089613685709999,0.022016032948185674,0.04639780541045883,0.05231875381223291,0.06231996947298945,0.0972335976034765
447,It was randomized in which participants were assigned random charts and bar graphs to look at. The control group of college students removed the bias of age or gender as the class was around the same age and eventually split between male to female. If this experiment was done with students and faculty then you might run into biases of sight as older people typically cannot see as well as younger people. Also giving students random charts to look at made sure they didn't collaborate and give the same answer as their partners.,1.0,1.563564073109833e-308,9.55548931301478e-308,2.5296630497457105e-308,2.8529562960897957e-308,1.4261326247267717e-308,2.1041782181724963e-308,5.042306668503525e-308,4.666783009131415e-308,2.3940057457229684e-308
448,Randomization could be students in a class.,0.11087902520229401,0.01354776040459248,0.18608949454607293,0.038535280493897435,0.05066645428843551,0.011846315094846184,0.033280786816258165,0.07344465871272467,0.0413756641616895,0.03816203598265505
449,"Since there was an option for non-stats 218 students, I am assuming this experiment is trying to randomly sample the college population. We were also randomly assigned kits, which prevents spreading answers/keeping expectations low. That effect means the data would be more genuine.",1.0,1.4911519677425353e-308,9.96091739497349e-308,2.565443427639151e-308,2.893439934287165e-308,1.360495443062205e-308,2.148746358417936e-308,6.039193489535622e-308,4.4802453708649855e-308,2.428421518489773e-308
450,I think that the randomization of giving the classes different bags and the random students who signed up for the class gave the experiment randomization.,0.1029915083920526,0.017064983222737515,0.10392674489836201,0.05016250667285816,0.1159291132234647,0.014150838265526773,0.08279550488227914,0.04287220105842528,0.032525589934572455,0.06373533995899633
451,"I think the randomization comes into play with the bags being given out, and also the graphs we decided to choose. On the other hand, we had to answer questions about each graph so it was just a matter of time before we saw them all anyways. I think this is going to be a cool way of seeing which observational unit picked what graph and what they thought the results were with the size of each bar.",0.21384662855820014,0.12384304029664317,0.08161729497984596,0.03854828458520684,0.046914042814769845,0.10034791434755437,0.03605945883853254,0.030969311320657264,0.0426349767687779,0.044438923996553956
452,"These elements of the experimental design help enhance the validity and the reliability of the experiment by controlling for potential confounding variables, while also minimizing bias.",1.4680604742881493e-307,1.7031811877177742e-308,1.6625693042495795e-307,3.250976244520814e-308,3.7489528453810284e-308,1.6854973044348043e-308,2.3501249686432346e-308,3.262634550766937e-308,1.0,2.911542644655119e-308
453,A controled group of questions,0.15819757644713428,0.02910235998396869,0.17029128106685673,0.18000698958147485,0.06034314831868101,0.02275449051832993,0.046500620579639704,0.0542529676161232,0.06409996869444205,0.09451949396593588
454,"Random assignment, gender variation. To lessen confounding variables.",1.4198992290023086e-307,1.67862486222756e-308,1.6664479823029656e-307,3.293789333512813e-308,3.7488996147632084e-308,1.660802117540754e-308,2.357561172684749e-308,3.262106491549739e-308,1.0,2.920375817493836e-308
455,"In the end of the experiment, there were multiple questions that made sure you had answered for every single block at least once. This is because they wanted data on every single graph.",7.205696139319698e-308,1.0,3.292066116931317e-308,1.766524099350692e-308,1.7977775715577403e-308,3.193120165896177e-308,1.485830897898353e-308,1.2678220923895136e-308,1.6873034269601966e-308,1.9112719484084505e-308
456,"Oh, I don't know. Certainly, there was no randomization. I don't imagine there was a control group. I think that not letting participants know what the experiment is about is part of the experiment. If I knew exactly what the researcher was studying, it might alter my performance. Since I don't know what the researcher is studying, or much of anything about the design, it is hard to say.",1.0,1.863283177022884e-308,9.040507797064721e-308,2.457898952675351e-308,2.984400110483246e-308,1.8405298511260793e-308,2.037839307974513e-308,3.2660949747382186e-308,7.242457916239126e-308,2.3632860762503404e-308
457,"I would say randomization, the participants in the group were individually assigned a numbered bag to answer questions about, the same numbered bags were used repeatedly with new participants.",0.06383366563925821,0.012214920647055351,0.05590982667550813,0.034451908479287384,0.0763637495112317,0.010013745110709318,0.11961015703607787,0.023933987461129912,0.019848098012225365,0.05616091021614837
458,"They used a control group by having only certain shapes in the bag, and having many shapes on the computer. These bars were all different sizes and colors.",0.14016216718321522,0.04728526344909709,0.04630948189544715,0.020471366539458073,0.02630440608970335,0.04689711059939416,0.019103937582689957,0.017224416969628367,0.02481637096528768,0.023261237610022294
459,Randomization was present due to all the different sets and all the different heights.,8.056044862325015e-308,2.091719666575537e-308,6.861188979944422e-308,8.679759827080673e-308,8.68498253067799e-308,1.5580845196263427e-308,7.204410715756279e-308,2.501213875854479e-308,2.805833308523013e-308,1.0
460,"Randomization: Order of when the charts were presented, choosing which kit to use. 

Controlled: The setting where it took place, the task was the same for all participants

They were present because they needed to represent the validity of the experiment and study they were trying to perform. Randomization helps reduce bias and reduces the risk of having the study manipulated. The control group helps keep variables consistent to get accurate results.",0.3357044936799344,0.030418185545435798,0.1327516286629266,0.03862476692198633,0.05479932830783064,0.029692401140490043,0.03249562047907654,0.04037405621506464,0.098699602005818,0.0382727247203818
461,"The control group might be the bag we chose, yet I cannot depict a certain control group. It was random which bag we got though.",0.10557153543973985,0.020263190014299673,0.07911434665904628,0.04002935076659945,0.15583444279997657,0.017135272562154316,0.07357826228733448,0.03174602174510162,0.0314944815280766,0.06805618967721515
462,Randomization of people from the stats class.,0.12724362530737707,0.014053177204135462,0.15365995942573024,0.03363795007144149,0.041503101810412016,0.012366276729234824,0.03317872347927046,0.1559311104774621,0.03688548401291097,0.03446631643028771
463,The students are the control group since the students are the ones experimenting finding out which shape or block is taller than the other.,1.0,1.805280246792297e-308,5.952214272124241e-308,1.920188797467373e-308,2.4213049500335353e-308,1.9593707655566016e-308,1.733932332599667e-308,2.3894082751198044e-308,4.0021101614930534e-308,1.895931969393143e-308
464,"There could have been a control group, maybe they could be given only physical or only digital bar graphs. Since there were different sets of bar graphs, one can assume there was an element of randomization as to which sets of physical bar graphs the student would use.",0.2260956815674176,0.15095991722096533,0.07405137865092314,0.03401232168364648,0.04028067223869963,0.11588592071156352,0.03105104349256438,0.02822384584990432,0.03948496084939375,0.037652896955324734
465,"Participant randomly chose kits, and all students participated, so there is no bias in the sample. There may have been a control group I was unaware of.",1.0,1.483692823692368e-308,1.0418048706617305e-307,2.591201936875653e-308,2.9850976080481985e-308,1.351267866329528e-308,2.2114005861739386e-308,6.565656270560702e-308,4.4413642191740584e-308,2.474552675350646e-308
466,I think the use of randomization was used since everyone seemingly had a different kit to use and the questions were randomized and didnt seem to be in any particular order.,8.308973770788801e-308,1.784790634503814e-308,8.518782480752297e-308,1.0,4.457767719945323e-308,1.3676050335983995e-308,3.9271194402891464e-308,2.9660871100349176e-308,3.1722001004716194e-308,1.3045242776139793e-307
467,I think it was a control group because only students in Stats 218 were examined and participated in the experiment.,1.0,1.2054636995389246e-308,4.407497509101788e-308,1.416610726542553e-308,1.6453749465691027e-308,1.269859150760165e-308,1.291210025474579e-308,2.079805508579148e-308,2.6421149169286506e-308,1.3731313163301466e-308
468,I think randomization was present because I had to randomly pick out blocks from the bag.,0.06296883198920304,0.014314724443077452,0.05311886907533657,0.048038281510795394,0.06978696433322835,0.011340413938829607,0.23622916796175367,0.021442154483430113,0.020503544210389354,0.13084757878504624
469,The experimental design is a randomization because every students are required to participate in the simple task which is to choose from the set of designated blocks and answer questions based on the blocks,0.12036534043455085,0.016557617320240355,0.44505237270802583,0.049269387826236695,0.06661925751749448,0.015191832883520539,0.03307722625425596,0.038919454575322296,0.08041562844144855,0.04161034834179123
470,I think the randomization of which bag you picked were represented due to the number of bags there were to choose from.,6.669733393454461e-308,1.477200911718844e-308,5.483083936523619e-308,4.3682780019891566e-308,5.439133786660226e-308,1.181233224999813e-308,1.0,2.4265715654044735e-308,2.0825339355331663e-308,7.60380772304683e-308
471,"This was a randomized experiment. The only thing that the students performing the experiment had in common was that they were in STAT 218 at UNL. Besides that, we are all involved in different things and are of different ages.",1.0,1.527410161377204e-308,9.823361812143843e-308,2.5650173603063555e-308,2.873906592091387e-308,1.396479306074305e-308,2.1155236294846517e-308,5.460682745189852e-308,4.711099036453972e-308,2.414485209847832e-308
472,"randomization - participants were randomly assigned a test kit to use 

this element was used to ensure that the experiment remained random.",1.4225078804776122e-307,1.858987433335487e-308,1.0,4.529087263315977e-308,4.81875106404487e-308,1.7067228094525413e-308,2.850181599879298e-308,3.7970906361397293e-308,1.3365078785737837e-307,3.904416117446565e-308
473,I think an element of experimental design they used is a big sample because if all of the stats classes did the experiment there was definitely a large sample.,1.0,1.527178959209645e-308,1.149004164898565e-307,2.7409191283815227e-308,3.1023102326652e-308,1.400240996562264e-308,2.2032001563734594e-308,6.182478234284344e-308,5.434336341282484e-308,2.555848814323035e-308
474,Randomisation was present in the experiment. People were randomly assigned to models instead and did not have the same exact questions.,0.16229376595348616,0.028376214572739394,0.180422970615859,0.16475527931741407,0.06149478664311769,0.022404298572841305,0.04615102009056474,0.056338146809319,0.06643657842653096,0.0913958357707139
475,"I do think the experiment seemed to include a control group, seeing as it being used in a certain class removes a degree of randomness from the situation.",0.5295453431261927,0.021338418885086224,0.0760997260646676,0.024178597480722788,0.02838833111665001,0.02269548839505217,0.021678718325837596,0.03337522493288473,0.048736218679544675,0.02349178587034175
476,"I am not sure, because everyone in STATS 218 was asked to participate so I am not sure how there could be random assignment, unless we all got different tasks or something?",1.0937575888442574e-307,1.224494679789247e-308,1.0431605895279804e-307,2.842199703721232e-308,2.9720319867258366e-308,1.052806466372761e-308,2.6151644534663174e-308,1.0,2.791515232747227e-308,2.836643088018585e-308
477,The elements used in this experiment were definitely assigned subjects to random groups in a random manner. I think this element ensures that only difference between the groups is the treatment condition. I believe this minimizes bias and allows for valid statistical inference.,0.19923401918193767,0.01626782161358871,0.15364006975702424,0.029175852928200612,0.03480258782198474,0.015383670081288537,0.021758290400066955,0.03555405112072004,0.3079635561379865,0.027026331309588363
478,I would say there was a minimum randomization as I noticed that mostly stats students participated in this experiment.,0.12046438891031386,0.01269146511901538,0.2631991303188376,0.031874364671161434,0.03866946226117423,0.010794168592961582,0.027733381242988235,0.10483677552088028,0.0339795499686549,0.03234247031468408
479,There are many different people in the stats class that was being tested,0.3076748229846091,0.015057568580639738,0.06611314981148175,0.019912717077669374,0.02233053906487818,0.0149093430885463,0.017170647088864663,0.03269919413800053,0.038977854574170946,0.01887928053911574
480,"Randomization was present in the experiment. Each element of the experiment was randomly assigned to random students participating individually in the study. I believe it was done this way due to the design of the experiment and how it was ultimately planned and executed in the setting it was given in. It was set up in a survey type manner, rather than a controlled study type manner. It was most likely designed this way due to the limiting factors of it being done with college students who are typically busy and have tight schedules to adhere to which makes it difficult to perform a controlled study type of experiment.",1.384753124252163e-307,1.495356231340284e-308,1.0,3.8456786440829916e-308,4.839207737032853e-308,1.2931900789574005e-308,3.077647544131347e-308,8.401316405944839e-308,4.863456113661449e-308,3.76515783443951e-308
481,Randomization I don't think it present in the experiment because the experiment is just randomly.,0.17457983827097578,0.026301296749659447,0.18946338505538873,0.07738405773644595,0.05786064367856143,0.02086908922373073,0.039436449730578686,0.050965498095936076,0.0724461181776895,0.06629080471835928
482,"random people where given random data sets, the grade boost given was the same across all sections of Stats,",0.13081230420746082,0.013791049932696947,0.1456393113998694,0.03145383152703268,0.03888385676871402,0.012183635640396158,0.031423759677941414,0.17413126452527908,0.03577596309852243,0.03231262023198407
483,One element of experimental design that I think was present in this study was the random assignment of the particular set of physical models given to each participant.,1.2961607270704834e-307,1.996860811426182e-308,1.0,4.1579785637694603e-308,4.748645790643496e-308,1.913016822166956e-308,2.7478344411578037e-308,2.9874055917508104e-308,1.0852294245144261e-307,3.656794781692827e-308
484,I was not able to chose the bag of blocks - they were handed to me I believe this randomization was used to make sure that we didn't all grab the same bag.,0.06417991244589208,0.01449930561721361,0.05373630498826705,0.04660054594245013,0.07146454397520913,0.011552531040205205,0.24091140656365806,0.021760377311828553,0.02080674318088595,0.12307885966547999
485,"Randomization was present in the experiment in the process of choosing an specific bar. Since they were in a bag, the participant can select which one they are going to select to submit the data about the distribution.",0.2166304136823599,0.11781067068287297,0.08347184301486446,0.03935801342363318,0.04832637429734526,0.09596307059385108,0.03691207819121007,0.03160959028195656,0.04356797064927703,0.0455698516893716
486,Randomization was present because we were randomly assigned a set of physical bar graphs.,0.1860956464214501,0.22431583608270467,0.08178084305029817,0.04110637535681025,0.04596613597062064,0.11192965610675734,0.03644888328683063,0.030451070358724592,0.042217760118344994,0.04634700886175393
487,"I think random assigment was used, Participants are randomly assigned to either the control or experimental group. This helps ensure that groups are equivalent at the start of the experiment and minimizes potential confounding variables.",1.959182739326627e-307,1.782785250600934e-308,1.6907117430332739e-307,3.215517110527048e-308,3.767879963293607e-308,1.7123480066404793e-308,2.3606835361442246e-308,3.6712307295984137e-308,1.0,2.951207653030465e-308
488,I am unsure if there was a control group present but the graphs that were given would have been constants in the experiement. The number of questions were constant. It was likely random the order that the questions were in as at different times it would ask you to open the bag and pick a random graph. this is where the randomization would play a part because not everyone would be looking at the same graph.,0.2918786843923722,0.06566944429674312,0.08722627823952667,0.03734168855467359,0.047639334271668214,0.05668077650855851,0.03315589895325645,0.03161253011449877,0.04799751817260549,0.041005696505521994
489,I think randomization was present in this experiment because kits were randomly chosen by the participants and there was no assignment of any control groups that we knew of.,0.13001566899800454,0.01679148188882807,0.19117727247472294,0.04441657253246665,0.0841040377398972,0.014299805842963866,0.036120147595118536,0.04718620040964994,0.05335708864602414,0.04580498829031547
490,"* Receiving the graph in a randomly assigned kit

* the ratios were randomly assigned

* Each graph randomly assigned adjacent/separate comparison",0.08260179240164757,0.7290174117246232,0.03605676027944037,0.01870191177431927,0.01922320382273271,0.04561247594720552,0.016057094925552004,0.014113506400390571,0.01867759342198694,0.019938249302101807
491,It randomly gave you different sized bars based on which kit you were given. And there was really no specific groups such as a control group and an experimental group because it was all randomized.,0.14195862484062174,0.046078542544837266,0.04647709974521648,0.02043771798831682,0.02636144390361273,0.04605006099344973,0.019062330883510795,0.017259631661277138,0.02496263522565754,0.02318767109744316
492,"I think the experimental design was randomized but within a certain population, such as students who are in a statistics class. The randomization is to gain a better understanding and more accurate/significant data of a population.",0.14012964243582776,0.016304518109590847,0.3538787736577125,0.03735133799037916,0.045921359008003676,0.01463922217437045,0.025389295353437254,0.036233088275189014,0.1288777980992229,0.034047510685078906
493,"I think that the questions were randomized, because that way if one student did the experiment, they couldn't give insight to another on the correct answers.",0.1378042888668107,0.025908531333063724,0.15302879033748987,0.2288215202865147,0.05988136757626231,0.020163147227028406,0.04626545694127487,0.04912885664501384,0.055096354056767265,0.10397058350236058
494,"The control group could be a group where once the test is completed, the right answer is provided, similar to the beginning question.",0.39814601690006546,0.017678382400949617,0.06806155973310717,0.020921074959163243,0.024539668245744887,0.018790066455786705,0.018351478720633328,0.029015421659296794,0.04579245107069825,0.02017839321312266
495,I think they were present in the experiment to make it more reliable.,1.0,1.8039690947627235e-308,8.506141110532597e-308,2.3703036188415873e-308,2.7653720542729557e-308,1.818888323798635e-308,1.9261460020716947e-308,3.11363789281315e-308,7.140360521311298e-308,2.2478287287396137e-308
496,The experiment is randomized because it is a class with different ages and students with different genders however it is limited to only Stat 218 classes which makes it somewhat limited. It does not include every major in the university and they may see the graphs differently.,0.4128578742978661,0.017630176487953914,0.12569986831516156,0.030202980720686248,0.035027300198512044,0.015726224751346617,0.02539167738919311,0.06552134109005388,0.05231877170756133,0.02895466832329716
497,"The control group could be the flat bar graph since it is the most commonly used bar graph. There may not be randomization among the people that take this experiment, because the statistic students are doing this to get extra credit which means most likely the statistic students in this experiment tend to get better grades and can interpret a graph better.",0.44709042848670644,0.04486341997511812,0.08071976192038259,0.031612318724609276,0.039283467287591516,0.0467241575534312,0.028029711946150632,0.031174922360195048,0.04850365785786023,0.032449303690983394
498,"Randomization was certainly present, as we were all presented with different kits using different heights. It seems unlikely that there would be a control group, seeing as we are experimenting on something that no matter what is open to human error, but not based on human opinion, if that makes sense.",0.1374967025029517,0.017834101843876377,0.15088176527507696,0.03922241925913764,0.0721246118640676,0.015089750504736224,0.03329801382462421,0.03961229579571852,0.0534127264168913,0.041021912234789244
499,randomization because they chose random people.,8.321044278522267e-308,1.9125167953855127e-308,7.954387453388041e-308,1.6509237416046698e-307,6.439591865198996e-308,1.4360762209631245e-308,6.973154664432249e-308,2.967183958045473e-308,2.9623453029843973e-308,1.0
500,"I would imagine the kits were randomly assigned to the individuals within sample populations. 

I think the control group would be the original data set collected from Cleveland and McGill, or possibly the data set created by statistic department faculty members.

Having a solid methodology and observing participants under controlled environments (like designing the 3D bar graphs and distributing kits randomly) are also clear aspects of any good experimental study, and this study possesses both fairly clearly.",0.34102707585713826,0.06241753077362112,0.09621486159218516,0.03980505141651685,0.04936412005110998,0.05469776071029621,0.033979151299357864,0.034378982140081116,0.054757704053852045,0.0418663810181492
501,"blinding: students were given no prior information, which means they had no time to prepare, and results were more accurate. 

randomization: students were able to volunteer for this, which means only those who tried were included in the experiment.",1.3396122990093834e-307,1.422685725928656e-308,1.0,3.4314894311976367e-308,4.143481302109278e-308,1.261285115174966e-308,2.748351709647209e-308,7.559522059978814e-308,5.149230453192364e-308,3.2871724963059086e-308
502,"Randomization, as there were different kits that could be assigned and the question order was also likely randomized.",7.94159867898261e-308,1.7649992670317676e-308,7.882518204807763e-308,1.0,4.574382503438254e-308,1.3513233846886135e-308,4.273897763190899e-308,2.822403234768299e-308,2.9772104010390227e-308,1.6479279999493631e-307
503,I think that the randomization was present through the random choosing of students (age and gender vary) but the control group could have been that everyone was using the same material (in their particular group kit number).,0.14576535512031302,0.018534752876147826,0.17231444620558845,0.04282347003469885,0.09811002324411194,0.01600560968379223,0.04141252090537753,0.049524805139816164,0.05288701530240365,0.04651112105308389
504,"randomization was incorporated with gender, age of participants. Control group were the model kits. These were utilized to add more variety in the results.",0.11361790835197894,0.011134643233435706,0.12651317068520201,0.022625707844823442,0.025925195168537914,0.010285023431816696,0.016044332660103723,0.02930218469962642,0.08794937411502728,0.020312630355710855
505,"The element of randomization was utilized. Within the group of statistics students, a random assignment of individuals participated in the experiment due to it not being a requirement for the course which can support the validity of the overall experiment assuming the number of students who participated was over 20.",0.12476192227043217,0.012404434775273981,0.18773347775720392,0.030886626034025044,0.03854830517749294,0.011129472715981317,0.026184491736051807,0.09261907893645258,0.04372087549598313,0.029838790804569054
506,What order the visuals were in. This allowed for the data to be rotated and not attributed to a pattern.,0.09485542606835716,0.0739390104649313,0.03446031021948858,0.015298104206988556,0.01767611002745062,0.2598615017993001,0.013592355247567514,0.012627156737225686,0.018673708451829224,0.016363021497973716
507,The use of randomization was used as they had multiple graph packs that could be randomly administerred.,6.3940599380653e-308,1.0,2.903106351096666e-308,1.5426061301722914e-308,1.5744865911891705e-308,3.467666454390239e-308,1.3298273776972815e-308,1.1362326987606656e-308,1.48935306287552e-308,1.6647099157810253e-308
508,"Randomization: The order in which graphs were presented to participants was randomized to minimize order effects and potential biases.

Control Group: While there might not be a traditional control group in the experiment, the use of consistent control variables, such as bar chart layout, ratio comparison, and graph identification, were present. 

Standardization: The experiment likely standardized procedures for presenting graphs, collecting responses, and measuring outcomes to enhance the validity of the results.

These elements of experimental design were likely added to reduce confounding variables, enhance internal validity, and increase the generalizability of the findings.",7.411482639257969e-308,6.709552347039424e-308,2.864588863197458e-308,1.2947806337432897e-308,1.485058690237594e-308,1.0,1.1668719574099136e-308,1.06835141925618e-308,1.537477476913181e-308,1.392280256644786e-308
509,The observational group was students seeking extra credit for this course. The pack of physical bars to estimate measurement seemed random. I am not sure what the control group would have been,0.5201625267964796,0.02205409339349177,0.0782650704418041,0.02507887500548876,0.028945934357777318,0.023470148910058653,0.022072112166257166,0.03419415421651248,0.05108218472549693,0.024202752863613532
510,I assume that each kit had some blocks that were the same and some blocks that were different just to see how different students viewed the heights of the blocks differently,9.49670761702809e-308,1.822302258021874e-308,9.296565412198606e-308,5.888731813176693e-308,1.0,1.540360572454768e-308,5.801529315541301e-308,2.918507416590724e-308,3.6273691965693664e-308,9.002851546177533e-308
511,A control group was used to see the different groups perception on the grouped bar charts. Two of the bar charts were grouped while the other 3 were stacked bar charts which would be used for comparison. This was used for the perceptional element of position which was what this study was for.,7.049826234234572e-308,6.441618192758706e-308,2.724404315749198e-308,1.2382740496813063e-308,1.4169992418869956e-308,1.0,1.1258654681237214e-308,1.0317472673292293e-308,1.459837057259585e-308,1.332641914910272e-308
512,There were different bags and versions of the experiment depending on what code you had in the bag. To discourage sharing answers.,6.726434979234063e-308,1.4730132904869403e-308,5.444480971396586e-308,4.03402516027323e-308,5.720706503706916e-308,1.1857032860174594e-308,1.0,2.416137701485248e-308,2.0748815276997474e-308,7.1393884958259e-308
513,"I think that randomization was present by allowing the student to choose each 3D graph in whatever order they wanted. I'm not sure how the kit was chosen for me specifically, but I assume it is randomized. 

There also might have been a control group that was given the same kit. 

I think these are present because it allows the experimenters to obtain the best, most accurate data if it is unskewed, random, and able to be compared to a control group.",0.22755858332094192,0.25718109750252494,0.10397748301663219,0.05280390252476954,0.05859702642948088,0.08666652820749852,0.044367634628740237,0.03750192129732043,0.05380816726502779,0.05916242823735039
