document_index,document,topic_0,topic_1,topic_2,topic_3,topic_4,topic_5
0,Students can have a more accurate response to guessing the percentage looking at it in person than on the computer screen.,0.16628757256783558,0.13445575453558464,0.031663355131379155,0.16278932086839903,0.021009169403840705,0.032262786500522875
1,if we have a handheld model we may be able to tell the size of online models,1.0,1.0772821061098608e-307,3.3538097977292883e-308,2.8878182030545895e-308,1.9320233948597573e-308,3.7060506204638364e-308
2,If having different heights affected the way we chose how small or tall it was.,0.35033061128711374,0.14832426934497897,0.07370728687973092,0.04377296324148138,0.02943862429724098,0.07596779334504937
3,It might have been testing if boys or girls could tell the percentages of the blocks better than the other. It also could have been testing just how well in general can college students' eyes test the size differences of blocks.,2.0198806026234416e-307,7.966518698495821e-308,3.292216907928283e-308,3.1312684645771263e-308,2.46473056386055e-308,1.0
4,The hypothesis may have been “Do individuals estimate percentages the same as individuals from past years?”,1.0,1.0469858786374808e-307,2.9152033643025063e-308,7.364252012052185e-308,4.1555839169836175e-308,4.55312857195144e-308
5,"""Is there a statistical significant difference in ratio accuracy between using unlabeled 2D bar charts, or unlabeled 3D bar charts in a given population""",1.337222657508287e-307,1.0,2.5743643401829435e-308,2.746024048553398e-308,2.837261901708868e-308,1.905576927738322e-308
6,Whether students with certain block bags got more accurate scores than than other block bags.,1.9968730887063144e-307,7.97327486706932e-308,3.3239807083937664e-308,3.187312041697264e-308,2.4366798734959734e-308,1.0
7,"Ho: People will guess the size difference of bars on a bar chart the same using a physical model versus an online model.

Ha: People will more accurately guess the size difference of bars on a bar chart using a physical model over an online model.",0.05909922500743675,0.041145256686691965,0.011639879300750083,0.011514297311843176,0.016789054942684675,0.011159436200729919
8,A hypotheses the experimenter might have been testing is the 2D graphs will be better interpreted than the 3D graphs.,0.3718278632033911,0.3900791152801119,0.05231831829953278,0.06311771730184565,0.07709198551936493,0.04556500039575365
9,The hypotheses of the experimenter could be that the results of students in the first experiment performed more spread out results compared to the students in the last experiment.,1.0,7.311195026232338e-308,2.135685810177262e-308,3.1446646952846777e-308,5.253578001073797e-308,3.3021401583805165e-308
10,"If a 3-D printed graph is provided, then the guess of the difference in height between two points will significantly increase.",0.3495048700995463,0.2135489060677441,0.1376712931416367,0.06617061428788175,0.03783229704315629,0.07514339851432364
11,"If students complete this experiment, then the data will show that 2D graphs are preferred more often than 3D graphs by introduction to stats students at UNL because 2D is easier to read than 3D graphs.",0.12503077714963332,0.3053441163428684,0.027224729733943173,0.03280561851404353,0.020230326344126755,0.01926560333577114
12,That people currently in a stats class can better estimate proportions rather than someone not currently in a stats class.,2.276525269865284e-307,1.3965173880290924e-307,3.36809979499779e-308,1.0,2.811358359514658e-308,3.60744407912901e-308
13,If 3D models are easier to understand than 2D models.,0.21872903891886655,0.4425385575494825,0.042859741520530924,0.043846403618227246,0.030309214802175785,0.03093416735720581
14,2D objects might be easier to interpret than 3D because 2D is a lot more simplified.,0.2234108665642864,0.43617398035849364,0.043436900760834965,0.04379176049275658,0.030895570314855902,0.031508045275261506
15,Is it clear to understand the difference in size between something tangible or on a screen.,1.0,1.2265621788453194e-307,3.0766263530408367e-308,2.7681424369374907e-308,1.9243422350505263e-308,2.9520421273348277e-308
16,"Certain types of graphs [i.e. bar graphs, line graphs, etc.] may elicit more engagement from students, leading to more thorough observations.",1.5567104483869623e-307,1.0,3.9716143770179615e-308,5.862892004588996e-308,2.562854577709102e-308,2.6091215328626196e-308
17,"Null Hypothesis (H0): There is no significant difference in the accuracy of perceptual judgments between 2D graphs, 3D digital graphs, and 3D printed graphs.

Alternative Hypothesis (H1): There is a significant difference in the accuracy of perceptual judgments between 2D graphs, 3D digital graphs, and 3D printed graphs.",1.7443078185990754e-307,9.665373886730466e-308,1.939912898996673e-308,2.523148226591004e-308,1.0,2.314299969706574e-308
18,"if students answer the bar amounts correctly, they will perform better with statistic material.",0.2698027061912021,0.2034406758292239,0.06161562994110654,0.3719002119019729,0.03200833752628535,0.05405281961656565
19,The hypothesis was to find out if the block was higher or lower than the other blocks.,1.92712558164251e-307,7.805611264641519e-308,3.24542149185205e-308,3.0338424289931106e-308,2.3792421515534944e-308,1.0
20,The hypothesis that could have been tested was that if there is extreme differences in between the stat we were supposed to read and its neighbor than we are more likely to exxagerate our guesses of its value.,1.0,1.0453164260832176e-307,2.8872649920778333e-308,6.856105611088663e-308,4.453827773573077e-308,4.36070405620357e-308
21,The experimenter may have been looking into a hypothesis that correlated around the fact that most of the experiment participants would be able to closely estimate values bases on their location within a given graph.,1.0,1.296277037560784e-307,3.122478294791697e-308,4.440940833650723e-308,4.853458163034434e-308,3.0526336957326214e-308
22,The experimenters hypothesis might have been can UNL students tell the difference between the different height of the 3D printed structures?,0.4134130675561245,0.2129786263632724,0.04859322156655081,0.055575931071421225,0.06489132716012544,0.05411362639603434
23,How do 3D charts compare to 2D charts.,1.2362368756104676e-307,1.0,2.5252681541361265e-308,2.589114822125625e-308,2.209938705922144e-308,1.7917064142901764e-308
24,The experimenter may have been testing the hypothesis that people were less accurate when estimating lengths on a 2D model than a 3D model.,1.0,1.2422968112489667e-307,3.305908947144072e-308,3.4088117751286086e-308,4.0286835173573576e-308,4.7162359804725415e-308
25,Does 2D vs 3D alter height perception? Does having a short vs tall object next to the one being measured alter peoples opinions of the height? How far off do people think objects are (error)?,1.0,1.1172090893340012e-307,4.1428132871654704e-308,2.895854009531604e-308,1.8909583906911526e-308,3.590331219112674e-308
26,"Null hypothesis: 2-D representations are just as accurate and effective at portraying numeric information as 3-D representations.

 

Alternative hypothesis: 2-D representations are more accurate and effective at portraying numeric information as 3-D representations.",1.789673448652606e-307,1.0,3.263612247854048e-308,3.8098609440669807e-308,2.8465500169190204e-308,2.6891486585489943e-308
27,Whether UNL students can accurately guess the correct number for the ratio of the triangle bar to the square bar in different models given.,0.174473133916639,0.1644970269356034,0.20369097212382703,0.06681024808368187,0.02152870274822074,0.03973692715418517
28,Can different students correctly guess the height of a graph,0.14170061035039339,0.12691037350008133,0.09893550254309645,0.03853945446397769,0.016310825944524394,0.03214077087902984
29,"I think the experimenter could be testing different IQ levels of individuals, whether a person is better at visualizing things in person or online. The experimenter could be testing whether an individual is good at comparing, measuring, and estimating images from a hands-on comparison.",1.0,1.0928285097747272e-307,2.8167686184212425e-308,3.7476994125470465e-308,5.22635642042984e-308,3.03738173148784e-308
30,"If point A is closer to point B, then the relevant height will be more accurate",0.3114803724517207,0.15587355131117758,0.09978618150824729,0.04852748243064985,0.029482656658641773,0.07639130403515818
31,"Null: Student estimate the right amount 50% of the time

Alternative: Students estimate the right amount more than 50% of the time.",0.28255512230930574,0.15388146065908298,0.045577664460165125,0.2031597236632826,0.030412447862971086,0.05440452924326
32,The hypothesis the experimenter might be testing is if people see the shapes as different or not.,0.557581290760813,0.17560558612001237,0.05233305925095434,0.053707734434920135,0.050729201767762466,0.08953756588964726
33,"Are people better able to estimate the amount of a certain quantity when they can touch it, versus only seeing it?",1.551743083691176e-307,1.0,2.8309772087079043e-308,3.6482531833708786e-308,2.5694721373228426e-308,2.5485450567098714e-308
34,Students with access to the 3D printed materials will have a better chance of guessing the correct answer than students who did it online only.,0.23949640893537327,0.1671247519899886,0.03156625569309452,0.037453335121410775,0.041981480925111364,0.03243086328818092
35,3D graphs will yield a higher percentage of correct answers when compared to 2D.,0.12754314741983175,0.777721124774443,0.026913665024198313,0.02817076469103157,0.020830374768716242,0.018820923321779294
36,"If students are given bar graphs and have to assume values based on other bars/graphs, then students will consistently use whole fractions? 

(Not sure what to put for this...)",0.19299769423578,0.3106346046559125,0.09751108498715903,0.0872452165040571,0.025537385588473384,0.03880238458630245
37,A hypothesis the experimenter could have been testing is if a graph is easier to interpret as a 3D model or as a 2D model for the average student at UNL.,0.4450938708181505,0.26074979791506203,0.04862061290278922,0.06429124094959461,0.09393475168346431,0.048653779043127024
38,Most college students cannot accurately assign correct data to the correct graph,0.17253499245918702,0.4049895397232902,0.057204542108221366,0.08548478754438403,0.023566479697073758,0.03291594319542573
39,Which colors make participants believe that parts of this block are taller than they actually are?,1.8219914481442206e-307,7.893130402099991e-308,3.42560588942515e-308,2.8365985076926207e-308,2.198013817861769e-308,1.0
40,The difference in response between the classes or maybe the ability to differentiate between the shape sizes,0.5929501971970297,0.1862556403440487,0.05810941252419827,0.05135418312209451,0.03618296169373558,0.06939179338726294
41,A hypothesis might be; how do comparisons of heights affect a person's decision and relative view?,0.320331224371893,0.14909026312704363,0.07651132254432083,0.04701822282909664,0.032034526351798154,0.09655598917144315
42,People in person holding the blocks are more likely to guess the right one than the block on the computer screen.,1.7812268300117335e-307,7.800711290631723e-308,3.367951560862097e-308,2.990525863402511e-308,2.173065592454583e-308,1.0
43,The hypothesis that the experimenter could have been testing is how good ones perception could be.,0.45710264221420926,0.07514256896143354,0.021599086034130827,0.03388722379772719,0.056566995784254594,0.038270639032001605
44,"Students are more likely to choose the wrong percentage when reading the graph on their computer, rather than when looking at the in person 3D shapes.",0.1880333259294355,0.35787064963070536,0.06250466523058208,0.1071640659558846,0.02521331569823342,0.035910262282741044
45,Can people easily determine size differences based on visuals alone?,1.0,1.1675041575727289e-307,3.1370701602444624e-308,2.8073364111284844e-308,1.900325112988722e-308,3.1103828556761674e-308
46,whether or not students get proportions or not,0.2824984765780818,0.16913833099472583,0.0530833876769534,0.17318313533049542,0.03107338668680213,0.06101423093100905
47,"A possible hypothesis may be the further apart two bars are on the graph/the more bars in between, the higher error is produced because it is harder to see the actual differences. Another possible hypothesis may be that there is more error when observing a visual on a computer/screen compared to a 3D model because being able to see it in person and move it around may create less mistakes.",1.2302416783377773e-307,1.0,2.6267854057132474e-308,2.6489212284079865e-308,2.143107163216024e-308,1.7908705630723595e-308
48,College kids can see 3D models better than on a screen.,1.7762830015693587e-307,1.0,3.2629272190296055e-308,4.264937523311703e-308,2.978053873021935e-308,2.723708953921648e-308
49,The experimenter may have been testing the hypothesis that: participants having taken/currently taking a stats class have a better chance of estimating the bar graph differences closer to their actual amount compared to those who haven't had a stats class.,0.4132290454789819,0.17165795800242376,0.050390359696833316,0.07364579553939214,0.04705169826412038,0.041817333066418313
50,The ability to interpret data depends on the form the data is in,1.1882836121313716e-307,1.0,3.402889149404156e-308,6.144145272811236e-308,1.816465534297757e-308,2.120001483666058e-308
51,A percentage People could not accurately determine the accurate height of the blocks if they are a certain color.,1.7508069569202706e-307,7.755451311427488e-308,3.3988375553603953e-308,2.9349364147469434e-308,2.146192077389884e-308,1.0
52,They might have been testing to see if people have inaccurate perceptions of scale in comparison to relative objects.,1.0,1.1947912030916287e-307,3.2683820119455953e-308,3.420790927168051e-308,4.182528569740374e-308,4.904830565611559e-308
53,That certain colors are easier to interpret or that males or females can interpret the bars more accurately purely based off of looking at the bars. Another possible hypothesis would be that it is easier or harder to interpret the bars on a screen than in person.,0.35058356649256567,0.2266446523780368,0.07493362567072466,0.07019731722926592,0.055970465937274366,0.05266524053998672
54,"If the graph is one with a triangle on it, then it will be typically smaller than the graph with a circle.",0.17082801957836344,0.3910792291404705,0.06302965021550933,0.0550164904174292,0.023741587999839928,0.030233768860689653
55,"They could have been testing to see if spread out graphs make it more difficult to guess the height, or testing general perception, or it could be many other things such as if gender has an effect on a persons answers and correctness.",0.5663808291480928,0.14172957286396634,0.040518775800488606,0.06181654413246259,0.053263601794455946,0.05284732406954378
56,The hypotheses it was testing was whether we would accurately find the data in the experiment the right way or not.,1.0,7.364860653606575e-308,2.124451959759036e-308,3.391606119224834e-308,5.188669548858717e-308,3.585022729049331e-308
57,Maybe level of education vs how well they can read graphs.,1.2343487853194235e-307,1.0,3.3480628767223427e-308,7.275242242213841e-308,1.8508800573019966e-308,2.2614410444197934e-308
58,85 % of people will guess within 5 of the actual reading,1.0,9.362608628325305e-308,2.838689901556333e-308,6.480971900899953e-308,3.366604450590913e-308,4.969674541537929e-308
59,Students will more accurately estimate histogram values when viewing 3-D models of histograms than when viewing an image of the histogram on a computer screen.,1.7086247743998205e-307,1.0,3.522058183085263e-308,5.095266839325309e-308,3.0188049084530437e-308,2.709651590046078e-308
60,Researches are more accurate when estimating data.,0.3667526656116853,0.17040623979624153,0.04333341984872258,0.2804543479580751,0.040718061989384775,0.05313127718019162
61,People can visually determine the difference in sizes of two bar graphs.,0.21208537213359607,0.3452554210263217,0.14457667127196666,0.07417388579091794,0.029601559808099157,0.04017913375906565
62,How people perceive different charts and if they are misguided,1.0824896490787013e-307,1.0,3.2772321805263904e-308,4.900830624302739e-308,1.640472673779862e-308,1.98832225600909e-308
63,"If an individual sees a 3D model of a graph, then the results will be worse from seeing the 2D version.",1.0625138910220348e-307,1.0,2.2786241675497817e-308,2.317191163726667e-308,1.7316319943828807e-308,1.584827148719368e-308
64,if they we show people different graphs then they will be able to assume the percent of the smaller bar.,0.20308756403671607,0.3401238233909219,0.12527895545817622,0.08058015945091467,0.028255323347856413,0.039802764993024334
65,What age group can best identify numbers without information given?,0.2003423341942379,0.29615655949238184,0.050666520956314125,0.3352518841200726,0.028115188199961116,0.03699041568737419
66,We read these and did this experiment to compare things between different groups.,0.6988965368449012,0.06239567172842831,0.018324348386840043,0.029805592883092594,0.03794275131651891,0.029242076421216272
67,"If you can detect one smaller bar correctly, you are assumed to be able to correctly identify others.",1.3244937603430296e-307,1.2808653427084834e-307,1.0,3.7822124019231163e-308,1.790121317107958e-308,2.8188186943613433e-308
68,The hypothesis maybe that 2D graphs are interpreted more accurately than 3D graphs,1.1067773964780732e-307,1.0,2.344409388278849e-308,2.4360883207145436e-308,1.8303309304534593e-308,1.636694443050315e-308
69,"The experimenter may have been testing a hypothesis of ""Do certain groups of people perform better than others given certain conditions and/or characteristics?""",0.6886215214214205,0.07244908434759953,0.021412623748378767,0.03146472053733967,0.04611751890412885,0.03179579775576163
70,"If the subject compares a known height to a unknown smaller height, then they will make an approximation.",0.3033361409026606,0.1512460475343647,0.09293276235392561,0.04933564907351022,0.03037892279106983,0.09431202574006446
71,That people read graphs more accurately when they are 3d compared to a 2d graph.,0.2019879534659722,0.6436029209638534,0.04354687016961546,0.04674997916530565,0.03422492670616385,0.029887349529089634
72,"The experimenter may have been testing a hypothesis such as, there is a significant statistical difference between the accuracies on how people interpreted 2D graphs and 3D graphs.",0.4430648019972777,0.1834751894998888,0.039653401849960385,0.050435280788514295,0.08112425871022623,0.039983743738291735
73,"A possible hypothesis might be: If a student is shown a digital graph, then they will be more likely to accurately compare the sizes of the data values.",0.14839543661268828,0.6161957363638495,0.04041357800040642,0.0573096928588068,0.02356780796522651,0.025601407739992203
74,"The experimenter could've been testing a hypothesis like, ""Students cannot accurately estimate the size of two different data bars when they are further apart.""",0.41069237032789946,0.15152604708514525,0.05502279051149745,0.05844196166301079,0.05562619432324093,0.06360584739427579
75,Those within an older age group can closer identify to the standard,0.19975773159121268,0.4611567001472762,0.05232634452804441,0.16611390439466486,0.028865959520093562,0.036757205388306326
76,The hypothesis I think is can we guess the correct number of percentages within a 5% interval. I am honestly not sure though. It could honestly be about people being the best guessers.,1.0,1.0287866638222922e-307,2.938310817707725e-308,7.567164859542169e-308,3.844194128463699e-308,4.710311252042755e-308
77,"When an individual is presented with a chart, do they accurately understand the chart's value?",1.0857952932304273e-307,1.0,3.2958406646086058e-308,4.856704334111515e-308,1.6468756646369026e-308,1.982558317625119e-308
78,Whether changing the difference in distance between units will be noticeable and able to be estimated.,0.3520819460090347,0.28517406845730614,0.05080964322410721,0.051909068416161774,0.043591751662324756,0.049685907646756663
79,Do people read graphs online or in person with more accuracy,1.0065305882547083e-307,0.8190793428612725,3.2288440257041617e-308,4.1119866344885926e-308,1.45820779767726e-308,1.792496130990743e-308
80,People are less likely to predict the correct proportion with flat graphs.,0.18697284825339236,0.3649421879281264,0.06344325117075511,0.10078739877301278,0.025046555897495812,0.03550404270479951
81,When someone has a hand on model they'll be more likely to accurately determine the dimensions of it.,0.5917658872300504,0.14790830929491472,0.05084118216498851,0.0413603297838369,0.02804981143739786,0.05873267706887883
82,"A null hypothesis could be that having experience with statistics makes no difference and the results between those with and without experience with statistics will be able to correctly estimate heights with the same accuracy.

An alternative hypothesis could be that people with experience with statistics will be able to estimate heights of models with greater accuracy than those who lack experience with statistics.",1.9550247199691856e-307,7.76865082374654e-308,1.8381336099877037e-308,2.522214833642899e-308,1.0,2.5445449810182005e-308
83,Whether students just guess or try and figure it out using the tools they have available to get the exact answer.,0.15259854961214364,0.19846347150586705,0.04512302389338506,0.0886488659676091,0.020341567223390124,0.0315706731733177
84,To see how people just the columns based off of how they see or portray them.,0.5464085578818494,0.14867803794848392,0.040712727383711046,0.07386998362033917,0.053295184405949485,0.05359215656867747
85,"Which form gives the most accurate results when college students are shown a physical form, digital 3D form, and 2D digital picture form of bars of difference sizes.",1.4548818954563051e-307,1.0,2.7746718680866535e-308,3.303931870141736e-308,2.702979830215157e-308,2.350464595655869e-308
86,to see which side is lowers and to determine by how much lower,0.14973187261944465,0.10307873002678519,0.20744333854864136,0.03605653983921156,0.01898482363251708,0.0360042358811545
87,I think that the experimenter could have been testing how students interpret data through the use of the 3D bar graphs. They could have been testing how the difference in the distance between the selected bars affects how a student determines the size of the smaller bar.,0.3678055786935154,0.19752716689981273,0.06373001741902387,0.06779330050801853,0.05300705434324954,0.04792907218454967
88,Students in college get within 5 points of the accurate height of the tower.,0.2635572242875124,0.14577149925584623,0.09006800381589565,0.04875440450217858,0.027281688637045234,0.09353647859301294
89,Do different students interpret the same chart in different ways?,1.1016883528648964e-307,1.0,3.3252596233197973e-308,5.021986111251572e-308,1.6676725318516876e-308,2.0109084035470657e-308
90,People understand 2D graphs better than 3D,1.064576038729811e-307,1.0,2.2584981122996583e-308,2.310760741028618e-308,1.769181076541238e-308,1.582809319441765e-308
91,Which way was better and more effective for finding the data they needed.,0.2805743371509623,0.11946565800451392,0.030842246375705096,0.17140758011480994,0.030784346955702542,0.03841765819061084
92,Some perceptual tasks are more accurately and reliably performed than others.,1.2576679757657599e-307,1.0,2.409541183474386e-308,3.0339603499684145e-308,2.1891899030700913e-308,2.2023092706831286e-308
93,Will people perceive a graphs value differently if it is 3D compared to 2D,1.0549681567769845e-307,1.0,2.2958578410333293e-308,2.2973124862514286e-308,1.6880228544418844e-308,1.5823174814280547e-308
94,"Physical versus digital models: Participants will have less errors when using. the printed physcial model than the digital models. 

Comparing digital models: Participants will have less errors when looking at a 2D digital model as compared to a 3D one.",1.3882793098857325e-307,1.0,2.6664132563754663e-308,3.097001386521601e-308,2.538799580031459e-308,2.2582439865829925e-308
95,Do individuals do better recognizing objects based off physical models or digital models?,1.3587411668185441e-307,1.0,2.507232995074848e-308,3.1072702120485466e-308,2.384700429067032e-308,2.2757585234432896e-308
96,Is it easier to determine data on a 3D printed chart compared to a 2D image?,1.2820745188074163e-307,1.0,2.505168147550083e-308,2.6070195898841116e-308,2.484933979919306e-308,1.8451077672205175e-308
97,If the 3D bar chart design blocks affects the perception of the data or not,1.2997757051468098e-307,1.0,2.7489033772331186e-308,2.760329722735586e-308,2.4817151224092806e-308,1.882321186645769e-308
98,"At what points are 3D data graphics limited to 2D projections, and do such projections provide a less representation of the data than 2D graphs?",1.0618929488845242e-307,1.0,2.295200543892185e-308,2.290755448176392e-308,1.651161811472173e-308,1.596323839768315e-308
99,Based off of 2D and 3D how accurate is the participant to guess the distance between the two compared model sections.,0.3106193275071391,0.27420116064789296,0.04534989513419486,0.04715284356478013,0.041245781677551455,0.04387191212354078
100,This hypothesis can lead to couple of ways. It can lead to either confirmation or it lead to ruling out the hypothesis.,0.4958026259659124,0.08833901111580386,0.02395385684724879,0.03857165673195563,0.08698532487452129,0.037583513331578
101,The long run difference in ability to accurately read physical versus digital 3D graphs is not 0.,0.18071061076444833,0.6772567303425053,0.04050668204969418,0.04367938127293724,0.03049773312765196,0.027348862442762842
102,Does the way the graphs are displayed impact how we see it.,9.246838114972315e-308,0.8190793428612725,2.923673813442398e-308,3.2313417617469597e-308,1.385127574311778e-308,1.610683763665353e-308
103,The long run average of participants who guessed within the correct range of the graph's height vs the long run average of participants who did not guess within the correct range of the graphs.,0.3763486413787015,0.18709814601384767,0.06345314418172303,0.09429876238181235,0.050376759192981284,0.06472691019566
104,There is no difference in the average accuracy of estimates between different mediums.,0.13775864951979763,0.1287572316576693,0.029546891759031812,0.08884225595635903,0.02078885756268486,0.025345863664060952
105,If the judgement error between the three different types of graphs was equal.,0.1364533929240394,0.41933764788048394,0.035577307516940104,0.03806382939724831,0.019552490769358534,0.021727501411399334
106,to see if more students get more than 8  hours of sleep.,0.3284803761157008,0.14424079444140187,0.0403343921854183,0.16207336382835733,0.03715215059501085,0.04770448814743533
107,"The experiment might have been testing to see if an object is 3-dimensional, then people will be more accurately able to guess ratios.",1.0,1.231722049107367e-307,3.267117639841369e-308,3.419205817362441e-308,3.9906833919610846e-308,4.823283944945058e-308
108,"50% of students can understand and identify the given graphs if it was a random.

More than 50% of students can understand and identify the given graphs if it was an actual effect.",0.3606930221561718,0.19239748508786708,0.053273230802038524,0.10324185573159946,0.044507880538747505,0.04367871573174531
109,"I think that the hypothesis that the experimenter was testing was, the difference in graph reading between 2D, digital 3D, and printed 3D graphs.",0.3718923110502559,0.3834043407988363,0.05130311540150495,0.06059402518921966,0.08711041952860425,0.04569578803157899
110,A hypotheses the experimenter might be testing was the accuracy of the students picking the greater value graph between the two shown.,0.38939108029734215,0.18185137234548848,0.0507649585709901,0.0869074884993888,0.04652532159899505,0.04235196873596503
111,People with a higher education are able to interpret the data differences better then un educated population,1.2170008379220243e-307,1.0,3.2911162544824787e-308,6.964006229867321e-308,1.829815800090911e-308,2.2226922653316333e-308
112,"If people made an error in interpreting graphs, 2d vs 3d",1.0481573278758554e-307,1.0,2.2453452219921177e-308,2.2617963595722744e-308,1.6997021717549887e-308,1.5663970428794963e-308
113,Are 3D projections harder to understand than 2D because of visual depth?,0.22576844203560692,0.22312111540464552,0.0349730823346767,0.03326146189905381,0.02368100552614919,0.02806153187457219
114,"Perhaps, the hypothesis could work with something along the lines of ""Students will be able to identify the correct proportions of the 3D charts more than half the time.

 

H0: p^ = 0.5

Ha: p^ > or < 0.5",0.45275002010763715,0.1812333302339173,0.044966397567145655,0.0649936791289766,0.06321504743444595,0.06467100195630841
115,They might have been testing the hypothesis that 3D printed bar charts would lead to more accurate judgements than 2D ones. They also might have tested whether spacing or chart type would affect the comparison accuracy.,1.4844187682002688e-307,1.0,2.6867849095171597e-308,2.9307660300848676e-308,3.3103259775403996e-308,2.0391123225831756e-308
116,"A null hypothesis that the graphs don’t make any difference, and an alternative hypothesis that what graph is used does make a difference.",1.8520279225380057e-307,9.44895086345827e-308,1.9567654831680495e-308,2.590200946446135e-308,1.0,2.3571528179008996e-308
117,The hypothesis that the experimenter might have been testing was that 2D graphs will get more correct answers when being analyzed compared to 3D graphs.,0.42983863366781816,0.3140579146741514,0.05173344383958636,0.06469123050127236,0.09096595736101519,0.04871281995615682
118,Is there a quantifiable difference in the perception of 3D models when presented in a 2D presentation versus a 3D presentation.,0.44576639760328174,0.3082820308563906,0.05324263015657051,0.050668058937630406,0.03591999337319667,0.04433631333631052
119,People with strong visual or spatial thinking skills are more likely to form clear mental images of numbers.,0.17428937655214882,0.5528180829615653,0.0350914366882332,0.05264396014735131,0.02784754992652165,0.02912011581822178
120,People work better with physical objects than on a computer screen. They could be relating this to using technology in education.,1.7571372495665583e-307,1.0,3.3020941038687554e-308,4.530324172624315e-308,2.9749131374629274e-308,2.7420474055485277e-308
121,"they may have been testing if there was a significant difference in the accuracy of ratio judgments between the 2d graphs, 3d digital graphs, and 3d printed graphs.",0.3468322980734144,0.41854059931980536,0.04985211238418962,0.05871131821390759,0.08302546537943813,0.04303820662924504
122,The hypothesis could have been the long run proportion of correct guesses on difference of height between graphs.,0.3739676616950063,0.16011217344115292,0.051707664285331634,0.07631889400342926,0.04623834357041576,0.056511909797835574
123,"if the subject will guess which graph is bigger, more than half of the time",0.1776009205422141,0.3773494691237613,0.06439951696941651,0.058794005668284965,0.024366389321158623,0.0314184445874664
124,"Whether or not the accuracy of peoples perceptual judgement is higher when looking at different perspectives and at different mediums. 

If the different mediums will have an effect on peoples judgment accuracy.",0.19579730182791125,0.3665981846061226,0.04519927098389772,0.055159687204205686,0.031209398485060547,0.031599610261531706
125,Is it easier to determine data on a 3D printed chart compared to a 2D image?,1.26994531301452e-307,1.0,2.4573403250680654e-308,2.561250855247705e-308,2.4760925921120046e-308,1.8281376931183117e-308
126,Some perceptual tasks are more accurately and reliably performed than others.,1.2866650565284324e-307,1.0,2.4169595348268864e-308,3.0647052389833923e-308,2.234074007138417e-308,2.22626212610484e-308
127,Does the way the graphs are displayed impact how we see it.,9.256279054088405e-308,0.8190793428612725,2.933248006234502e-308,3.230987765166139e-308,1.3857395567895764e-308,1.612094379641334e-308
128,Do individuals do better recognizing objects based off physical models or digital models?,1.3552239504437801e-307,1.0,2.5083974396736494e-308,3.1099932326794913e-308,2.3805134381522786e-308,2.272915291224129e-308
129,The long run difference in ability to accurately read physical versus digital 3D graphs is not 0.,0.17535510438807944,0.687256982951008,0.0391853523591689,0.042080123423438386,0.029665142539192522,0.02645729433911261
130,"At what points are 3D data graphics limited to 2D projections, and do such projections provide a less representation of the data than 2D graphs?",1.0537513731324687e-307,1.0,2.289647788326642e-308,2.276455720122843e-308,1.6376673629716243e-308,1.588356278083844e-308
131,"Physical versus digital models: Participants will have less errors when using. the printed physcial model than the digital models. 

Comparing digital models: Participants will have less errors when looking at a 2D digital model as compared to a 3D one.",1.3874930843367735e-307,1.0,2.661151486138396e-308,3.095078933338152e-308,2.526356845523005e-308,2.2583999087032066e-308
132,Which way was better and more effective for finding the data they needed.,0.3123382180659749,0.13455526571294954,0.03448831042994554,0.19286007435072497,0.03439973611932025,0.04389966572528401
133,If the 3D bar chart design blocks affects the perception of the data or not,1.3073921038458672e-307,1.0,2.741646879356134e-308,2.760595067963822e-308,2.533221603872412e-308,1.891218562105277e-308
134,People understand 2D graphs better than 3D,1.0424807006204569e-307,1.0,2.2210211391808337e-308,2.29088821062875e-308,1.7502378357600556e-308,1.5554946110277463e-308
135,Students in college get within 5 points of the accurate height of the tower.,0.2663189891090233,0.14565223571462108,0.0888514165318738,0.048479820104565835,0.02727239933967015,0.0923944382917368
136,This hypothesis can lead to couple of ways. It can lead to either confirmation or it lead to ruling out the hypothesis.,0.5911044141728863,0.09416835782839039,0.025766447747818912,0.040956356080792684,0.08988437047361694,0.04067820889857993
137,Do different students interpret the same chart in different ways?,1.102143770541127e-307,1.0,3.3307315947476406e-308,5.023022662929944e-308,1.6677247243196334e-308,2.012552229615939e-308
138,Will people perceive a graphs value differently if it is 3D compared to 2D,1.0449651866560658e-307,1.0,2.270597717849867e-308,2.264653502743306e-308,1.685345359765555e-308,1.5664228289382013e-308
139,Based off of 2D and 3D how accurate is the participant to guess the distance between the two compared model sections.,0.3065888356112375,0.2727265698372821,0.044591417598997755,0.04644981417482964,0.041000072003576596,0.043208575878649236
140,"A hypothesis could be that students don't understand scale and proportion when reading graphs, so they would be randomly guessing, meaning they would only get the question right 50% of the time.",0.19670850854871638,0.341186325256031,0.07004050635874232,0.10412748782167189,0.02600173531117666,0.03863172143124381
141,The experimenter might be testing if women and men who are enrolled in STAT218 have an accurate perception in estimation of amounts/distances.,0.5042166785342983,0.12179580309434909,0.03702086729656895,0.04683033366155162,0.05595193518044705,0.04600885739519881
142,[expirement .docx] (/users/286374/files/21155808?wrap=1&verifier=dpXE5tKfPHmipCPi6pNi39s2Njk4HxziDS2aHRFt)[expirement -1.docx] (/users/286374/files/21155812?wrap=1&verifier=2LINFLW7vywUytfQjW5h2WqY8cFfIiRMqFaE0Xdu),0.21903858707882656,0.22938580260984642,0.059577878500530854,0.11866827987961587,0.03317652296278847,0.04049948620720963
143,"The experimenter was likely testing a few key hypotheses:

 

* People are more accurate at judging bar sizes in 2D charts than in 3D digital charts.

* 3D printed charts lead to better accuracy than 3D charts shown on a screen.

* The layout of the bars (adjacent vs. separated) affects how well people can judge the size differences.

* Physical interaction with a chart (like touching a 3D printed one) might improve a person’s perception of the data.

These hypotheses help explore whether the format of a graph changes how clearly people understand the information.",1.5623134575562479e-307,1.0,2.8180814675264704e-308,3.10062821832434e-308,3.435965183061412e-308,2.1193513780626647e-308
144,Students taking STAT 218 will estimate graphs more accurately than students not taking STAT 218.,0.1802103016828303,0.3924610523416828,0.05664840967489221,0.08892709756214343,0.024747788259595626,0.033701635206437486
145,To see if we can accurately see if we can decide which graphs are bigger,0.15475312778957073,0.4347432356827119,0.04654990091630511,0.04946733259172681,0.022335485077543727,0.026079664154443783
146,"Do graphs effectively display and describe data better on a 2D screen graph, a 3D screen graph, or a 3D model?",1.0471279495910867e-307,1.0,2.2995212587838644e-308,2.3092928982124387e-308,1.6510156062577464e-308,1.5829164238383926e-308
147,Do students perceive height the same,0.3604080352523273,0.14396721526760584,0.07197589523641608,0.04185309648310881,0.025125204231438422,0.056653599959626336
148,If the circle or the squares bar was higher more times out all of the models.,0.19378311376389107,0.17965709906535948,0.41076946848915247,0.060082148453469625,0.025734930626789776,0.04187362347873582
149,The hypotheses that this experminemnt might be testing could of been your estimating and evaluating the data in information sheets making sure how much higher the charts can be.,0.3974143865388532,0.2144920020969639,0.04246863901366524,0.053067353186811925,0.0655136369690094,0.037316371066117966
150,If the year taking the test might alter the responses.,1.8619036423339724e-307,1.6239911677559053e-307,3.979022477919841e-308,1.0,2.358138144488172e-308,3.3333382099227125e-308
151,One hypothesis from the experimenter might have been testing was weather students would get mixed up with the different graphs and see how tall the bars were compared tot he other shapes.,0.3507117663931879,0.20043192517608868,0.07212264002225922,0.07346699606658788,0.04989331380593537,0.051165548584110716
152,Student's ability to estimate the height accuracy of the towers.,0.27623952479889735,0.14503222989370756,0.08342420478875893,0.04729028363716165,0.027324806406153593,0.08965824956681191
153,The hypotheses the scientist are testing is the hypotheses that this experiment first gathered in the 1800's.,1.0,7.260039457632572e-308,2.072506534699179e-308,3.2743976087087007e-308,5.413438514665126e-308,3.42676593621591e-308
154,A possible hypothesis for this experiment might be: participants will exhibit a consistent level of accuracy or inaccuracy in estimating the lower bar over multiple trials.,0.40946184491989496,0.14295818990281248,0.053431683484164424,0.061032763243012905,0.05408432139069286,0.06828154029646487
155,to see if external factors affect how we  guess the heights of the bar,1.5684047311334546e-307,1.1859310397488218e-307,1.0,4.017616113131757e-308,2.0097132726804626e-308,3.695837219246369e-308
156,"The more intelligent a person's favorite zoo animal is, the higher their accuracy will be when estimating the height of each scale.",0.278340722421142,0.1553398932414555,0.13100244692379007,0.0504944277747326,0.02908631451041753,0.07727774352405782
157,How different individuals perceive graphs.,9.595873649951304e-308,0.8190793428612725,2.950692860598458e-308,3.555673765530466e-308,1.431687734421245e-308,1.6698163572491127e-308
158,how accurate peoples guesses were,1.0,9.167087730969674e-308,2.787538066398115e-308,6.120756460132599e-308,3.3289590606310283e-308,4.943838543322022e-308
159,"If the tower's surroundings influenced how tall we thought it was. 

If shorter or taller nearby towers had more of an influence.",0.2933511761394207,0.1436254059506359,0.07586261293430409,0.045398404025976176,0.027260224779314533,0.08347147526183953
160,Hight perception,1.2531523633588581e-307,1.0,2.389689055896096e-308,3.016254146754472e-308,2.1765037196142945e-308,2.1968757138376017e-308
161,"A potential set of hypotheses could be: 

null hypothesis: a person on average will guess the correct proportion 50% of the time.

alternative hypothesis: a person on average will guess the correct proportion more than 50% of the time.",1.0,9.791591888091334e-308,2.8397383838626166e-308,6.871148659348827e-308,3.8133572529589645e-308,4.681413202882749e-308
162,Students will have a better understanding of physical graphs rather than graphs online,0.15915128766181239,0.5060652683800646,0.04820503169368215,0.07094386450541429,0.022640437720708402,0.029073215461018785
163,How close a guess is to an accurate answer.,1.0,9.210782177454766e-308,2.808032609304752e-308,6.277484591816614e-308,3.2678231159429997e-308,4.915202328500866e-308
164,If I give individuals the same shapes and the same questions then they will perceive them differently because everyones brains work differently.,0.34404940084289537,0.1410412483217908,0.04391004681146209,0.03873052913843504,0.02842039414247538,0.05306017570091471
165,"If people were to look at graphs and tell the difference between them, then they would be able to figure out which ones are smaller and bigger.",0.17142941275086118,0.3915556346328647,0.06218236761910544,0.0546179930577637,0.024054022062962952,0.030089316088743982
166,How tall are each of the bars on the graphs.,0.21410178019209897,0.32915137156013685,0.15967379673115198,0.07220375747768594,0.029684807314460604,0.041056530514432865
167,How much can students perceive heights of towers based on how close or far away they are from each other.,0.2968565834741394,0.14563227938211584,0.07748359900696804,0.04559844652038656,0.026758390372765,0.07664000033511592
168,Why the outcome that happened happened.,0.6353140571173082,0.06624610682953419,0.01898588964219475,0.03196860881043726,0.034890741606995755,0.030649353556696703
169,If someone is taking Stat 218 then they will be able to more accurately perceive the heights of the bars.,1.5432075493792564e-307,1.231869023547136e-307,1.0,4.3687475771639236e-308,1.936862365199022e-308,3.8170842441495717e-308
170,Students can accurately determine the percentage of height of a block based on the given height of another block 50% of the time.,0.2505381125360731,0.1348984064819593,0.07964562792017275,0.04781678075431014,0.027408382335647578,0.12866198906332801
171,"The experimenter might have been testing whether people notice the difference in percentages in real life vs on the computer, and whether people stay consistent on their responses.",1.0,1.0464741346281942e-307,2.8600214901767957e-308,3.8709318410404796e-308,5.21847347333441e-308,3.333630053758963e-308
172,Do all people read bar graphs the same.,0.12041762345070332,0.5541381790564991,0.04264168821676501,0.04898449309952163,0.01733403439596692,0.022068234887343503
173,Do college students who have taken statistics have a better accuracy when it comes to estimating percentages compared to college students who have not taken statistics?,1.9624204767166065e-307,1.481841286461456e-307,3.4096011735983623e-308,1.0,2.453552031174044e-308,3.399605464227508e-308
174,the hypothesis was about the accuracy of volume prediction among students in STAT 218,0.45249930216070117,0.1824067609095203,0.04743511906527864,0.06424198905272069,0.05248767591631187,0.07275862932389823
175,The experimenter seemed to be testing whether 3D printed bar charts had more accurate perceptual judgement than 3D digital charts. They also seemed to test if 2D charts were better than both 3D charts and if the spacing in between bars had an effect on accuracy for each one.,1.4298140272297916e-307,1.0,2.6389837104755197e-308,2.8525124964576596e-308,3.1935296150310577e-308,1.9928334626524247e-308
176,Is there a difference on how people judge height based on if it's 2D or 3D?,1.0,1.1364703202037132e-307,4.0771752131543623e-308,2.838607555752471e-308,1.861891672987829e-308,3.397399352360029e-308
177,People will make more accurate comparisons with 2D bar charts than with 3D charts on a screen,1.2601093031524387e-307,1.0,2.626141568960448e-308,2.679736307985145e-308,2.296348928345021e-308,1.8249838832353866e-308
178,"The hypothesis would be the type of graph 2D, digital 3-D or 3-D printed. How does that affect peoples accuracy to judge on an image?",0.19231449578637555,0.6263554301873585,0.04610778735924731,0.04935092267592527,0.028491032264879954,0.029571118299155208
179,na,1.0,8.946749816269385e-308,2.578227783023579e-308,4.573957702882664e-308,3.772480413336854e-308,4.144538499422004e-308
180,"Null Hypothesis: There is no significant difference in the accuracy of perceptual judgement of bar heights between 2D graphs, 3D digital graphs, and 3D printed graphs

Alternative Hypothesis: The is a significant difference in the accuracy of perceptual judgements of bar heights between 2D graphs, 3D digital graphs, and 3D printed graphs",1.7239089628453714e-307,9.627024580607713e-308,1.9346877948178447e-308,2.50459949641013e-308,1.0,2.3043259399722e-308
181,People have a better idea of how big/small a graph is when they can touch it.,0.17581713533795537,0.39492909793919606,0.05718156854577991,0.05136436435567567,0.02487992863731382,0.029756651396381104
182,"The hypothesis the experiment might have been testing was, Students have different perceptions of different percentages based on 3-D images.",0.45647700613036746,0.1804232524209136,0.04322079275154019,0.05943484293971035,0.06972343726929546,0.062550144916604
183,"if and if so, how much, a change in the formatting of a display of statistics may change how the statistics themselves can be interpretted",9.931411966254236e-308,0.8190793428612725,3.701544036803774e-308,3.8879462371343867e-308,1.4483193983600566e-308,1.778708847519825e-308
184,"In 3D, it is more difficult for people to accurately judge the relative length ratio of objects. Since the bar chart is 3D, with perspective and depth, the experimenter may want to know whether the human eye is easily misled by spatial angles. For example, at a certain angle, we may underestimate or overestimate the actual length of a figure.",1.401880953429017e-307,1.0,2.805995551207255e-308,2.928771643680417e-308,2.889027829556531e-308,1.974762440415456e-308
185,"Accuracy of Perceptual Judgments Across Mediums, comparison to Cleveland and McGill’s Findings, effect of Chart Type (Adjacent vs. Separated), potential for Visually Impaired Applications.",1.318118052010611e-307,1.0,2.5207929548023157e-308,3.1583006449259563e-308,2.301809201311017e-308,2.250671398376273e-308
186,"The hypothesis is to determine if 3D graphs increase cognitive load, which leads to more errors in interpreting data.",0.35476184369376224,0.40751036068762864,0.05117291712574777,0.061778376908141676,0.07981668451476766,0.04495981706995183
187,That people read 2D charts better than 3D charts,1.223079148956046e-307,1.0,2.495181916010682e-308,2.5934344432951606e-308,2.069329579854085e-308,1.7744762476347425e-308
188,"3D graphs are now just as good as 2D graphs. 

2D graphs are still better 3D as found in previous tests.",9.971490386618319e-308,1.0,2.19166913637415e-308,2.206175379466954e-308,1.655924341188141e-308,1.5063953656739577e-308
189,The experimenter might have been testing if people can read 2D or 3D printed charts better.,0.34340497779349755,0.42479134880675995,0.04989702707569392,0.05827112958707924,0.08085087269275935,0.04278464404420996
190,Do people generally over or underestimate when comparing quantities and sizes?,1.0,1.089254666651256e-307,3.198448234131522e-308,2.884843173961514e-308,1.867401997329232e-308,3.459919234822269e-308
191,The experiement could have been testing multiple hypotheses.,1.0,7.38893904278479e-308,2.099949722071131e-308,3.3815241425215777e-308,5.53750135697385e-308,3.4071693717406756e-308
192,The experimenter may have been testing if their is an effectiveness difference in a 2D chart or 3D chart for learning.,0.42722842861483556,0.31687586980491494,0.052942979862273684,0.0633701054242313,0.09110963591419238,0.04847298037955216
193,"A possible hypothesis that the experimenter might have been testing could be, ""Do participants perceive depth and variation more accurately with rotation of the object?""",1.0,1.1775772705063634e-307,3.021965194087989e-308,3.166480288219473e-308,4.180246912292973e-308,4.334509848555202e-308
194,A hypothesis the experimenter may have been testing could have been somehow related to proability and random sampling.,1.0,7.458538377034412e-308,2.172097672877012e-308,3.4896702523412186e-308,5.017555547379132e-308,3.7227933183447295e-308
195,The hypothesis that the experimenter might have been testing is that 3D printed bar charts lead to more accurate perceptual judgments compared to other types of charts.,1.4910404614520645e-307,1.0,2.642656660428215e-308,2.9134432379101326e-308,3.4030164072587825e-308,2.046174013238009e-308
196,The experimenter might have tested if people are more accurate with 3D printed graphs than with 2D or digital 3D graphs. They may have also tested if 3D prints are easier or clearer to understand.,0.2936345175220358,0.49960559915682184,0.04563568729499392,0.052330411579332124,0.07062005402353723,0.038173730423279234
197,People have decreased accuracy in their perceptions of numerical value when minimal numerical information is supplied.,1.8123957528693652e-307,2.1618678491829117e-307,4.4187645675830986e-308,1.0,2.4728169705394267e-308,3.3431178131564608e-308
198,The experiment might be testing if a person's ability to analyze data is worse for 3D charts compared to 2D ones.,0.3356169048927021,0.4372948889098331,0.049595686033572346,0.05807420783971821,0.07716302682952232,0.04225528549465212
199,"*

Primary Hypothesis:

*

H1: 3D printed bar charts result in more accurate perceptual judgments (e.g., identifying smaller bars and estimating ratios) than 3D digital bar charts and 2D charts.

*

Null (H0): There is no difference in perceptual judgment accuracy across 2D, 3D digital, and 3D printed bar charts.

*

Secondary Hypotheses:

*

H2: Participants will perform better (more accurately or consistently) on 2D bar charts than on 3D digital charts, consistent with previous literature.

*

H3: 3D printed charts mitigate some of the perceptual distortions introduced by 3D digital rendering (e.g., perspective issues).

*

H4: The separation or adjacency of the bars (layout differences) influences accuracy of comparison regardless of chart type.

*

Exploratory Hypotheses:

*

H5: The use of physical interaction (tactile and visual feedback from 3D printed charts) helps participants make better perceptual judgments than purely visual representations.

*

H6: Participants’ performance varies with the size of the ratio being estimated—the larger or more subtle the ratio, the greater the differences between chart types.",0.214307390735392,0.6230126569534824,0.04309705424410041,0.04479317023511932,0.04359735778112777,0.031192370050778018
200,"If the nature physically pertains to the charts influences regarding the height of the charts, then the overall data would be easier to understand.",0.31425337461864766,0.25983205495048795,0.07222347450748141,0.07656303729040145,0.05219528952980012,0.04674799685062099
201,"3D printed graphs allow for more accurate perception of data ratios compared to 2D and digital 3D graphs.

or the type of spacing between bars affects participants ability to judge ratio accurately.",1.390355881088083e-307,1.0,2.6705670710796336e-308,2.914734186604005e-308,2.989332504394066e-308,1.9755149812040964e-308
202,"My hypothesis is that more than 50% of students given 3D models were able to perceive data better than those given 2D models. 

My alternative hypothesis would be that less than 50% of students given 3D models were able to perceive better data than those given 2D models.",1.8515629349487394e-307,8.887513972603452e-308,1.9132313249082405e-308,2.530249819809534e-308,1.0,2.438621539619594e-308
203,The experimenter could be testing different classes and hypothesize that students in different courses will test differently.,1.0,7.722260085845121e-308,2.279769196604402e-308,3.4111052620262154e-308,4.956601350400169e-308,3.3361388887511534e-308
204,"The hypotheses the experimenter may have been testing could be things such as predicting that a certain demographic interprets certain types of graphs differently than others. Such as ""student who are under 19 will have greater accuracy on interpreting the graphs.""",1.0,1.1671360323416877e-307,3.0669183089515774e-308,4.4233576935049197e-308,4.628057646870019e-308,3.2039249512384733e-308
205,"The experimenter may have been testing if one visual medium of conveying the statistical data was more accurately perceived compared to other visual mediums. For example, if the null hypotheses is true, the data will be interpreted about the same regardless of the format in which it is presented. An example of an alternative hypothesis might be: On average, graphs presented in a 2D format are interpreted more accurately to scale than 3D and 3D printed graphs.",0.496212124270337,0.14237555448629474,0.03205877549905354,0.04190612426079874,0.0802887785950106,0.033598402043238995
206,If 3D graphs are less accurate then 2D graphs.,1.0448154574869298e-307,1.0,2.192009078509622e-308,2.2267994915668645e-308,1.7088480214096557e-308,1.557883518786043e-308
207,The hypothesis that the experimenter may have been testing is whether the students can accurately guess the difference in height of the blocks.,1.9602292839028273e-307,7.977587950821619e-308,3.367847822431579e-308,3.065803531356584e-308,2.40113678356234e-308,1.0
208,"They wanted to see if changing something would make people do something different, or if people would notice something or not. It’s like making a smart guess and then seeing if it’s right.",1.0,8.810436019168529e-308,2.5043828291506333e-308,4.311310733119462e-308,4.553671750127287e-308,3.9815670858068455e-308
209,"I think the hypothesis was that the larger the difference between the two pillars, the more inaccurate the guess of percentage was.",1.0,1.0580095129369033e-307,3.0067303963476114e-308,6.57309575796257e-308,4.260368500351529e-308,5.176750420758329e-308
210,I don't remember the experiment. Are you talking about the one where we had to evaluate graphs and then put in the code?,1.0,1.3098466026729518e-307,3.040881836387567e-308,4.233764928438286e-308,4.454196770102004e-308,2.7804863736446116e-308
211,The hypothesis could have been how many UNL statistics students can identify the correct graph or shape with little to no information,0.4116631425372017,0.17361597934664644,0.04381557396957022,0.0748081783407458,0.06304187456805664,0.054736628272641495
212,They might have been testing if 2D graphs are more accurate than 3D. If 3D printed graphs are better than digital 3D. Another idea might be that spacing between bars changes how well people compare them.,1.519865603338766e-307,1.0,2.874739733638993e-308,3.0761595357888675e-308,3.2486188979587175e-308,2.0879599811579327e-308
213,The experimenter might be testing if people do better with 3D printed graphs than 2D or digital ones.,0.3368790149347301,0.43354603888453536,0.04931408616695729,0.05764466029491758,0.08039320143090248,0.04222299828795736
214,That a 3D printed chart allows subjects to compare the size of bar ratios more accurately than in 2D or 3D onscreen charts.,1.4172456860342186e-307,1.0,2.7255185338167106e-308,3.0442516946767254e-308,2.9767297517486677e-308,2.0148515325036186e-308
215,3D printed models are better than digital models.,1.3733228137713352e-307,1.0,2.6299491784129156e-308,2.97419754160744e-308,2.38348365225972e-308,2.178871737577063e-308
216,People perceive the difference between bars better using a physical model than with a computer model,1.4033708915910462e-307,1.0,2.7696986497751094e-308,3.1060597187637223e-308,2.60255135203912e-308,2.2758610691253957e-308
217,"Do people ages 19-25 have a more accurate understanding of statistical charts than people ages 36-40?

Do males have a more accurate understanding of statistical charts than gender nonconforming people?

Do people with a graduate degree have a more accurate understanding of statistical charts than people with just a high school diploma?",1.1731152195670857e-307,1.0,3.299849149706685e-308,6.376071500008185e-308,1.7658241593553397e-308,2.1630780141197977e-308
218,"That the age group finishing college/starting careers [20s] will have the most accurate results while their brains are at the most active state of their lives.

That the 3-D interactive will have the least accurate results of the three, and the physical and 2-D will be more helpful in gauging an accurate guess.",1.7648155297399608e-307,1.0,3.134732683625032e-308,4.3319026934629063e-308,3.371951627183738e-308,2.733827933463186e-308
219,The hypothesis may have been if 3D charts lead to less or more accurate judgement than 2D charts.,0.30655117201124193,0.4362503173584758,0.04829359928389546,0.05748600194593712,0.06242756513560507,0.0399106773315914
220,that color effects our ability to see depth and height,0.39452272517961245,0.18239823354997017,0.054292581108675915,0.045223089307858275,0.05445189717970103,0.06704527701249713
221,"If you see the same height graph in 3d, real life, and 2d you will get different answers of the height percentage difference.",0.326915467461972,0.13489114947603026,0.06809747277913013,0.0389339429507449,0.023211389346587973,0.051160667966458434
222,3d graphs are more difficult for the observer to tell the true differences between bars when compared to digital graphs.,1.2433583533316581e-307,1.0,2.6765271966860664e-308,2.696120450084934e-308,2.215538177215584e-308,1.810056903922879e-308
223,people will be able to find a pattern and continue to put in the same answers for the same questions even when presented differently.,0.23117247387176273,0.08147575492240128,0.02203835252697189,0.06078306786371014,0.0247838978422008,0.03111046134983525
224,The experimenter could be testing how the presentation of a bar graph affects how people read it.,1.0,1.2186699528606984e-307,3.1600316114614096e-308,4.4289931640796626e-308,4.411811374451667e-308,3.0095488871937664e-308
225,Would we choose a number within a certain range? Maybe 5% range.,0.30940180878575174,0.15131564746834814,0.045206924138854986,0.17354009022534955,0.03248736307325847,0.05803911450650471
226,If a shorter triangle stack is next to a larger stack the number guessed will be smaller regardless of the size of the circle stack.,0.2157200730547961,0.08095488586818092,0.03197830759153593,0.026786841275096906,0.02289517320275197,0.053439042526423716
227,Men have more accurate interpretation reading graphs then women do.,0.16441468245044497,0.46250443806159025,0.04591702960836357,0.0956112033737936,0.025179119281221955,0.03003622580913202
228,"They may be testing if college students can identify values of graphs accurately when given in 3D and if that differes from the previous, older, study.",0.4224401567270586,0.31610431333719524,0.051650452968941996,0.06289368208899263,0.09778719003246927,0.04912420484534222
229,Can we accurately measure the blocks unit differences with only the observational component and no other data point.,2.154969785154229e-307,8.107691042582047e-308,3.1827984454328275e-308,3.054501545851162e-308,2.5768781241019535e-308,1.0
230,the students can accurately observe the ratio of the graphs,0.18835908801766232,0.3698397413428332,0.06668226322896585,0.0900420227977138,0.025200141335332712,0.03657302800507402
231,They may have hypothesized that participants will be better able to determine the comparative heights of bar graphs better on a screen compared to a 3D in-person graph. (Or the hypothesis may have been the opposite.),1.4806366666328181e-307,1.0,2.8807059656406792e-308,3.0807119270295223e-308,3.109946665054483e-308,2.052732895450762e-308
232,bar graphs from different angles can be seen smaller or larger from different angles.,0.21435682305717227,0.33113859188681577,0.15837692472989148,0.07138432557647019,0.030109259930682492,0.040506118608934966
233,Does the color of the chart affect what size of graph people see,9.499216646820058e-308,0.8190793428612725,3.266359446627387e-308,3.4273012194399464e-308,1.395847638131191e-308,1.6799598465422314e-308
234,How exact can people be measuring a pillar against a different one.,0.31088453469140553,0.13950409784555945,0.06379249468057224,0.047211847897341834,0.031536618497686214,0.12861195478303009
235,I think that the hypothesis was that students in statistics class can better spatially organize information.,0.3433736083020115,0.17216044153319937,0.04209579611089009,0.32431591789485703,0.041802901666192195,0.04792074642296113
236,How would a given data set be compared or proportional to another,2.0293117864481845e-307,1.9120342222715747e-307,4.602824780153972e-308,1.0,2.8281678174037494e-308,3.466529179473406e-308
237,Does having a foundational understanding of statistical analysis affect a students ability to recognize and interpret a statistical graphic.,1.1657284225407262e-307,1.0,3.500829248080527e-308,5.653440627800781e-308,1.7347672108530557e-308,2.1286205363190646e-308
238,"A possible hypotheses that the experimenter was testing could have been testing was to prove that there is no difference on how people view the 3D statures that were made (null), or that there is a difference in how people view the 3D statures made (alternative).",1.863435137941713e-307,8.128304014967806e-308,1.8467012415343104e-308,2.4244594585949746e-308,1.0,2.4384768363099223e-308
239,People identify correct proportions using a physical model at a higher rate than they identify them using a digital model.,1.3987284308538491e-307,1.0,2.5696609732935324e-308,3.2872471979024143e-308,2.446387434232445e-308,2.359031305557962e-308
240,A hypothesis I think that the experimenter might have been testing is to identify the skills/patterns used by students in identifying the taller block and observing if there is a correlation between these scores and the student's scores in the class.,2.0084415465080723e-307,7.966676132046893e-308,3.3347278105966806e-308,3.108757077769932e-308,2.4783947825969964e-308,1.0
241,"The experimenter may have been determining whether students correctly read block-based visuals and if visual formats such as color, grouping, or layout influence their ability to reach proper conclusions. Another notion is that hands-on or visual forms enhance grasp of statistical topics.",1.0,1.147766088662993e-307,2.9004226272984e-308,3.9710555371769467e-308,5.746105246356729e-308,3.209609685343738e-308
242,"Students will be able to interpret 3D objects better than they will on a screen, showing that hands-on learning is more beneficial than learning from a computer.",1.7436800820798946e-307,1.0,3.22750756669454e-308,4.233825512797233e-308,3.0087881913825363e-308,2.6788947555183375e-308
243,"The experimenter might have been testing a hypothesis about a population parameter, such as whether the average response time differs between two groups. Alternatively, they could have been testing for a causal relationship between an independent variable (like a treatment or condition) and a dependent variable (like performance or perception).",1.0,7.430460645307177e-308,2.1662051427314846e-308,3.178165899249449e-308,5.249947621170434e-308,3.2621598750172926e-308
244,"They may have been testing how similar our answers were. A possible hypothesis would be that people's answers differed by ""x"" amount.",0.5964785526241602,0.12492345891460827,0.035457992162455626,0.055653153885929375,0.054191689821231175,0.04985180040062572
245,The experimenter may have been testing if there is a difference between how accurately people can estimate proportions and if there is difference between if the person is taking a statistics course or not.,0.46344301261487764,0.10285536261781088,0.031166160343218955,0.043826289777175585,0.05651290514772017,0.04337204272634199
246,"The experimenters likely had several hypotheses in mind. One possible hypothesis is that participants would make more accurate judgments using 2D bar charts than with 3D digital charts, reflecting prior research that shows 3D projections can distort perception. Another hypothesis might be that 3D printed charts would yield better perceptual accuracy than their digital 3D counterparts, due to the physical depth cues and tactile information. Additionally, they may have hypothesized that the positioning of bars—adjacent versus separated—would influence judgment accuracy across the different chart formats.",1.3572888752109404e-307,1.0,2.622203302885008e-308,2.79145852900654e-308,2.8958039237778154e-308,1.933940909288846e-308
247,That the results back in the original experiment would differ from the results from this current rerun of the experiment.,1.0,7.267601686843213e-308,2.107011167797748e-308,3.231139910172287e-308,5.099262722042053e-308,3.356289626098951e-308
248,"To see if the answers are different from the pictures, to have the actual shape that we were able to hold.",1.0,1.1673024995713843e-307,3.348249134573893e-308,3.731052905879357e-308,3.80410932050946e-308,5.820646838692079e-308
249,The hypotheses could have been whether students read the graphs the same or not.,0.26248381820867966,0.1752803670640892,0.044825406589047836,0.1171345376811472,0.03452377063784083,0.03568197145359119
250,"One possible hypothesis could be: ""Participants will perform better or respond more favorably when interacting with 3D models that follow a specific design pattern."" Another hypothesis might be that certain design features (e.g., color, size, or complexity) influence user experience or task success rates.",0.309303085892839,0.4356746677674559,0.04687364613773,0.054888998263565345,0.07869372493740824,0.040744526640109566
251,"Null: The LRA of accuracy in data with a 3-D chart is the same as a 2-D Chart.

Alt: The LRA of accuracy in data with a 3-D chart is not the same as a 2-D chart.",0.26709742640732104,0.40087199437768184,0.04417204205897993,0.05101113876215394,0.05594849874416982,0.03779086950082326
252,If more people think it easier to read 3D bar graphs than 2D bar graphs.,1.2641462361495812e-307,1.0,2.7168522249715544e-308,2.836838515099035e-308,2.1468925005803668e-308,1.838071904860466e-308
253,We might have been testing how we view the graphs we seen and how we answered differently towards others.,0.5784491603214227,0.13534469621401654,0.03748518731817106,0.060166355831848616,0.05472989961730463,0.05038134850624689
254,Hypotheses the experimenter might have been testing is if students are able to estimates values of the bar graphs better based off of pictures or based of physical/in person models of the graph. So the estimated values would be closer to the actual values in pictures vs in bar graph.,0.3943660058789137,0.18810169732561435,0.053685403033722295,0.070387271790776,0.0496160523333028,0.04163575968584072
255,i think the experimenter was testing accuracy and estimation. Maybe a hypothesis similar to the participant will be able to more accurately estimate the correct amount when the blocks have a guide next to it.,1.9704043100323927e-307,7.71825154952098e-308,3.14484369580639e-308,2.998486141721157e-308,2.46283433730993e-308,1.0
256,if perception of objects of a certain pattern appear in a certain way on a screen are identified correctly more often than physical objects .,1.3053337049652984e-307,1.0,2.410860506373144e-308,3.031649908771673e-308,2.2946830969395124e-308,2.2316201190478885e-308
257,The experiment might have been testing whether certain visual or contextual factors influence how people interpret data or make decisions based on charts,1.0,1.0811530445878524e-307,2.870845191795929e-308,3.9570063043177664e-308,4.728656153533789e-308,3.168635686711928e-308
258,Based on observations,1.0,9.61973056421307e-308,2.8566516652446903e-308,7.523696748018781e-308,3.202828038816999e-308,4.632346213756861e-308
259,The experimenter could have been testing the hypotheses that circle will be smaller more times then triangle.,0.5207753984740191,0.1624748841215962,0.05464462698372933,0.05187267675658909,0.05375392266012279,0.09149357580646122
260,"The hypothesis the experimenter may have been testing, were if participants were able to correctly identify which one was smaller. Additionally to see if peoples guesses on how much smaller were more accurate or less.",0.4278740011577984,0.15584425343552405,0.05756699532826059,0.05631532323276244,0.05654278415005835,0.08456455194311326
261,"How well do people follow instructions?

What are people's perceptions, when looking at charts?

Do people actually stop and look at all of the details, or do they just glance over?",1.0837496133980208e-307,1.0,3.315024497319297e-308,4.801260899132056e-308,1.6387462373076775e-308,1.980792603642296e-308
262,"The experimenter may be testing the difference in closest interpretations between stats students and non stats students. H0: p1=p2

Ha: p1>p2

p1 being stats students, p2 being non stats students.",0.4319710745198372,0.08598789496038518,0.025879217341230738,0.03436598949817526,0.06071155969495046,0.03662365431869338
263,They were probably testing which shape was easier to see between both.,1.0,1.1676246428080074e-307,3.2500264872258154e-308,3.5065888833408776e-308,3.8679027497722766e-308,5.32568536472239e-308
264,I believe the hypothesis could be that people understand the difference between values on a 2D graph than a 3D graph.,0.18188595919278797,0.6797189862416094,0.039299696678351204,0.04207140684055579,0.030223730593969336,0.026800220452726318
265,"A hypothesis would've been something like, ""More people will click the same answer for each question if the answer is repetitive.""",1.0,9.621616492487255e-308,2.661315629371652e-308,5.468963138042139e-308,4.931242248069216e-308,4.0491749785629374e-308
266,The hypothesis could of been seeing if people with some undergraduate courses could tell the difference between the 2d and 3d model from ages 19-25 better than all other demographics.,0.25781024450228474,0.14454984287563288,0.027802005155104552,0.03717280663127749,0.05402657157331762,0.03281126697559063
267,how do you compare sizes,1.0,1.0984115011623237e-307,3.17422720552446e-308,2.8212588893935943e-308,1.8818830231322576e-308,3.3584689556325726e-308
268,"Null hypothesis: The average depth perception of the population is equal to 0.

Alternative hypothesis: The average depth perception of the population is not equal to 0.",1.816223104201036e-307,7.95447161807034e-308,1.807389294569622e-308,2.4032264395774596e-308,1.0,2.408076213803539e-308
269,"H0: There is no correlation between proximity and accuracy of size prediction.

HA: There is a correlation between proximity and accuracy of size prediction.",0.05916549107831703,0.041067289216952234,0.011683134337849293,0.011527551033080757,0.016699226383576533,0.011204457400360733
270,The hypothesis could have been that the mind does see proportions differently when presented in different ways.,1.0,1.0563091278491827e-307,2.9170441938902673e-308,6.740418346990229e-308,4.4106397437799187e-308,4.760559287659343e-308
271,Can people better tell how small an object is compared to a larger one when it is in 2D vs 3D?,1.0,1.284391844466001e-307,3.084126300569732e-308,2.7125949929772924e-308,1.8865489047137844e-308,2.7906012503623386e-308
272,How we recognize statistical graphics and how accurately we can read information from charts represented in different ways.,1.1237665958382388e-307,1.0,3.382879977233445e-308,5.049197398103233e-308,1.7121528077057446e-308,2.00926250441773e-308
273,"The experimenters could have been testing what hue, darker or lighter, are people more likely to notice and focus on.",0.4193165963093544,0.16508700671482596,0.04808298325010607,0.04326065464831175,0.05781949753886467,0.06436706487685226
274,"The experimenter could've been testing the hypothesis of how large the differences were between the two-dimensional and three-dimensional maps. They could be testing whether or not the 3D or 2D maps allow for greater, less, or equal estimates in regards to one another.",0.44862043990413825,0.2886106674695584,0.05299643707061703,0.061823126016386294,0.09525703016532185,0.05269229937397807
275,People are more accurate when looking at a 2D charts compared to a 3D chart.,1.2399937340317727e-307,1.0,2.522654742885071e-308,2.614694243348756e-308,2.1016174368161443e-308,1.794920887603171e-308
276,People have a more accurate depth perception when they see 3D images rather than shaded colors.,0.38803782036817946,0.18921676184391195,0.056004964352729066,0.045718117506343504,0.053037768022791185,0.06591837124436008
277,The hypothesis the experimenter might have been testing is people identify the larger of the two values more accurately using certain types of heat maps.,0.3159553877482254,0.14984017141018657,0.044658652890971436,0.07322141359039433,0.04227848150500291,0.03928085153136896
278,To test whether or not a stats 218 student understands the question answering process.,2.0680858309820837e-307,1.4886527468609797e-307,3.998014190288559e-308,1.0,2.509758164162034e-308,3.6655163583080753e-308
279,The researcher might have been testing a hypothesis about the ability of people to interpret different colors as numbers. The hypothesis could have looked like people more often overestimate the difference in colors.,0.4167406338047591,0.1658176423249695,0.0481358616768402,0.04388212216298082,0.05966408850069782,0.06369345486806778
280,I believe that the hypothesis that the experimenter was testing was that people would have better color/spacial awareness than spacial/color awareness.,0.42111693897237434,0.16439014981386985,0.047243570896626556,0.04307318194661643,0.05891418162489239,0.06319578008393563
281,"*

Null: The way the heat map was set up wouldn’t affect how accurately people picked the larger quantity.

*

Alternative: The way the data was shown (like the grid layout or color differences) would influence people’s accuracy.",0.1681133495556572,0.11459635640695309,0.030486292242543324,0.09154208294702415,0.024886547395338163,0.025635269775159262
282,"If people tend to overestimate or underestimate differences in value on a heat map/3-D block chart, or if they estimate the differences correctly.

If people can correctly determine which of two values is larger on a heat map/3-D block chart.",1.9968615901229243e-307,2.024519106387883e-307,4.582881916000644e-308,1.0,2.78494568159527e-308,3.3743205031160038e-308
283,they could have been hypothesizing that people are more likely to pick uppercase letters as taller/lowercase letters as taller? they could also be testing the amount of variability in the slider for some of the questions.,0.5735501577862461,0.1333634645510134,0.04008795189760675,0.05739970856499869,0.055231169762219014,0.056924195246926386
284,I think experimenters have been testing whether people understand data better when they can see a physical 3D chart compared to just looking at it on a computer screen. Another possible hypothesis is that using 3D visuals helps people spot patterns or differences in the data more easily. They might also have been testing whether 3D graphs are more confusing than helpful for some people.,0.25215565443481747,0.5675259563404368,0.040675855180723766,0.04649777952405501,0.05972482501161448,0.03341992950835271
285,"They might have hyponthesized that participants would be able to identify larger values more accurately when the color contrast was high, and that accuracy might decrease as the colors became more similar in shade. Another possible hypothesis is that location on the grid (e.g., top-left vs. bottom-right) or the type of label (uppercase vs. lowercase letters) could influence perception or speed.",0.40509476707361786,0.17600627896486856,0.0510747828687417,0.04441410171540287,0.05725726609346655,0.06408660662221768
286,Whether students can answer the questions correctly with the provided heat maps and the limited amount of information.,0.15370027634686356,0.19401699306016187,0.04436367180107979,0.09294937956539501,0.020549543472988978,0.031166287129223643
287,A hypothesis can be a statistical prediction of heat phenomonon between two forces based on their heat capacities.,0.4906122496777964,0.08804182857635125,0.02384934119752784,0.038345986740510075,0.08745357294163673,0.03718476643891772
288,i think the hypothesis would be given a a data set are students able to tell which variable is bigger without having actual numerical values attached?,1.9967197618217806e-307,1.9070477812190925e-307,4.575549075603752e-308,1.0,2.80154797197363e-308,3.328220392085357e-308
289,Which type of graphical data representation communicates results most effectively/accurately?,0.15055644957018763,0.461430943355603,0.03718771619803329,0.04008198004649455,0.02260046356596526,0.024104180397815776
290,"One hypothesis could be that the human eye doesn't recognize color shades as distinctly as 3-D height changes. Another option could be that the female eye can differentiate between color shades more than the male eye. A third hypothesis could be that 3-D models enable more accurate distinction than 2-D models. 

 

Ho: pi = .5 

Ha: pi [LaTeX: \ne] (/equation_images/%255Cne?scale=1) .5",0.3845228420478681,0.1893121448828936,0.0583046514903567,0.04617459243162706,0.0514455803345256,0.06817399215104414
291,"Different types of graphics (2D and 3D) might affect how accurately people can read them. 

It also could be a way to determine whether 2D or 3D graphs are easier to interpret.",1.082401156159671e-307,1.0,2.432096034020729e-308,2.5091000354326175e-308,1.737593302459369e-308,1.636707030828333e-308
292,"a hypothesis that could have been testing is ""students using the 3-D model preformed better with a higher accuracy, than the students using the 2-D model"".",0.4018752653566996,0.22066696107043615,0.04290440945831387,0.05616989790584293,0.0829841883448832,0.049962884356192575
293,how height and color changes variables quantity,0.14135561846374733,0.06966933353170954,0.028272914656184863,0.018735917225588584,0.01800978258788586,0.0324362281181994
294,They may be testing whether participants have a higher accuracy rate judging 3D models over 2D color value-based models. But it also could have to do with our ability to quantify a color's place on a color scale when it is surrounded by other shades of that color.,0.40850137299325356,0.17638838144555635,0.05027332184057016,0.043728946743283065,0.05564177536414746,0.06340000495150466
295,A correlation between two variables.,2.0243243592895177e-307,1.8357589996759532e-307,4.890648663219685e-308,1.0,2.8004630680929736e-308,3.464079463950047e-308
296,How accurate a person is able to read a graph depending on the style.,9.941795073036289e-308,0.8190793428612725,3.303008407623589e-308,4.0209688517252077e-308,1.4366010549676596e-308,1.7872392263419657e-308
297,The experimenter might have been testing people's depth perception.,1.0,1.0935910166608244e-307,2.898095274254507e-308,3.0272110013095774e-308,4.183478280448919e-308,4.475449065005179e-308
298,Do students change their answers when asked the same question over and over?,0.1530824384459179,0.18913403568964224,0.04375221267628175,0.09880188365776192,0.02031519257756674,0.03166038832854227
299,Students will get progressively less accurate as questions were asked,0.153590201907423,0.19361877754110293,0.04597286519928133,0.09105785294835578,0.020335748336188644,0.032170705443361085
300,"The experimenter may have been studying how well different age groups can approximate different things based on the charts that were given, although it seemed easy to participate in i do feel like there is a specific purpose behind the study.",1.0,1.0612430579359317e-307,2.986391237489544e-308,4.0356191872836513e-308,4.313845041214711e-308,3.407843696776157e-308
301,Can people accurately identify the different levels on 3D bar graphs?,1.26300237601484e-307,1.0,2.7106963988744676e-308,2.707588721113223e-308,2.263474953593291e-308,1.8375613288038117e-308
302,2D graphs are better at presenting data to the audience than 3D data.,1.0443881417730353e-307,1.0,2.3146025015925004e-308,2.3694280119820416e-308,1.727179255891621e-308,1.5711935698113975e-308
303,"If we put larger bars around a small bar, then the viewer will perceive it as larger then it actually is.",1.3436122873450251e-307,1.2794296927782893e-307,1.0,3.7643791293460633e-308,1.804123006308134e-308,2.8540870847046694e-308
304,3D printed bar charts will lead to more accurate ratio judgments compared to 2D or 3D digital charts.,1.3308433095999322e-307,1.0,2.585534084745504e-308,2.752202043305094e-308,2.8341741189902417e-308,1.9040084836042214e-308
305,The public can more accurately understand data when it is provided to them in a 2-D graph format.,0.13819672397385693,0.5339803011729254,0.034971823874145026,0.04001212918523242,0.021285683999676005,0.02179017567876014
306,The hypothesis that the experimenter is testing is if UNL students currently enrolled in STAT 218 will accurately read information presented in various ways as well as to measure their ability to perceive graphics.,1.0,1.1366585484712546e-307,2.8688338246688455e-308,3.945584461741664e-308,5.764729752675928e-308,3.1767089350453674e-308
307,"How do people understand and perceive questions visibly? Do factors of dimension, color, depth, shapes, or letters influence the perception of size?",1.0,1.2156820438351626e-307,3.076205641281695e-308,2.7522746083335554e-308,1.9200934921536964e-308,2.961776144481953e-308
308,How accurate humans are at guessing the differences of bar height in graphs,0.2154466125115133,0.3137230932567622,0.1715513385546448,0.07326028687047866,0.02945117304350161,0.0424395395530667
309,How does one's perspective change based on the dimensions?,1.0,1.1217195076083512e-307,3.5841860421916517e-308,2.725567338027613e-308,1.8795709769340803e-308,3.3312050221045816e-308
310,The experimenter might have been testing the hypothesis of if students in a statistics class would be able to better distinguish between a 2D graph vs. a 3D graph or if the results would be generally the same as the general population.,0.4581218931258984,0.2808851964299729,0.05089847753551134,0.06351388980698273,0.09674126392235638,0.049839279179278086
311,"For the null hypothesis, the experimenter may have been testing that hypothesis of 2D and 3D graphs have no difference when it comes to data comparison. For an alternate hypothesis, the experimenter may have tested 3D graphs have less accurate data comparisons when it comes to 2D graphs.",1.8184189186800315e-307,8.694488564067651e-308,1.879771350982316e-308,2.448096450225058e-308,1.0,2.3647779549283877e-308
312,A possible hypothesis could be determining if there's a difference in how bar graphs are interpreted by students.,0.24839450121535991,0.19886795074268127,0.051361305545497914,0.1930017860742938,0.033580445869780144,0.0380416538059317
313,Younger people are better at estimating relative size ratios compared to older people because their brain functions better.,1.0,1.0884346991711798e-307,3.3071809797715175e-308,3.042046647418165e-308,1.8975424705575113e-308,3.7356230448763155e-308
314,if males or females tend to be more accurate,0.182874675843904,0.23380506894623515,0.04376650159841703,0.14334993877094257,0.026357295248649576,0.033295409502988434
315,How can different views of graphs change the perspective of which one is smaller than that other?,0.16311402846428402,0.4103779099276891,0.05683705756940758,0.05182516426560422,0.023190584740207413,0.028584001245109614
316,When the bars next to the ones looking at the estimation of size difference will be less accurate than when the bars are right next to each other.,1.3517996618231844e-307,1.2969356344336319e-307,1.0,3.822781574668677e-308,1.8341215574799544e-308,2.8302728056955345e-308
317,They might have been testing if a 2D model is easier to estimate its relative size to another when compared to a 3D model of it.,1.0,1.2454629990680173e-307,3.159170602995876e-308,3.336727213614882e-308,4.108691854109797e-308,4.4122101782392075e-308
318,A hypothesis the experimenter might have been testing would be angles have a direct relationship with the perception of size of an image,1.0,1.1731897516199238e-307,3.239829538148177e-308,3.3087088290125483e-308,4.0491955117470675e-308,5.02514685907608e-308
319,"Ho: Participants in the study are able to have equal accuracy in determining bar heights between 2D and 3D graphs. Ho: u2Dgraphs = u3Dgraphs

Ha: Participants in the study are able to accurately determine the bar height difference in 2D graphs compared to 3D graphs. Ha: u2Dgraphs > u3Dgraphs",0.05909841162250607,0.04114694886536596,0.011602831117500911,0.01149661363385269,0.016867158186343722,0.011135186024567171
320,How taking Statistics 218 effects how you can compare two groups.,1.929890364590355e-307,1.6388989071583835e-307,3.764324763969918e-308,1.0,2.4946999071206333e-308,3.29298200154173e-308
321,Do people choose the right shape and the right height compared to the other shapes height,0.5222196941662529,0.14667774164925348,0.05962083621434435,0.04050860567000527,0.02790111173431807,0.060073261908908014
322,"If a shape is presented in a 3-D format, then people will underestimate its size.",1.0,1.1109807503231703e-307,3.529552933661209e-308,2.763874404294515e-308,1.9351375158331444e-308,3.4798070719312267e-308
323,The hypothesis may be that a person can more accurately observe bar graph values when presented in two-dimensions rather than three-dimensions because it is easier to visualize the different bars when looking at the straight on and on one plane.,1.4105226793441026e-307,1.0,2.8734842125498973e-308,2.990462879442114e-308,2.7876678984474983e-308,1.981024561482047e-308
324,People will be closer to the middle if the bar graphs are closer to each other,0.212133925704374,0.282594888901896,0.210960712266613,0.06917142152061544,0.029613510948785716,0.04139758444768312
325,That 2d is preferred over 3d. It cleans up the data presentation.,0.12476866355227922,0.783965985016053,0.025355031437299325,0.025969496445792318,0.021669758560771135,0.018271064987805032
326,How will this experiment differ from the one previously studied by Cleveland and Mcgill (1984),1.0,7.11910383175622e-308,2.0524078033066104e-308,3.131206106517141e-308,5.171803016487316e-308,3.3450743852984315e-308
327,How many participants will have consistent results?,0.5052718633059824,0.12849564215148346,0.040797650952077165,0.0632112290455809,0.0588433869587711,0.06855714504647392
328,Individuals have a greater ability to perceive difference in the size of 3-D bar graphs than 2-D,0.2153653684816057,0.4734699424697564,0.05073169954127479,0.04933314818525118,0.03715528603507628,0.033086638056288094
329,What is the % difference between the accuracy of read the different types of graphs,1.0030093074807707e-307,0.8190793428612725,3.1076828619912317e-308,3.8492177914528684e-308,1.471365763105563e-308,1.745760730069778e-308
330,3D bar charts are more effective data visualization tools than their 2-dimensional counterpart.,1.294262683911648e-307,1.0,2.620192106117241e-308,2.7399785865576086e-308,2.4834747125079346e-308,1.8656299425078856e-308
331,"If participants are provided with an example of how to identify the bigger graph, they will be able to apply that knowledge to further questions.",0.15668200174626937,0.42963940762370634,0.04808324145169343,0.05048249340937569,0.02249272769779115,0.02654887428346607
332,"The hypothesis from an experiments could have been; 

 

- individuals are more likely to choose the correct answer on a 3-D graph compared to a 2-D graph.",0.19299881501681024,0.490571513869603,0.040684124585382286,0.04511568796907337,0.030186508248522148,0.02777315043242842
333,The experimenter may have been testing hypotheses to determine whether certain factors or interventions have a significant impact on specific outcomes or variables. These hypotheses could be either null (no effect) or alternative (significant effect) statements.,1.0,7.322050618166776e-308,2.103398546109318e-308,3.016406265805691e-308,5.634020862034976e-308,3.054325971224142e-308
334,The hypothesis could have been if the graph is 2D the results of verifying what is being shown will be higher than if the graph was 3D.,0.3917841046563243,0.36390832185132915,0.05261480549828864,0.0653723330314255,0.07950829178870422,0.046812143173928185
335,Can size and variation be viewed equally as well in 3D as they can in 2 D?,0.5724320069817055,0.213995239557069,0.0449869006395169,0.040217781236421536,0.028256145492823664,0.03832735035584372
336,How well the average person can correctly read a bar graph,0.11724330589765877,0.4300807671539339,0.04339419885965393,0.0475002805966255,0.016575935924781467,0.02168136111606357
337,The experimenter might be looking at whether we are off by 5 or 10 (any number really) in gauging how much shorter or taller one of the bars are.,0.2418618326919403,0.16537328304451182,0.18393180328721165,0.05914146605373294,0.035643856449112575,0.056269191278992395
338,"I think that this experimenter may of been testing the  hypothesis, if information is presented on a specific type of statistical graph, then  it be easier for a stats 218 current or former student to read, understand and interpret information from. In general they are testing how different graphs are analyzed, and interpreted.",1.0,1.2637898089268736e-307,3.1298506869571365e-308,4.569572805778811e-308,4.3966823204574706e-308,2.9520213046267544e-308
339,People could trust their eyes and estimations.,1.7593792816830616e-307,1.0,3.263007968132397e-308,4.586705443723298e-308,3.2039185463606643e-308,2.717068799434633e-308
340,"1. Students using 3D-printed charts will demonstrate a better understanding of statistical concepts (e.g., confidence, causation, effect size) compared to those using traditional 2D representations.

2. 3D visualizations enhance students' ability to interpret statistical significance and generalization compared to standard learning methods.

3. The hands-on interaction with 3D models may lead to higher engagement and retention of statistical concepts.

4. Accessing the app on a desktop or laptop will produce more accurate or consistent results compared to using mobile devices, aligning with the experiment's design specifications.",0.13627328706004183,0.6181444714435649,0.02592871371665844,0.02973372896511538,0.02825976876317661,0.019346299421405106
341,To understand if people consistently view shape heights to be the same depending on the shapes they're next to.,0.517388268202392,0.15695565037733594,0.0599480064046602,0.04342002315632553,0.02963065879078002,0.06148993196144949
342,An alternative hypothesis could have been that students are more likely to accurately perceive a difference in size between two computer graphics when the actual difference in size is larger.,0.3980533037853003,0.17459778544626522,0.04187286832554018,0.04161849742162266,0.027643370279036187,0.04135546689181923
343,The null hypothesis the experimenter may have been testing was that the 2D models block's height that was estimated correctly had no difference in proportion compared to the 3D models results. While the alternative hypothesis could be that the 2D models block's height that was estimated correctly had a greater difference in proportion compared to the 3D models' proportions.,1.881423902169353e-307,7.979624870751944e-308,1.8386794504867353e-308,2.462925235295459e-308,1.0,2.4866907972528814e-308
344,They may have been testing whether there was a difference in the accuracy of perception in 3D models vs 2D figures.,1.0,1.1563826309415938e-307,2.9948851750556215e-308,3.1254544214139107e-308,4.118527664088227e-308,4.3483880107313716e-308
345,"If they understand what the question is asking, if the data is arranged differently does that change the amount of people that get it correct?",0.1410668195214208,0.18463983725215122,0.03487412928617594,0.12962292540917417,0.019472216562426647,0.027070223344364125
346,Students are better able to estimate proportions of blocks relative to one other using a specific style of graph.,1.832147697952653e-307,8.19977789321843e-308,3.6352877323764824e-308,3.1840408641607504e-308,2.187426426420485e-308,1.0
347,the experimenter could have been testing if changing which graph was constant changed the number we gave as out answer. They could have been testing if the other graphs were used to base our answer on the number for that graph.,1.0,1.3582943375908702e-307,3.085037811967411e-308,4.4339007037589445e-308,4.2948137504690994e-308,2.74904122957757e-308
348,The hypotheses the experimenter was testing with counting and proportions.,1.0,7.618682986295255e-308,2.226610358199923e-308,3.672168231181416e-308,4.864540203565571e-308,3.6179813962022903e-308
349,People will identify the shortest/tallest object without reading through the plot,0.27009850563109256,0.28960234795068474,0.1402491030640367,0.07336900780521893,0.03356604539106198,0.053299930325890775
350,The hypothesis may have been testing whether students are able to guess the percentage of shape put in front of them,0.47652306079318735,0.16758131738173568,0.045071557237024926,0.05839870096487867,0.05064571381599479,0.07360912623560976
351,"""Are stat 218 students able to accurately judge a size of an object relative to another object in both 3D and 2D?""",0.36407260152426574,0.19707694776620874,0.046786967231302524,0.05030459354688764,0.04471281664339696,0.05964248232596297
352,"How the test subject would first interact with the material, then what the test subject would turn the material into.",1.0,7.389753705295863e-308,2.1596806900612484e-308,3.208872232204868e-308,5.317466201379434e-308,3.440794604947674e-308
353,"To be honest I do not remember the experiment very well, but I do remember having to compare the heights of two pillars. It might have been testing human accuracy.",0.3100244658112835,0.12886357721774064,0.05583219753969655,0.04481275865015952,0.031797905661792705,0.15021064351492266
354,Participants with more experience in statistics (or statistical graphics) interpret the charts more accurately than those with less experience.,1.2067316400759135e-307,1.0,3.3372912978453083e-308,6.658580629410422e-308,1.8401521007432863e-308,2.170520119196974e-308
355,"Whereas participants estimation accuracy will vary as a function of relative bar size-for example, people could be less accurate if the bars are comparable in size. Participants estimation accuracy will improve with interaction-for example, through rotation of the 3D model-suggesting that interactive elements enhance perceptual judgment accuracy.",0.21323421317198754,0.6238194233450658,0.042747379620950515,0.04538635959122629,0.04068201390775698,0.034130610363013
356,The experimenter might be testing to see if students perceive the graph differently depending on whether it is 3-D or flat.,0.4131370163775539,0.3320426350321315,0.052060553111817544,0.06325932765002774,0.09145439011794966,0.048046077710519636
357,Is there variability in values based off of interpretation of graphs and data?,1.1102754770514332e-307,1.0,3.3422966299929337e-308,5.051804567263629e-308,1.6907994022035426e-308,2.011459667362464e-308
358,"Some possible hypotheses include:

* Students tend to make systematic errors when estimating relative sizes, particularly when comparing 2D and 3D shapes.

* The degree of error increases with the dimensional complexity of the object (e.g., 3D vs. 2D).

* Students may tend to overestimate or underestimate size ratios when one of the models is set as a baseline.",0.6409337099332691,0.1706991222534748,0.049379419743545115,0.04656841017483996,0.03072605399016647,0.055937472173074196
359,I feel like with all the different block options that we were getting tested to a degree on wither or not we can spot the correct measurement object in the set of strips of different sizes. Because although we were only supposed to measure the strips with shapes on them the test had other strips on them without shapes which I believe were meant to trick us.,2.0337955586390196e-307,7.69776190452187e-308,3.039868805513972e-308,2.8883563171583734e-308,2.56539224770985e-308,1.0
360,A hypothesis that the experimenter might have been testing is that people read statistical data more efficiently with physical data than data on a computer. They also could have been testing if people read statistic data more efficiently based on the color of the data.,1.0,1.1266158561507028e-307,2.8204185415437477e-308,3.647203268623704e-308,5.777959782082796e-308,3.061713484615076e-308
361,As technology has advanced are we now able to produce better 3D rendered graphs.,0.06142739130070913,0.891861069190858,0.013609889561458885,0.013650135033520888,0.010142116727320826,0.009309398186132186
362,Do people have worse perceptions if bar charts are 3D.,1.2447992497832172e-307,1.0,2.6631966188848194e-308,2.6581256798169324e-308,2.25743535715341e-308,1.8135354070512353e-308
363,Based on this experiment they were testing on how having something physically could be different from something that is not present.,1.0,7.067717316711879e-308,2.0265618000535115e-308,3.063302245441032e-308,5.207745985151764e-308,3.3380769819331206e-308
364,"""We hypothesize that the digital interactive model will lead to the most accurate estimations of relative size, followed by the physical 3D model, with the flat model yielding the least accurate estimations. We also expect that there will be differences in the percentage values given by participants across the three models, with the digital model producing the closest approximation to the actual size ratio of the towers",0.3122456373701259,0.1434148426241469,0.0686014790348506,0.04429785559680047,0.026721985947301175,0.07368749851826606
365,That interpretation of a 3D graph is more accurate than 2D or vice versa,0.1638160531963059,0.7168319796363228,0.03326512718380676,0.034635927671487474,0.027362415036630443,0.02408849727544663
366,I think it could have been something similar to how well can college students accurately guess heights in regard to proportion.,0.31678145819224696,0.14309479434730699,0.0688375657347523,0.050307686772090084,0.03286847014759687,0.10965157320160232
367,The hypothesis could have been that People would read the graphs differently because not everyone is taught how to read graphs correctly,0.2789527795025484,0.11563373541924894,0.027854049946370744,0.05254263437624076,0.03561312115929324,0.029258947903296938
368,That students are more likely to pick whole numbers and base their numbers close to 25/50/75,0.2527860823513466,0.2079116744981534,0.049295047547483095,0.3371851735763383,0.031135513784453648,0.04729856909156961
369,There is greater participant accuracy when data is rendered on 3D plane than 2D planes.,0.2711529809819543,0.5347517809996295,0.045330192212872086,0.05174926361256836,0.04518678217183756,0.03992459867451875
370,"The experimenter may have been testing the hypothesis ""Students using online resources can identify differences in bar charts""",1.0,1.1685692641278538e-307,3.1120604967344907e-308,4.3426534208434725e-308,4.483600498711772e-308,3.0895264461866223e-308
371,"If students are given two different bar graphs, then students will have two different answers on the difference between the bar graphs, because students view numbers and differently.",0.20077835073439834,0.27166386015092103,0.10175977223771511,0.10998177420124794,0.02725038964962261,0.03890274742494508
372,"The researcher may hypothesize that giving participants further context—such as a visual depiction of the bars—influences how tall the shorter bar is seen by the participants. By giving participants varying kinds and quantities of contextual information and comparing their assessments, this hypothesis might be explored.",0.1955756876609161,0.17093672254570758,0.4748673439879803,0.05105179862070555,0.025243910337014255,0.04096968409015524
373,Can students estimate proportional differences between shapes that are represented on a computer screen? Are students more accurate with their estimations when given a 3D object to look at?,0.33474132981694793,0.16795094489297208,0.03683678930941044,0.03771731104104889,0.02595283926611961,0.03589990111414282
374,The experimenter was probably testing the hypothesis that people will not correctly identify the relative size of the line due to overestimation/underestimation.,0.39528536051154267,0.1495652684742729,0.05131072941963208,0.052096425386093916,0.05641736586227388,0.06541595421623464
375,Does lay out impact the effectiveness of graphs.,9.171015345276545e-308,0.8190793428612725,2.7997623324510316e-308,3.170540367574024e-308,1.382947922148465e-308,1.589250831718351e-308
376,"Ho: The ability to estimate the height of a bar by comparing it to another bar with a known height  is not impacted by the whether or not the bars are right next to each other or if there are bars in between.

Ha: The ability to estimate the height of a bar by comparing it to another bar with a known height  is impacted by whether or not the bars are right next to each other or if there are bars in between.",0.05929520290572653,0.040896284721836526,0.011736210961369885,0.011576962592070425,0.016588651044781955,0.011253837224351223
377,"The experimenter might have been testing hypotheses related to the effects of certain variables on a specific outcome, such as the impact of temperature on chemical reaction rates, or the influence of a new teaching method on student learning outcomes. Without more context, it's difficult to specify the exact hypotheses.",1.0,7.230966991996035e-308,2.098739808985833e-308,3.0698066699248373e-308,5.24449869276432e-308,3.1862842613767694e-308
378,Participants may perceive one shape as larger than another shape even when the actual sizes are the same.,1.0,1.1176898390977715e-307,3.357569242233078e-308,2.7846734906243646e-308,1.972102548767986e-308,3.45161471377726e-308
379,Whether or not someone could determine the ratio of two comparing shapes based off images/object.,0.2628768786649723,0.12522867827494358,0.0329124993300937,0.03586815593837257,0.029094659048115947,0.04859797308571735
380,Students taking stats in person estimate closer to the actual result than students taking the course online only.,1.934570874088776e-307,1.5501278148509289e-307,3.542865398636942e-308,1.0,2.4122512727717906e-308,3.4660277106812333e-308
381,The hypothesis themsy have been testing id that men are better at it than woman.,0.18272249144086594,0.23677560073377302,0.043655243998194586,0.14063350109610376,0.02646998379315788,0.03319206884904153
382,If a graph changes then it will affect the accuracy of the reading.,0.3027096103166461,0.20987172146819938,0.040462066180182714,0.0672427004081477,0.04870495848936284,0.03294206933262557
383,How good people are at determining percentages while looking at bar graphs.,0.15376244321201854,0.3370219350914543,0.06907309116165337,0.06610828860559609,0.02110552700466846,0.029404564473326417
384,Does the type of bar graph effect how the people interpret the size of the bars?,9.717991788332152e-308,0.8190793428612725,3.655731362736017e-308,3.597134553046038e-308,1.4085196176984515e-308,1.743435878647043e-308
385,"When looking at a bar graph back-to-back, will the percentage of difference in bar height increase?",0.21332964793757944,0.29289541428603566,0.1981731648606366,0.07010396760157846,0.029510250111996726,0.04185959899214031
386,Having 3D shapes vs 2D shapes changes someones perspective on height.,1.0,1.0961479471160227e-307,3.905657921487949e-308,2.7935645706845592e-308,1.901730460032961e-308,3.5918849945763074e-308
387,That the proportion guesses would be closer to the correct size when the bars were next to each other,1.3612788743198614e-307,1.3121991425525712e-307,1.0,3.989173938859457e-308,1.832000305707669e-308,2.9071146965176953e-308
388,The hypotheses may have been that people identify height differently with the bars based on if their right next to each other or spread out.,1.4363580675928879e-307,1.2207744444910386e-307,1.0,3.858486496551197e-308,1.8931030570862703e-308,3.189824954347432e-308
389,"Does putting the same height of bars but separated affect how people view them? 

How does our perception of heights change when they are around things of similar or different heights?",1.4431363114480806e-307,1.185788692844101e-307,1.0,3.6256476193498547e-308,1.856571055619406e-308,3.2215807811856853e-308
390,"If the bars are further apart in height, it will be more difficult for students to guess how tall the shorter bar is out of 100.",1.4210599221246945e-307,1.1945833600819019e-307,1.0,3.744812912565355e-308,1.852701920707918e-308,3.211280555035227e-308
391,how precise are students when estimating graphs.,0.17525994339682782,0.40133939497623117,0.05915351879940014,0.08368174880908802,0.023858982729680435,0.033402696016354476
392,The experimenter could have been testing a hypothesis similar to the following; younger females more accurately see the differences between two structures than older males.,0.45356450175215063,0.13463138903536975,0.04318375446006127,0.049989073181933776,0.05770684209311229,0.05583965078244198
393,I have no clue.,1.0,8.910373603334856e-308,2.573865343790951e-308,4.477651013081783e-308,3.7623067960153426e-308,4.1297570100725164e-308
394,if the other bars in the way of the shaped bars have a factor in people's answers,1.4757844124404563e-307,1.2534037232256246e-307,1.0,4.068084536372039e-308,1.939629549358815e-308,3.2689867063232664e-308
395,"The experimenter might have been testing hypotheses related to the effectiveness of a new teaching method on student learning outcomes, predicting that students exposed to the new method would demonstrate higher test scores compared to those taught through traditional methods. Alternatively, they could have been investigating the impact of a dietary intervention on weight loss, hypothesizing that participants following the intervention would experience greater weight reduction compared to a control group following a standard diet.",1.0,7.31961221963328e-308,2.130607392034749e-308,3.082116613369108e-308,5.17138936137706e-308,3.1634358251058637e-308
396,Whether or not changing small details within the bar graphs will make a difference in participants perception.,0.1646942098028702,0.2887027546894664,0.07959408431970816,0.06884922020177071,0.022906798556140594,0.02978141207865033
397,"Maybe ""the size of the smaller blocks seems smaller when the two blocks being observed are further apart."" 

You could say that the ""the size of the smaller blocks is perceived to be bigger when not in 3D.""",1.0,1.129177475438004e-307,3.24981589760854e-308,2.6683866498443036e-308,1.8933037332738063e-308,3.185774471962379e-308
398,The null hypothesis,2.0233416573562383e-307,7.497297503997793e-308,1.8103626240378053e-308,2.574805865056115e-308,1.0,2.566461851079827e-308
399,The students of STATS 218 will pick the correct graph based on the question asked.,0.2409030983100276,0.3747941246087839,0.07464950354801123,0.12470670954665997,0.032362733576493455,0.04370271282722987
400,"One hypothesis could of been the perception accuracy the experimenter might hypothesize that individuals are accurate in estimating the height of the bar graph of the smaller one. The effect of the visual presentation the experimenter could hypothesize that certain visual presentations such as different colors, orientations of the graph could of had a influence on me and the other participants accuracy in estimating the height. These are just a few of the hypotheses I think that could of been possible.",0.3816667097940541,0.16200791603217254,0.06617671902502544,0.0681195109064305,0.04903387880613586,0.07078745548435116
401,students in a statistic class have a better chance of getting the estimate of the number correct,2.0565838471952157e-307,1.4446965339322889e-307,3.516777292270394e-308,1.0,2.4861269733216645e-308,3.5914098327977803e-308
402,They could have been testing the hypothesis that since people are using their eyes it would be harder to get the exact correct answer,1.0,1.1082060867374822e-307,2.9688190965547595e-308,3.28079842822099e-308,4.557256438044415e-308,4.777286565929522e-308
403,Whether women or men are better at spatial relationships between two objects.,0.1818456027182149,0.24031178497486835,0.04378048199642959,0.13802590254760402,0.026428605633329983,0.03305651204068991
404,I think that the hypotheses was testing if people guess more accurately when provided with something to compare it to or base their guess off of.,1.0,9.913229171146551e-308,2.8233567990731643e-308,5.828430945343089e-308,4.519316165651843e-308,4.506371703700802e-308
405,Do students have an accurate perception of the difference in heights of bar graphs? The experimenter might think that students have a skewed perception of the values in bar graphs.,0.15355016717766018,0.19457837256876004,0.09074616250715463,0.06735482926463207,0.020687641850279097,0.030318022090397006
406,That seeing a model in-person may allow for more accurate conclusions on which bar graphs are greater,1.6802000046100707e-307,1.0,3.7351832068654524e-308,5.527794449894376e-308,2.9741958220718286e-308,2.686720514796005e-308
407,A possible hypothesis could be what trends are more prevalent than others and why.,0.38089016858117397,0.13545343865116316,0.0356821392702769,0.09999119466073396,0.04123458376721306,0.044065509352317477
408,"The amount of students that get mostly correct answers will be 75%.

The amount of students that get mostly correct answers will not be 75%.",0.2750803607651241,0.16237070434706885,0.04912929028321273,0.1970932292957185,0.030181177685090443,0.05613618582185286
409,The percentage of students who accurately guess the ratio between two objects could be a possible hypothesis. Another hypothesis could be whether or not responses were more accurate between the physical models and the online models.,0.4350676365017092,0.19732300856123036,0.04708408973999295,0.06636999836725038,0.059174927062791115,0.06680981619545702
410,The experimenter may have made the prediction that students would guess the proportion more accurately using 3D models than 2D models.,0.43408401791430706,0.20944305003546118,0.044863319160122775,0.05850532833737225,0.06727817039400119,0.05765559058716654
411,There is no difference between what I expect and what the true values are.,0.22648923995631132,0.22078054586662493,0.051202083769783725,0.18519096669145607,0.03207410251486802,0.0404644267174233
412,Null hypothesis and Alternative hypothesis,2.002237752695277e-307,7.369214687694353e-308,1.7846352693883226e-308,2.5289055536955993e-308,1.0,2.5280550428691287e-308
413,How accurate can stat 218 students get the height of the smaller bar.,1.5442413972580124e-307,1.245306946179406e-307,1.0,4.3022955833818094e-308,1.901810197127869e-308,3.8285877040045515e-308
414,the hypothesis the experimenter was testing if the difference between the average of height of circle vs triangle.,0.5652732299946781,0.16345544495881426,0.05564062689473413,0.05403341065182168,0.055725872814920537,0.09834569267641044
415,The number of correct estimations compared to the number of incorrect estimations. The success group of correct estimations.,1.0,9.549813792296974e-308,2.8785853906933597e-308,7.174562380911668e-308,3.2170824539888496e-308,4.828238154253601e-308
416,idk,1.0,8.93731295397689e-308,2.5829180798316304e-308,4.510944791514462e-308,3.7604837307379514e-308,4.139743937597143e-308
417,Students are usually able to guess the size bars compared to others within 5%.,1.434605260262151e-307,1.280043176446458e-307,1.0,4.1920102959989577e-308,1.8286796446670543e-308,3.3603330620484065e-308
418,If students are given two towers they will be close to the percentage of each tower.,0.25474500879885714,0.14334091172289407,0.08815504604021158,0.05004185035913182,0.02734219313363128,0.10534428903676503
419,The hypothesis that the experimenter could have been testing is if people perceive bars to be bigger or smaller than other people or if color/shape affects how people perceive the data.,0.35258044651789666,0.18526933557120595,0.07994145224359271,0.06921178109514693,0.04959333319509024,0.06119584142523705
420,Can participants accurately guess the size difference of bars not next to each other over 50% of the time?,0.18885934187389236,0.20339827038381586,0.4158408202994226,0.05801336938871227,0.02529527099442549,0.03946554054806502
421,"Null: group1 reads the graphs as accurately as group2

alternative: group1 reads the graph more accurately than group2",1.7447427298282319e-307,9.41132370368925e-308,1.921782916576365e-308,2.5551750681503895e-308,1.0,2.315548793577139e-308
422,If one graph is 100 units long then the other section of the graph is ____ units long.,0.17431265601512216,0.3808496733171277,0.06676448178420169,0.05695536563375733,0.023927544066568072,0.031119025395524993
423,"If smaller bars in a bar graph are next to large bars, the small bar will look even smaller.",0.210395412437131,0.26981357756153834,0.2279980040901848,0.06711914506128284,0.029149698105773364,0.041396206534056845
424,"H0- There is no variation in the average person's ability to interpret data on a bar graph

HA - People with more education are better at interpreting given data on a bar graph.",0.05926283840973329,0.04093937913047051,0.011592951564785053,0.011499718008593616,0.01688026866901773,0.011171993667536347
425,In person models are harder to accurately access heights on.,0.49626698829479593,0.15957211038042776,0.07029573572797837,0.0451764082812525,0.027211146601526508,0.0578283455282764
426,Do students understand graphs better in person or online?,0.17393070645693443,0.5612291893326689,0.05617276969581725,0.0778971042039925,0.024301562977446494,0.03195528057741953
427,Can STAT 218 students accurately read and identify bar graphs to digest information.,0.15725439557266843,0.4441097818651109,0.051019531285605144,0.07301520247195507,0.021994136401761004,0.029303237130481472
428,do people know how to guess the size of one bar graph compared to another bar graph.,0.20706854648368297,0.36980210440210093,0.12931149017637553,0.07141758811089684,0.028885186265418375,0.03938712835149257
429,How good people can eye ball things,1.2645754841306685e-307,1.0,2.3829512289390493e-308,3.025264495293487e-308,2.199664064448388e-308,2.2097520485918787e-308
430,How easy it is to identify size differences based off just looking.,1.0,1.1172542211056741e-307,3.1363246959340256e-308,2.7897722361012566e-308,1.88296315052707e-308,3.2403536079657544e-308
431,Two different times of the statistical charts. In the 1980 and now how different they are.,1.1388981984873206e-307,1.0,3.2839615734415626e-308,5.789951236249001e-308,1.720112989264258e-308,2.100984224054336e-308
432,Students in Stats 218 will have a better understanding of graphs than students not in Stats 218.,0.1790226424700423,0.3973830273148679,0.056077840567195315,0.08627013394932083,0.024653527841037342,0.03328911258511841
433,Whether a digital or physical representation of the graphs makes a difference in the perception of the data.,9.778432298754263e-308,0.8190793428612725,2.65320877471367e-308,3.124871486140707e-308,1.4834654876439493e-308,1.604740525759789e-308
434,That people can or cannot correctly estimate amounts through bar graphs.,1.9127086991928497e-307,2.1316263617871275e-307,4.352662034943908e-308,1.0,2.6971601236369634e-308,3.2798852947529207e-308
435,Students have a better time processing scales when presented with a physical object.,1.790091602309026e-307,1.0,3.4265958035676956e-308,4.889863023784811e-308,2.86605253274217e-308,2.920217912999215e-308
436,Students taking statistics can observe graphs.,0.17450995328229812,0.4081589031067887,0.05595173231809757,0.08135967662355341,0.024037147212461446,0.032678872184382673
437,is there a difference between how graphs are perceived virtually versus physically?,9.357238100026814e-308,0.8190793428612725,2.7338203479942715e-308,3.079977001875793e-308,1.411297646111839e-308,1.5835445060417616e-308
438,The average person can not accurately depict the percentage difference between heights,0.2847837022761915,0.16510983883816874,0.12132094915413633,0.05296087467291866,0.027959903061290446,0.06940628039288964
439,Students will think the side that has a more random side will be smaller than the side that looks fuller.,0.26252433149380683,0.11536370301885404,0.038064938835651305,0.03590139112031353,0.02453168770299189,0.058192792170598036
440,I think the hypotheses that the experiment might have been testing is whether more students will determine if the bar graph is higher than the other or how well students can determine the percentage when looking at bar graphs.,0.38536449059805195,0.18210322337527612,0.05741095240250145,0.08077734398194057,0.04647192547089163,0.04566425421950809
441,If the stats 218 students are given a bar graph that is either digital or physical the amount they perceive the height as will be different.,0.20142354091617604,0.16020209162798973,0.4341537600629426,0.05696412965552811,0.024223930990859264,0.049420906858275215
442,Objects appear large up close and small from a distance.,1.0,1.133800904252627e-307,3.276666395544314e-308,2.6569777945630304e-308,1.8744794524502435e-308,3.146851453894142e-308
443,What is the average amount that a student will give to bar in a graph when they know how much a taller bar is.,1.5028125915770531e-307,1.3295390565636283e-307,1.0,4.539809674716535e-308,1.870032205357766e-308,3.5824212124752733e-308
444,The experimenter may have been testing the hypothesis that individuals can more accurately interpret graphical representations of data through 3D models than they can with 2D representations.,0.33768979966000984,0.26525674628658963,0.04328552791820248,0.052833516716870844,0.07379578883415948,0.04156714783800316
445,More information a person can take helps him have more clear feeling about size.,1.0,1.063776311169894e-307,3.201498137238863e-308,2.821108852940031e-308,1.8453339758300945e-308,3.482631256930526e-308
446,I am guessing they were hypothesizing on accuracy of graph reading over an extended question set.,0.3835527841472488,0.11855640736281904,0.02967797530531325,0.048883828775760675,0.04047527650170195,0.03158714592588154
447,"I think they were testing for possibly depth perception since there were 2D, 3D, and real life models.",1.0,1.070100024250287e-307,2.757794327385681e-308,2.910958430229233e-308,3.992132695522293e-308,4.188962968151684e-308
448,People tend to interpret differences in graphs more accurately when they are able to view it from many perspectives.,9.966492018532705e-308,0.8190793428612725,2.921970624201573e-308,3.399084669571142e-308,1.4962535618737994e-308,1.6771965208483287e-308
449,Whether a 3D model is the best way to communicate a data set.,0.18278522456481555,0.6827854852178644,0.03910285998155738,0.03974192599849329,0.02827007267806257,0.027314431559206893
450,A hypothesis might be that a 3d model is used when compared to a 2d graph users will perform worse when asked to convey the information.,0.15439726786734473,0.72736493244316,0.03412282970197975,0.03551185904455567,0.02544804122904177,0.023155069713917762
451,A possible hypothesis is that different majors have varying abilities to gauge differences.,1.246357590653379e-307,1.0,3.3143792596500794e-308,7.517537777140112e-308,1.8675415723722495e-308,2.279190636738728e-308
452,How accurately can people predict the proportions of two related heights?,0.2754473309115285,0.15860281519380268,0.12437096845633434,0.05410321934881648,0.028551559186812677,0.08046565529830085
453,"When students are shown two bars and given the percentage of one, the students will overestimate the second since they are close together.",0.15399048876472304,0.1620711848329053,0.12004031735347616,0.06672673060092242,0.019756810136442402,0.0346496637704138
454,"Their hypothesis might have been to see if the more questions that are asked, the less accurate the responses will begin to be.",1.0,9.56779619456935e-308,2.681927964138582e-308,4.842982855695833e-308,4.587809965778133e-308,4.1222477606460383e-308
455,Maybe they were trying to see if participants will rely on certain visual features or cues present in the 2-D representations to make judgements about the height of the bar graphs. potentially leading to accurate or inaccurate assessments compared to the 3D versions.,1.4605184040329594e-307,1.0,2.7948089154389766e-308,2.967698197826216e-308,3.1109910518967673e-308,2.0269288655715643e-308
456,To see if people are the same,0.5827587321378063,0.13156156307014688,0.03668803922056963,0.06273101794156324,0.05151282252029374,0.05130447291863052
457,Does value changed when compared to another,1.9261771004199605e-307,2.0411252569998464e-307,4.996323092612437e-308,1.0,2.759275511464539e-308,3.2341029351018377e-308
458,UNL students now in Stats 218 have lower test results than UNL students who took the test originally.,1.8630182176461887e-307,1.6887601372918905e-307,3.7735693301631197e-308,1.0,2.4208726097067113e-308,3.2346619245870966e-308
459,"The further apart two bars are in size, the less accurate the participants estimation of their comparative size will be.

The greater the separation between two similarly sized bars, the less accurate a participants estimation of their comparative size will be.",1.3926852234773412e-307,1.2850139855876661e-307,1.0,3.779976422021971e-308,1.864549943477628e-308,2.9174651315737493e-308
460,"Men can calculate visual numerical differences better than women (vice versa) 

or

A specific math class can calculate visual numerical differences better than another math class",0.1801908857276449,0.24015918034132994,0.04365864901779625,0.1405596604624086,0.026231190396081072,0.032649323965876026
461,Does having a 3-D model the same as a picture change our perception or effect our answer on what value it is?,0.12501654294608502,0.22578067096537793,0.02349578836220087,0.023902250870962028,0.017328063837520936,0.01822729453408962
462,Stats students observe different heights incorrectly 30% of the time.,0.2801650652045988,0.16491299824641376,0.12374942171857294,0.05348018503570258,0.027968654987728332,0.07126522320257905
463,"The hypotheses could be:

* 3D charts are more legible and give more accurate values than 2D charts.

* 3d printed charts are more legible than both 3D and 2D digital charts

* 2D charts have greater accuracy in values since they are more familiar than 3D modeled charts and digital charts.",1.2535638611012712e-307,1.0,2.4991766488771203e-308,2.577200473495199e-308,2.388463040131016e-308,1.813211290425149e-308
464,Whether boys or girls score better on this test,0.18361507219116857,0.1924791568139611,0.04200792391987668,0.18664355601361088,0.02530865504000827,0.03339452593251131
465,Ho people will guess the heights of the bar based on the percent height of the bar next to it.,1.5093996741306182e-307,1.1802137887357501e-307,1.0,3.9586360430285863e-308,1.898748331636659e-308,3.685346503178555e-308
466,The null hypothesis of which block is taller in length.,1.8386120702728507e-307,7.777745903501126e-308,3.29350525760481e-308,2.952455966508907e-308,2.2607522341315046e-308,1.0
467,Students are better able to estimate the comparative height of bar graphs when looking at a physical model instead of a drawing on a screen.,1.6911143041514876e-307,1.0,3.763582266520591e-308,5.62600447331593e-308,2.967248535307543e-308,2.7230708829383446e-308
468,The hypotheses could be set around the parameter that students will score 50% or above.,0.29749056828724385,0.15762408797065602,0.04843925985244352,0.17444959685049177,0.03160222332024073,0.06038521191699169
469,"If people look at a 2d graph they will be less accurate at estimating the height of a bar rather than looking at a 3d, or 4d graph which would have more accurate estimations.

The effect of perceiving graphs on accuracy of estimating bar heights.",0.09386972437905286,0.1135025573475863,0.04084662416032262,0.026367849835723958,0.01457700693165557,0.016883800137665935
470,Whether or not students know how to read a graph.,0.16746167685996394,0.42171898109759187,0.05200348885797816,0.081078744321716,0.02333101848709027,0.031102375103241795
471,How accurate the values put in by the person doing the experiment versus the actual value on the block.,0.369129239109385,0.12250255489589845,0.044456506667543375,0.059880405212817775,0.0426418929681441,0.15927073473080008
472,Null hypotheses,2.001767072228435e-307,7.391508858634808e-308,1.789061735642793e-308,2.543277465785384e-308,1.0,2.533100688493349e-308
473,How one may assume a number value both digitally and physically.,0.09955168330610999,0.11991303017735727,0.024518367852562513,0.6211226153754283,0.013570869824511998,0.018401345820981203
474,"The hypotheses being tested in the experiment could be that the students are drawing the shapes in a certain order of colors, such as the rainbow.",1.0,1.1564549621740054e-307,3.6670888572919386e-308,3.9973957905948015e-308,3.7906519437331985e-308,7.896751614856236e-308
475,That more than half of individuals will have the same answers.,0.4032664244127923,0.1192009796471202,0.03293287341059072,0.08213204748891778,0.04025727686156147,0.047167707255982405
476,That graphs shown in person versus 3D on a laptop provide more accurate guesses of information.,1.6981520010300343e-307,1.0,3.242477617045773e-308,4.459519152586609e-308,3.0670642999731766e-308,2.6234841455734224e-308
477,To what extent do 3D models improve spatial estimation in comparison to 2D models?,0.461700792538319,0.2951698519295384,0.05204486866747935,0.0495270649578513,0.03557899509077247,0.04419385107941966
478,Can people who work with statistics more accurately estimate the true proportions of difference than the average individual?,1.9487312467909607e-307,1.4989418699514077e-307,3.422541258830838e-308,1.0,2.446676064488084e-308,3.383191980384887e-308
479,Seeing a diagram in 3d will give a more accurate guess than seeing the diagram in 2d,0.20408261731350985,0.4637574693418101,0.04068113955225645,0.04152247154570255,0.029884720081564474,0.029288705931645353
480,The hypothesis the experiment might have been testing if a random group of participants were able to identify which bar was taller based on the info and resources they were given.,0.4069135440188491,0.142505516068304,0.05333532473113257,0.05849365315322618,0.055873120644910984,0.07066720531686423
481,"Only stats students were participating, as far as I have noticed, so stats students are probably capable of reading graphs more accurately than a usual student would be able to. Because stats students constantly deal with graphics.",0.15759833881248647,0.44503841044095116,0.04913576426463286,0.07371470821152773,0.022149802253965387,0.02905926074401831
482,Can people get within 5 percent of the actual precentage,0.31027237993158374,0.1516844040753403,0.04545216019501325,0.17126705775362155,0.032566403865544644,0.058748542376964
483,Could have been testing how well individuals can measure distances between things with the naked eye and without context.,1.0,1.0971530406579542e-307,2.9344111063662493e-308,3.0672344779147393e-308,4.155996302995955e-308,4.60703843457417e-308
484,The hypotheses for stat class is goal to learn each chapter and make sure it's helpful to the real world.,0.3180479430071312,0.15955012288905812,0.03903129282741793,0.3133005868153186,0.03893253076325965,0.04449750867531037
485,"college students are a able to identify numerical estimates of data on bar graphs within a certain range of accuracy when given a comparison of a numerical data on the same graph X % of the time with a model on the computer 

VS

college students are a able to identify numerical estimates of data on bar graphs within a certain range of accuracy when given a comparison of a numerical data on the same graph X % of the time with a physical model",1.6501694674495093e-307,1.0,3.774954193717268e-308,6.005741553557778e-308,2.899684918814858e-308,2.7068005470473935e-308
486,The hypotheses might have been that physical models allow students to interpret the values of bar graphs more accurately than if they were looking at a digital graph on a screen.,1.685097117614276e-307,1.0,3.8138249935798856e-308,5.790257754173547e-308,2.950080887267236e-308,2.693198191536431e-308
487,how many people can guess the correct height of the block when using another blocks given height.,1.7536803913846591e-307,7.783326501272139e-308,3.409565632153444e-308,2.9273449706199066e-308,2.14477674003762e-308,1.0
488,"Even if the two bars were smaller, the fact that we had to act that the bigger one was 100 units and calculate then how many units the other bar would be. I think the hypothesis that the experimenter was testing was the if people could stimate the difference between the two bars even if they both were smaller.",0.33841695710957764,0.18324673830818153,0.0855621081194335,0.07003429365270224,0.04696842765219437,0.06201316244648817
489,"The null hypothesis could've been ""Participants will be able to come up with the correct value of the bar if giving a bar height and number to compare it to.""

The alternate hypothesis could've been ""Participants will not be able to come up with the correct value of the bar if giving a bar height and number to compare it to.""",2.0327530162119413e-307,7.794297913727648e-308,1.885029866380043e-308,2.4910218364195696e-308,1.0,2.584423667994055e-308
490,People tend to under/over estimate their ability to accurately know sizes,1.0,1.0726131275158325e-307,3.168531371255701e-308,2.817876367718061e-308,1.851450923336531e-308,3.4284471807000433e-308
491,How accurate are students in estimating graph height?,0.18060324574605247,0.1444742631314712,0.1292176131023205,0.044990466336030634,0.020652682703711067,0.042175413180844355
492,"The experimenter may have been testing hypotheses such as ""If an individual is shown a graph of data in person then they will have a more accurate prediction of the data than if they were shown the same data graph online,"" or hypotheses such as ""If the participant is shown the same graph of data online versus in person then their predictions will differ between the two forms of media.""",1.0,1.0885315284541694e-307,2.7640027095837654e-308,3.684420918562771e-308,5.323012263086467e-308,2.966411889844638e-308
493,I would guess that the hypothesis was that 3D charts are less accurate than 2D charts or vice versa,0.3064693267968439,0.4326646334331825,0.04809214066168692,0.05695222065453798,0.06256997220073697,0.03977799887490673
494,"That based off of certain attributes of the participant, it may affect how they choose to answer the question and how they see the lines differently.",0.5359229560503765,0.15200863833498443,0.04151730666933051,0.07952033715744324,0.053554824261193325,0.05403258533568225
495,"whether people are better at estimating the values of 3D or 2D graphs better, thus indicating if a 3D graph or a 2D graph is better at displaying data.",0.1559727113687443,0.7235552031429527,0.03459339169332923,0.03718475312771863,0.025255122314931162,0.02343881835232393
496,Younger students will be able to more accurately tell which block is smaller versus taller.,1.7977229940437756e-307,8.099413639094143e-308,3.577449838789019e-308,3.0599593104256854e-308,2.151541419934029e-308,1.0
497,STAT 218 students will guess the correct present of comparison size because students are instilled with critical thinking skills.,2.0266361014316962e-307,1.5560614657848232e-307,3.8871750680345096e-308,1.0,2.5058979386963615e-308,3.5523923454021147e-308
498,to test if 3d graphs are misguided slightly,1.1041757080001944e-307,1.0,2.3402599725196876e-308,2.447641651181653e-308,1.8068618989731387e-308,1.637480119155616e-308
499,Do different genders or age groups view graphs differently?,0.1201950498358207,0.5721139104368269,0.0374865600996108,0.04939191533656286,0.018374215723465905,0.021517691428985287
500,They may think that the interactive 3D bar graph would be the best because people can interact with it and that statistic students would be better able to understand them.,1.6124705017690957e-307,1.0,3.694729186950095e-308,5.418546458456747e-308,2.783825981800806e-308,2.5709837361180634e-308
501,Possibly whether age or major had any impact on it.,0.1985366938739887,0.45075038735828254,0.05163387940720706,0.16317936605958655,0.02857355464085754,0.0364636644797803
502,How will their answers affect our bar graphs?,0.19202262412134574,0.3613450262514638,0.09533860212677826,0.09181961043444467,0.027529390887062438,0.03636795475184508
503,"Null: Difference in accuracy of interpreting 3D data in a 2D environment compared to in a 3D environment = 0

Alt: Difference in accuracy of interpreting 3D data in a 2D environment compared to in a 3D environment ≠ 0",1.7137241447714963e-307,9.411873344048152e-308,1.904745078934695e-308,2.470788355362713e-308,1.0,2.2850428317733483e-308
504,"Null Hypothesis (H0): There is no difference between our ability to approximate and the true size. Our eyes do not skew the perception of size.

Alternative Hypothesis (H1): There is a difference between our ability to approximate and the true size. Our eyes skew the perception of size, making it either overestimate or underestimate the true size.",1.83487802159681e-307,7.855531647373542e-308,1.807186403748957e-308,2.4157842079191147e-308,1.0,2.4310566240937614e-308
505,"If a graph is physical rather than digital, people will be able to more accurately assess differences between 2 graphs.",1.0228705339954242e-307,0.8190793428612725,2.73623379372106e-308,3.2462438498486753e-308,1.5495521878822043e-308,1.6569789362755437e-308
506,How does the presentation of bar graphs affect the interpretation from the viewer?,9.4564993102048e-308,0.8190793428612725,3.2752477502099554e-308,3.4181039079820573e-308,1.3921614360090034e-308,1.6731020270088485e-308
507,How accurate of guesses the experimenter makes,1.0,9.118019611061338e-308,2.835087676636026e-308,5.929221766110011e-308,3.360569635944964e-308,5.1169027918925e-308
508,the hypothesis that might have been tested was to determine if male or female students were able to accurately judge the height better than the other and get closest to the correct value,0.29596931111438723,0.12557174754193645,0.059555904536883066,0.0454750003544271,0.03174703134154266,0.15981640493202273
509,People naturally struggle to interpret data from 2d and 3d visuals.,1.0484915816948431e-307,1.0,2.2575272827177146e-308,2.263756176657345e-308,1.685800051823869e-308,1.5706772952496546e-308
510,Are those being tested more capable at accurately depicting the size difference of graphs on 3d or 2d graphs.,0.1418243803108926,0.7466851530643326,0.03274506818240504,0.0343819458814852,0.022587838397127424,0.02177561416375717
511,"The experimenter might have hypothesized that 3D printed bar charts would perform the same or outperform traditional 2D and digital 3D charts in terms of accurately conveying information. They might have hypothesized that participants' judgments would be influenced by the medium of visualization, with certain mediums being more conducive to accurate perception than others.",1.4346974139120825e-307,1.0,2.643137857224286e-308,2.892371762068527e-308,3.195992270320606e-308,2.0071271140374545e-308
512,"Do physical vs. digital images make a difference when students are asked to estimate lengths?

Physical vs. digital images do/do not matter when students are asked to estimate lengths.",1.4321016115451114e-307,1.0,2.709337301292822e-308,3.214636590954368e-308,2.61726122785992e-308,2.3216680741865964e-308
513,How well or not statistics students can mathematically think through comparing two things.,1.934391745776694e-307,1.8422237568450484e-307,4.0494561512627956e-308,1.0,2.6578723994444646e-308,3.272272808218848e-308
514,"The experimenter might have been testing the elements of length, position, and angle.",1.0,1.1606443362992582e-307,3.141394624870388e-308,3.206130827906216e-308,4.0187974977351426e-308,4.808090855843155e-308
515,A certain type of visual is harder for the subject to accurately guess.,1.2987599409883733e-307,1.0,2.4094005558315165e-308,3.0701457713583767e-308,2.2456472019430355e-308,2.2364250264171824e-308
516,The experimenter might be testing the hypothesis: Does the position of the smaller bar in relation to the larger bar affect the values people guess for the smaller bar?,0.34590048731185297,0.18206543633360028,0.08556677676563458,0.07241833612503216,0.04720707275851962,0.06463408075353003
