document_index,document,topic,probability
0,"Extended abstract, extended abstarct",topic_0,0.7639721084906584
1,I would prefer to hear about the study from the presentation. The abstract is the better reading material for determining if the experiment is well designed.,topic_0,1.0
2,I would prefer the video just because abstracts can be so lung to read and also have confusing words but the video was much simpler. The abstract would probably be better for determining the experiment was well designed.,topic_0,0.47189231306670026
3,"I think I would have preferred the presentation because of the visual representation and explanation he gives. The abstract was well made but I enjoy listening to people talk about things and he did a better job of explaining to me what it was about compared to the abstract. I think the abstract would do a good job of actually showing if it was well designed though, since it basically explains everything from the beginning to the end.",topic_0,1.371987075419158e-308
4,I would prefer the presentation. It makes a lot more sense to hear it from the experts instead of just reading a procedure on a paper. The presentation makes it easier to see if the experiment was well designed because the researcher explains in depth why some assumptions were made or why a particular technique was used.,topic_0,0.02067667919692106
5,"I think that I liked hearing about this study through the presentation. I thought that it was more engaging. Yet, I think that the extended abstract was more informational in looking more like a study, so that one might be better for determining whether the experiment was well designed.",topic_0,0.7183565523215056
6,"I preferred the presentation. I felt like it easily laid out the different aspects of the experiment, in a simple way. I also felt that it was much easier to follow than the abstract presentation. In the abstract, I felt there was some unneeded information.",topic_0,1.0
7,"I would want to hear the presentation only because I don't like reading a lot and the presentation had more graphs and pictures to explain the procedure, but I do think the abstract has a lot more detail and goes in more depth than the presentation. So I think the best one for determining whether the experiment was well designed would be the extended abstract since it does include more details and talk about it more specifically.",topic_0,0.5689122680161879
8,I would have rather heard about it by only the presentation because it gave a me a better and clear understanding of what was taking place and the back ground to the experiment. I think that the extended abstract would be better for determining how well designed the experiment was.,topic_0,0.48929895934712114
9,"Personally, I am a visual learner so I would prefer the abstract simply because it helps me pay better attention and helps me understand better. Both the abstract and the presentation show the experiment was well designed, but the presentation would be the better fit in regard to determining that. It goes into the depths of reasoning and a better explanation of results.",topic_0,1.0
10,"I prefer the extended abstract. This is because I can read fast and skim the text instead of  listening to a boring presentation that I can't skip through. I think both are equally important to whether the experiment was well designed, but if I had to choose one or the other, I'd say the extended abstract was better.",topic_0,1.0
11,"The extended abstract, because it was a little better at giving the background information. It told us more about the experiment done at the other school, so we could gauge if ours was done to the same level of quality as the other one was. I also just found it easier to understand as a whole.",topic_0,0.8584405994682878
12,I would like to hear the presentation. I think it is easier to understand the study when in is explained in person and not just reading about it.,topic_0,0.1856614980590405
13,If I had to pick which is better I would choose the presentation. I work better with visual aids and the presentation had better support for that. I preferred the 2D models rather than the picture of the 3D provided in the abstract.,topic_0,0.035379874809204244
14,I would prefer the presentation. The abstract would be better though for a more in-depth understanding.,topic_0,0.179641669118326
15,I would prefer the extended abstract as it is better for quickly grasping the overall idea of the study itself. I want a concise overview of the research rather than a more immersive format.,topic_0,0.7543602240776196
16,I would prefer the video presentation. I feel like videos usually give more detail and keep my attention longer. I am a visual learner so I like seeing people talk through the slides and see the data while also hearing about it. I better understand information this way because I lose attention when I am sometimes reading.,topic_0,5.85913769780763e-309
17,"Presentation, I am a visual learner and prefer video explanations over reading an article. I also feel the author of the presentation could more easily explain any confusing points rather than hoping the viewer understands what is meant through sentences in an article.",topic_0,6.229621113575536e-309
18,"I feel like I learn better and take in information better in a video format. Sometimes when readying professional documents or abstracts from research papers I feel as if I don't take in all the information. In the video, I liked being able to have visual representations of what is being discussed.",topic_0,0.0059924510520936525
19,I would rather use the presentation as I am more of a visual learner and it was way more helpful giving more and better detailed information to learn from. The presentation would be better to determine if it was well designed or not.,topic_0,0.04133171429999588
20,"I would prefer the presentation, the abstract is just a huge wall of words that doesnt really feel too inviting and if you are attempting to get new random people to take the study I don't think that is where you will find luck. That being said you would then have the chance of revealing things about the study that could influence study participants behavior.",topic_0,1.0
21,"If I had to hear about this study through a singular mean, I would probably choose the presentation because it allowed for better incorporation of visuals. The presentation would also be better for determination of a well-designed experiment, as the visuals of things such as expected results are better portrayed through those kinds of means.",topic_0,0.02927707163384935
22,"Extended abstract because it is a shorter version of the presentation and sums up all the main points. I think the presentation would be better to determine whether the experiment was well designed because of all the visual aids, engagement, and verbal communication.",topic_0,1.0
23,I would prefer the presentation because I feel like the presentation helped me understand the experiment better and what they were trying to do/prove. The presentation was more appealing and interesting instead of just reading the extended abstract. The presentation would be better for determining whether the experiment was well designed.,topic_0,0.7905872272304991
24,I would prefer the presentation because the experiment was explained more in depth and I understood it easier than the extended abstract. I think the presentation would be better for determining whether the experiment was well designed as well because he went into lots of detail about how the study was set up and was very clear about all the components of the study.,topic_0,0.7552325243122171
25,"I really liked the presentation as it was easier for me to understand so I preferred that one. Although, the extended abstract shared more of a whole over view including start to finishing results. The presentation focused a lot on the design set up and reasoning as to why. That was just briefly touched on in the abstract. Therefore, I think the presentation is better for determining whether the experiment was well designed.",topic_0,0.7215067221096776
26,"The presentation was far more helpful than the abstract because it used more common terminology. Additionally, the presentation told the subjects exactly what the researchers wanted to gain from the study. The presentation also mentioned what studies in the past have shown and focused on what this study was for, rather than focusing on what the studies in the past showed and briefly mentioning the study at UNL, like the extended abstract.",topic_0,0.3015913456226597
27,The presentation has more detail and talks about all the elements and how they work. The abstract has data and the method of the test but it doesn't give much data as to why the results are the way they are.,topic_0,0.5655094001753277
28,"If I had to choose between hearing about the study using only the extended abstract or only the presentation, I would prefer the extended abstract. It provides a summary of the project's objectives, methodology, findings, and conclusions, allowing for a quick note of the essential details. However, for determining whether the experiment was well-designed, the extended abstract might be more suitable. It offers an overview of the study's methodology and findings, providing the necessary information to assess the experiment's design and execution.",topic_0,1.0
29,"I would definitely prefer the presentation because it makes the breakdown of the experiment a lot more understandable. I am a visual learner, so the study makes a lot more sense when someone shows pictures and explains them outloud, instead of me reading a whole bunch of words. I think the presentation makes the design of the study look a lot more interesting and appealing.",topic_0,0.021804468269257287
30,"I prefer the presentation. I think it does a better job of being more clear and concise instead of reading a long abstract off a paper. It is easier to comprehend, especially with the pictures.",topic_0,1.385111853126811e-308
31,I would choose the presentation because it explained the results and statistics the best. While also explaining the study design and future work of this study. I felt like I got more information out of the presentation than the abstract.,topic_0,1.0
32,I would probably do the presentation because I do well with words and pictures combined. For determining whether the experiment was well designed probably the extended abstract part.,topic_0,4.01944276910731e-309
33,"I would prefer the presentation since it was much easier to understand, and I prefer videos to reading material. The abstract, however, has better information to evaluate the study.",topic_0,1.0
34,The video was the best example of the experiment. Abstracts can get really wordy and confusing. Videos are easy to follow along.,topic_0,0.5109474760332874
35,I would prefer the presentation. I prefer it because it is more thorough and offers different opinions and views on the graphs. When reading the presentation we could tell more easily if it was well constructed compared to the abstract.,topic_0,1.6761266430625433e-308
36,"The presentation was more clear for me, I'm not good with large amounts of text as like a lot of people my age. I'd say either could be used for determining how well designed the experiment was, but the presentation was more clear.",topic_0,0.028989997287476
37,"I would definitely prefer the presentation, it explained things in way more detail, and also was a lot easier to understand in laymen's terms. For determining whether the experiment was well designed I think I still believe the presentation did a better job showing that the experiment was well designed.",topic_0,4.13726743611125e-309
38,I think I would prefer the presentation because it seems more digestible and easier to understand compared to the abstract. I also think the presentation would be better for determining whether the experiment was well designed because the speaker would be able to elaborate beyond the abstract.,topic_0,1.0
39,"I think personally I would rather hear about the experiment from the extended abstract, while I believe that the presentation shows that this experiment was well designed. If used in the same context, I think that the abstract of the study does a fair job conveying the purpose of the experiment for people that are semi-versed in the statistics world. Whereas I would use the presentation for people who don't know much about stats.",topic_0,1.0
40,I would say the presentation is easier to comprehend and understand especially for something that needs explanation. I also just enjoy the slide aspect more than reading something with more words unless its better for the comprehension of it but in this case I think the slides having the pictures with the explanation was helpful,topic_0,0.03711333418090608
41,I would prefer the extended abstract because I am able to use my own experiences and see what is happening first hand instead of trying to learn and figure out what is happening through the presentation.,topic_0,0.7810642427417441
42,I would prefer the presentation. I got a lot more information from this.,topic_0,0.16889089779375796
43,I would prefer the presentation because it is better and easier to understand rather than the extended abstract. I feel the presentation would also be easier for determining if the experiment was well designed.,topic_0,1.0
44,"I think the presentation, as it was longer and contained more information, the presentation would be better for determine whether the experiment was designed well.",topic_0,0.014431914511286323
45,"The presentation made more sense to me as a participant, when compared to the abstract. However, because the experiment was more thoroughly detailed in the abstract, I believe the abstract was the better option when determining design efficiency.",topic_0,1.0
46,"The presentation. Like I said before, I don't like to read sometimes so watching this was def. easier to follow and understand. Especially with the photos. I know the abstract had photos too but having the tables laid out while I was told how they held any signifigance in the study was easy to follow.",topic_0,0.030650684439393974
47,"In general, I think it depends on the person you are asking but personally I conceptualized the abstract better but the presentation was easier to understand/follow. I think the abstract would be better for determining whether the study was well designed. I believe this because there seemed to be more information.",topic_0,1.0
48,"I think that the video had better information even though it was tough to listen to. It has more information about the experiment than the abstract does, and I feel like it explains how the experiment was designed better.",topic_0,0.45858376771058007
49,"I would prefer to hear from the presentation. I think the presentation did a really good job of explaining the experiment and what they were looking for with this experiment, so I think that it would be better for determining how well the experiment was designed.",topic_0,1.0
50,I would prefer to watch the presentation because he did a good job of explaining all of the aspects of the experiment. I think the video also does a better job of telling if the experiment was well-designed because it has actual figures used in the experiment to give the person a better judge of whether the experiment was well-designed or not.,topic_0,0.02756581948019151
51,I would prefer the presentation over the extended abstracts personally just because I felt like the abstract was too wordy and complicated at times to really decipher the information. I do feel like the presentation would be better for determining if it was a good study because I felt like there was more justification on why the study was being done.,topic_0,0.7706351389539874
52,Presentation hands down. It goes much more in depth and explains many additional details. It also describes specifically how the experiment was conducted in great detail.,topic_0,0.0427314758428327
53,"Personally speaking, I would rather watch the presentation because for me it is hard to read abstracts without getting lost, while with a presentation there is a little more explanation on certain things to clear up any confusion. However, sometimes I feel that a well written abstract is much more detailed on specific things and it is much easier to go back and check the facts for anyone who might try to replicate the experiment in the future.",topic_0,1.0
54,"I think honestly I would prefer the presentation. Typically I would say the extended study, however in this specific experiment. The presentation I feel gave a little more detail (or detail I understood just a little better).",topic_0,0.7461861975202695
55,I think that the presentation would be better for me. This is because I think that it is simpler to have someone explain the ideas to me rather than me deciphering the abstract. I think that the abstract is better for determining if it was well designed because it takes a lot time and effort to comprise a good abstract.,topic_0,1.557215156812801e-308
56,I would prefer to hear about it from the presentation because it's more interesting to hear from. The abstract would probably be better to determine if it was well designed though.,topic_0,1.0
57,I would prefer the presentation over the extended study. This is only because I learn better from hearing things than reading them. I think that the extended abstract had more information and detail over the presentation though.,topic_0,0.7901793071742048
58,"I think the presentation told me more than what I knew from the experiment, so I would have to say the presentation. The presentation was also better for determining whether the experiment was well designed.",topic_0,0.034539372113096635
59,"I would prefer the presentation, because I tend to learn and understand things better when I have a visual representation of it in front of me. I think that the presentation is better for determining if the experiment was well designed because it compares the expected results with the actual results using a visual.",topic_0,3.989998906013675e-309
60,I preferred reading the abstract because it had more details on procedure as well as included research from other studies. I think the abstract showed how well the experiment was designed.,topic_0,1.0
61,the presentation would be better because i am more of a visual person and it would make more sense for me to really be able to and listen to what the experiment is about. This would help me determine if the experiment is well designed or not.,topic_0,4.14596097122409e-309
62,"I would prefer the abstract. The abstract really explained all the elements for me. And, I think it is better to read something that watch a video because it is so easy for people to zone out and reading to me just makes it more comprehensive.",topic_0,1.0
63,I much prefer the presentation because reading abstracts are incredibly boring and time consuming. Another the presentation also provided a more visual method of learning about the study.,topic_0,1.0
64,"With what I had prior to taking the study, I think this would be easier. I had the base information and after watching Tyler's video I just have questions and it is too much to explain something that takes not long to complete.",topic_0,0.024750529578963627
65,"I would rather the presentation, because I learn better when I have an actually representation for me to look at. I think that the presentation is a better thing for deciding if the experiment was well made because it compares the expected results with the actual results.",topic_0,3.986569894684323e-309
66,I thin the presentation was better for me. Often times when reading something I get distracted so when hearing something it helps me retain it better.,topic_0,0.04396528345082084
67,"Personally, if I had to hear about this study, I would prefer the presentation over the extended abstract. While the extended abstract provides useful information we can always go back to, I feel the presentation, at least for me, would be better in understanding whether the experiment was well designed because it's being directly explained in great detail by one of the designers of the experiment. Also, for me, I understand things better when they're being directly told to me, rather than reading the information in a bunch of paragraphs.",topic_0,0.8651250727708961
68,I like the presentation better because I also like the added visuals. I also appreciate the extra explanations that can be hard to put into writing that are included in the presentation.,topic_0,0.042583259883484735
69,I think I would choose the presentation because I find it to be an easier method of absorbing information. I think the presentation was better for determining whether the experiment was poorly designed because it went into more detail and had graphics to help better explain the results.,topic_0,0.02308322409520986
70,"I would prefer the presentation because it was much easier to follow along and understand what they were doing with this research as opposed to the abstract that was written in a much more scientific way with some terms I am not familiar with. I also think the presentation is better at keeping my attention because I am not getting confused by the language of the abstract. However, I think that the abstract was better for determining if the experiment was well designed because they discussed their methods in much greater depth than the presentation did.",topic_0,1.0
71,I would prefer the presentation as it is nice to have the information be walked through by an informed individual. The presentation is likely better for determining whether the experiment was well designed due to it being able to provide more information in a shorter amount of time.,topic_0,4.034300165408735e-309
72,I enjoyed listening to the presentation more than I did reading the abstract. The presentation seemed more comprehensive and explained the study in easily understood language.,topic_0,0.2668706924243458
73,"I would prefer the extended abstract video, making it the better option for determining if the experiment was well designed. It was helpful and interesting to hear about rhe 3D background models and history.",topic_0,0.4270986468033706
74,"I would honestly prefer the presentation because I like to see all the variables in front of me instead of taking part in the experiment when I get only a portion of the information at the time. I don't like to be a test subject which is why I prefer the presentation. 

 

The presentation would be the method to see if the experiment was well designed. All the data is in front of you at that point so it would be the ideal match for determining a well designed experiment.",topic_0,3.963558066486397e-309
75,"I'd rather hear about the study using the presentation, because while reading the graphic, I had a difficult time understanding why this study was significant. The background on 3D versus 2D graphs was helpful to me in this regard. The abstract would likely be better for determining whether the experiment was well-designed because it has more detail in a written format.",topic_0,0.6196188758882402
76,I would rather watch the video because hearing someone describe it to me is a much better way for me to learn than just reading the abstract.,topic_0,5.942528789840757e-309
77,probably the presentation because it showed me the results in the way i wanted to see them,topic_0,0.03527014548603814
78,"I prefer the presentation because it was easier to understand, at some points I had to reread sections just because I couldn’t understand what it was trying to say. The abstract was very informational, but as someone who prefers to listen, I’d choose the presentation. The abstract would have a more precise way of explaining things and just more details. I think the abstract would be better out of the two to determine whether the experiment as well designed or not.",topic_0,1.0
79,"I prefer the abstract because it is much quicker and easy to understand, because it doesn't go into as Much detail. I think that an abstract is the best way to tell if a study is well designed, the video went into more detail about the results and looking forward, which isn't always necessary for determining if a study is well-designed.",topic_0,1.0
80,"I personally prefer the abstract. As a science major with a lot of experience reading scientific papers, I can read into them and I like interpreting the studies myself.",topic_0,1.0
81,I would rather hear the extended abstract. This had more information and the video presentation was very boring.,topic_0,0.19412288869873542
82,I feel that the presentation helped because its easier when someone talks to explain something and we can follow along. It helps because he can pause and explain things better and can go step by step.,topic_0,0.052904311156366915
83,If I had to hear about this study I would prefer the presentation because it is straight forward and I personally like when someone talks about it first and goes over it online. I would prefer the presentation for determining weather the experiment was well designed.,topic_0,6.178093333862807e-309
84,"I would prefer to hear about this study strictly from the presentation. Although the abstract was detailed, I felt that the presentation did a better job of explaining the background and purpose of the experiment. Overall, I think that the presentation would be better for determining whether or not the experiment was well designed.",topic_0,1.0
85,"I would prefer the presentation just because listening to someone speak like that has always helped me learn better in general, and I was a fan of the visuals and whatnot that were used in the presentation. I feel like the video just because it gives kinda a step by step and some background, and idk, i just feel like it has it all.",topic_0,5.71122077396016e-309
86,I prefer that abstract because it gave me more of a concise idea of why the experiment was set up the way it was and the information was easier to take in. I think the abstract gives a better way of determining if this experiment was well designed because future researchers can use the abstract to test how well designed this study is.,topic_0,1.0
87,I would prefer presentation because i’m more of a visual learner than just reading. I learn more from someone explaining it to me rather than reading something. Presentation would be better for determining whether the experiment was well designed,topic_0,4.085357103679925e-309
88,"I would say the presentation, because the purpose was a little clearer. This way it clearly showed that the experiment was designed better.",topic_0,0.037039881566544135
89,"The abstract for sure, as the presentation mainly showed the difference in bar graphs and how to digitize a 3d bar graph.",topic_0,0.042346227751413626
90,The presentation is way more preffered to hear about this experiment. The presentation is so much easier to understand and I feel like that would also make it easier to understand if the experiment was well designed.,topic_0,4.230694362913355e-309
91,"I preferred the presentation more, it was easier to follow along and stay engaged. The presentation is easier to listen to and see parts of the experiment.",topic_0,0.023489416462729968
92,The presentation due to it providing more of the formulas and math behind the experiment and it also provides a better background for their reasoning behind the experiment. I would say the presentation would also help the presentation seem well designed.,topic_0,0.009641410805475991
93,"The presentation since there are more visuals (images, the bar charts, models) as well as an explanation of the study design and predicted results (which were also not in the abstract). In addition, there had also been more of a background on the 3D graphics to give the participant more understanding of why the study is being conducted. This is not to say that the abstract was inadequately written, it was very extensive and informative, but in terms of having to choose one for specifically for determing whether the experiment was well designed and also for participation, I would choose the presentation.",topic_0,1.0
94,"Personally, I would watch the presentation. The reason why I would say this is because it gave me more visuals so I was able to comprehend what I was going to look a. I also learn better from when I listen to somewhat talk and explain what I am about to do.",topic_0,5.867410798641285e-309
95,"Personally I would prefer the presentation. I thought having someone else explain the experiment to me rather than me reading the abstract was more helpful. Personally I had to reread the abstract to try and figure out what it was saying, it felt like it was saying the same thing over and over again.",topic_0,0.7594026725224482
96,"I prefer the presentation because it kept my attention more and walked through the results in a way that is easy for someone not familiar with the data analysis methods used to understand. The abstract, however, is better for determining whether the experiment was well designed.",topic_0,0.7152761445659943
97,"I would prefer the presentation, because it seemed the best laid out and clean. I also think that the presentation would be the best for determining whether the experiment was well designed.",topic_0,3.90784454469692e-309
98,"I would definitely prefer the presentation. Having visual representation for people gives them a better understanding of the experiment overall. As well as having someone guide the viewer of the presentation through the work, allows for a connected feeling towards the experiment as we have someone talking to us instead of us reading an abstract from someone we don't know.",topic_0,4.160257403409614e-309
99,Probably the presentation. It is generally easier for me to understand spoken words than written words.,topic_0,6.12629191705654e-309
100,I would say the abstract since I would have liked to know the background. The abstract would also better help with how well the experiment was designed since it goes in depth.,topic_0,1.0
101,Probably the abstract because its strait forward. but the presentation was and is better at explaining the experiment.,topic_0,0.7380422001366658
102,I would much prefer the presentation over the abstract. I still was left kind of confused when I read the abstract. I feel like this video did a better job at filling me in on any questions I had.,topic_0,0.1805691037772895
103,"I would prefer the presentation. It would be better for determining whether the experiment was well designed because it uses more day-to-day words for better understanding even for those who don't really know statistics. Also, it helps me to visualize while listening.",topic_0,0.024564635152759424
104,"I would choose the presentation, with visual examples shown it provides a better and easier way of explaining what the goal is and what is happening. In the abstract paper it mentions the graphs but doesn't show how to read them or what specifically to do with them. So, in that case I would choose the presentation.",topic_0,1.671884724022457e-308
105,"If I had to hear about this study using only one of the two I would chose the presentation, I like hearing and visually seeing what the experimenters are talking about it and I felt that I can remember and learn more from it. I think that the abstract helped determine that the experiment was well designed, but I like to hear from the people who created the experiment talking about it.",topic_0,1.0
106,I would rather hear about this through the abstract. This is because an abstract sounds more official and scientific to me and I feel there is less bias in an abstract.,topic_0,0.6917992895196282
107,"I would use the reflection because it gives a better explanation and shows us more information about the study. I believe they both have their place. I would use both to determine if it was well designed. I believe this because the abstract holds good information that needs to be seen, but also the presentation goes into depth and what they could change or do in the future.",topic_0,1.0
108,"I would prefer the presentation because I understand it better. Reading the abstract, I was a little confused because I don't think they mentioned the group size or how the sample group was found. In addition, the presentation had visuals and did a good job at explaining every part of the experiment in depth.",topic_0,1.0
109,"Truly, I have no idea. Perhaps the extended abstract would be better. I don't know which would be better for the experiment appearing well-designed. I just took an intro to stats course. I barely know what experiments are. Brother, if I was capable of judging the quality of graduate level experiments, I would not be in this class. Why are you asking undergrads this? That's what I would like to know.",topic_0,1.0
110,"I prefer the abstract because it provides a more detailed explanation of the study's goals and designs. Which includes specific procedures and rationale that help determine whether the experiment was well designed. For evaluating the quality of this study, having access to those details is more useful that visuals alone. The abstract also shows how the study is built off past research, giving it more credibility.",topic_0,1.0
111,"I would have preferred the abstract. I find reading condensed information easier than listening to someone talk about it. However, I think the presentation is better to decide if the experiment was well designed, because it’s less condensed and allows for more detail.",topic_0,0.7530288374529518
112,"If I had to choose between hearing about this study only from the abstract or only from the presentation, I would choose the presentation. I liked how the presentation explained it more, and it was more visually explained, which is helpful for me. The presentation would be better for determining whether the experiment was well designed, because it walks through every detail of it.",topic_0,1.0
113,"I preferred the extended abstract, personally. The extended abstract provided a lot more detail into the intended goals and structure(s) of the experiment and I believe it is more determinant of the experiment's design properties moreso than the oral presentation, however, the oral presentation is a bit more palatable and easier to digest for most others, I would presume.",topic_0,1.0
114,"I’d rather hear about the study through the extended abstract. It gives all the details about how the experiment was set up, which helps me figure out if it was well done. The abstract has more of the info I’d need to decide if the study was designed well.",topic_0,1.0
115,The presentation was a better explanation. I felt as if I understood the presentation better and I know a lot of students like to skim reading rather than read the whole thing. The presentation also provided the graphs and tables of the results.,topic_0,0.05451991114037492
116,"The presentation is what I would prefer, but the abstract is probably what would be better for determining whether the experiment was well designed.",topic_0,1.0
117,If I had to hear about the study using only the extended abstract or the presentation I would personally prefer the presentation. I think that determining whether the experiment was well designed or not would be through the abstract.,topic_0,1.0
118,"The abstract I understand better when I can go back and reread the information, rather than listening to someone on a recorded presentation. The abstract also, I feel laid out the structure and testing goals of the experiment more clearly and professionally.",topic_0,1.0
119,I would prefer the presentation because It was a lot more clear and directly related to the experiment. The presentation would be better for determining if the experiment was well designed because you get to look at the components of the experiment and if they are accurate and valid or not.,topic_0,0.029288204688152058
120,The presentation due to it providing more of the formulas and math behind the experiment and it also provides a better background for their reasoning behind the experiment. I would say the presentation would also help the presentation seem well designed.,topic_0,3.860758778560725e-309
121,"The abstract for sure, as the presentation mainly showed the difference in bar graphs and how to digitize a 3d bar graph.",topic_0,0.04450229711556344
122,"I would prefer the presentation, because it seemed the best laid out and clean. I also think that the presentation would be the best for determining whether the experiment was well designed.",topic_0,3.902375885079745e-309
123,"I preferred the presentation more, it was easier to follow along and stay engaged. The presentation is easier to listen to and see parts of the experiment.",topic_0,0.024867413310967708
124,"I prefer the presentation because it kept my attention more and walked through the results in a way that is easy for someone not familiar with the data analysis methods used to understand. The abstract, however, is better for determining whether the experiment was well designed.",topic_0,0.6998759742930302
125,"Personally, I would watch the presentation. The reason why I would say this is because it gave me more visuals so I was able to comprehend what I was going to look a. I also learn better from when I listen to somewhat talk and explain what I am about to do.",topic_0,5.88056087070974e-309
126,"I would say the presentation, because the purpose was a little clearer. This way it clearly showed that the experiment was designed better.",topic_0,0.041207386902220505
127,"The presentation since there are more visuals (images, the bar charts, models) as well as an explanation of the study design and predicted results (which were also not in the abstract). In addition, there had also been more of a background on the 3D graphics to give the participant more understanding of why the study is being conducted. This is not to say that the abstract was inadequately written, it was very extensive and informative, but in terms of having to choose one for specifically for determing whether the experiment was well designed and also for participation, I would choose the presentation.",topic_0,1.0
128,I would prefer presentation because i’m more of a visual learner than just reading. I learn more from someone explaining it to me rather than reading something. Presentation would be better for determining whether the experiment was well designed,topic_0,4.06643932349476e-309
129,"I would prefer the presentation just because listening to someone speak like that has always helped me learn better in general, and I was a fan of the visuals and whatnot that were used in the presentation. I feel like the video just because it gives kinda a step by step and some background, and idk, i just feel like it has it all.",topic_0,5.768417177323783e-309
130,I prefer that abstract because it gave me more of a concise idea of why the experiment was set up the way it was and the information was easier to take in. I think the abstract gives a better way of determining if this experiment was well designed because future researchers can use the abstract to test how well designed this study is.,topic_0,1.0
131,The presentation is way more preffered to hear about this experiment. The presentation is so much easier to understand and I feel like that would also make it easier to understand if the experiment was well designed.,topic_0,4.228826639760253e-309
132,"Personally I would prefer the presentation. I thought having someone else explain the experiment to me rather than me reading the abstract was more helpful. Personally I had to reread the abstract to try and figure out what it was saying, it felt like it was saying the same thing over and over again.",topic_0,0.7689110318580938
133,"I would prefer only the presentation to understand things, myself. Since this is the case, aspects of the video would help me determine whether the experiment was well designed. However, a well-written abstract alludes to a well-designed experiment.",topic_0,0.5984295224139712
134,I think that the presentation did a smuch better job. I do better hearing people actual talk and explain things. It was more in depth and easier to understand through the person talking.,topic_0,0.0545886446960151
135,"I would prefer the presentation if I just wanted a quick, clear idea of what the study was about and why it mattered—it’s usually more visual and easier to follow. But if I wanted to decide whether the experiment was well designed, the extended abstract would be better. It goes into more detail about how the charts were made, how participants were chosen, and how responses were measured. That kind of depth is important for judging the quality of the research.",topic_0,0.787904494995932
136,The presentation just because I felt like it was broken down better and easier explained. I think the presentation would be better for if it was well designed.,topic_0,0.03745375576400439
137,I think I would rather hear about the presentation through the presentation because the presentation was easier to understand and helped me to understand the concepts of the study. I think the extended abstract helps to determine if the experiment was well designed because the extended abstract had more information and dove even deeper into the purpose and procedures of the experiment.,topic_0,1.0
138,I prefer the presentation because I am a very visual learner. Seeing exactly what part of the experiment is being talked about is really nice. I think an abstract would be better for understanding if it is a well done experiment because it is in a format that can be easily compared to other experiments.,topic_0,1.0
139,"I definitely think from the perspective of someone outside of the statistics community, the reflection is a much more relatable format to receive the information. However, as a statistician, I feel I would really want to take a dive into the abstract to see the design of the study.",topic_0,1.0
140,"I would rather hear about it through the presentation. They go in depth a lot more in the presentation than in the abstract. The guy also shows visuals in the presentation, therefore, It's a lot easier to see what is actually going on, rather than reading the words on the paper.",topic_0,0.06315415616203439
141,The extended abstract is better for understanding the studies design because it includes detailed methods and data. It provides a clearer basis for evaluating how well experiment was conducted.,topic_0,1.0
142,The presentation. I felt the presentation went into greater detail and was very well organized. It was all encompassing of the experiment.,topic_0,0.0338378405780892
143,"If I had to choose, I’d prefer the extended abstract because it provides a more detailed summary of the study's objectives, methods, and results. It would also be better for determining whether the experiment was well designed, since it likely outlines the experimental setup, sample size, controls, and procedures—key details not always covered in a presentation.",topic_0,1.0
144,"I would probably select the presentation. This guy had a cool voice and it made me want to listen to him. I do agree that people teach themselves to an extent, but I mostly did the experimental learning because I had to, not because I knew why I was taking it. I am very much a facts person, so I need a reason behind something to make me want to do it.",topic_0,5.58083202253237e-309
145,"I would prefer the presentation because I found it to be more informative and clear. It gave me a better understanding of the experiment it's self, which helped me connect with the content more easily. I think that the presentation is also more useful when evaluating whether the experiment is well designed. That said, I do think collecting data in different formats can be valuable for gaining a fuller understanding of what my be considered better.",topic_0,3.9327602608715e-309
146,I prefer the presentation because it can show actual results from the study rather than just the expectation of the study. Again I would like to mention I learn from results not assumptions. I understand now how this study will be used after watching the presentation.,topic_0,5.6508475557268e-309
147,"I would much prefer to hear the presentation compared to the abstract. The presentation was very straight forward and it was easy to understand what the experiment was truly looking to examine. The abstract was hard to follow at some points, which makes it hard to hold a students attention. However, I think the abstract would be better for determining whether the experiment was well designed because of how in depth and detailed it was. The abstract was pretty much a scientific paper which would clearly be the more reliable thing to look at.",topic_0,1.0
148,I would prefer the presentation because it goes into all the components of the study and discusses the specific results of the data and explains all the different components of the study while the abstract just gave a general overview and didn't go into the specific details of the study.,topic_0,1.0
149,"I would prefer the presentation. This is because it breaks down some reasoning as to why they use different graphs. But what the experiment is for, and what they do to calculate their data and results. This helped inform me better to my liking.",topic_0,0.023926707668306575
150,"If I had to choose, I would prefer the presentation because it was more engaging and provided a clearer picture of the study's context and significance. However, the extended abstract would be better for assessing whether the experiment was well-designed, as it included more details about the methodology and theoretical basis.",topic_0,0.7745008277699547
151,I would choose the presentation over the abstract. I think the presentation was better for determining whether the experiment was well designed. We got a lot more information from the presentation.,topic_0,0.7660008350984583
152,I would prefer the presentation as it breaks the study down a bit better for me and give you visuals as well. The extended abstract is probably better for determining whether the experiment is well designed or not.,topic_0,0.8540172360641655
153,I think that only the presentation would be better for determining whether the experiment was well designed because Tyler emphasizing certain things that would be otherwise missed. The presentation also brings up parts of the Cleveland and McGill study which presents a more clear comparison for the two studies. This comparison makes it easier to examine the accuracy and structure of the study that was conducted.,topic_0,0.03084058071851421
154,"I would prefer the presentation because it explained the study in more depth and made the results easier to understand. For evaluating the study's design, the presentation is better since it includes details about methods, controls, and limitations.",topic_0,5.68727883447931e-309
155,"I believe the presentation was better for learning about the experiment. The presentation was easier to understand as it was more engaging, but it also provides more data for understanding that the abstract does.",topic_0,1.0
156,I think that I would choose the abstract because it explains why and how the experiment works. I liked this because I could go back and read it whenever I needed to. The abstract works better to understand how the experiment was designed and defends that it was designed well.,topic_0,1.0
157,"Probably the video presentation because someone is explaining the experiment. Whereas if I'm reading it, I will probably find it more boring to read about graphs.",topic_0,0.02359267742043064
158,I think the presentation would be better. It is explained well and has good visuals to explain what would be happening.,topic_0,0.04561382654241379
159,I would prefer the presentation. The presentation would be better for determining if the experiment was well designed.,topic_0,0.027216870687377236
160,The abstract would be better for understanding because it’s more detailed. The presentation would be better for seeing if it was designed well.,topic_0,1.5779042568135947e-308
161,"I would prefer the extended abstract because I tend to learn best when I am reading something. When watching the presentation, I felt like I absorbed less information than when I read the abstract.",topic_0,0.7609206508581233
162,I think I would prefer to hear about this study only using the extended abstract because I prefer the way the information that was in the extended abstract was presented. It included a lot of information that was included in the presentation could also be found in the extended abstract. I think that the extended abstract would also be the best for determining whether the experiment was well designed because it explained some of the errors or potential errors and where the study should be furthered.,topic_0,1.0
163,I would prefer to watch the presentation rather than reading the abstract because I am more of a visual learner. I feel like I can determine more about the experiment through the visual representations and a human explaining the composition of the experiment.,topic_0,0.7739958231514584
164,The presentation would be more beneficial for deciding if the experiment was well-designed because it presents more information. While that abstract is short and does not go into great detail.,topic_0,1.0
165,I would prefer the presentation because it showed the reason for why they were doing the presentation more clearly and it was easier to follow along. It would be more beneficial for those who do not have a background in statistics as well because they can see the pictures within the presentation rather than just reading the words in the abstract.,topic_0,5.30100454980955e-309
166,I think the presentation is what I would prefer. It made a lot more sense hearing someone explain it with words and graphics.I think the abstract was a little confusing to follow. I think both are good choices if you need to determine if it was designed well.,topic_0,1.475377273927782e-308
167,I’d rather hear about the study through the presentation because it’s easier to follow especially with the includes visuals. But the extended abstract would be better for judging if the experiment was well designed since it explains the methods and details more clearly.,topic_0,1.0
168,I would prefer the presentation. The presentation gives more information than the extended abstract does and shows the experiments design.,topic_0,1.0
169,"I think the extended abstract would be easier because it allows you to analyze words and data on your own and interpret them rather than just being told what to think. It gives a lot more room for questions to be made and answered, overall making the experiment better.",topic_0,0.8706956347743805
170,"I would choose the abstract because the abstract goes in to detail on how you're doing it while you're doing it while the presentation also does the same thing but it is shortened and it doesn't really go into that much detail on why they did it in the abstract, you can look at the statistic values",topic_0,0.7595866447662029
171,I would rather hear about the study from the presentation because it was easier to follow and had visuals. But the abstract is better if I want to know if the experiment was well designed because it’s more focused and to the point.,topic_0,1.0
172,I would say that the presentation is the one that I would prefer. I say this because there is someone verbally explaining the results to me which is easier to understand. Also when they speak about their results they are less likely to use the big and very specific terms which makes it easier to understand as someone who wasn't doing the research themselves.,topic_0,5.76750036330751e-309
173,I would definitely prefer the presentation. The presentation explained the study's design better and I liked how it gave visual representations. The presentation was also overall easier to understand and felt more explanatory.,topic_0,5.636675461157464e-309
174,"I would prefer the presentation to hear about this study. I feel like I am more of a listening learner rather than a reader, and I got more detailed information on the study through the presentation. The presentation is better for determining whether the experiment was well designed because they can provide more detailed limitations and/or discussion slides on the study.",topic_0,5.76315771832588e-309
175,"for the aspect of my own personally understanding, i would prefer the presentation. I feel as though the presentation uses a good amount of auditory explanation as well as image depictions to help make everything make better sense. on the contrary, I think the abstract would be a better way to show if the experiment was well designed",topic_0,1.0
176,"I would choose a presentation. It is difficult for people to imagine it with just text. But if it is a video, people can know more intuitively how the experiment was designed and completed.",topic_0,0.014553354103136741
177,"If I had to hear about this study only using one method, I would choose the presentation. The presentation is more in-depth and provides more detail to digest, which makes it easier to form an opinion and/or understanding of the study.",topic_0,5.9911115919144e-309
178,I would prefer only the presentation. I felt it kept my attention more. I think the extended abstract would be better for determining whether the experiment was well designed tho!,topic_0,1.0
179,"I would prefer just the presentation. I am not good at experimenting in this way, and I like to have it laid out for me with results. Much like a thesis defense, I like the short and sweet of the how and why.",topic_0,0.02585104546398111
180,I would prefer the presentation all the way. It explains more about what we participated in rather than the old study. He also used easier words to understand that are implemented into the extended abstract because it was a formal study.,topic_0,0.7770641431444774
181,I would prefer the presentation. I think the presentation better explains the study as well as better shows how it was designed.,topic_0,5.87104112295905e-309
182,I would prefer the presentation since I learn better from visuals. I think the abstract would be better for determining whether the experiment was well designed or not.,topic_0,1.0
183,"I liked the presentation more because the way the data was displayed was much better than the abstract. The abstract may have more information about the study design, but the presentation was more helpful for this learning experience.",topic_0,0.3995954133504908
184,The presentation because it showed the results and why he got the larger responses to each graphs or 3D charts. It was easy to see all the visual charts.,topic_0,0.03598250653553344
185,I would prefer the presentation because it helped me picture everything better. I think the presentation was also better to determine if the experiment was well designed because it provided the graphs of results which the abstract was just words so if you are a visual learner it was more difficult to understand fully.,topic_0,1.0
186,"I would prefer the presentation for an overview because it's easier to understand and visually engaging. However, the extended abstract would be more useful for evaluating the study’s design and methodology in depth.",topic_0,1.0
187,I think the abstract would be better. I think that one had a little bit more information in regards to how and why the experiment was completed.,topic_0,1.0
188,If I had to hear about this study I would prefer to hear it through a presentation because it is easier to understand compared to an extended abstract. The extended abstract would be better at determining whether the experiment was well designed because it would include more detailed methods.,topic_0,0.8560072200694879
189,I personally liked the presentation more. This was because I did have to try and figure it out on my one because someone was explaining it to me.,topic_0,0.03760467891100844
190,"I like the format of research papers better. I understood more from the structure of the paper. I additionally appreciate an abstract as a preface to the study. The video did go into more depth about the results of the study, but results are a lot easier for me to interpret. As the article went into methodology which I find more difficult to understand so I appreciate the longer explanation. That's why I would also say it's better for determining the experiment design.",topic_0,0.44468750522164346
191,I would prefer the presentation. The main points I learned from the abstract was this study's comparison to a previous one. This presentation better presented the main points of this study and the importance of each variable. The presentation would better help determine if the experiment is well designed as it has more depth than the abstract.,topic_0,1.0
192,"A extended abstract provides a more in depth/detailed summary of data recorded from a specific study/experiment, so personally I would choose this option. The feedback that can be recovered from a extended abstract is critical for peer review, which is what most of the audiences intention is from reading/listening to this study mentioned above. This methodology provides us with significant details regarding our research questions, and how well the experiment was designed.",topic_0,1.0
193,"I would say the extended abstract because it provides a structured summary of study goals, methods and results which is essential for evaluation whether the experiment was well designed. Abstracts tend to include more detail about the experimental design, statistical methods and findings than a presentation typically does. However the presentation might be more engaging and easier to follow when it comes to the visual aspects like the 3D printed charts. The abstract is overall just more informative.",topic_0,1.0
194,"The video did a great job explaining the project and the purpose, making it my preferred form of communication. I think the presenter is able to convey the importance of the research, the methods, and interactions with students better in the video.",topic_0,0.05395412758441592
195,"The presentation was preferable as a test subject. I was curious to see the statistics produced. However, for general purposes the abstract was easier to pay attention to as it was a short and effective explanation whereas the video used more advanced terms and statistical vernacular I am unfamiliar with.",topic_0,0.4946295011663458
196,I would prefer the presentation. This is because the information is delivered in a more concise and clear method. I was able to understand what the author was saying and how he was saying it.,topic_0,6.411067683311316e-309
197,"I'd prefer the presentation as it still covers the study's design about as well as the extended abstract but includes the some of the results. For these same reasons, I think the presentation is better for determining whether the experiment was well designed.",topic_0,0.7650389345834895
198,I think that the presentation was a better option and it wasn't too long and got through all of the important points.  I think the presentation would be better for determining whether the experiment was well designed.,topic_0,4.098099359120175e-309
199,"For a quick grasp, I would want the more interesting and simple to follow presentation. Still, the extended abstract is superior for examining the design and rigor of the study since it includes specifics on the techniques, variables, and statistical reasoning required for validity evaluation.",topic_0,1.0
200,"I would prefer the presentation to get an engaging overview and see visual examples that make the study easier to understand. However, the extended abstract would be better for determining whether the experiment was well designed.",topic_0,1.0
201,The extended abstract would be better for determining if the experiment was well designed.,topic_0,1.0
202,I personally prefer the presentation as its easier to understand the research questions and intent of the study and explains more in depth what we were participating in. it also helped understand more about the different types of charts and graphs that we were observing and what the charts and graphs portrayed differently in a visual sense.,topic_0,5.439154908220107e-309
203,"I would prefer the presentation to quickly understand the concept, since it uses visuals and real examples that make the topic easier to grasp. However, the extended abstract would be better for determining whether the experiment was well designed, because it includes more detail about the methods, sample size, and data analysis.",topic_0,1.0
204,I’d choose the presentation because it was easier to follow. But the abstract is better for checking if the study was done well.,topic_0,1.0
205,I would choose the presentation because it was easy to understand.,topic_0,0.04074059081664642
206,"If I had to hear about this study only using the abstract or the presentation, I would probably pick the extended abstract because to me it just made more sense and was layed out a lot better in my eyes and for the way that I learn. Now, for most, I would say that the presentation was layed out decently as well, and lots of people would prefer looking at the study this way.",topic_0,0.8070404943304648
207,I would prefer the abstract because it better explained the importance of the study and why it matters. I think the presentation might be better at determining how well-designed the experiment was.,topic_0,0.7185586546714463
208,The presentation went more in-depth with the topic and also explained some ideas that were not covered in the abstract. The imagery that was able to be discussed in the presentation was helpful to me since I'm a visual learner as well.,topic_0,0.06112131508898986
209,"I typically learn best through reading and find the abstract more informative so that is my preference. However, I believe most people would find the presentation more comprehensive with the visual aspect. Because the presentation specifically discusses the step by step process, I believe it is better in that regard.",topic_0,1.3930407110884087e-308
210,I would prefer the presentation because it gives an easier explanation as well as more of a visual answer. This helps to clear up confusion. The abstract might be a better indicator of whether the experiment was designed well or not.,topic_0,1.0
211,The abstract since it was more laid out and explained and broken down. Having it in writing makes an experiment make more sense since you really have to think about what’s being written.,topic_0,1.0
212,I would prefer the extended abstract. This is because I think the abstract delivers the most important information. The presentation would be better for determining whether the experiment was well designed because it provides more background information on the study and the results.,topic_0,1.0
213,I think I would prefer only the presentation. I think the information would be presented better through talking.,topic_0,6.09327458924214e-309
214,The extended abstract because I prefer a scientific presentation of information. I also like that reading can get you a little more info than a presentation.,topic_0,0.7455344349736408
215,"-Personally I am more able to understand material/information by reading it as I can connect the dots better that way. In addition, the presentation only helped with the small 'niche' elements but not the overall bigger picture of this study that continues to change expect for the abstract/purpose of the study itself.",topic_0,0.13980406357705136
216,The presentation format stands as my preferred choice for learning about this study because it delivers an interactive presentation of  study findings in detail. The extended abstract stands as the better choice for evaluating the experiment's design because  it presents methodology and objectives in a clear and concise manner which supports critical evaluation of the study's structure.,topic_0,1.0
217,"I would prefer to hear about this study from the presentation. It provided more information on the results and application, which were the most applicable parts of the study. From a researcher's point of view, the abstract would be better for gauging the quality of the experiment, because it explained more of the methods and how the experiment was designed.",topic_0,1.0
218,presentation. This explains things much clearly. I still think the presentation helps explain better in its own ways.,topic_0,0.042771382298809495
219,I think the presentation because it’s easier to follow,topic_0,0.037508138157196357
220,I would prefer the abstract. I enjoy reading things and believe that I understand things better that way. I think that the abstract gives a better indication on the quality of research design.,topic_0,1.0
221,"I'd prefer the presentation since there were diagrams and pictures to help the viewers better understand the conceptual ideas that the presenters' were trying to get across. The extended abstract seemed inconvenient.  Between the presentation and extended-abstract, I think that the presentation is better for determining whether or not the experiment was well designed.",topic_0,1.0
222,"I would have preferred to hear about this study via the presentation becuse I think that it explains things that were also addressed in the previous Abstract, in a much simpler way whereas there were times when reading the Abstract that I felt there was terminology that was confusing/would be confusing to someone who has never taken a Stats course.  I think though in terms of determining whether the experiment was well designed or not that someone should take into account the Abstract as it explains in much greater detail things that can't be explained in a short presentation.",topic_0,1.0
223,"I feel that the presentation was more beneficial, and easier to understand. The video was able to explain the experiment in a more reasonable and understanding fashion. It also helped explain the experiment, more in depth in comparison to the abstract that we had read through, originally.",topic_0,0.027152347773991083
224,"I would prefer the presentation, as it gave me the most information as well as providing plenty of visuals to show me what they were saying. I feel like if I knew nothing about this study previously, the presentation would help me understand it the best.",topic_0,5.846749750162473e-309
225,"I think both platforms provide useful information in understanding the experiment. However, I think the extended abstract did a better job of emphasizing the role of 3-D vs. 2-D in depth perception and identifying the differing heights among block figures.",topic_0,0.8065424044754553
226,"I like the presentation because it provides a more interesting and extensive explanation, complete with pictures and context to assist comprehend the study's approach and conclusions. However, the extended abstract is preferable for judging whether the experiment was properly planned because it presents the methods, aims, and main findings in an organized fashion. Each style has a particular function, although the abstract is more suited for assessing scientific rigor.",topic_0,0.8278434380391116
227,"I would prefer only the presentation. I also think that the presentation would be better for determining whether or not the experiment was well-designed. This is because the presentation made more sense to me, and I felt like it was hard to follow along in the abstract.",topic_0,1.0
228,"I would prefer the presentation because I am a very visual learner. Although, i do believe reading through the abstract is the best way to determine if the experiment was designed well.",topic_0,1.0
229,"I would prefer the presentation because I am a visual learner. I do better when I can see what's in front of me and not just read it. However, I think the abstract may be better at determining whether the experiment was well designed.",topic_0,1.0
230,I would prefer to hear about the study using the extended abstract. It would be better to determine if it was well designed because it goes into greater depth about the set up for the experiment.,topic_0,0.8819261759684397
231,"I would prefer the presentation for a general overview because it’s more engaging and easier to follow, especially with visuals. However, the extended abstract is better for evaluating the experimental design because it includes detailed methods and rationale that support critical analysis.",topic_0,1.0
232,"I would prefer the presentation because it clearly outlined the structure, purpose, and logic behind the study in an accessible way. However, the extended abstract would be better for determining whether the experiment was well designed, since it focused more on research methods, variables, and the implications of the findings in a concise, academic format.",topic_0,0.7528533761836917
233,"I would prefer the presentation because it gave a clearer picture of the results, methods, and real-world implications, making it more engaging and easier to understand. However, the extended abstract would be better for evaluating whether the experiment was well designed since it explains the structure, variables, and rationale in more detail. The abstract lays out the foundation, while the presentation builds on it with outcomes and insights.",topic_0,1.0
234,If I had to hear about this study I would prefer to see the presentation. I find that the presentation is very clear and states the reasoning of the study and how it was conducted.,topic_0,0.1649087042917448
235,"If I had to pick just one, I’d rather learn about the study through the presentation because it’s more interactive and visually clear, which helps me stay focused and grasp the main ideas. But when it comes to figuring out whether the study was actually well-designed, I think the extended abstract would be more useful. It lays out the research question, the methods used, and the reasoning behind the approach in a more detailed way. Presentations tend to summarize a lot, so they might leave out important details needed to judge the quality of the experiment.",topic_0,0.75546894230329
236,"I would prefer the presentation over the extended abstract. To me, it made the experiment feel less confusing to understand in regards to the purpose of us doing the experiment. However, because the abstract is so detailed I feel like that one would be better for determining if the experiment is well designed.",topic_0,0.8990869828056024
237,I would ask to see the presentation it made a lot more sense and I could physically see what was asked and why. The abract would be better for determing whether the experiment was well designed though.,topic_0,0.02054583195370144
238,"If I heard about this study using only the abstract or presentation, I would prefer the presentation since it had a more detailed described design of the experiment. There is something about a person speaking and explaining the information that makes the explanation of the experiment seem more well designed.",topic_0,1.0
239,"I would prefer the extended abstract over the presentation. To determine if the experiment was designed well I'd also say the extended abstract since it explains the experimental design and goes into detail about methods, variables, and how the study was built off of a prior research study.",topic_0,1.0
240,"I would prefer the extended abstract because it gives a good overview of the most vital information in the whole experimental process. The presentation is better for determining whether the experiment was well designed, since it explains the question at hand and every component of data collection.",topic_0,1.0
241,I'd rather hear about the study through the presentation because it's easier to understand and more engaging. But the extended abstract would be better for judging if the experiment was well designed. since it gives more details about the methods and results,topic_0,1.0
242,"I would prefer the presentation, because I understand the experiment more by viewing the visuals, while also getting it explained to me. I can also rewatch it as many times as needed to understand the experiment, and it provides much more details on the experiment that we do not get by just reading the extended abstract. Personally, I think the abstract gives more specific details on the design and specifically its set up, just because it is a little more simplified, but still detailed for the set up aspect, and gives the reader exactly the information they need to know in order to determine if the experiment was well design.",topic_0,0.7967943850535201
243,"I feel like the presentation provided a more clear and concise summary of the study. However, I may be biased in this opinion because I am more of a visual learner and hearing as well as seeing information is best for me.",topic_0,0.061679942147808926
244,I would much prefer the presentation simply because I am a visual and audio learn. Others might feel differently of course. The presentation has more visuals and when more complex details are explained it is so much easier to understand.,topic_0,5.82097461539621e-309
245,"I found the presentation to be more informative. I have a harder time understanding the detailed text of this nature, so the visual presentation and the highlights introduced by the presenter helped me understand the material better.",topic_0,0.055434415039242735
246,I would say one big factor would be how useful it is in determining the importance of the results. The results are all measured in a way that can fully support the hypothesis.,topic_0,0.024759236173334722
247,I would prefer the presentation because it is easier to follow along with and provides a good understanding of the study. However the abstract is nice when trying to get the fuller picture of the study as well.,topic_0,1.0
248,"I would prefer the presentation. I thought it was much better for explaining the purpose of the study, as well as the methods and results.",topic_0,5.80050782376738e-309
249,I would prefer the presentation because I feel the information was laid out more detailed and better explained when compared to the extended abstract. The abstract can be hard to understand when not super familiar with the study. The presentation allowed the information to be more clear to those who are not experts and less confusing. I think the presentation would then also help more in determining whether the experiment was well designed or not.,topic_0,0.7783737690398418
250,I would choose the presentation. It gave more visual aid to the study and understanding the different graph types.,topic_0,0.03296397752240969
251,I would prefer the presentation because it is easier for me to understand. The extended abstract would be better for looking at the design of the experiment.,topic_0,1.0
252,"I think I would rather hear the presentation because it is easy to follow and understand. The presentation is laid out very well, and it is in a good order. Sometimes reading long articles can be hard to follow and understand.",topic_0,0.02791041722340608
253,I would prefer the prestentation because i am a visual all learner and would rather watch a video than read an article. I retain it a little better and i can always go back and rewatch if im confused.,topic_0,0.021475108027802746
254,The presentation. This is because the abstract feels much less personable and easier to follow. The abstract is probably better with determining whether the experiment was well designed,topic_0,1.0
255,"Personally i would choose the abstract just because i enjoy reading more than watching a presentaion, but as far as the infromation goes the abstract gives a brief, but well informed summary of the study.",topic_0,1.0
256,"I would prefer the presentation over the extended abstract. I think the presentation was all around more informative, easier to understand, and would be better for determining whether the experiment was well designed. Having a lot of backup information to support the experiment kept my interest and spiked my overall support for the conduction of the experiment.",topic_0,0.7522436246954736
257,"I prefer the presentation because it is able to cover mor specifics and limitations to the study. However, I believe the extended abstract went more into detail about the specific experiment performed and would be better to determine how well it was designed.",topic_0,0.8439489405727375
258,"I think I would have preferred hearing the presentation because I found it a lot more engaging than the abstract. I think the presentation language was also a lot more digestible and used general public-friendly language the abstract was more technical. I think the abstract is still more helpful for determining how well-designed the experiment was though, since it answered questions I had after the presentation.",topic_0,1.0
259,I would prefer the full conference presentation over just the extended abstract. The presentation would provide much more detail that would help me better evaluate the experimental design.,topic_0,1.0
260,I would prefer the presentation since I see how different the data would be when comparing bars that are in a 3-D graph and a 2-D graph. The extended abstract however provided clearer details and information about the study. This would be better when determining how well the experiment was designed. I say this because we are able to look closer at how each of the graphs was manipulated.,topic_0,0.8333312494705694
261,I prefered the presentation as it provided more visuals for me to understand and broke down each part of the experiment in more detail. I believe the delivery of the presentation was more geared towards those who have little understanding in statistics and I was able to observe how the experiment was designed and why. I appreciated having someone explain what each graph is and the purpose of this study and the Cleveland and McGill study.,topic_0,0.03412885427082733
262,I guess I would perceive that this study would have more relevance to the presentation as it makes me believe that this experiment is much more applicable in helping researchers learn how to teach better classes than helping the visually impaired.,topic_0,0.023363672474493436
263,"I would prefer the presentation. I think that maybe the abstract would be better for determining whether the design of the experiment was better because of the fact that it strictly lays out the experiment and some of what math was involved, whereas even though the presentation did that, it went more in depth about the results as well instead of just the design.",topic_0,1.0
264,"I would prefer the presentation as it's more in-depth and provides a visual rather than the extended abstract. I also think the presentation would be better for determining whether the experiment was well designed for the same reason, it provides a visual for a visual study.",topic_0,0.8464905745367588
265,The think I would prefer the presentation. I thought that the presentation explained things very well and kept me interested in what was happening in the experiment. I think that the presentation would also be better for determining if the experiment was well designed.,topic_0,4.221506151940464e-309
266,"Personally, I would've preferred the presentation as it gave a simple explanation about the experiment and what the goal of the experiment was. It gave details to what the research question was about and how the experiment was set up to find out answers to the research question.",topic_0,4.27222371321453e-309
267,"I would want to hear about this study with only the presentation. That way, I don't feel as left in the dark about what I'm about to do and why I'm doing it. Overall, because the presentation goes more in depth, I think it would be better for determining if the experiment was designed well.",topic_0,6.0291282049193e-309
268,I would prefer the presentation because it used more visuals and I like videos better than reading. But I think the the extended abstract contained more information about the design.,topic_0,1.4412879795031788e-308
269,I would much rather prefer the presentation again because of the visuals and the ability to have someone else explain it. When determining whether the experiment was well designed or not you would certainly have to look at the abstract and all its information.,topic_0,0.01736892998517944
270,I would prefer the presentation better because it was someone talking and telling me the information. The presentation was also put together in a way that was easy to understand. The extended abstract would be better for how well the experiment was designed because it tells how the original study was put together.,topic_0,0.833554030712051
271,I would choose to only hear about this study through the presentation. It provides much better detail about how the experiment was performed and where the idea for the experiment came from. It also included many more visuals that were very useful in understanding the study procedure.,topic_0,0.04916841336472931
272,"I personally would prefer the presentation. Compared to the abstract reading an abundance of information, it is more difficult to grasp the material.",topic_0,0.04273982503223633
273,"I personally would prefer the extended abstract because it provides exactly what the experiment is trying to study, with extra information on how it connects to the Cleveland and McGill experiment, and how the limitations are being met. I think the extended abstract is better for determining whether the experiment is well-designed. While the presentation provides an overview of 3D background and scale, I believe that the extended abstract provides more in-depth and beneficial information for the participant to accurately navigate around the limitations that the study may have between 2D and 3D graphs.",topic_0,0.8249150334238097
274,I would prefer hearing about it through the presentation. This made a lot more sense to me than reading the abstract and it also included the results. The abstract would be better for determining if the experiment was well designed because it goes into depth.,topic_0,1.0
275,"I would say the presentation would be better to hear about, but if you were determining whether the experiment was well designed, I would rather hear the extended abstract.",topic_0,0.6828042563882114
276,"I would prefer hearing about the study using the abstract. I believe it provides more detail on the setup of the experiment, which is better for determining if it was well designed.",topic_0,0.6935991943404594
277,I would rather hear the presentation because it gave more information with more visuals. It allowed for time to talk about the results as well as the future progressions of the study.,topic_0,5.87255486160421e-309
278,"An extended abstract typically provides a more comprehensive written overview of the study, including details on the research question, methodology, data collection, analysis, and results. It often includes references and citations to related literature, which can help in assessing the study's context and the soundness of the research design. This format allows for a more in-depth and critical examination of the study's methodology and the quality of the data and analysis.

Presentations, on the other hand, are often limited by time constraints and may focus more on summarizing key findings and implications, potentially leaving out some of the finer details of the research design. They are valuable for providing a quick overview and for engaging an audience, but they may not offer the same level of depth and scrutiny as an extended abstract.

So, if the goal is to determine whether an experiment was well designed, the extended abstract is usually the better choice for a more comprehensive and detailed assessment of the research methodology and its rigor. However, combining both the presentation and the extended abstract can provide a more complete understanding of the study.",topic_0,1.0
279,"I liked the presentation, due to the fact that it was explained through live presentation. I think this allows me to follow along much easier.",topic_0,0.05523049807223978
280,I would like to have heard about this from the presentation over the extended abstract. However I think that the extended abstract was more informational and provided us with more background information.,topic_0,0.21460542336663788
281,I would prefer a presentation. I am more of a visual person and not interactive. I feel like the presentation would give a better insight on how the experiment was deigned.,topic_0,0.027423465297363246
282,"If I had to hear about this study I would prefer the presentation because the visual components of results helped me to better understand. However, I feel that the extended abstract provides better information for determining if the experiment was well designed because it better explains the study being replicated.",topic_0,0.8185785957509923
283,"Presentation, because it would provide more information than the abstract. 

Presentation",topic_0,0.8232332895880007
284,"I would definitely prefer the presentation because of how the information is broken down into slides. However, an extended abstract has a lot more to be picked through to determine if the experiment is designed well.",topic_0,1.0
285,"If I had to hear about this study using only one source, I would prefer the video presentation. This may be because I am a visual and auditory learner, but I also had a hard time understanding what the researchers wanted us to get out of the abstract because it was so complex. With the presentation, I was able to understand step by step how the study was conducted.",topic_0,0.1333944694058185
286,"If I had to choose to hear about this study based on the extended abstract it only the presentation, I think I would prefer the extended abstract. I felt that the presentation almost made the study a little more confusing, and I like that the extended abstract is something that I was able to read on my won time at my own pace. I also feel that the abstract represents that the experiment was better designed compared tot he presentation, the abstract divides up the experiments and and explains the different sections in a more easy to understand fashion.",topic_0,0.8317488513364194
287,"If I had to choose between hearing about the study using only the extended abstract or only the presentation to determine whether the experiment was well designed, I would prefer the extended abstract.

The extended abstract is typically a more detailed and structured written document that provides a comprehensive summary of the research methodology, key findings, and conclusions. It is designed to convey the essential aspects of the study in a concise manner, making it easier to scrutinize the study's design and key components.

While presentations can be engaging and informative, they often focus on summarizing key findings and may not provide as much detail on the study's design and methodology. In a presentation, the emphasis is often on delivering a clear message to a live audience, which may not delve deeply into the study's design nuance",topic_0,1.0
288,I would prefer the presentation only. Although I think that the extended abstract would be better for determining whether the experiment was well designed.,topic_0,1.0
289,"Again I like the presentation better mostly because it adds a more personal touch! The abstract is probably really the best was to understand the design of the experiment. However I struggle reading that kind of material. So for a participant, the video presentation was the best.",topic_0,0.701283504228597
290,"Personally, I would prefer the presention to hear about the study. I thought they explained the experiment, and the process better. I thought that overall thee presentation covered all topics in a very well manner, and explained just the right amount of information. The extended abstract was well written, however I do just learn better from verbal explanation. I think the extended absstract would be better for determing wheather the experiment is well designed or not due to it having all the information on one document, and being able to be read quickly and provide images next to the descriptions. You can also see each aspect of the experiment on one document as well which helps deterrmine the experiments overall design!",topic_0,0.7489200842728883
291,I prefer hearing about this study using only the extended abstract. I think it provides a better summary.,topic_0,0.7071704050899509
292,I would prefer the presentation over the extended abstract. I think the abstract would give good background on the experiment but I think the presentation gives a better view on the experiment design.,topic_0,1.0
293,"I would prefer the presentation, but the abstract would be more beneficial to see if the experiment was well designed.",topic_0,1.0
294,"If I had to choose, I would definitely choose the presentation for a more direct and clearer overview of the study. But the extended abstract would be better for determining whether the experiment was well-designed or not.",topic_0,0.7833386428081608
295,"I would prefer the presentation. Either way, the questions posed seem more vague than not. I am inclined to learn and I feel like I am unable to comprehend some of the information while the majority is within the presentation and not as much in the extended abstract. To consolidate, the presentation.",topic_0,0.103961009547606
296,I would go for the presentation because it's engaging and easier to follow. The extended abstract is better for evaluating the experiment's design because of the detailed summary of the methodology and results.,topic_0,1.0
297,I would prefer the abstract. The reason why I would prefer the extended abstract is that it went far into detail with the methodology and it brought up it's study designs and the implications that the study will for future research and pointed out how it'll adjust next time with the 3D charts are the largely negative view of them were misguided.,topic_0,1.0
298,"I personally would prefer the presentation because it offers a more condensed and direct method of providing the information, but the abstract would offer a better explanation for the experiment. The abstract could go into more details and specifics of how the experiment was designed that the presentation could not.",topic_0,1.0
299,The presentation. The presentation.,topic_0,0.04670073741081823
300,"I would prefer the presentation. It is more detailed, and it explains the process a lot better.",topic_0,0.04439089959995458
301,Watching the presentation would have been better since it has a lot of the information you needed to understand the experiment. It also touch on the major subject being experimented as well as explaining it and breaking it down. I think the presentation did the job of explaining the experiment and how well it was design and how so I would've prefer the presentation over the abstract.,topic_0,1.0
302,"I think that I would prefer the presentation, as not only does it highlight the experiment in steps that are easy to folloe, but it also does a good job in providing a conclusion to the experiment, as the abstract reflection did not. While listening to the presentation I was able to get a lot more out of it, and the explanations really helped my understanding even more.",topic_0,0.7818796419400041
303,The presentation because it explains it more clearly. The presentation would be better for determining if the experiment was well designed.,topic_0,0.008242653310235661
304,"The presentation was much easier to understand for me because the language was explained as we went along, I also think I am a visual and audio learner so having a narrator helped. I think if you know a lot about statistics higher level the abstract could be better, but they also didn't touch on every single variable so in that sense the presentation was better.",topic_0,0.06202011604021158
305,I believe the extended abstract is the part of the experiment I would prefer. This shows how well a experiment was designed because we are given the information how the study methods were applied to the experiment.,topic_0,1.0
306,"I would prefer the presentation, as it was helpful to have a visual and audio aide to the experiments explanations. It would be more helpful as an abstract, because that explains all the data in a scientific manner.",topic_0,1.0
307,I would actually probably prefer the extended abstract because I do better reading about information. I was better able to understand the purpose of the study and what the researchers were trying to accomplish. The presentation however may have done a better job at determining whether the experiment was well designed.,topic_0,0.7618885241117105
308,I think that abstract would be better for the overall experiment. The abstract was more engaging and a hands on study. This allows the participants to engage in the experiment more and learn more from the study.,topic_0,1.0
309,"I prefer the spoken presentation. This is because of the visuals. Additionally, academic writing is dry so hearing someone speak the same information is always better to me. Additionally, seeing the screens from the experiment and walking through the steps was much more useful than reading those same steps in the abstract. If I were to critique the presentation I would say the speaker needed more inflection in their tones and could have spoken a bit quicker.",topic_0,1.0
310,I would rather learn about it from only the presentation as opposed to only the extended abstract article. I think the presentation is both better to learn about the experiment and to know if it is well designed because it is easier to understand the nuances of this experiment when someone is explaining it to you rather than just reading it from a piece of paper.,topic_0,0.8213378419014516
311,I would prefer the presentation. I think that it is more informative and explained the design a lot better. I also better understood the execution of the experiment and why it was done the way it was done.,topic_0,0.021204076926234702
312,"Preferring the extended abstract or the presentation depends on personal learning style. However, the extended abstract is generally better for determining whether the experiment was well designed, as it likely contains more detailed information about the methodology, controls, and statistical analysis compared to a presentation, which might focus more on summarizing results and broader implications.",topic_0,0.7946193313787632
313,"The extended abstract presents important components of the study, including the research question, objectives,  methodology, findings, and implications. It provides a more thorough and organized summary of the work.",topic_0,1.0
314,"I would prefer the presentation. The presentation had more visual aids involved the hearing the instructions once more, I preferred it over the abstract since it was a bit more difficult to visualize. I believe the presentation was able to go more in-depth too in a clearer manner compared to the abstract.",topic_0,1.4296918016671683e-308
315,I would prefer the presentation. It is easier to follow and understand. I think the abstract is better for determining whether it was well designed.,topic_0,1.587985130780558e-308
316,I would have preferred the presentation due to the consumpablilty of the material. As it is much more easily understood with visual aids to improve my understanding.,topic_0,0.0449960997855883
317,I would prefer the presentation way more. The abstract would possibly be better for determining whether the experiment was well designed.,topic_0,1.0
318,I would prefer the presentation because I feel like it went more into depth particularly in the results section of the experiment. I am more of a visual learner and the presentation provided more visuals for the results and data from the experiment. I would prefer the abstract to determine which was better designed because it went into more detail how the experiment was set up and what it was looking for.,topic_0,1.0
319,I would prefer the presentation. It was easier to follow and is more fun to watch then to read the paper. I also think the video should be used for the only portion every time rather then the paper.,topic_0,6.136393482700616e-309
320,"i think reading the abstract is easier to do and takes less time, but for the sake of information i think the presentation is better. this is because it included a lot more data and visuals and went more in depth with the information.",topic_0,1.483871271219331e-308
321,"I would want to hear about it through only the presentation. It gives various visuals as well as explains the information verbally, which is easier to digest. However, the description of the experiment design is a little more detailed.",topic_0,0.047902270010811966
322,"I would've preferred the presentation, as I felt that way you got a much better understanding of what went into it and showed the effort put in making it appear more well designed to me.",topic_0,0.052942080952333895
323,"If I had to choose between hearing about this study using only the extended abstract or only the presentation, I would prefer the extended abstract. The extended abstract typically provides more detailed information about the study's methodology, variables, findings. For determining whether the experiment was well-designed, the extended abstract would be better.",topic_0,1.0
324,"I would prefer to hear about the study through the presentation. Although the abstract is best for examining the data and details of the experiement design, the presentation provides a more realistic view on the experiment.",topic_0,1.0
325,"Like in the last question, I think that only the presentation would be helpful just because it tells us exactly what we need to know also with visuals to help us understand by seeing and also listening at the same time. I think with the extended abstract there could be too much information that could be misleading in ways or too overwhelming for the researcher and reader.",topic_0,0.7498201302266252
326,"If I had to choose between the extended abstract and the presentation alone, I would prefer the extended abstract for a comprehensive understanding of the study's design, methodology, and results. The extended abstract would be better for determining whether the experiment was well-designed because it provides a detailed written account of the study's framework, including variables, methods, and statistical analyses, allowing for a thorough evaluation of its scientific rigor.",topic_0,1.0
327,"I would like to hear about it from the presentation because it gives more specific details about the experiment. The abstract is just much broader, so it doesn't give as good of an idea to the reader as the presentation does.",topic_0,1.0
328,"I think both were important in getting a good grasp on the study. However, if I had to hear about the study, I would want to use the presentation. I found it easier to follow. For determining whether the experiment was well designed I would definitely choose the abstract. The components of a well-done study were explored more in depth and with more conciseness.",topic_0,1.0
329,"I would say the presentation, it provided visuals that I very much could understood by the average reader, not only that but by it being split up into parts made it very easy to follow and understand as well. While the abstract felt like information just thrown at me, making it very hard to get through and understand by the average reader.",topic_0,1.3579173706218516e-308
330,"while the extended abstract is suitable for obtaining a quick overview of the study, the presentation offers a more comprehensive understanding and is better suited for assessing the design quality of the experiment. If the primary goal is to evaluate the experiment's design, attending the presentation would be the preferred option, as it provides a richer and more detailed analysis of the study's methodology and findings.",topic_0,0.9276040426597271
331,"I would prefer to hear about it through the presentation. Presentations offer direct interaction, visual aids, and verbal explanations, which can help convey complex concepts more effectively and engage the participants (us) in a dynamic way. This allows for a deeper understanding of the research and its implications compared to reading an abstract alone. The extended abstract would be more suitable for determining whether the experiment was well-designed. The abstract summarizes the study's objectives, results, and conclusions. The extended abstract formally documents the study's design and is more thorough for methodological rigor.",topic_0,1.0
332,"If compelled to select, I would opt for the extended abstract, given its propensity to furnish a more exhaustive and intricate portrayal of the research endeavor. For evaluating the study's design efficacy, the extended abstract would prove superior, given its capacity to delve into the nuances of methodology, data analysis, and findings, surpassing the presentation's inclination towards succinct summarization and audience engagement.",topic_0,1.0
333,"I would rather the abstract as the presentation was hard to sit through because of the cadence of the speaker’s speech; far to slow and the rhythm was hard to listen to, pausing is random spots.",topic_0,0.10767412957882323
334,"I would prefer hearing about this study through the presentation. I like how much detail it provides, and I also like the visual aids included. For determining whether the experiment was well designed, I think the abstract is better.",topic_0,1.0
335,"I would prefer the abstract. It better explained what the goal of the experiment was and why it was being done. The abstract helped me understand the experiment better, but that also could have been because I read that before the presentation. I prefer the abstract.",topic_0,0.7806898537710177
336,"I would prefer the abstract, as the key points were laid out plainly and I could work through them myself. I think that overall, the presentation was better at determining whether the experiment was well designed because it went over the specifics of our experiment, and not just the overview of the original experiment and how it compared to the recreation. The presentation better explained the why in my opinion.",topic_0,1.0
337,I liked the presentation better because we got to see the results and what they could mean and it did a good job of showing how it was designed.,topic_0,0.03785260850676413
338,"The extended abstract would be the one I preferred to hear about the study because I have all the information, I need to complete the study and they why behind the study. I think the presentation would be better for determining if the experiment was well designed because it gives us the results and can show how much variation there is between peoples answers.",topic_0,1.0
339,I would prefer the presentation. I think the presentation would've been better because it explained the main points and also gave a visual representation compared to the abstract.,topic_0,1.355708149229542e-308
340,the presentation is what i would prefer. i liked the combination of being able to listen and see the visuals instead of just reading it.,topic_0,6.09248975996319e-309
341,I would prefer the presentation. It goes into more depth and makes the study easier to understand.,topic_0,0.02953242447782707
342,The presentation. This is because it explains the study more in depth.,topic_0,0.02681774291141543
343,"Presentation. I feel like the presentation made so much more sense than the abstract. Not that the abstract didn't make sense, but the presentation was so easy to follow.",topic_0,0.03682748536216782
344,I would prefer the presentation since it was made for the general public to understand. The abstract is more thorough and probably better for understanding the design.,topic_0,1.5401527432701987e-308
345,The presentation is what I would prefer since I find it more engaging. The extended abstract would probably be better in determining whether the experiment was well designed.,topic_0,1.0
346,"Personally, I would prefer the extended abstract. It summarizes everything very well and does not have a lot of hard to understand information. To determine whether the experiment was well designed though, the presentation would be much better since it has specific details and extensive background information on everything.",topic_0,1.0
347,The presentation because I learned more than in the abstract. I think both indicate the design of the experiment.,topic_0,0.035802581156108605
348,"I would prefer the abstract to determine whether the experiment was well-designed. While the presentation conveyed the information more simply, the abstract contained greater detail about experimental design.",topic_0,0.6640745408145813
349,I like the presentation better. I think someone telling you the design of the experiment and explaining it in more detail allowed me to see how well it was designed.,topic_0,4.238126590142505e-309
350,"I would go with the presentation, it brings all of the information together and makes it easy to understand.",topic_0,0.0392127575377943
351,I would prefer the abstract. I think the abstract also would show the experiment was well designed since its laid all out right there and it was categorized making it easy to read.,topic_0,1.0
352,I would rather use the presentation. the abstract might be better at determining if the experiment was designed well.,topic_0,0.6946083339015261
353,I would prefer to hear about the study using the presentation because it is in depth enough that students would understand the experiment and its purpose. I think the extended abstract would be better to determine if the experiment was well designed because it can go more in depth and might not have a time limit which could leave out some information like in the presentation.,topic_0,1.0
354,"I would prefer the presentation over the abstract. The presentation was better for determining whether the experiment was well designed because it laid out all of the information, equations, and reasoning behind the experiment well.",topic_0,0.7069087878957643
355,This presentation. It can give me more information about this research.,topic_0,0.18653624671614275
356,I would prefer the presentation. This way I incorporate reading the information as well as being able to watch what the presenter wants to convey.,topic_0,6.096444834732604e-309
357,"The presentation made me feel more interested in the study and invested in it's goals, however the abstract is likely a better show of the study as it should be presented to participants and various other viewers in order to prevent introducing bias caused by too much inside information regarding how the efficacy of 3D graphics has been assessed in the past.",topic_0,0.4549093286178996
358,"I definitely like the extended abstract better, even though I thought it was not perfect. The most important thing this experience makes samples really put themselves in the program. It also give stronger abilities to collect data.",topic_0,0.8475104031117137
359,"Definitely the presentation. I watched the video, and I understood it way better because the researcher was a peer and easier to understand. And if I had watched the presentation in person, I could ask questions.",topic_0,5.62848850653149e-309
360,"I would rather hear about this study via the presentation. Hearing something told to me sticks in my brain better than reading something from a research paper. However, I do think that the abstract does a better job at explaining the experiment design.",topic_0,1.0
361,"I would prefer the presentation, because I liked hearing the results more.  For determining if the experiment was well designed, I believe it would be better to read the paper since it went into more detail over the experimental design.",topic_0,0.02241180489092414
362,I would have rather only see the presentation. This is because the presentation is easier to follow through and watch rather than reading an abstract which looks at the experiment through a very scientific paper lens. People are more likely to watch a 12-minute video and take away key information then an abstract paper due to word choice and now people prefer learning through videos.,topic_0,0.027072885206441088
363,"The abstract shows a better design, but the actual participation/presentation of the study is more fun to partake in. Overall, this was an interesting study and I am glad I got to help with the data collection.",topic_0,1.0
364,I think that I would prefer the presentation since the information was more condensed and gave it to me in an understanding way. If I truly wanted to determine how the good the experiment was designed I would look more into the details of the abstract.,topic_0,1.0
365,I would like to hear it from the presentation video. Not only seeing the graphics but having them explained was nice. I think he did a great job conducting the video and making it clear for the audience to understand.,topic_0,0.055229313351522244
366,I would have preferred the abstract side of the study. Abstract seems to be the best option.,topic_0,0.645366523351118
367,I would prefer the presentation. It was very informative and helped me learn more about the project than I did before. The extended abstract may be better for determining whether the experiment was well designed.,topic_0,1.0
368,I would prefer the 3D one.,topic_0,0.03434685570477419
369,The extended abstract is more clear so it is more preferred. The extended abstract was better for understanding the quality of the design. It added more context as to why certain details were added.,topic_0,0.8735058569854132
370,I don't know what the extended abstract is.,topic_0,0.7467365571892676
371,"I would prefer the extended abstract. Not only was the goal of the study easy to identify, the study design and process was talked about in great detail.",topic_0,0.7292269834041858
372,The extended abstract would be better. The presentation does a good job of explaining but students would be better at determining after going through the process themselves via the extended abstract.,topic_0,0.7565796565268001
373,"I liked the presentation, it was easier to understand and I got a lot more information out of it. For determining whether the experiment was well designed I think both payed a part but maybe the abstract was better. It's hard to tell for me.",topic_0,1.0
374,I would have preferred the presentation since it showed visuals and it was talked about how the kits looked like which the abstract did not. I think whether the experiment was well designed an abstract would have been better for determining whether the experiment was well designed.,topic_0,1.0
375,Probably the extended abstract because it provides more for me. The presentation would be better for determining whether the experiment was well designed.,topic_0,1.0
376,I think that the abstract is better because it excludes information that might change what you think and affect your results. By leaving out information this gives us better results overall and creates little bias in the study.,topic_0,1.0
377,"I would prefer to hear about this from the presentation. I have a difficult time reading abstracts of studies as I have a hard time reading through them. The information presented in them, to me at least, seems to jump back and forth and I get lost. The video allows me to grasp the information exactly as the presenter intended.",topic_0,0.20635536680344158
378,I would prefer the presentation as it was more clear and emphasized the important information with visual aids and explanations,topic_0,0.038778573387389506
379,only the presentation because it was designed a lot better and people could see it as a bar chart that was done right.,topic_0,0.038561657183766876
380,The presentation is much more detailed and gives a broader explanation of the intention and design of the experiment. The presentation would be much more informative for determining the quality of the experiment.,topic_0,0.028797871550751968
381,"I would prefer the presentation if I was to hear about the study, because it has more visual elements and is an easier to comprehend slide by slide. And for determining experimental design, I would also use the presentation because it goes more in dept about the experimental design in the presentation.",topic_0,0.02138819658697751
382,"I would prefer the presentation because it gives you all of the behind the scenes as well as in depth details about the experiment. I also think the presentation is better for determining whether the experiment was well deigned or not. It breaks down every component of the study, all while giving a reasoning for why everything was done the way it was. I think the more descriptive something is the better is would be to determine the greatness of the experiment design.",topic_0,4.04313260088003e-309
383,"I would prefer the presentation and it would be better for determining whether the experiment was well designed or not, it is well laid out and easy to follow along.",topic_0,0.028430107058883658
384,"I would prefer the presentation because it was well explained and the instruction was clear, also the design is well design.",topic_0,0.043692694486116464
385,I feel the presentation did a better job of giving a good overview of the project. It seemed to be a lot cleaner and a fluent description of the project.,topic_0,0.05308728177647665
386,"I would prefer the presentation. Reading the abstract makes it harder to understand the study design, and seeing the visuals of the information in the presentation really helped.",topic_0,1.0
387,I would prefer the presentation. I think that it was easier to understand than the abstract. It also helped to have animations on the slides and to have things broken down into simple parts. I think that the abstract would be better for determining if the experiment was well designed because the abstract was much more thorough than the presentation.,topic_0,1.0
388,I think I would prefer the abstract because I can read through it. I found the video pretty boring.,topic_0,0.12661656943878602
389,The presentation would be better. It explained the study much better than just the abstract.,topic_0,0.2919670741337263
390,I would prefer hearing it via the presentation. I believe it is much more accessible. But i think the abstract would be better for the design.,topic_0,0.10604684426059553
391,"I would prefer only the presentation because I can focus better with audio and with slides than by reading an abstract. Although, I feel that the abstract serves better to determine whether the experiment was well designed because it has more specific information about the experiment.",topic_0,1.0
392,"I would prefer to hear about the study using both the extended abstract and the presentation. However, if I had to choose one, I would prefer the extended abstract for determining whether the experiment was well designed. The extended abstract provides a comprehensive overview of the study, including details about the research question, methodology, results, and conclusions. It allows for a thorough evaluation of the study's design. On the other hand, the presentation may provide additional insights through visual aids and verbal explanations, but it may not capture all the nuances of the study design as effectively as the extended abstract.",topic_0,1.0
393,I would prefer the abstract. I found there studies to be much more interesting.,topic_0,0.6777923260916148
394,"Since I am a person who better understands videos and a person talks himself, I would prefer video presentation. It makes some things easier to understand than abstract. 

I would say video to determine whether the experiment was well designed because it was more detailed than the abstract.",topic_0,4.02053003055888e-309
395,"If I had to choose between hearing about the study using only the extended abstract or only the presentation, I would prefer the extended abstract. The abstract would provide a detailed and structured overview of the research question, methodology, results, and conclusions, allowing for a comprehensive understanding of the study's design and findings. While the presentation may offer visual engagement and dynamic communication, the abstract would likely be better suited for determining whether the experiment was well-designed due to its ability to convey detailed information in a written format.",topic_0,1.0
396,Presentation would be my preference. I think this way is better in obtaining a comprehensive understanding of the study.,topic_0,6.242606719594567e-309
397,"I prefer only the presentation because I feel like I can learn better from it. Also, I can understanding well when presentation beause it explain stuff clear to understanding.",topic_0,5.9225735696355e-309
398,The presentation. It is easier to understand regarding the experiments design and purpose.,topic_0,0.02438894627765914
399,"Given the extended abstract and this presentation, I would definitely prefer the abstract. I'm not saying this to be mean but the engagement of the presentation was lacking and I lost interest almost immediately. That being said, I do think it provided a lot more in-depth details regarding the design of the study.",topic_0,0.7916493812844446
400,I would prefer the presentation because it gives you more information about the experiment and what it entails.,topic_0,0.028212361800723156
401,If I had heard about this study I would have prefer using the extended abstract. Even though the presentation had more details about the experiment I enjoy reading and the abstract had the information that I needed to understant the purpose of the experiemnt faster.,topic_0,0.7743965051014493
402,"While both the extended abstract and the presentation offer valuable insights, I would prefer the extended abstract for a comprehensive understanding of the study's design and findings. The abstract typically provides more detailed information about the research methodology, results, and implications, allowing for a thorough evaluation of the experiment's design",topic_0,1.0
403,"While both the extended abstract and the presentation communicate research findings, the presentation may be preferred for the way it can engage the evidence, while the extended abstract may be better for a detailed examination of the study's design and methodology.",topic_0,1.0
404,I would prefer the presentation because it offers much more information. I think the presentation is better for determining whether the experiment was well designed.,topic_0,0.02165415163755834
0,"Extended abstract, extended abstarct",topic_1,0.04335931843514092
1,I would prefer to hear about the study from the presentation. The abstract is the better reading material for determining if the experiment is well designed.,topic_1,4.750978955441167e-309
2,I would prefer the video just because abstracts can be so lung to read and also have confusing words but the video was much simpler. The abstract would probably be better for determining the experiment was well designed.,topic_1,0.0746376392113748
3,"I think I would have preferred the presentation because of the visual representation and explanation he gives. The abstract was well made but I enjoy listening to people talk about things and he did a better job of explaining to me what it was about compared to the abstract. I think the abstract would do a good job of actually showing if it was well designed though, since it basically explains everything from the beginning to the end.",topic_1,5.34749524396762e-309
4,I would prefer the presentation. It makes a lot more sense to hear it from the experts instead of just reading a procedure on a paper. The presentation makes it easier to see if the experiment was well designed because the researcher explains in depth why some assumptions were made or why a particular technique was used.,topic_1,0.8170159058016779
5,"I think that I liked hearing about this study through the presentation. I thought that it was more engaging. Yet, I think that the extended abstract was more informational in looking more like a study, so that one might be better for determining whether the experiment was well designed.",topic_1,0.04987839928767844
6,"I preferred the presentation. I felt like it easily laid out the different aspects of the experiment, in a simple way. I also felt that it was much easier to follow than the abstract presentation. In the abstract, I felt there was some unneeded information.",topic_1,4.340988231351956e-309
7,"I would want to hear the presentation only because I don't like reading a lot and the presentation had more graphs and pictures to explain the procedure, but I do think the abstract has a lot more detail and goes in more depth than the presentation. So I think the best one for determining whether the experiment was well designed would be the extended abstract since it does include more details and talk about it more specifically.",topic_1,0.05736973114785665
8,I would have rather heard about it by only the presentation because it gave a me a better and clear understanding of what was taking place and the back ground to the experiment. I think that the extended abstract would be better for determining how well designed the experiment was.,topic_1,0.06362339696927835
9,"Personally, I am a visual learner so I would prefer the abstract simply because it helps me pay better attention and helps me understand better. Both the abstract and the presentation show the experiment was well designed, but the presentation would be the better fit in regard to determining that. It goes into the depths of reasoning and a better explanation of results.",topic_1,3.91897670994639e-309
10,"I prefer the extended abstract. This is because I can read fast and skim the text instead of  listening to a boring presentation that I can't skip through. I think both are equally important to whether the experiment was well designed, but if I had to choose one or the other, I'd say the extended abstract was better.",topic_1,3.028656854547936e-309
11,"The extended abstract, because it was a little better at giving the background information. It told us more about the experiment done at the other school, so we could gauge if ours was done to the same level of quality as the other one was. I also just found it easier to understand as a whole.",topic_1,0.025175817895975054
12,I would like to hear the presentation. I think it is easier to understand the study when in is explained in person and not just reading about it.,topic_1,0.07402439584123266
13,If I had to pick which is better I would choose the presentation. I work better with visual aids and the presentation had better support for that. I preferred the 2D models rather than the picture of the 3D provided in the abstract.,topic_1,0.057614459061238486
14,I would prefer the presentation. The abstract would be better though for a more in-depth understanding.,topic_1,0.06520129712625537
15,I would prefer the extended abstract as it is better for quickly grasping the overall idea of the study itself. I want a concise overview of the research rather than a more immersive format.,topic_1,0.04507827276684651
16,I would prefer the video presentation. I feel like videos usually give more detail and keep my attention longer. I am a visual learner so I like seeing people talk through the slides and see the data while also hearing about it. I better understand information this way because I lose attention when I am sometimes reading.,topic_1,1.120569704610616e-308
17,"Presentation, I am a visual learner and prefer video explanations over reading an article. I also feel the author of the presentation could more easily explain any confusing points rather than hoping the viewer understands what is meant through sentences in an article.",topic_1,1.0712640583412576e-308
18,"I feel like I learn better and take in information better in a video format. Sometimes when readying professional documents or abstracts from research papers I feel as if I don't take in all the information. In the video, I liked being able to have visual representations of what is being discussed.",topic_1,0.010768703724284916
19,I would rather use the presentation as I am more of a visual learner and it was way more helpful giving more and better detailed information to learn from. The presentation would be better to determine if it was well designed or not.,topic_1,0.09012022239845846
20,"I would prefer the presentation, the abstract is just a huge wall of words that doesnt really feel too inviting and if you are attempting to get new random people to take the study I don't think that is where you will find luck. That being said you would then have the chance of revealing things about the study that could influence study participants behavior.",topic_1,4.24268757151692e-309
21,"If I had to hear about this study through a singular mean, I would probably choose the presentation because it allowed for better incorporation of visuals. The presentation would also be better for determination of a well-designed experiment, as the visuals of things such as expected results are better portrayed through those kinds of means.",topic_1,0.430832433096491
22,"Extended abstract because it is a shorter version of the presentation and sums up all the main points. I think the presentation would be better to determine whether the experiment was well designed because of all the visual aids, engagement, and verbal communication.",topic_1,3.141707005627966e-309
23,I would prefer the presentation because I feel like the presentation helped me understand the experiment better and what they were trying to do/prove. The presentation was more appealing and interesting instead of just reading the extended abstract. The presentation would be better for determining whether the experiment was well designed.,topic_1,0.03404428234790369
24,I would prefer the presentation because the experiment was explained more in depth and I understood it easier than the extended abstract. I think the presentation would be better for determining whether the experiment was well designed as well because he went into lots of detail about how the study was set up and was very clear about all the components of the study.,topic_1,0.04357097702240414
25,"I really liked the presentation as it was easier for me to understand so I preferred that one. Although, the extended abstract shared more of a whole over view including start to finishing results. The presentation focused a lot on the design set up and reasoning as to why. That was just briefly touched on in the abstract. Therefore, I think the presentation is better for determining whether the experiment was well designed.",topic_1,0.04876504535689816
26,"The presentation was far more helpful than the abstract because it used more common terminology. Additionally, the presentation told the subjects exactly what the researchers wanted to gain from the study. The presentation also mentioned what studies in the past have shown and focused on what this study was for, rather than focusing on what the studies in the past showed and briefly mentioning the study at UNL, like the extended abstract.",topic_1,0.05533695922242984
27,The presentation has more detail and talks about all the elements and how they work. The abstract has data and the method of the test but it doesn't give much data as to why the results are the way they are.,topic_1,0.04915574421240702
28,"If I had to choose between hearing about the study using only the extended abstract or only the presentation, I would prefer the extended abstract. It provides a summary of the project's objectives, methodology, findings, and conclusions, allowing for a quick note of the essential details. However, for determining whether the experiment was well-designed, the extended abstract might be more suitable. It offers an overview of the study's methodology and findings, providing the necessary information to assess the experiment's design and execution.",topic_1,3.11115203362328e-309
29,"I would definitely prefer the presentation because it makes the breakdown of the experiment a lot more understandable. I am a visual learner, so the study makes a lot more sense when someone shows pictures and explains them outloud, instead of me reading a whole bunch of words. I think the presentation makes the design of the study look a lot more interesting and appealing.",topic_1,0.7498930374092077
30,"I prefer the presentation. I think it does a better job of being more clear and concise instead of reading a long abstract off a paper. It is easier to comprehend, especially with the pictures.",topic_1,5.631580999708276e-309
31,I would choose the presentation because it explained the results and statistics the best. While also explaining the study design and future work of this study. I felt like I got more information out of the presentation than the abstract.,topic_1,4.158998788542307e-309
32,I would probably do the presentation because I do well with words and pictures combined. For determining whether the experiment was well designed probably the extended abstract part.,topic_1,1.0
33,"I would prefer the presentation since it was much easier to understand, and I prefer videos to reading material. The abstract, however, has better information to evaluate the study.",topic_1,4.26818393912665e-309
34,The video was the best example of the experiment. Abstracts can get really wordy and confusing. Videos are easy to follow along.,topic_1,0.07316705395861019
35,I would prefer the presentation. I prefer it because it is more thorough and offers different opinions and views on the graphs. When reading the presentation we could tell more easily if it was well constructed compared to the abstract.,topic_1,5.032151406890947e-309
36,"The presentation was more clear for me, I'm not good with large amounts of text as like a lot of people my age. I'd say either could be used for determining how well designed the experiment was, but the presentation was more clear.",topic_1,0.7182073461397414
37,"I would definitely prefer the presentation, it explained things in way more detail, and also was a lot easier to understand in laymen's terms. For determining whether the experiment was well designed I think I still believe the presentation did a better job showing that the experiment was well designed.",topic_1,1.0
38,I think I would prefer the presentation because it seems more digestible and easier to understand compared to the abstract. I also think the presentation would be better for determining whether the experiment was well designed because the speaker would be able to elaborate beyond the abstract.,topic_1,3.843306303717855e-309
39,"I think personally I would rather hear about the experiment from the extended abstract, while I believe that the presentation shows that this experiment was well designed. If used in the same context, I think that the abstract of the study does a fair job conveying the purpose of the experiment for people that are semi-versed in the statistics world. Whereas I would use the presentation for people who don't know much about stats.",topic_1,3.28429382540106e-309
40,I would say the presentation is easier to comprehend and understand especially for something that needs explanation. I also just enjoy the slide aspect more than reading something with more words unless its better for the comprehension of it but in this case I think the slides having the pictures with the explanation was helpful,topic_1,0.06865534304142054
41,I would prefer the extended abstract because I am able to use my own experiences and see what is happening first hand instead of trying to learn and figure out what is happening through the presentation.,topic_1,0.03974492023570683
42,I would prefer the presentation. I got a lot more information from this.,topic_1,0.07066057226569741
43,I would prefer the presentation because it is better and easier to understand rather than the extended abstract. I feel the presentation would also be easier for determining if the experiment was well designed.,topic_1,3.62704145217252e-309
44,"I think the presentation, as it was longer and contained more information, the presentation would be better for determine whether the experiment was designed well.",topic_1,0.7996316757953663
45,"The presentation made more sense to me as a participant, when compared to the abstract. However, because the experiment was more thoroughly detailed in the abstract, I believe the abstract was the better option when determining design efficiency.",topic_1,4.039790770646666e-309
46,"The presentation. Like I said before, I don't like to read sometimes so watching this was def. easier to follow and understand. Especially with the photos. I know the abstract had photos too but having the tables laid out while I was told how they held any signifigance in the study was easy to follow.",topic_1,0.07438754861435139
47,"In general, I think it depends on the person you are asking but personally I conceptualized the abstract better but the presentation was easier to understand/follow. I think the abstract would be better for determining whether the study was well designed. I believe this because there seemed to be more information.",topic_1,4.06715232345766e-309
48,"I think that the video had better information even though it was tough to listen to. It has more information about the experiment than the abstract does, and I feel like it explains how the experiment was designed better.",topic_1,0.07854278156701136
49,"I would prefer to hear from the presentation. I think the presentation did a really good job of explaining the experiment and what they were looking for with this experiment, so I think that it would be better for determining how well the experiment was designed.",topic_1,4.80437959879688e-309
50,I would prefer to watch the presentation because he did a good job of explaining all of the aspects of the experiment. I think the video also does a better job of telling if the experiment was well-designed because it has actual figures used in the experiment to give the person a better judge of whether the experiment was well-designed or not.,topic_1,0.5399916515928149
51,I would prefer the presentation over the extended abstracts personally just because I felt like the abstract was too wordy and complicated at times to really decipher the information. I do feel like the presentation would be better for determining if it was a good study because I felt like there was more justification on why the study was being done.,topic_1,0.04297158773804348
52,Presentation hands down. It goes much more in depth and explains many additional details. It also describes specifically how the experiment was conducted in great detail.,topic_1,0.5972655202729427
53,"Personally speaking, I would rather watch the presentation because for me it is hard to read abstracts without getting lost, while with a presentation there is a little more explanation on certain things to clear up any confusion. However, sometimes I feel that a well written abstract is much more detailed on specific things and it is much easier to go back and check the facts for anyone who might try to replicate the experiment in the future.",topic_1,3.88650857552106e-309
54,"I think honestly I would prefer the presentation. Typically I would say the extended study, however in this specific experiment. The presentation I feel gave a little more detail (or detail I understood just a little better).",topic_1,0.047117270409777534
55,I think that the presentation would be better for me. This is because I think that it is simpler to have someone explain the ideas to me rather than me deciphering the abstract. I think that the abstract is better for determining if it was well designed because it takes a lot time and effort to comprise a good abstract.,topic_1,4.78841221094891e-309
56,I would prefer to hear about it from the presentation because it's more interesting to hear from. The abstract would probably be better to determine if it was well designed though.,topic_1,4.77148084709661e-309
57,I would prefer the presentation over the extended study. This is only because I learn better from hearing things than reading them. I think that the extended abstract had more information and detail over the presentation though.,topic_1,0.03926183537255369
58,"I think the presentation told me more than what I knew from the experiment, so I would have to say the presentation. The presentation was also better for determining whether the experiment was well designed.",topic_1,0.6681186019956253
59,"I would prefer the presentation, because I tend to learn and understand things better when I have a visual representation of it in front of me. I think that the presentation is better for determining if the experiment was well designed because it compares the expected results with the actual results using a visual.",topic_1,1.0
60,I preferred reading the abstract because it had more details on procedure as well as included research from other studies. I think the abstract showed how well the experiment was designed.,topic_1,3.502503800878063e-309
61,the presentation would be better because i am more of a visual person and it would make more sense for me to really be able to and listen to what the experiment is about. This would help me determine if the experiment is well designed or not.,topic_1,1.0
62,"I would prefer the abstract. The abstract really explained all the elements for me. And, I think it is better to read something that watch a video because it is so easy for people to zone out and reading to me just makes it more comprehensive.",topic_1,3.533319887625546e-309
63,I much prefer the presentation because reading abstracts are incredibly boring and time consuming. Another the presentation also provided a more visual method of learning about the study.,topic_1,4.433745070369667e-309
64,"With what I had prior to taking the study, I think this would be easier. I had the base information and after watching Tyler's video I just have questions and it is too much to explain something that takes not long to complete.",topic_1,0.048305237822551826
65,"I would rather the presentation, because I learn better when I have an actually representation for me to look at. I think that the presentation is a better thing for deciding if the experiment was well made because it compares the expected results with the actual results.",topic_1,1.0
66,I thin the presentation was better for me. Often times when reading something I get distracted so when hearing something it helps me retain it better.,topic_1,0.08636539078449063
67,"Personally, if I had to hear about this study, I would prefer the presentation over the extended abstract. While the extended abstract provides useful information we can always go back to, I feel the presentation, at least for me, would be better in understanding whether the experiment was well designed because it's being directly explained in great detail by one of the designers of the experiment. Also, for me, I understand things better when they're being directly told to me, rather than reading the information in a bunch of paragraphs.",topic_1,0.025361265350294808
68,I like the presentation better because I also like the added visuals. I also appreciate the extra explanations that can be hard to put into writing that are included in the presentation.,topic_1,0.08974650642810647
69,I think I would choose the presentation because I find it to be an easier method of absorbing information. I think the presentation was better for determining whether the experiment was poorly designed because it went into more detail and had graphics to help better explain the results.,topic_1,0.7093907212936327
70,"I would prefer the presentation because it was much easier to follow along and understand what they were doing with this research as opposed to the abstract that was written in a much more scientific way with some terms I am not familiar with. I also think the presentation is better at keeping my attention because I am not getting confused by the language of the abstract. However, I think that the abstract was better for determining if the experiment was well designed because they discussed their methods in much greater depth than the presentation did.",topic_1,4.28286329265494e-309
71,I would prefer the presentation as it is nice to have the information be walked through by an informed individual. The presentation is likely better for determining whether the experiment was well designed due to it being able to provide more information in a shorter amount of time.,topic_1,1.0
72,I enjoyed listening to the presentation more than I did reading the abstract. The presentation seemed more comprehensive and explained the study in easily understood language.,topic_1,0.05999764978098696
73,"I would prefer the extended abstract video, making it the better option for determining if the experiment was well designed. It was helpful and interesting to hear about rhe 3D background models and history.",topic_1,0.08380754532398405
74,"I would honestly prefer the presentation because I like to see all the variables in front of me instead of taking part in the experiment when I get only a portion of the information at the time. I don't like to be a test subject which is why I prefer the presentation. 

 

The presentation would be the method to see if the experiment was well designed. All the data is in front of you at that point so it would be the ideal match for determining a well designed experiment.",topic_1,1.0
75,"I'd rather hear about the study using the presentation, because while reading the graphic, I had a difficult time understanding why this study was significant. The background on 3D versus 2D graphs was helpful to me in this regard. The abstract would likely be better for determining whether the experiment was well-designed because it has more detail in a written format.",topic_1,0.047160342617284474
76,I would rather watch the video because hearing someone describe it to me is a much better way for me to learn than just reading the abstract.,topic_1,1.0668240538599007e-308
77,probably the presentation because it showed me the results in the way i wanted to see them,topic_1,0.2107110087078323
78,"I prefer the presentation because it was easier to understand, at some points I had to reread sections just because I couldn’t understand what it was trying to say. The abstract was very informational, but as someone who prefers to listen, I’d choose the presentation. The abstract would have a more precise way of explaining things and just more details. I think the abstract would be better out of the two to determine whether the experiment as well designed or not.",topic_1,4.13089825589601e-309
79,"I prefer the abstract because it is much quicker and easy to understand, because it doesn't go into as Much detail. I think that an abstract is the best way to tell if a study is well designed, the video went into more detail about the results and looking forward, which isn't always necessary for determining if a study is well-designed.",topic_1,4.0397247799909e-309
80,"I personally prefer the abstract. As a science major with a lot of experience reading scientific papers, I can read into them and I like interpreting the studies myself.",topic_1,3.492696435961404e-309
81,I would rather hear the extended abstract. This had more information and the video presentation was very boring.,topic_1,0.06497151351878348
82,I feel that the presentation helped because its easier when someone talks to explain something and we can follow along. It helps because he can pause and explain things better and can go step by step.,topic_1,0.12418357773369788
83,If I had to hear about this study I would prefer the presentation because it is straight forward and I personally like when someone talks about it first and goes over it online. I would prefer the presentation for determining weather the experiment was well designed.,topic_1,1.3130082410860833e-308
84,"I would prefer to hear about this study strictly from the presentation. Although the abstract was detailed, I felt that the presentation did a better job of explaining the background and purpose of the experiment. Overall, I think that the presentation would be better for determining whether or not the experiment was well designed.",topic_1,4.68395896584651e-309
85,"I would prefer the presentation just because listening to someone speak like that has always helped me learn better in general, and I was a fan of the visuals and whatnot that were used in the presentation. I feel like the video just because it gives kinda a step by step and some background, and idk, i just feel like it has it all.",topic_1,1.140137391965539e-308
86,I prefer that abstract because it gave me more of a concise idea of why the experiment was set up the way it was and the information was easier to take in. I think the abstract gives a better way of determining if this experiment was well designed because future researchers can use the abstract to test how well designed this study is.,topic_1,3.47934165899995e-309
87,I would prefer presentation because i’m more of a visual learner than just reading. I learn more from someone explaining it to me rather than reading something. Presentation would be better for determining whether the experiment was well designed,topic_1,1.0
88,"I would say the presentation, because the purpose was a little clearer. This way it clearly showed that the experiment was designed better.",topic_1,0.6461487376319881
89,"The abstract for sure, as the presentation mainly showed the difference in bar graphs and how to digitize a 3d bar graph.",topic_1,0.013340485867400461
90,The presentation is way more preffered to hear about this experiment. The presentation is so much easier to understand and I feel like that would also make it easier to understand if the experiment was well designed.,topic_1,1.0
91,"I preferred the presentation more, it was easier to follow along and stay engaged. The presentation is easier to listen to and see parts of the experiment.",topic_1,0.29938101948589013
92,The presentation due to it providing more of the formulas and math behind the experiment and it also provides a better background for their reasoning behind the experiment. I would say the presentation would also help the presentation seem well designed.,topic_1,0.905044838745562
93,"The presentation since there are more visuals (images, the bar charts, models) as well as an explanation of the study design and predicted results (which were also not in the abstract). In addition, there had also been more of a background on the 3D graphics to give the participant more understanding of why the study is being conducted. This is not to say that the abstract was inadequately written, it was very extensive and informative, but in terms of having to choose one for specifically for determing whether the experiment was well designed and also for participation, I would choose the presentation.",topic_1,4.110061355237333e-309
94,"Personally, I would watch the presentation. The reason why I would say this is because it gave me more visuals so I was able to comprehend what I was going to look a. I also learn better from when I listen to somewhat talk and explain what I am about to do.",topic_1,1.0850264834354405e-308
95,"Personally I would prefer the presentation. I thought having someone else explain the experiment to me rather than me reading the abstract was more helpful. Personally I had to reread the abstract to try and figure out what it was saying, it felt like it was saying the same thing over and over again.",topic_1,0.038862061715942586
96,"I prefer the presentation because it kept my attention more and walked through the results in a way that is easy for someone not familiar with the data analysis methods used to understand. The abstract, however, is better for determining whether the experiment was well designed.",topic_1,0.037110701122994944
97,"I would prefer the presentation, because it seemed the best laid out and clean. I also think that the presentation would be the best for determining whether the experiment was well designed.",topic_1,1.0
98,"I would definitely prefer the presentation. Having visual representation for people gives them a better understanding of the experiment overall. As well as having someone guide the viewer of the presentation through the work, allows for a connected feeling towards the experiment as we have someone talking to us instead of us reading an abstract from someone we don't know.",topic_1,1.0
99,Probably the presentation. It is generally easier for me to understand spoken words than written words.,topic_1,1.1357761862810367e-308
100,I would say the abstract since I would have liked to know the background. The abstract would also better help with how well the experiment was designed since it goes in depth.,topic_1,3.411856898915395e-309
101,Probably the abstract because its strait forward. but the presentation was and is better at explaining the experiment.,topic_1,0.033219924218134245
102,I would much prefer the presentation over the abstract. I still was left kind of confused when I read the abstract. I feel like this video did a better job at filling me in on any questions I had.,topic_1,0.06444042118321616
103,"I would prefer the presentation. It would be better for determining whether the experiment was well designed because it uses more day-to-day words for better understanding even for those who don't really know statistics. Also, it helps me to visualize while listening.",topic_1,0.6804900185904901
104,"I would choose the presentation, with visual examples shown it provides a better and easier way of explaining what the goal is and what is happening. In the abstract paper it mentions the graphs but doesn't show how to read them or what specifically to do with them. So, in that case I would choose the presentation.",topic_1,4.87406080080857e-309
105,"If I had to hear about this study using only one of the two I would chose the presentation, I like hearing and visually seeing what the experimenters are talking about it and I felt that I can remember and learn more from it. I think that the abstract helped determine that the experiment was well designed, but I like to hear from the people who created the experiment talking about it.",topic_1,4.209270933840847e-309
106,I would rather hear about this through the abstract. This is because an abstract sounds more official and scientific to me and I feel there is less bias in an abstract.,topic_1,0.047652684469600214
107,"I would use the reflection because it gives a better explanation and shows us more information about the study. I believe they both have their place. I would use both to determine if it was well designed. I believe this because the abstract holds good information that needs to be seen, but also the presentation goes into depth and what they could change or do in the future.",topic_1,4.148602726603875e-309
108,"I would prefer the presentation because I understand it better. Reading the abstract, I was a little confused because I don't think they mentioned the group size or how the sample group was found. In addition, the presentation had visuals and did a good job at explaining every part of the experiment in depth.",topic_1,4.306079621387564e-309
109,"Truly, I have no idea. Perhaps the extended abstract would be better. I don't know which would be better for the experiment appearing well-designed. I just took an intro to stats course. I barely know what experiments are. Brother, if I was capable of judging the quality of graduate level experiments, I would not be in this class. Why are you asking undergrads this? That's what I would like to know.",topic_1,3.126627346415206e-309
110,"I prefer the abstract because it provides a more detailed explanation of the study's goals and designs. Which includes specific procedures and rationale that help determine whether the experiment was well designed. For evaluating the quality of this study, having access to those details is more useful that visuals alone. The abstract also shows how the study is built off past research, giving it more credibility.",topic_1,3.559718952452365e-309
111,"I would have preferred the abstract. I find reading condensed information easier than listening to someone talk about it. However, I think the presentation is better to decide if the experiment was well designed, because it’s less condensed and allows for more detail.",topic_1,0.03630735282071109
112,"If I had to choose between hearing about this study only from the abstract or only from the presentation, I would choose the presentation. I liked how the presentation explained it more, and it was more visually explained, which is helpful for me. The presentation would be better for determining whether the experiment was well designed, because it walks through every detail of it.",topic_1,4.548453837975153e-309
113,"I preferred the extended abstract, personally. The extended abstract provided a lot more detail into the intended goals and structure(s) of the experiment and I believe it is more determinant of the experiment's design properties moreso than the oral presentation, however, the oral presentation is a bit more palatable and easier to digest for most others, I would presume.",topic_1,3.243589231453543e-309
114,"I’d rather hear about the study through the extended abstract. It gives all the details about how the experiment was set up, which helps me figure out if it was well done. The abstract has more of the info I’d need to decide if the study was designed well.",topic_1,3.32692779398136e-309
115,The presentation was a better explanation. I felt as if I understood the presentation better and I know a lot of students like to skim reading rather than read the whole thing. The presentation also provided the graphs and tables of the results.,topic_1,0.17375597559440875
116,"The presentation is what I would prefer, but the abstract is probably what would be better for determining whether the experiment was well designed.",topic_1,4.469435344212236e-309
117,If I had to hear about the study using only the extended abstract or the presentation I would personally prefer the presentation. I think that determining whether the experiment was well designed or not would be through the abstract.,topic_1,3.244404419929165e-309
118,"The abstract I understand better when I can go back and reread the information, rather than listening to someone on a recorded presentation. The abstract also, I feel laid out the structure and testing goals of the experiment more clearly and professionally.",topic_1,3.50757160839197e-309
119,I would prefer the presentation because It was a lot more clear and directly related to the experiment. The presentation would be better for determining if the experiment was well designed because you get to look at the components of the experiment and if they are accurate and valid or not.,topic_1,0.6550119758490669
120,The presentation due to it providing more of the formulas and math behind the experiment and it also provides a better background for their reasoning behind the experiment. I would say the presentation would also help the presentation seem well designed.,topic_1,1.0
121,"The abstract for sure, as the presentation mainly showed the difference in bar graphs and how to digitize a 3d bar graph.",topic_1,0.01412104475877688
122,"I would prefer the presentation, because it seemed the best laid out and clean. I also think that the presentation would be the best for determining whether the experiment was well designed.",topic_1,1.0
123,"I preferred the presentation more, it was easier to follow along and stay engaged. The presentation is easier to listen to and see parts of the experiment.",topic_1,0.3159340074356085
124,"I prefer the presentation because it kept my attention more and walked through the results in a way that is easy for someone not familiar with the data analysis methods used to understand. The abstract, however, is better for determining whether the experiment was well designed.",topic_1,0.03816602949479188
125,"Personally, I would watch the presentation. The reason why I would say this is because it gave me more visuals so I was able to comprehend what I was going to look a. I also learn better from when I listen to somewhat talk and explain what I am about to do.",topic_1,1.097487812217562e-308
126,"I would say the presentation, because the purpose was a little clearer. This way it clearly showed that the experiment was designed better.",topic_1,0.6099818898145856
127,"The presentation since there are more visuals (images, the bar charts, models) as well as an explanation of the study design and predicted results (which were also not in the abstract). In addition, there had also been more of a background on the 3D graphics to give the participant more understanding of why the study is being conducted. This is not to say that the abstract was inadequately written, it was very extensive and informative, but in terms of having to choose one for specifically for determing whether the experiment was well designed and also for participation, I would choose the presentation.",topic_1,4.127204201580273e-309
128,I would prefer presentation because i’m more of a visual learner than just reading. I learn more from someone explaining it to me rather than reading something. Presentation would be better for determining whether the experiment was well designed,topic_1,1.0
129,"I would prefer the presentation just because listening to someone speak like that has always helped me learn better in general, and I was a fan of the visuals and whatnot that were used in the presentation. I feel like the video just because it gives kinda a step by step and some background, and idk, i just feel like it has it all.",topic_1,1.128466893708315e-308
130,I prefer that abstract because it gave me more of a concise idea of why the experiment was set up the way it was and the information was easier to take in. I think the abstract gives a better way of determining if this experiment was well designed because future researchers can use the abstract to test how well designed this study is.,topic_1,3.46036417889891e-309
131,The presentation is way more preffered to hear about this experiment. The presentation is so much easier to understand and I feel like that would also make it easier to understand if the experiment was well designed.,topic_1,1.0
132,"Personally I would prefer the presentation. I thought having someone else explain the experiment to me rather than me reading the abstract was more helpful. Personally I had to reread the abstract to try and figure out what it was saying, it felt like it was saying the same thing over and over again.",topic_1,0.03736679134580622
133,"I would prefer only the presentation to understand things, myself. Since this is the case, aspects of the video would help me determine whether the experiment was well designed. However, a well-written abstract alludes to a well-designed experiment.",topic_1,0.05853718709080005
134,I think that the presentation did a smuch better job. I do better hearing people actual talk and explain things. It was more in depth and easier to understand through the person talking.,topic_1,0.14257773587040792
135,"I would prefer the presentation if I just wanted a quick, clear idea of what the study was about and why it mattered—it’s usually more visual and easier to follow. But if I wanted to decide whether the experiment was well designed, the extended abstract would be better. It goes into more detail about how the charts were made, how participants were chosen, and how responses were measured. That kind of depth is important for judging the quality of the research.",topic_1,0.0400722798801141
136,The presentation just because I felt like it was broken down better and easier explained. I think the presentation would be better for if it was well designed.,topic_1,0.16436564301973422
137,I think I would rather hear about the presentation through the presentation because the presentation was easier to understand and helped me to understand the concepts of the study. I think the extended abstract helps to determine if the experiment was well designed because the extended abstract had more information and dove even deeper into the purpose and procedures of the experiment.,topic_1,3.295775774037694e-309
138,I prefer the presentation because I am a very visual learner. Seeing exactly what part of the experiment is being talked about is really nice. I think an abstract would be better for understanding if it is a well done experiment because it is in a format that can be easily compared to other experiments.,topic_1,3.86008652183107e-309
139,"I definitely think from the perspective of someone outside of the statistics community, the reflection is a much more relatable format to receive the information. However, as a statistician, I feel I would really want to take a dive into the abstract to see the design of the study.",topic_1,4.168458643730213e-309
140,"I would rather hear about it through the presentation. They go in depth a lot more in the presentation than in the abstract. The guy also shows visuals in the presentation, therefore, It's a lot easier to see what is actually going on, rather than reading the words on the paper.",topic_1,0.03302772858948041
141,The extended abstract is better for understanding the studies design because it includes detailed methods and data. It provides a clearer basis for evaluating how well experiment was conducted.,topic_1,3.112810772652734e-309
142,The presentation. I felt the presentation went into greater detail and was very well organized. It was all encompassing of the experiment.,topic_1,0.23221051134870668
143,"If I had to choose, I’d prefer the extended abstract because it provides a more detailed summary of the study's objectives, methods, and results. It would also be better for determining whether the experiment was well designed, since it likely outlines the experimental setup, sample size, controls, and procedures—key details not always covered in a presentation.",topic_1,3.013834935702285e-309
144,"I would probably select the presentation. This guy had a cool voice and it made me want to listen to him. I do agree that people teach themselves to an extent, but I mostly did the experimental learning because I had to, not because I knew why I was taking it. I am very much a facts person, so I need a reason behind something to make me want to do it.",topic_1,1.1335495193438187e-308
145,"I would prefer the presentation because I found it to be more informative and clear. It gave me a better understanding of the experiment it's self, which helped me connect with the content more easily. I think that the presentation is also more useful when evaluating whether the experiment is well designed. That said, I do think collecting data in different formats can be valuable for gaining a fuller understanding of what my be considered better.",topic_1,1.0
146,I prefer the presentation because it can show actual results from the study rather than just the expectation of the study. Again I would like to mention I learn from results not assumptions. I understand now how this study will be used after watching the presentation.,topic_1,1.493411034494113e-308
147,"I would much prefer to hear the presentation compared to the abstract. The presentation was very straight forward and it was easy to understand what the experiment was truly looking to examine. The abstract was hard to follow at some points, which makes it hard to hold a students attention. However, I think the abstract would be better for determining whether the experiment was well designed because of how in depth and detailed it was. The abstract was pretty much a scientific paper which would clearly be the more reliable thing to look at.",topic_1,4.24756858192091e-309
148,I would prefer the presentation because it goes into all the components of the study and discusses the specific results of the data and explains all the different components of the study while the abstract just gave a general overview and didn't go into the specific details of the study.,topic_1,4.089713849325884e-309
149,"I would prefer the presentation. This is because it breaks down some reasoning as to why they use different graphs. But what the experiment is for, and what they do to calculate their data and results. This helped inform me better to my liking.",topic_1,0.7401276734441267
150,"If I had to choose, I would prefer the presentation because it was more engaging and provided a clearer picture of the study's context and significance. However, the extended abstract would be better for assessing whether the experiment was well-designed, as it included more details about the methodology and theoretical basis.",topic_1,0.042551341183260406
151,I would choose the presentation over the abstract. I think the presentation was better for determining whether the experiment was well designed. We got a lot more information from the presentation.,topic_1,0.03435546822077509
152,I would prefer the presentation as it breaks the study down a bit better for me and give you visuals as well. The extended abstract is probably better for determining whether the experiment is well designed or not.,topic_1,0.026975337222450477
153,I think that only the presentation would be better for determining whether the experiment was well designed because Tyler emphasizing certain things that would be otherwise missed. The presentation also brings up parts of the Cleveland and McGill study which presents a more clear comparison for the two studies. This comparison makes it easier to examine the accuracy and structure of the study that was conducted.,topic_1,0.24019414785002224
154,"I would prefer the presentation because it explained the study in more depth and made the results easier to understand. For evaluating the study's design, the presentation is better since it includes details about methods, controls, and limitations.",topic_1,1.52200702055387e-308
155,"I believe the presentation was better for learning about the experiment. The presentation was easier to understand as it was more engaging, but it also provides more data for understanding that the abstract does.",topic_1,4.125009747985294e-309
156,I think that I would choose the abstract because it explains why and how the experiment works. I liked this because I could go back and read it whenever I needed to. The abstract works better to understand how the experiment was designed and defends that it was designed well.,topic_1,3.425201812350335e-309
157,"Probably the video presentation because someone is explaining the experiment. Whereas if I'm reading it, I will probably find it more boring to read about graphs.",topic_1,0.5929812218322457
158,I think the presentation would be better. It is explained well and has good visuals to explain what would be happening.,topic_1,0.10163037956311363
159,I would prefer the presentation. The presentation would be better for determining if the experiment was well designed.,topic_1,0.7568037903335834
160,The abstract would be better for understanding because it’s more detailed. The presentation would be better for seeing if it was designed well.,topic_1,4.831221029682577e-309
161,"I would prefer the extended abstract because I tend to learn best when I am reading something. When watching the presentation, I felt like I absorbed less information than when I read the abstract.",topic_1,0.04281479432766463
162,I think I would prefer to hear about this study only using the extended abstract because I prefer the way the information that was in the extended abstract was presented. It included a lot of information that was included in the presentation could also be found in the extended abstract. I think that the extended abstract would also be the best for determining whether the experiment was well designed because it explained some of the errors or potential errors and where the study should be furthered.,topic_1,3.14354295011972e-309
163,I would prefer to watch the presentation rather than reading the abstract because I am more of a visual learner. I feel like I can determine more about the experiment through the visual representations and a human explaining the composition of the experiment.,topic_1,0.03536597448166037
164,The presentation would be more beneficial for deciding if the experiment was well-designed because it presents more information. While that abstract is short and does not go into great detail.,topic_1,4.622439405770406e-309
165,I would prefer the presentation because it showed the reason for why they were doing the presentation more clearly and it was easier to follow along. It would be more beneficial for those who do not have a background in statistics as well because they can see the pictures within the presentation rather than just reading the words in the abstract.,topic_1,1.788102464344923e-308
166,I think the presentation is what I would prefer. It made a lot more sense hearing someone explain it with words and graphics.I think the abstract was a little confusing to follow. I think both are good choices if you need to determine if it was designed well.,topic_1,5.050421682061977e-309
167,I’d rather hear about the study through the presentation because it’s easier to follow especially with the includes visuals. But the extended abstract would be better for judging if the experiment was well designed since it explains the methods and details more clearly.,topic_1,3.334944851165624e-309
168,I would prefer the presentation. The presentation gives more information than the extended abstract does and shows the experiments design.,topic_1,3.272383130224607e-309
169,"I think the extended abstract would be easier because it allows you to analyze words and data on your own and interpret them rather than just being told what to think. It gives a lot more room for questions to be made and answered, overall making the experiment better.",topic_1,0.023582803735329765
170,"I would choose the abstract because the abstract goes in to detail on how you're doing it while you're doing it while the presentation also does the same thing but it is shortened and it doesn't really go into that much detail on why they did it in the abstract, you can look at the statistic values",topic_1,0.02936510149906159
171,I would rather hear about the study from the presentation because it was easier to follow and had visuals. But the abstract is better if I want to know if the experiment was well designed because it’s more focused and to the point.,topic_1,4.53720414564799e-309
172,I would say that the presentation is the one that I would prefer. I say this because there is someone verbally explaining the results to me which is easier to understand. Also when they speak about their results they are less likely to use the big and very specific terms which makes it easier to understand as someone who wasn't doing the research themselves.,topic_1,1.4754423334051366e-308
173,I would definitely prefer the presentation. The presentation explained the study's design better and I liked how it gave visual representations. The presentation was also overall easier to understand and felt more explanatory.,topic_1,1.526728665730663e-308
174,"I would prefer the presentation to hear about this study. I feel like I am more of a listening learner rather than a reader, and I got more detailed information on the study through the presentation. The presentation is better for determining whether the experiment was well designed because they can provide more detailed limitations and/or discussion slides on the study.",topic_1,1.533857683671623e-308
175,"for the aspect of my own personally understanding, i would prefer the presentation. I feel as though the presentation uses a good amount of auditory explanation as well as image depictions to help make everything make better sense. on the contrary, I think the abstract would be a better way to show if the experiment was well designed",topic_1,3.91288315395157e-309
176,"I would choose a presentation. It is difficult for people to imagine it with just text. But if it is a video, people can know more intuitively how the experiment was designed and completed.",topic_1,0.8480302265506411
177,"If I had to hear about this study only using one method, I would choose the presentation. The presentation is more in-depth and provides more detail to digest, which makes it easier to form an opinion and/or understanding of the study.",topic_1,1.337265478654687e-308
178,I would prefer only the presentation. I felt it kept my attention more. I think the extended abstract would be better for determining whether the experiment was well designed tho!,topic_1,3.302037506486975e-309
179,"I would prefer just the presentation. I am not good at experimenting in this way, and I like to have it laid out for me with results. Much like a thesis defense, I like the short and sweet of the how and why.",topic_1,0.049976286742822174
180,I would prefer the presentation all the way. It explains more about what we participated in rather than the old study. He also used easier words to understand that are implemented into the extended abstract because it was a formal study.,topic_1,0.04097664147323619
181,I would prefer the presentation. I think the presentation better explains the study as well as better shows how it was designed.,topic_1,1.41225855787115e-308
182,I would prefer the presentation since I learn better from visuals. I think the abstract would be better for determining whether the experiment was well designed or not.,topic_1,3.829786712945295e-309
183,"I liked the presentation more because the way the data was displayed was much better than the abstract. The abstract may have more information about the study design, but the presentation was more helpful for this learning experience.",topic_1,0.06672953819530529
184,The presentation because it showed the results and why he got the larger responses to each graphs or 3D charts. It was easy to see all the visual charts.,topic_1,0.20280605735447352
185,I would prefer the presentation because it helped me picture everything better. I think the presentation was also better to determine if the experiment was well designed because it provided the graphs of results which the abstract was just words so if you are a visual learner it was more difficult to understand fully.,topic_1,4.27785431064562e-309
186,"I would prefer the presentation for an overview because it's easier to understand and visually engaging. However, the extended abstract would be more useful for evaluating the study’s design and methodology in depth.",topic_1,3.041899291433194e-309
187,I think the abstract would be better. I think that one had a little bit more information in regards to how and why the experiment was completed.,topic_1,4.2672149311338e-309
188,If I had to hear about this study I would prefer to hear it through a presentation because it is easier to understand compared to an extended abstract. The extended abstract would be better at determining whether the experiment was well designed because it would include more detailed methods.,topic_1,0.026267768089383452
189,I personally liked the presentation more. This was because I did have to try and figure it out on my one because someone was explaining it to me.,topic_1,0.15401893082242
190,"I like the format of research papers better. I understood more from the structure of the paper. I additionally appreciate an abstract as a preface to the study. The video did go into more depth about the results of the study, but results are a lot easier for me to interpret. As the article went into methodology which I find more difficult to understand so I appreciate the longer explanation. That's why I would also say it's better for determining the experiment design.",topic_1,0.08195927543693847
191,I would prefer the presentation. The main points I learned from the abstract was this study's comparison to a previous one. This presentation better presented the main points of this study and the importance of each variable. The presentation would better help determine if the experiment is well designed as it has more depth than the abstract.,topic_1,4.148626735857194e-309
192,"A extended abstract provides a more in depth/detailed summary of data recorded from a specific study/experiment, so personally I would choose this option. The feedback that can be recovered from a extended abstract is critical for peer review, which is what most of the audiences intention is from reading/listening to this study mentioned above. This methodology provides us with significant details regarding our research questions, and how well the experiment was designed.",topic_1,3.00208534706743e-309
193,"I would say the extended abstract because it provides a structured summary of study goals, methods and results which is essential for evaluation whether the experiment was well designed. Abstracts tend to include more detail about the experimental design, statistical methods and findings than a presentation typically does. However the presentation might be more engaging and easier to follow when it comes to the visual aspects like the 3D printed charts. The abstract is overall just more informative.",topic_1,3.019405713856735e-309
194,"The video did a great job explaining the project and the purpose, making it my preferred form of communication. I think the presenter is able to convey the importance of the research, the methods, and interactions with students better in the video.",topic_1,0.15614712520912405
195,"The presentation was preferable as a test subject. I was curious to see the statistics produced. However, for general purposes the abstract was easier to pay attention to as it was a short and effective explanation whereas the video used more advanced terms and statistical vernacular I am unfamiliar with.",topic_1,0.06384062158318957
196,I would prefer the presentation. This is because the information is delivered in a more concise and clear method. I was able to understand what the author was saying and how he was saying it.,topic_1,1.1279262648373306e-308
197,"I'd prefer the presentation as it still covers the study's design about as well as the extended abstract but includes the some of the results. For these same reasons, I think the presentation is better for determining whether the experiment was well designed.",topic_1,0.0442029292530018
198,I think that the presentation was a better option and it wasn't too long and got through all of the important points.  I think the presentation would be better for determining whether the experiment was well designed.,topic_1,1.0
199,"For a quick grasp, I would want the more interesting and simple to follow presentation. Still, the extended abstract is superior for examining the design and rigor of the study since it includes specifics on the techniques, variables, and statistical reasoning required for validity evaluation.",topic_1,3.01381898614358e-309
200,"I would prefer the presentation to get an engaging overview and see visual examples that make the study easier to understand. However, the extended abstract would be better for determining whether the experiment was well designed.",topic_1,3.20159874125136e-309
201,The extended abstract would be better for determining if the experiment was well designed.,topic_1,4.31222202379824e-309
202,I personally prefer the presentation as its easier to understand the research questions and intent of the study and explains more in depth what we were participating in. it also helped understand more about the different types of charts and graphs that we were observing and what the charts and graphs portrayed differently in a visual sense.,topic_1,1.648691642097733e-308
203,"I would prefer the presentation to quickly understand the concept, since it uses visuals and real examples that make the topic easier to grasp. However, the extended abstract would be better for determining whether the experiment was well designed, because it includes more detail about the methods, sample size, and data analysis.",topic_1,3.18167313553583e-309
204,I’d choose the presentation because it was easier to follow. But the abstract is better for checking if the study was done well.,topic_1,4.21559137568478e-309
205,I would choose the presentation because it was easy to understand.,topic_1,0.09985296005291812
206,"If I had to hear about this study only using the abstract or the presentation, I would probably pick the extended abstract because to me it just made more sense and was layed out a lot better in my eyes and for the way that I learn. Now, for most, I would say that the presentation was layed out decently as well, and lots of people would prefer looking at the study this way.",topic_1,0.03619685398382689
207,I would prefer the abstract because it better explained the importance of the study and why it matters. I think the presentation might be better at determining how well-designed the experiment was.,topic_1,0.03794787171261008
208,The presentation went more in-depth with the topic and also explained some ideas that were not covered in the abstract. The imagery that was able to be discussed in the presentation was helpful to me since I'm a visual learner as well.,topic_1,0.12818606420095574
209,"I typically learn best through reading and find the abstract more informative so that is my preference. However, I believe most people would find the presentation more comprehensive with the visual aspect. Because the presentation specifically discusses the step by step process, I believe it is better in that regard.",topic_1,5.56427853642819e-309
210,I would prefer the presentation because it gives an easier explanation as well as more of a visual answer. This helps to clear up confusion. The abstract might be a better indicator of whether the experiment was designed well or not.,topic_1,3.765484859835184e-309
211,The abstract since it was more laid out and explained and broken down. Having it in writing makes an experiment make more sense since you really have to think about what’s being written.,topic_1,3.44730734574853e-309
212,I would prefer the extended abstract. This is because I think the abstract delivers the most important information. The presentation would be better for determining whether the experiment was well designed because it provides more background information on the study and the results.,topic_1,3.09396161841611e-309
213,I think I would prefer only the presentation. I think the information would be presented better through talking.,topic_1,1.1600925173231464e-308
214,The extended abstract because I prefer a scientific presentation of information. I also like that reading can get you a little more info than a presentation.,topic_1,0.04477037152196253
215,"-Personally I am more able to understand material/information by reading it as I can connect the dots better that way. In addition, the presentation only helped with the small 'niche' elements but not the overall bigger picture of this study that continues to change expect for the abstract/purpose of the study itself.",topic_1,0.07149457975505565
216,The presentation format stands as my preferred choice for learning about this study because it delivers an interactive presentation of  study findings in detail. The extended abstract stands as the better choice for evaluating the experiment's design because  it presents methodology and objectives in a clear and concise manner which supports critical evaluation of the study's structure.,topic_1,3.047467944257635e-309
217,"I would prefer to hear about this study from the presentation. It provided more information on the results and application, which were the most applicable parts of the study. From a researcher's point of view, the abstract would be better for gauging the quality of the experiment, because it explained more of the methods and how the experiment was designed.",topic_1,4.574666059004296e-309
218,presentation. This explains things much clearly. I still think the presentation helps explain better in its own ways.,topic_1,0.10762040171234401
219,I think the presentation because it’s easier to follow,topic_1,0.08866390558431898
220,I would prefer the abstract. I enjoy reading things and believe that I understand things better that way. I think that the abstract gives a better indication on the quality of research design.,topic_1,3.44468942804635e-309
221,"I'd prefer the presentation since there were diagrams and pictures to help the viewers better understand the conceptual ideas that the presenters' were trying to get across. The extended abstract seemed inconvenient.  Between the presentation and extended-abstract, I think that the presentation is better for determining whether or not the experiment was well designed.",topic_1,3.245312635035826e-309
222,"I would have preferred to hear about this study via the presentation becuse I think that it explains things that were also addressed in the previous Abstract, in a much simpler way whereas there were times when reading the Abstract that I felt there was terminology that was confusing/would be confusing to someone who has never taken a Stats course.  I think though in terms of determining whether the experiment was well designed or not that someone should take into account the Abstract as it explains in much greater detail things that can't be explained in a short presentation.",topic_1,4.50420918349068e-309
223,"I feel that the presentation was more beneficial, and easier to understand. The video was able to explain the experiment in a more reasonable and understanding fashion. It also helped explain the experiment, more in depth in comparison to the abstract that we had read through, originally.",topic_1,0.35010068983752424
224,"I would prefer the presentation, as it gave me the most information as well as providing plenty of visuals to show me what they were saying. I feel like if I knew nothing about this study previously, the presentation would help me understand it the best.",topic_1,1.4096054726035593e-308
225,"I think both platforms provide useful information in understanding the experiment. However, I think the extended abstract did a better job of emphasizing the role of 3-D vs. 2-D in depth perception and identifying the differing heights among block figures.",topic_1,0.03576988853779667
226,"I like the presentation because it provides a more interesting and extensive explanation, complete with pictures and context to assist comprehend the study's approach and conclusions. However, the extended abstract is preferable for judging whether the experiment was properly planned because it presents the methods, aims, and main findings in an organized fashion. Each style has a particular function, although the abstract is more suited for assessing scientific rigor.",topic_1,0.032693242292641214
227,"I would prefer only the presentation. I also think that the presentation would be better for determining whether or not the experiment was well-designed. This is because the presentation made more sense to me, and I felt like it was hard to follow along in the abstract.",topic_1,3.68661190812287e-309
228,"I would prefer the presentation because I am a very visual learner. Although, i do believe reading through the abstract is the best way to determine if the experiment was designed well.",topic_1,3.823577952448246e-309
229,"I would prefer the presentation because I am a visual learner. I do better when I can see what's in front of me and not just read it. However, I think the abstract may be better at determining whether the experiment was well designed.",topic_1,3.895071437942423e-309
230,I would prefer to hear about the study using the extended abstract. It would be better to determine if it was well designed because it goes into greater depth about the set up for the experiment.,topic_1,0.021545700076846534
231,"I would prefer the presentation for a general overview because it’s more engaging and easier to follow, especially with visuals. However, the extended abstract is better for evaluating the experimental design because it includes detailed methods and rationale that support critical analysis.",topic_1,3.137517484321306e-309
232,"I would prefer the presentation because it clearly outlined the structure, purpose, and logic behind the study in an accessible way. However, the extended abstract would be better for determining whether the experiment was well designed, since it focused more on research methods, variables, and the implications of the findings in a concise, academic format.",topic_1,0.046849158138632566
233,"I would prefer the presentation because it gave a clearer picture of the results, methods, and real-world implications, making it more engaging and easier to understand. However, the extended abstract would be better for evaluating whether the experiment was well designed since it explains the structure, variables, and rationale in more detail. The abstract lays out the foundation, while the presentation builds on it with outcomes and insights.",topic_1,3.187650124401843e-309
234,If I had to hear about this study I would prefer to see the presentation. I find that the presentation is very clear and states the reasoning of the study and how it was conducted.,topic_1,0.07942528365203147
235,"If I had to pick just one, I’d rather learn about the study through the presentation because it’s more interactive and visually clear, which helps me stay focused and grasp the main ideas. But when it comes to figuring out whether the study was actually well-designed, I think the extended abstract would be more useful. It lays out the research question, the methods used, and the reasoning behind the approach in a more detailed way. Presentations tend to summarize a lot, so they might leave out important details needed to judge the quality of the experiment.",topic_1,0.046419587554938975
236,"I would prefer the presentation over the extended abstract. To me, it made the experiment feel less confusing to understand in regards to the purpose of us doing the experiment. However, because the abstract is so detailed I feel like that one would be better for determining if the experiment is well designed.",topic_1,0.017829094022710018
237,I would ask to see the presentation it made a lot more sense and I could physically see what was asked and why. The abract would be better for determing whether the experiment was well designed though.,topic_1,0.716913036144015
238,"If I heard about this study using only the abstract or presentation, I would prefer the presentation since it had a more detailed described design of the experiment. There is something about a person speaking and explaining the information that makes the explanation of the experiment seem more well designed.",topic_1,4.46958928635198e-309
239,"I would prefer the extended abstract over the presentation. To determine if the experiment was designed well I'd also say the extended abstract since it explains the experimental design and goes into detail about methods, variables, and how the study was built off of a prior research study.",topic_1,3.08555670915727e-309
240,"I would prefer the extended abstract because it gives a good overview of the most vital information in the whole experimental process. The presentation is better for determining whether the experiment was well designed, since it explains the question at hand and every component of data collection.",topic_1,3.04282700931447e-309
241,I'd rather hear about the study through the presentation because it's easier to understand and more engaging. But the extended abstract would be better for judging if the experiment was well designed. since it gives more details about the methods and results,topic_1,3.31089179321482e-309
242,"I would prefer the presentation, because I understand the experiment more by viewing the visuals, while also getting it explained to me. I can also rewatch it as many times as needed to understand the experiment, and it provides much more details on the experiment that we do not get by just reading the extended abstract. Personally, I think the abstract gives more specific details on the design and specifically its set up, just because it is a little more simplified, but still detailed for the set up aspect, and gives the reader exactly the information they need to know in order to determine if the experiment was well design.",topic_1,0.035095667399634795
243,"I feel like the presentation provided a more clear and concise summary of the study. However, I may be biased in this opinion because I am more of a visual learner and hearing as well as seeing information is best for me.",topic_1,0.12960561766648995
244,I would much prefer the presentation simply because I am a visual and audio learn. Others might feel differently of course. The presentation has more visuals and when more complex details are explained it is so much easier to understand.,topic_1,1.1459118583977275e-308
245,"I found the presentation to be more informative. I have a harder time understanding the detailed text of this nature, so the visual presentation and the highlights introduced by the presenter helped me understand the material better.",topic_1,0.1259272574866337
246,I would say one big factor would be how useful it is in determining the importance of the results. The results are all measured in a way that can fully support the hypothesis.,topic_1,0.43153341207871765
247,I would prefer the presentation because it is easier to follow along with and provides a good understanding of the study. However the abstract is nice when trying to get the fuller picture of the study as well.,topic_1,4.211604109267214e-309
248,"I would prefer the presentation. I thought it was much better for explaining the purpose of the study, as well as the methods and results.",topic_1,1.4337092905117267e-308
249,I would prefer the presentation because I feel the information was laid out more detailed and better explained when compared to the extended abstract. The abstract can be hard to understand when not super familiar with the study. The presentation allowed the information to be more clear to those who are not experts and less confusing. I think the presentation would then also help more in determining whether the experiment was well designed or not.,topic_1,0.04113035428733335
250,I would choose the presentation. It gave more visual aid to the study and understanding the different graph types.,topic_1,0.10126443198119178
251,I would prefer the presentation because it is easier for me to understand. The extended abstract would be better for looking at the design of the experiment.,topic_1,3.203642373011785e-309
252,"I think I would rather hear the presentation because it is easy to follow and understand. The presentation is laid out very well, and it is in a good order. Sometimes reading long articles can be hard to follow and understand.",topic_1,0.045061067245275775
253,I would prefer the prestentation because i am a visual all learner and would rather watch a video than read an article. I retain it a little better and i can always go back and rewatch if im confused.,topic_1,0.03434655798969321
254,The presentation. This is because the abstract feels much less personable and easier to follow. The abstract is probably better with determining whether the experiment was well designed,topic_1,3.869719567059834e-309
255,"Personally i would choose the abstract just because i enjoy reading more than watching a presentaion, but as far as the infromation goes the abstract gives a brief, but well informed summary of the study.",topic_1,3.480741380082163e-309
256,"I would prefer the presentation over the extended abstract. I think the presentation was all around more informative, easier to understand, and would be better for determining whether the experiment was well designed. Having a lot of backup information to support the experiment kept my interest and spiked my overall support for the conduction of the experiment.",topic_1,0.04374452835838801
257,"I prefer the presentation because it is able to cover mor specifics and limitations to the study. However, I believe the extended abstract went more into detail about the specific experiment performed and would be better to determine how well it was designed.",topic_1,0.029299581001513586
258,"I think I would have preferred hearing the presentation because I found it a lot more engaging than the abstract. I think the presentation language was also a lot more digestible and used general public-friendly language the abstract was more technical. I think the abstract is still more helpful for determining how well-designed the experiment was though, since it answered questions I had after the presentation.",topic_1,4.2499112894148e-309
259,I would prefer the full conference presentation over just the extended abstract. The presentation would provide much more detail that would help me better evaluate the experimental design.,topic_1,3.313823302830305e-309
260,I would prefer the presentation since I see how different the data would be when comparing bars that are in a 3-D graph and a 2-D graph. The extended abstract however provided clearer details and information about the study. This would be better when determining how well the experiment was designed. I say this because we are able to look closer at how each of the graphs was manipulated.,topic_1,0.03101934208071334
261,I prefered the presentation as it provided more visuals for me to understand and broke down each part of the experiment in more detail. I believe the delivery of the presentation was more geared towards those who have little understanding in statistics and I was able to observe how the experiment was designed and why. I appreciated having someone explain what each graph is and the purpose of this study and the Cleveland and McGill study.,topic_1,0.2336851433864988
262,I guess I would perceive that this study would have more relevance to the presentation as it makes me believe that this experiment is much more applicable in helping researchers learn how to teach better classes than helping the visually impaired.,topic_1,0.5928281941279987
263,"I would prefer the presentation. I think that maybe the abstract would be better for determining whether the design of the experiment was better because of the fact that it strictly lays out the experiment and some of what math was involved, whereas even though the presentation did that, it went more in depth about the results as well instead of just the design.",topic_1,4.030611082880695e-309
264,"I would prefer the presentation as it's more in-depth and provides a visual rather than the extended abstract. I also think the presentation would be better for determining whether the experiment was well designed for the same reason, it provides a visual for a visual study.",topic_1,0.025137474462563047
265,The think I would prefer the presentation. I thought that the presentation explained things very well and kept me interested in what was happening in the experiment. I think that the presentation would also be better for determining if the experiment was well designed.,topic_1,1.0
266,"Personally, I would've preferred the presentation as it gave a simple explanation about the experiment and what the goal of the experiment was. It gave details to what the research question was about and how the experiment was set up to find out answers to the research question.",topic_1,1.0
267,"I would want to hear about this study with only the presentation. That way, I don't feel as left in the dark about what I'm about to do and why I'm doing it. Overall, because the presentation goes more in depth, I think it would be better for determining if the experiment was designed well.",topic_1,1.379478262998889e-308
268,I would prefer the presentation because it used more visuals and I like videos better than reading. But I think the the extended abstract contained more information about the design.,topic_1,4.96783735851403e-309
269,I would much rather prefer the presentation again because of the visuals and the ability to have someone else explain it. When determining whether the experiment was well designed or not you would certainly have to look at the abstract and all its information.,topic_1,0.7113315276055993
270,I would prefer the presentation better because it was someone talking and telling me the information. The presentation was also put together in a way that was easy to understand. The extended abstract would be better for how well the experiment was designed because it tells how the original study was put together.,topic_1,0.0309411925463223
271,I would choose to only hear about this study through the presentation. It provides much better detail about how the experiment was performed and where the idea for the experiment came from. It also included many more visuals that were very useful in understanding the study procedure.,topic_1,0.07363536732827217
272,"I personally would prefer the presentation. Compared to the abstract reading an abundance of information, it is more difficult to grasp the material.",topic_1,0.01716708603261249
273,"I personally would prefer the extended abstract because it provides exactly what the experiment is trying to study, with extra information on how it connects to the Cleveland and McGill experiment, and how the limitations are being met. I think the extended abstract is better for determining whether the experiment is well-designed. While the presentation provides an overview of 3D background and scale, I believe that the extended abstract provides more in-depth and beneficial information for the participant to accurately navigate around the limitations that the study may have between 2D and 3D graphs.",topic_1,0.03256621915365822
274,I would prefer hearing about it through the presentation. This made a lot more sense to me than reading the abstract and it also included the results. The abstract would be better for determining if the experiment was well designed because it goes into depth.,topic_1,4.501042416820266e-309
275,"I would say the presentation would be better to hear about, but if you were determining whether the experiment was well designed, I would rather hear the extended abstract.",topic_1,0.056765341763804045
276,"I would prefer hearing about the study using the abstract. I believe it provides more detail on the setup of the experiment, which is better for determining if it was well designed.",topic_1,0.054274342553775355
277,I would rather hear the presentation because it gave more information with more visuals. It allowed for time to talk about the results as well as the future progressions of the study.,topic_1,1.398125010233037e-308
278,"An extended abstract typically provides a more comprehensive written overview of the study, including details on the research question, methodology, data collection, analysis, and results. It often includes references and citations to related literature, which can help in assessing the study's context and the soundness of the research design. This format allows for a more in-depth and critical examination of the study's methodology and the quality of the data and analysis.

Presentations, on the other hand, are often limited by time constraints and may focus more on summarizing key findings and implications, potentially leaving out some of the finer details of the research design. They are valuable for providing a quick overview and for engaging an audience, but they may not offer the same level of depth and scrutiny as an extended abstract.

So, if the goal is to determine whether an experiment was well designed, the extended abstract is usually the better choice for a more comprehensive and detailed assessment of the research methodology and its rigor. However, combining both the presentation and the extended abstract can provide a more complete understanding of the study.",topic_1,3.035941059629445e-309
279,"I liked the presentation, due to the fact that it was explained through live presentation. I think this allows me to follow along much easier.",topic_1,0.15316363381391657
280,I would like to have heard about this from the presentation over the extended abstract. However I think that the extended abstract was more informational and provided us with more background information.,topic_1,0.06356968557735049
281,I would prefer a presentation. I am more of a visual person and not interactive. I feel like the presentation would give a better insight on how the experiment was deigned.,topic_1,0.7540327166538124
282,"If I had to hear about this study I would prefer the presentation because the visual components of results helped me to better understand. However, I feel that the extended abstract provides better information for determining if the experiment was well designed because it better explains the study being replicated.",topic_1,0.0343921993267791
283,"Presentation, because it would provide more information than the abstract. 

Presentation",topic_1,0.023442760967924917
284,"I would definitely prefer the presentation because of how the information is broken down into slides. However, an extended abstract has a lot more to be picked through to determine if the experiment is designed well.",topic_1,3.250238283448783e-309
285,"If I had to hear about this study using only one source, I would prefer the video presentation. This may be because I am a visual and auditory learner, but I also had a hard time understanding what the researchers wanted us to get out of the abstract because it was so complex. With the presentation, I was able to understand step by step how the study was conducted.",topic_1,0.08530976802491035
286,"If I had to choose to hear about this study based on the extended abstract it only the presentation, I think I would prefer the extended abstract. I felt that the presentation almost made the study a little more confusing, and I like that the extended abstract is something that I was able to read on my won time at my own pace. I also feel that the abstract represents that the experiment was better designed compared tot he presentation, the abstract divides up the experiments and and explains the different sections in a more easy to understand fashion.",topic_1,0.03144925871560563
287,"If I had to choose between hearing about the study using only the extended abstract or only the presentation to determine whether the experiment was well designed, I would prefer the extended abstract.

The extended abstract is typically a more detailed and structured written document that provides a comprehensive summary of the research methodology, key findings, and conclusions. It is designed to convey the essential aspects of the study in a concise manner, making it easier to scrutinize the study's design and key components.

While presentations can be engaging and informative, they often focus on summarizing key findings and may not provide as much detail on the study's design and methodology. In a presentation, the emphasis is often on delivering a clear message to a live audience, which may not delve deeply into the study's design nuance",topic_1,3.12503916971554e-309
288,I would prefer the presentation only. Although I think that the extended abstract would be better for determining whether the experiment was well designed.,topic_1,3.324592317480683e-309
289,"Again I like the presentation better mostly because it adds a more personal touch! The abstract is probably really the best was to understand the design of the experiment. However I struggle reading that kind of material. So for a participant, the video presentation was the best.",topic_1,0.03941989786415206
290,"Personally, I would prefer the presention to hear about the study. I thought they explained the experiment, and the process better. I thought that overall thee presentation covered all topics in a very well manner, and explained just the right amount of information. The extended abstract was well written, however I do just learn better from verbal explanation. I think the extended absstract would be better for determing wheather the experiment is well designed or not due to it having all the information on one document, and being able to be read quickly and provide images next to the descriptions. You can also see each aspect of the experiment on one document as well which helps deterrmine the experiments overall design!",topic_1,0.04545414120893108
291,I prefer hearing about this study using only the extended abstract. I think it provides a better summary.,topic_1,0.05250338782405546
292,I would prefer the presentation over the extended abstract. I think the abstract would give good background on the experiment but I think the presentation gives a better view on the experiment design.,topic_1,3.34049042996802e-309
293,"I would prefer the presentation, but the abstract would be more beneficial to see if the experiment was well designed.",topic_1,4.536072612857366e-309
294,"If I had to choose, I would definitely choose the presentation for a more direct and clearer overview of the study. But the extended abstract would be better for determining whether the experiment was well-designed or not.",topic_1,0.040468117611219434
295,"I would prefer the presentation. Either way, the questions posed seem more vague than not. I am inclined to learn and I feel like I am unable to comprehend some of the information while the majority is within the presentation and not as much in the extended abstract. To consolidate, the presentation.",topic_1,0.03179985101541424
296,I would go for the presentation because it's engaging and easier to follow. The extended abstract is better for evaluating the experiment's design because of the detailed summary of the methodology and results.,topic_1,3.141143474011953e-309
297,I would prefer the abstract. The reason why I would prefer the extended abstract is that it went far into detail with the methodology and it brought up it's study designs and the implications that the study will for future research and pointed out how it'll adjust next time with the 3D charts are the largely negative view of them were misguided.,topic_1,3.01087680699363e-309
298,"I personally would prefer the presentation because it offers a more condensed and direct method of providing the information, but the abstract would offer a better explanation for the experiment. The abstract could go into more details and specifics of how the experiment was designed that the presentation could not.",topic_1,3.870904951113577e-309
299,The presentation. The presentation.,topic_1,0.13365579390299084
300,"I would prefer the presentation. It is more detailed, and it explains the process a lot better.",topic_1,0.09721669126532147
301,Watching the presentation would have been better since it has a lot of the information you needed to understand the experiment. It also touch on the major subject being experimented as well as explaining it and breaking it down. I think the presentation did the job of explaining the experiment and how well it was design and how so I would've prefer the presentation over the abstract.,topic_1,4.19453382471782e-309
302,"I think that I would prefer the presentation, as not only does it highlight the experiment in steps that are easy to folloe, but it also does a good job in providing a conclusion to the experiment, as the abstract reflection did not. While listening to the presentation I was able to get a lot more out of it, and the explanations really helped my understanding even more.",topic_1,0.032311830356910765
303,The presentation because it explains it more clearly. The presentation would be better for determining if the experiment was well designed.,topic_1,0.8895472023294151
304,"The presentation was much easier to understand for me because the language was explained as we went along, I also think I am a visual and audio learner so having a narrator helped. I think if you know a lot about statistics higher level the abstract could be better, but they also didn't touch on every single variable so in that sense the presentation was better.",topic_1,0.12677185161624288
305,I believe the extended abstract is the part of the experiment I would prefer. This shows how well a experiment was designed because we are given the information how the study methods were applied to the experiment.,topic_1,3.09437090876294e-309
306,"I would prefer the presentation, as it was helpful to have a visual and audio aide to the experiments explanations. It would be more helpful as an abstract, because that explains all the data in a scientific manner.",topic_1,3.71072402285527e-309
307,I would actually probably prefer the extended abstract because I do better reading about information. I was better able to understand the purpose of the study and what the researchers were trying to accomplish. The presentation however may have done a better job at determining whether the experiment was well designed.,topic_1,0.04427272997589262
308,I think that abstract would be better for the overall experiment. The abstract was more engaging and a hands on study. This allows the participants to engage in the experiment more and learn more from the study.,topic_1,3.38079812428242e-309
309,"I prefer the spoken presentation. This is because of the visuals. Additionally, academic writing is dry so hearing someone speak the same information is always better to me. Additionally, seeing the screens from the experiment and walking through the steps was much more useful than reading those same steps in the abstract. If I were to critique the presentation I would say the speaker needed more inflection in their tones and could have spoken a bit quicker.",topic_1,4.292742499456143e-309
310,I would rather learn about it from only the presentation as opposed to only the extended abstract article. I think the presentation is both better to learn about the experiment and to know if it is well designed because it is easier to understand the nuances of this experiment when someone is explaining it to you rather than just reading it from a piece of paper.,topic_1,0.030214401926435264
311,I would prefer the presentation. I think that it is more informative and explained the design a lot better. I also better understood the execution of the experiment and why it was done the way it was done.,topic_1,0.6365600447563977
312,"Preferring the extended abstract or the presentation depends on personal learning style. However, the extended abstract is generally better for determining whether the experiment was well designed, as it likely contains more detailed information about the methodology, controls, and statistical analysis compared to a presentation, which might focus more on summarizing results and broader implications.",topic_1,0.03913526011979673
313,"The extended abstract presents important components of the study, including the research question, objectives,  methodology, findings, and implications. It provides a more thorough and organized summary of the work.",topic_1,3.041026765141933e-309
314,"I would prefer the presentation. The presentation had more visual aids involved the hearing the instructions once more, I preferred it over the abstract since it was a bit more difficult to visualize. I believe the presentation was able to go more in-depth too in a clearer manner compared to the abstract.",topic_1,5.208485437247134e-309
315,I would prefer the presentation. It is easier to follow and understand. I think the abstract is better for determining whether it was well designed.,topic_1,4.83586294717637e-309
316,I would have preferred the presentation due to the consumpablilty of the material. As it is much more easily understood with visual aids to improve my understanding.,topic_1,0.10794558617968002
317,I would prefer the presentation way more. The abstract would possibly be better for determining whether the experiment was well designed.,topic_1,4.37249111735686e-309
318,I would prefer the presentation because I feel like it went more into depth particularly in the results section of the experiment. I am more of a visual learner and the presentation provided more visuals for the results and data from the experiment. I would prefer the abstract to determine which was better designed because it went into more detail how the experiment was set up and what it was looking for.,topic_1,4.139189186567653e-309
319,I would prefer the presentation. It was easier to follow and is more fun to watch then to read the paper. I also think the video should be used for the only portion every time rather then the paper.,topic_1,1.1122671785654816e-308
320,"i think reading the abstract is easier to do and takes less time, but for the sake of information i think the presentation is better. this is because it included a lot more data and visuals and went more in depth with the information.",topic_1,5.37814365851267e-309
321,"I would want to hear about it through only the presentation. It gives various visuals as well as explains the information verbally, which is easier to digest. However, the description of the experiment design is a little more detailed.",topic_1,0.07554062707148006
322,"I would've preferred the presentation, as I felt that way you got a much better understanding of what went into it and showed the effort put in making it appear more well designed to me.",topic_1,0.14463263957672623
323,"If I had to choose between hearing about this study using only the extended abstract or only the presentation, I would prefer the extended abstract. The extended abstract typically provides more detailed information about the study's methodology, variables, findings. For determining whether the experiment was well-designed, the extended abstract would be better.",topic_1,3.13357054708745e-309
324,"I would prefer to hear about the study through the presentation. Although the abstract is best for examining the data and details of the experiement design, the presentation provides a more realistic view on the experiment.",topic_1,4.560717506764957e-309
325,"Like in the last question, I think that only the presentation would be helpful just because it tells us exactly what we need to know also with visuals to help us understand by seeing and also listening at the same time. I think with the extended abstract there could be too much information that could be misleading in ways or too overwhelming for the researcher and reader.",topic_1,0.04527551037145073
326,"If I had to choose between the extended abstract and the presentation alone, I would prefer the extended abstract for a comprehensive understanding of the study's design, methodology, and results. The extended abstract would be better for determining whether the experiment was well-designed because it provides a detailed written account of the study's framework, including variables, methods, and statistical analyses, allowing for a thorough evaluation of its scientific rigor.",topic_1,3.040736159655103e-309
327,"I would like to hear about it from the presentation because it gives more specific details about the experiment. The abstract is just much broader, so it doesn't give as good of an idea to the reader as the presentation does.",topic_1,4.568186153041695e-309
328,"I think both were important in getting a good grasp on the study. However, if I had to hear about the study, I would want to use the presentation. I found it easier to follow. For determining whether the experiment was well designed I would definitely choose the abstract. The components of a well-done study were explored more in depth and with more conciseness.",topic_1,4.119803207537436e-309
329,"I would say the presentation, it provided visuals that I very much could understood by the average reader, not only that but by it being split up into parts made it very easy to follow and understand as well. While the abstract felt like information just thrown at me, making it very hard to get through and understand by the average reader.",topic_1,5.290762370690496e-309
330,"while the extended abstract is suitable for obtaining a quick overview of the study, the presentation offers a more comprehensive understanding and is better suited for assessing the design quality of the experiment. If the primary goal is to evaluate the experiment's design, attending the presentation would be the preferred option, as it provides a richer and more detailed analysis of the study's methodology and findings.",topic_1,0.013744616909394023
331,"I would prefer to hear about it through the presentation. Presentations offer direct interaction, visual aids, and verbal explanations, which can help convey complex concepts more effectively and engage the participants (us) in a dynamic way. This allows for a deeper understanding of the research and its implications compared to reading an abstract alone. The extended abstract would be more suitable for determining whether the experiment was well-designed. The abstract summarizes the study's objectives, results, and conclusions. The extended abstract formally documents the study's design and is more thorough for methodological rigor.",topic_1,3.21233270256447e-309
332,"If compelled to select, I would opt for the extended abstract, given its propensity to furnish a more exhaustive and intricate portrayal of the research endeavor. For evaluating the study's design efficacy, the extended abstract would prove superior, given its capacity to delve into the nuances of methodology, data analysis, and findings, surpassing the presentation's inclination towards succinct summarization and audience engagement.",topic_1,2.99131336619284e-309
333,"I would rather the abstract as the presentation was hard to sit through because of the cadence of the speaker’s speech; far to slow and the rhythm was hard to listen to, pausing is random spots.",topic_1,0.03243636909660938
334,"I would prefer hearing about this study through the presentation. I like how much detail it provides, and I also like the visual aids included. For determining whether the experiment was well designed, I think the abstract is better.",topic_1,4.52181537314918e-309
335,"I would prefer the abstract. It better explained what the goal of the experiment was and why it was being done. The abstract helped me understand the experiment better, but that also could have been because I read that before the presentation. I prefer the abstract.",topic_1,0.031603462407539216
336,"I would prefer the abstract, as the key points were laid out plainly and I could work through them myself. I think that overall, the presentation was better at determining whether the experiment was well designed because it went over the specifics of our experiment, and not just the overview of the original experiment and how it compared to the recreation. The presentation better explained the why in my opinion.",topic_1,4.156137781756944e-309
337,I liked the presentation better because we got to see the results and what they could mean and it did a good job of showing how it was designed.,topic_1,0.18000053897315896
338,"The extended abstract would be the one I preferred to hear about the study because I have all the information, I need to complete the study and they why behind the study. I think the presentation would be better for determining if the experiment was well designed because it gives us the results and can show how much variation there is between peoples answers.",topic_1,3.29939688854289e-309
339,I would prefer the presentation. I think the presentation would've been better because it explained the main points and also gave a visual representation compared to the abstract.,topic_1,5.561686695089914e-309
340,the presentation is what i would prefer. i liked the combination of being able to listen and see the visuals instead of just reading it.,topic_1,1.1819457091399384e-308
341,I would prefer the presentation. It goes into more depth and makes the study easier to understand.,topic_1,0.06422633194371492
342,The presentation. This is because it explains the study more in depth.,topic_1,0.10226696661236145
343,"Presentation. I feel like the presentation made so much more sense than the abstract. Not that the abstract didn't make sense, but the presentation was so easy to follow.",topic_1,0.18965032203276602
344,I would prefer the presentation since it was made for the general public to understand. The abstract is more thorough and probably better for understanding the design.,topic_1,4.890977353840887e-309
345,The presentation is what I would prefer since I find it more engaging. The extended abstract would probably be better in determining whether the experiment was well designed.,topic_1,3.22134012415516e-309
346,"Personally, I would prefer the extended abstract. It summarizes everything very well and does not have a lot of hard to understand information. To determine whether the experiment was well designed though, the presentation would be much better since it has specific details and extensive background information on everything.",topic_1,3.10915841803368e-309
347,The presentation because I learned more than in the abstract. I think both indicate the design of the experiment.,topic_1,0.6558365906810347
348,"I would prefer the abstract to determine whether the experiment was well-designed. While the presentation conveyed the information more simply, the abstract contained greater detail about experimental design.",topic_1,0.04895862578265182
349,I like the presentation better. I think someone telling you the design of the experiment and explaining it in more detail allowed me to see how well it was designed.,topic_1,1.0
350,"I would go with the presentation, it brings all of the information together and makes it easy to understand.",topic_1,0.09237886082642026
351,I would prefer the abstract. I think the abstract also would show the experiment was well designed since its laid all out right there and it was categorized making it easy to read.,topic_1,3.422493942345534e-309
352,I would rather use the presentation. the abstract might be better at determining if the experiment was designed well.,topic_1,0.045996950340036424
353,I would prefer to hear about the study using the presentation because it is in depth enough that students would understand the experiment and its purpose. I think the extended abstract would be better to determine if the experiment was well designed because it can go more in depth and might not have a time limit which could leave out some information like in the presentation.,topic_1,3.30518040931912e-309
354,"I would prefer the presentation over the abstract. The presentation was better for determining whether the experiment was well designed because it laid out all of the information, equations, and reasoning behind the experiment well.",topic_1,0.04258020765390129
355,This presentation. It can give me more information about this research.,topic_1,0.07321192843319906
356,I would prefer the presentation. This way I incorporate reading the information as well as being able to watch what the presenter wants to convey.,topic_1,1.078758974063943e-308
357,"The presentation made me feel more interested in the study and invested in it's goals, however the abstract is likely a better show of the study as it should be presented to participants and various other viewers in order to prevent introducing bias caused by too much inside information regarding how the efficacy of 3D graphics has been assessed in the past.",topic_1,0.053718163195368665
358,"I definitely like the extended abstract better, even though I thought it was not perfect. The most important thing this experience makes samples really put themselves in the program. It also give stronger abilities to collect data.",topic_1,0.027824972673538912
359,"Definitely the presentation. I watched the video, and I understood it way better because the researcher was a peer and easier to understand. And if I had watched the presentation in person, I could ask questions.",topic_1,1.1207286938505486e-308
360,"I would rather hear about this study via the presentation. Hearing something told to me sticks in my brain better than reading something from a research paper. However, I do think that the abstract does a better job at explaining the experiment design.",topic_1,4.54436040415632e-309
361,"I would prefer the presentation, because I liked hearing the results more.  For determining if the experiment was well designed, I believe it would be better to read the paper since it went into more detail over the experimental design.",topic_1,0.7401512617991493
362,I would have rather only see the presentation. This is because the presentation is easier to follow through and watch rather than reading an abstract which looks at the experiment through a very scientific paper lens. People are more likely to watch a 12-minute video and take away key information then an abstract paper due to word choice and now people prefer learning through videos.,topic_1,0.3603672676848481
363,"The abstract shows a better design, but the actual participation/presentation of the study is more fun to partake in. Overall, this was an interesting study and I am glad I got to help with the data collection.",topic_1,4.24574121072615e-309
364,I think that I would prefer the presentation since the information was more condensed and gave it to me in an understanding way. If I truly wanted to determine how the good the experiment was designed I would look more into the details of the abstract.,topic_1,4.05568458539314e-309
365,I would like to hear it from the presentation video. Not only seeing the graphics but having them explained was nice. I think he did a great job conducting the video and making it clear for the audience to understand.,topic_1,0.1529173725933258
366,I would have preferred the abstract side of the study. Abstract seems to be the best option.,topic_1,0.04730766942104479
367,I would prefer the presentation. It was very informative and helped me learn more about the project than I did before. The extended abstract may be better for determining whether the experiment was well designed.,topic_1,3.241981522004963e-309
368,I would prefer the 3D one.,topic_1,0.04829596536497028
369,The extended abstract is more clear so it is more preferred. The extended abstract was better for understanding the quality of the design. It added more context as to why certain details were added.,topic_1,0.02373038367846442
370,I don't know what the extended abstract is.,topic_1,0.0464239429207116
371,"I would prefer the extended abstract. Not only was the goal of the study easy to identify, the study design and process was talked about in great detail.",topic_1,0.049452200196143103
372,The extended abstract would be better. The presentation does a good job of explaining but students would be better at determining after going through the process themselves via the extended abstract.,topic_1,0.04356983714158179
373,"I liked the presentation, it was easier to understand and I got a lot more information out of it. For determining whether the experiment was well designed I think both payed a part but maybe the abstract was better. It's hard to tell for me.",topic_1,4.381544147613525e-309
374,I would have preferred the presentation since it showed visuals and it was talked about how the kits looked like which the abstract did not. I think whether the experiment was well designed an abstract would have been better for determining whether the experiment was well designed.,topic_1,4.11726503510626e-309
375,Probably the extended abstract because it provides more for me. The presentation would be better for determining whether the experiment was well designed.,topic_1,3.143527702844733e-309
376,I think that the abstract is better because it excludes information that might change what you think and affect your results. By leaving out information this gives us better results overall and creates little bias in the study.,topic_1,3.447503905508994e-309
377,"I would prefer to hear about this from the presentation. I have a difficult time reading abstracts of studies as I have a hard time reading through them. The information presented in them, to me at least, seems to jump back and forth and I get lost. The video allows me to grasp the information exactly as the presenter intended.",topic_1,0.06782513517870084
378,I would prefer the presentation as it was more clear and emphasized the important information with visual aids and explanations,topic_1,0.09113948329411335
379,only the presentation because it was designed a lot better and people could see it as a bar chart that was done right.,topic_1,0.18064499711987927
380,The presentation is much more detailed and gives a broader explanation of the intention and design of the experiment. The presentation would be much more informative for determining the quality of the experiment.,topic_1,0.6734724286612241
381,"I would prefer the presentation if I was to hear about the study, because it has more visual elements and is an easier to comprehend slide by slide. And for determining experimental design, I would also use the presentation because it goes more in dept about the experimental design in the presentation.",topic_1,0.19824439671357885
382,"I would prefer the presentation because it gives you all of the behind the scenes as well as in depth details about the experiment. I also think the presentation is better for determining whether the experiment was well deigned or not. It breaks down every component of the study, all while giving a reasoning for why everything was done the way it was. I think the more descriptive something is the better is would be to determine the greatness of the experiment design.",topic_1,1.0
383,"I would prefer the presentation and it would be better for determining whether the experiment was well designed or not, it is well laid out and easy to follow along.",topic_1,0.7472622597816335
384,"I would prefer the presentation because it was well explained and the instruction was clear, also the design is well design.",topic_1,0.10608233166283691
385,I feel the presentation did a better job of giving a good overview of the project. It seemed to be a lot cleaner and a fluent description of the project.,topic_1,0.17061075413479157
386,"I would prefer the presentation. Reading the abstract makes it harder to understand the study design, and seeing the visuals of the information in the presentation really helped.",topic_1,4.26358025986158e-309
387,I would prefer the presentation. I think that it was easier to understand than the abstract. It also helped to have animations on the slides and to have things broken down into simple parts. I think that the abstract would be better for determining if the experiment was well designed because the abstract was much more thorough than the presentation.,topic_1,4.082129410804144e-309
388,I think I would prefer the abstract because I can read through it. I found the video pretty boring.,topic_1,0.03749153435172187
389,The presentation would be better. It explained the study much better than just the abstract.,topic_1,0.05668490336387911
390,I would prefer hearing it via the presentation. I believe it is much more accessible. But i think the abstract would be better for the design.,topic_1,0.03143521188855807
391,"I would prefer only the presentation because I can focus better with audio and with slides than by reading an abstract. Although, I feel that the abstract serves better to determine whether the experiment was well designed because it has more specific information about the experiment.",topic_1,3.81484903553104e-309
392,"I would prefer to hear about the study using both the extended abstract and the presentation. However, if I had to choose one, I would prefer the extended abstract for determining whether the experiment was well designed. The extended abstract provides a comprehensive overview of the study, including details about the research question, methodology, results, and conclusions. It allows for a thorough evaluation of the study's design. On the other hand, the presentation may provide additional insights through visual aids and verbal explanations, but it may not capture all the nuances of the study design as effectively as the extended abstract.",topic_1,3.094333710984593e-309
393,I would prefer the abstract. I found there studies to be much more interesting.,topic_1,0.05764608964463105
394,"Since I am a person who better understands videos and a person talks himself, I would prefer video presentation. It makes some things easier to understand than abstract. 

I would say video to determine whether the experiment was well designed because it was more detailed than the abstract.",topic_1,1.0
395,"If I had to choose between hearing about the study using only the extended abstract or only the presentation, I would prefer the extended abstract. The abstract would provide a detailed and structured overview of the research question, methodology, results, and conclusions, allowing for a comprehensive understanding of the study's design and findings. While the presentation may offer visual engagement and dynamic communication, the abstract would likely be better suited for determining whether the experiment was well-designed due to its ability to convey detailed information in a written format.",topic_1,3.193614809711033e-309
396,Presentation would be my preference. I think this way is better in obtaining a comprehensive understanding of the study.,topic_1,1.2653100782285155e-308
397,"I prefer only the presentation because I feel like I can learn better from it. Also, I can understanding well when presentation beause it explain stuff clear to understanding.",topic_1,1.0973285260539175e-308
398,The presentation. It is easier to understand regarding the experiments design and purpose.,topic_1,0.5100045097111179
399,"Given the extended abstract and this presentation, I would definitely prefer the abstract. I'm not saying this to be mean but the engagement of the presentation was lacking and I lost interest almost immediately. That being said, I do think it provided a lot more in-depth details regarding the design of the study.",topic_1,0.03867635552734805
400,I would prefer the presentation because it gives you more information about the experiment and what it entails.,topic_1,0.7485779490591252
401,If I had heard about this study I would have prefer using the extended abstract. Even though the presentation had more details about the experiment I enjoy reading and the abstract had the information that I needed to understant the purpose of the experiemnt faster.,topic_1,0.04014262914900372
402,"While both the extended abstract and the presentation offer valuable insights, I would prefer the extended abstract for a comprehensive understanding of the study's design and findings. The abstract typically provides more detailed information about the research methodology, results, and implications, allowing for a thorough evaluation of the experiment's design",topic_1,3.008161609612236e-309
403,"While both the extended abstract and the presentation communicate research findings, the presentation may be preferred for the way it can engage the evidence, while the extended abstract may be better for a detailed examination of the study's design and methodology.",topic_1,3.035474846813283e-309
404,I would prefer the presentation because it offers much more information. I think the presentation is better for determining whether the experiment was well designed.,topic_1,0.7465177520141238
0,"Extended abstract, extended abstarct",topic_2,0.05284889047927193
1,I would prefer to hear about the study from the presentation. The abstract is the better reading material for determining if the experiment is well designed.,topic_2,6.27513522879912e-309
2,I would prefer the video just because abstracts can be so lung to read and also have confusing words but the video was much simpler. The abstract would probably be better for determining the experiment was well designed.,topic_2,0.10051312325289359
3,"I think I would have preferred the presentation because of the visual representation and explanation he gives. The abstract was well made but I enjoy listening to people talk about things and he did a better job of explaining to me what it was about compared to the abstract. I think the abstract would do a good job of actually showing if it was well designed though, since it basically explains everything from the beginning to the end.",topic_2,8.74074217332004e-309
4,I would prefer the presentation. It makes a lot more sense to hear it from the experts instead of just reading a procedure on a paper. The presentation makes it easier to see if the experiment was well designed because the researcher explains in depth why some assumptions were made or why a particular technique was used.,topic_2,0.04910836830008207
5,"I think that I liked hearing about this study through the presentation. I thought that it was more engaging. Yet, I think that the extended abstract was more informational in looking more like a study, so that one might be better for determining whether the experiment was well designed.",topic_2,0.06304049787635335
6,"I preferred the presentation. I felt like it easily laid out the different aspects of the experiment, in a simple way. I also felt that it was much easier to follow than the abstract presentation. In the abstract, I felt there was some unneeded information.",topic_2,5.49512132234121e-309
7,"I would want to hear the presentation only because I don't like reading a lot and the presentation had more graphs and pictures to explain the procedure, but I do think the abstract has a lot more detail and goes in more depth than the presentation. So I think the best one for determining whether the experiment was well designed would be the extended abstract since it does include more details and talk about it more specifically.",topic_2,0.07025440807170992
8,I would have rather heard about it by only the presentation because it gave a me a better and clear understanding of what was taking place and the back ground to the experiment. I think that the extended abstract would be better for determining how well designed the experiment was.,topic_2,0.07932562707521466
9,"Personally, I am a visual learner so I would prefer the abstract simply because it helps me pay better attention and helps me understand better. Both the abstract and the presentation show the experiment was well designed, but the presentation would be the better fit in regard to determining that. It goes into the depths of reasoning and a better explanation of results.",topic_2,5.07647621254165e-309
10,"I prefer the extended abstract. This is because I can read fast and skim the text instead of  listening to a boring presentation that I can't skip through. I think both are equally important to whether the experiment was well designed, but if I had to choose one or the other, I'd say the extended abstract was better.",topic_2,3.62312124537377e-309
11,"The extended abstract, because it was a little better at giving the background information. It told us more about the experiment done at the other school, so we could gauge if ours was done to the same level of quality as the other one was. I also just found it easier to understand as a whole.",topic_2,0.0306469917635754
12,I would like to hear the presentation. I think it is easier to understand the study when in is explained in person and not just reading about it.,topic_2,0.11254817839965436
13,If I had to pick which is better I would choose the presentation. I work better with visual aids and the presentation had better support for that. I preferred the 2D models rather than the picture of the 3D provided in the abstract.,topic_2,0.28400259660368277
14,I would prefer the presentation. The abstract would be better though for a more in-depth understanding.,topic_2,0.10672837605170858
15,I would prefer the extended abstract as it is better for quickly grasping the overall idea of the study itself. I want a concise overview of the research rather than a more immersive format.,topic_2,0.05548441645456533
16,I would prefer the video presentation. I feel like videos usually give more detail and keep my attention longer. I am a visual learner so I like seeing people talk through the slides and see the data while also hearing about it. I better understand information this way because I lose attention when I am sometimes reading.,topic_2,1.0
17,"Presentation, I am a visual learner and prefer video explanations over reading an article. I also feel the author of the presentation could more easily explain any confusing points rather than hoping the viewer understands what is meant through sentences in an article.",topic_2,1.0
18,"I feel like I learn better and take in information better in a video format. Sometimes when readying professional documents or abstracts from research papers I feel as if I don't take in all the information. In the video, I liked being able to have visual representations of what is being discussed.",topic_2,0.961214099691869
19,I would rather use the presentation as I am more of a visual learner and it was way more helpful giving more and better detailed information to learn from. The presentation would be better to determine if it was well designed or not.,topic_2,0.5893886058625659
20,"I would prefer the presentation, the abstract is just a huge wall of words that doesnt really feel too inviting and if you are attempting to get new random people to take the study I don't think that is where you will find luck. That being said you would then have the chance of revealing things about the study that could influence study participants behavior.",topic_2,6.193728727214585e-309
21,"If I had to hear about this study through a singular mean, I would probably choose the presentation because it allowed for better incorporation of visuals. The presentation would also be better for determination of a well-designed experiment, as the visuals of things such as expected results are better portrayed through those kinds of means.",topic_2,0.06821703065574908
22,"Extended abstract because it is a shorter version of the presentation and sums up all the main points. I think the presentation would be better to determine whether the experiment was well designed because of all the visual aids, engagement, and verbal communication.",topic_2,3.731255380226077e-309
23,I would prefer the presentation because I feel like the presentation helped me understand the experiment better and what they were trying to do/prove. The presentation was more appealing and interesting instead of just reading the extended abstract. The presentation would be better for determining whether the experiment was well designed.,topic_2,0.041808546916760066
24,I would prefer the presentation because the experiment was explained more in depth and I understood it easier than the extended abstract. I think the presentation would be better for determining whether the experiment was well designed as well because he went into lots of detail about how the study was set up and was very clear about all the components of the study.,topic_2,0.0526639614064449
25,"I really liked the presentation as it was easier for me to understand so I preferred that one. Although, the extended abstract shared more of a whole over view including start to finishing results. The presentation focused a lot on the design set up and reasoning as to why. That was just briefly touched on in the abstract. Therefore, I think the presentation is better for determining whether the experiment was well designed.",topic_2,0.058960223353595145
26,"The presentation was far more helpful than the abstract because it used more common terminology. Additionally, the presentation told the subjects exactly what the researchers wanted to gain from the study. The presentation also mentioned what studies in the past have shown and focused on what this study was for, rather than focusing on what the studies in the past showed and briefly mentioning the study at UNL, like the extended abstract.",topic_2,0.07991932436946779
27,The presentation has more detail and talks about all the elements and how they work. The abstract has data and the method of the test but it doesn't give much data as to why the results are the way they are.,topic_2,0.06750282914926915
28,"If I had to choose between hearing about the study using only the extended abstract or only the presentation, I would prefer the extended abstract. It provides a summary of the project's objectives, methodology, findings, and conclusions, allowing for a quick note of the essential details. However, for determining whether the experiment was well-designed, the extended abstract might be more suitable. It offers an overview of the study's methodology and findings, providing the necessary information to assess the experiment's design and execution.",topic_2,3.718401472181116e-309
29,"I would definitely prefer the presentation because it makes the breakdown of the experiment a lot more understandable. I am a visual learner, so the study makes a lot more sense when someone shows pictures and explains them outloud, instead of me reading a whole bunch of words. I think the presentation makes the design of the study look a lot more interesting and appealing.",topic_2,0.051399511202371594
30,"I prefer the presentation. I think it does a better job of being more clear and concise instead of reading a long abstract off a paper. It is easier to comprehend, especially with the pictures.",topic_2,1.0022231388061055e-308
31,I would choose the presentation because it explained the results and statistics the best. While also explaining the study design and future work of this study. I felt like I got more information out of the presentation than the abstract.,topic_2,6.05497683360717e-309
32,I would probably do the presentation because I do well with words and pictures combined. For determining whether the experiment was well designed probably the extended abstract part.,topic_2,9.39379046580019e-309
33,"I would prefer the presentation since it was much easier to understand, and I prefer videos to reading material. The abstract, however, has better information to evaluate the study.",topic_2,6.37916236195606e-309
34,The video was the best example of the experiment. Abstracts can get really wordy and confusing. Videos are easy to follow along.,topic_2,0.09839328097912631
35,I would prefer the presentation. I prefer it because it is more thorough and offers different opinions and views on the graphs. When reading the presentation we could tell more easily if it was well constructed compared to the abstract.,topic_2,7.88771828114637e-309
36,"The presentation was more clear for me, I'm not good with large amounts of text as like a lot of people my age. I'd say either could be used for determining how well designed the experiment was, but the presentation was more clear.",topic_2,0.07470734316114297
37,"I would definitely prefer the presentation, it explained things in way more detail, and also was a lot easier to understand in laymen's terms. For determining whether the experiment was well designed I think I still believe the presentation did a better job showing that the experiment was well designed.",topic_2,1.0879927442526017e-308
38,I think I would prefer the presentation because it seems more digestible and easier to understand compared to the abstract. I also think the presentation would be better for determining whether the experiment was well designed because the speaker would be able to elaborate beyond the abstract.,topic_2,4.83754746579646e-309
39,"I think personally I would rather hear about the experiment from the extended abstract, while I believe that the presentation shows that this experiment was well designed. If used in the same context, I think that the abstract of the study does a fair job conveying the purpose of the experiment for people that are semi-versed in the statistics world. Whereas I would use the presentation for people who don't know much about stats.",topic_2,3.99631912808646e-309
40,I would say the presentation is easier to comprehend and understand especially for something that needs explanation. I also just enjoy the slide aspect more than reading something with more words unless its better for the comprehension of it but in this case I think the slides having the pictures with the explanation was helpful,topic_2,0.6454815272375567
41,I would prefer the extended abstract because I am able to use my own experiences and see what is happening first hand instead of trying to learn and figure out what is happening through the presentation.,topic_2,0.048496254670539606
42,I would prefer the presentation. I got a lot more information from this.,topic_2,0.11718991833834175
43,I would prefer the presentation because it is better and easier to understand rather than the extended abstract. I feel the presentation would also be easier for determining if the experiment was well designed.,topic_2,4.467110548017316e-309
44,"I think the presentation, as it was longer and contained more information, the presentation would be better for determine whether the experiment was designed well.",topic_2,0.03826185369145748
45,"The presentation made more sense to me as a participant, when compared to the abstract. However, because the experiment was more thoroughly detailed in the abstract, I believe the abstract was the better option when determining design efficiency.",topic_2,5.157019218226707e-309
46,"The presentation. Like I said before, I don't like to read sometimes so watching this was def. easier to follow and understand. Especially with the photos. I know the abstract had photos too but having the tables laid out while I was told how they held any signifigance in the study was easy to follow.",topic_2,0.39613776246216403
47,"In general, I think it depends on the person you are asking but personally I conceptualized the abstract better but the presentation was easier to understand/follow. I think the abstract would be better for determining whether the study was well designed. I believe this because there seemed to be more information.",topic_2,5.80717215919125e-309
48,"I think that the video had better information even though it was tough to listen to. It has more information about the experiment than the abstract does, and I feel like it explains how the experiment was designed better.",topic_2,0.10515198120094582
49,"I would prefer to hear from the presentation. I think the presentation did a really good job of explaining the experiment and what they were looking for with this experiment, so I think that it would be better for determining how well the experiment was designed.",topic_2,6.33923961093972e-309
50,I would prefer to watch the presentation because he did a good job of explaining all of the aspects of the experiment. I think the video also does a better job of telling if the experiment was well-designed because it has actual figures used in the experiment to give the person a better judge of whether the experiment was well-designed or not.,topic_2,0.07477499231568385
51,I would prefer the presentation over the extended abstracts personally just because I felt like the abstract was too wordy and complicated at times to really decipher the information. I do feel like the presentation would be better for determining if it was a good study because I felt like there was more justification on why the study was being done.,topic_2,0.05157586325792313
52,Presentation hands down. It goes much more in depth and explains many additional details. It also describes specifically how the experiment was conducted in great detail.,topic_2,0.11766320430537901
53,"Personally speaking, I would rather watch the presentation because for me it is hard to read abstracts without getting lost, while with a presentation there is a little more explanation on certain things to clear up any confusion. However, sometimes I feel that a well written abstract is much more detailed on specific things and it is much easier to go back and check the facts for anyone who might try to replicate the experiment in the future.",topic_2,4.949498368111315e-309
54,"I think honestly I would prefer the presentation. Typically I would say the extended study, however in this specific experiment. The presentation I feel gave a little more detail (or detail I understood just a little better).",topic_2,0.056318763723172315
55,I think that the presentation would be better for me. This is because I think that it is simpler to have someone explain the ideas to me rather than me deciphering the abstract. I think that the abstract is better for determining if it was well designed because it takes a lot time and effort to comprise a good abstract.,topic_2,7.253140539428674e-309
56,I would prefer to hear about it from the presentation because it's more interesting to hear from. The abstract would probably be better to determine if it was well designed though.,topic_2,6.45650175104124e-309
57,I would prefer the presentation over the extended study. This is only because I learn better from hearing things than reading them. I think that the extended abstract had more information and detail over the presentation though.,topic_2,0.04743882546121661
58,"I think the presentation told me more than what I knew from the experiment, so I would have to say the presentation. The presentation was also better for determining whether the experiment was well designed.",topic_2,0.09170637312735908
59,"I would prefer the presentation, because I tend to learn and understand things better when I have a visual representation of it in front of me. I think that the presentation is better for determining if the experiment was well designed because it compares the expected results with the actual results using a visual.",topic_2,9.075781394284406e-309
60,I preferred reading the abstract because it had more details on procedure as well as included research from other studies. I think the abstract showed how well the experiment was designed.,topic_2,4.76066793580958e-309
61,the presentation would be better because i am more of a visual person and it would make more sense for me to really be able to and listen to what the experiment is about. This would help me determine if the experiment is well designed or not.,topic_2,1.031022854108545e-308
62,"I would prefer the abstract. The abstract really explained all the elements for me. And, I think it is better to read something that watch a video because it is so easy for people to zone out and reading to me just makes it more comprehensive.",topic_2,4.89938017143029e-309
63,I much prefer the presentation because reading abstracts are incredibly boring and time consuming. Another the presentation also provided a more visual method of learning about the study.,topic_2,6.769676110775554e-309
64,"With what I had prior to taking the study, I think this would be easier. I had the base information and after watching Tyler's video I just have questions and it is too much to explain something that takes not long to complete.",topic_2,0.05223758977478781
65,"I would rather the presentation, because I learn better when I have an actually representation for me to look at. I think that the presentation is a better thing for deciding if the experiment was well made because it compares the expected results with the actual results.",topic_2,9.37136462807275e-309
66,I thin the presentation was better for me. Often times when reading something I get distracted so when hearing something it helps me retain it better.,topic_2,0.3798517042431393
67,"Personally, if I had to hear about this study, I would prefer the presentation over the extended abstract. While the extended abstract provides useful information we can always go back to, I feel the presentation, at least for me, would be better in understanding whether the experiment was well designed because it's being directly explained in great detail by one of the designers of the experiment. Also, for me, I understand things better when they're being directly told to me, rather than reading the information in a bunch of paragraphs.",topic_2,0.03066966601412073
68,I like the presentation better because I also like the added visuals. I also appreciate the extra explanations that can be hard to put into writing that are included in the presentation.,topic_2,0.5286865889471513
69,I think I would choose the presentation because I find it to be an easier method of absorbing information. I think the presentation was better for determining whether the experiment was poorly designed because it went into more detail and had graphics to help better explain the results.,topic_2,0.05797288990816646
70,"I would prefer the presentation because it was much easier to follow along and understand what they were doing with this research as opposed to the abstract that was written in a much more scientific way with some terms I am not familiar with. I also think the presentation is better at keeping my attention because I am not getting confused by the language of the abstract. However, I think that the abstract was better for determining if the experiment was well designed because they discussed their methods in much greater depth than the presentation did.",topic_2,5.54954581121972e-309
71,I would prefer the presentation as it is nice to have the information be walked through by an informed individual. The presentation is likely better for determining whether the experiment was well designed due to it being able to provide more information in a shorter amount of time.,topic_2,9.39598720518404e-309
72,I enjoyed listening to the presentation more than I did reading the abstract. The presentation seemed more comprehensive and explained the study in easily understood language.,topic_2,0.0883765060172119
73,"I would prefer the extended abstract video, making it the better option for determining if the experiment was well designed. It was helpful and interesting to hear about rhe 3D background models and history.",topic_2,0.11331645287582102
74,"I would honestly prefer the presentation because I like to see all the variables in front of me instead of taking part in the experiment when I get only a portion of the information at the time. I don't like to be a test subject which is why I prefer the presentation. 

 

The presentation would be the method to see if the experiment was well designed. All the data is in front of you at that point so it would be the ideal match for determining a well designed experiment.",topic_2,8.963122485215524e-309
75,"I'd rather hear about the study using the presentation, because while reading the graphic, I had a difficult time understanding why this study was significant. The background on 3D versus 2D graphs was helpful to me in this regard. The abstract would likely be better for determining whether the experiment was well-designed because it has more detail in a written format.",topic_2,0.06478793256196459
76,I would rather watch the video because hearing someone describe it to me is a much better way for me to learn than just reading the abstract.,topic_2,1.0
77,probably the presentation because it showed me the results in the way i wanted to see them,topic_2,0.13754661476368354
78,"I prefer the presentation because it was easier to understand, at some points I had to reread sections just because I couldn’t understand what it was trying to say. The abstract was very informational, but as someone who prefers to listen, I’d choose the presentation. The abstract would have a more precise way of explaining things and just more details. I think the abstract would be better out of the two to determine whether the experiment as well designed or not.",topic_2,5.33963920936283e-309
79,"I prefer the abstract because it is much quicker and easy to understand, because it doesn't go into as Much detail. I think that an abstract is the best way to tell if a study is well designed, the video went into more detail about the results and looking forward, which isn't always necessary for determining if a study is well-designed.",topic_2,5.67448986015614e-309
80,"I personally prefer the abstract. As a science major with a lot of experience reading scientific papers, I can read into them and I like interpreting the studies myself.",topic_2,4.801789964735585e-309
81,I would rather hear the extended abstract. This had more information and the video presentation was very boring.,topic_2,0.10391088179646081
82,I feel that the presentation helped because its easier when someone talks to explain something and we can follow along. It helps because he can pause and explain things better and can go step by step.,topic_2,0.29754208905896307
83,If I had to hear about this study I would prefer the presentation because it is straight forward and I personally like when someone talks about it first and goes over it online. I would prefer the presentation for determining weather the experiment was well designed.,topic_2,1.16420909213773e-308
84,"I would prefer to hear about this study strictly from the presentation. Although the abstract was detailed, I felt that the presentation did a better job of explaining the background and purpose of the experiment. Overall, I think that the presentation would be better for determining whether or not the experiment was well designed.",topic_2,6.223673255588154e-309
85,"I would prefer the presentation just because listening to someone speak like that has always helped me learn better in general, and I was a fan of the visuals and whatnot that were used in the presentation. I feel like the video just because it gives kinda a step by step and some background, and idk, i just feel like it has it all.",topic_2,1.0
86,I prefer that abstract because it gave me more of a concise idea of why the experiment was set up the way it was and the information was easier to take in. I think the abstract gives a better way of determining if this experiment was well designed because future researchers can use the abstract to test how well designed this study is.,topic_2,4.72420284172607e-309
87,I would prefer presentation because i’m more of a visual learner than just reading. I learn more from someone explaining it to me rather than reading something. Presentation would be better for determining whether the experiment was well designed,topic_2,9.15361270967121e-309
88,"I would say the presentation, because the purpose was a little clearer. This way it clearly showed that the experiment was designed better.",topic_2,0.09957793157927353
89,"The abstract for sure, as the presentation mainly showed the difference in bar graphs and how to digitize a 3d bar graph.",topic_2,0.0211835960131655
90,The presentation is way more preffered to hear about this experiment. The presentation is so much easier to understand and I feel like that would also make it easier to understand if the experiment was well designed.,topic_2,1.1556144067391474e-308
91,"I preferred the presentation more, it was easier to follow along and stay engaged. The presentation is easier to listen to and see parts of the experiment.",topic_2,0.07644009370615883
92,The presentation due to it providing more of the formulas and math behind the experiment and it also provides a better background for their reasoning behind the experiment. I would say the presentation would also help the presentation seem well designed.,topic_2,0.023732485187430964
93,"The presentation since there are more visuals (images, the bar charts, models) as well as an explanation of the study design and predicted results (which were also not in the abstract). In addition, there had also been more of a background on the 3D graphics to give the participant more understanding of why the study is being conducted. This is not to say that the abstract was inadequately written, it was very extensive and informative, but in terms of having to choose one for specifically for determing whether the experiment was well designed and also for participation, I would choose the presentation.",topic_2,5.36137905666788e-309
94,"Personally, I would watch the presentation. The reason why I would say this is because it gave me more visuals so I was able to comprehend what I was going to look a. I also learn better from when I listen to somewhat talk and explain what I am about to do.",topic_2,1.0
95,"Personally I would prefer the presentation. I thought having someone else explain the experiment to me rather than me reading the abstract was more helpful. Personally I had to reread the abstract to try and figure out what it was saying, it felt like it was saying the same thing over and over again.",topic_2,0.04769978324805797
96,"I prefer the presentation because it kept my attention more and walked through the results in a way that is easy for someone not familiar with the data analysis methods used to understand. The abstract, however, is better for determining whether the experiment was well designed.",topic_2,0.04938496054606472
97,"I would prefer the presentation, because it seemed the best laid out and clean. I also think that the presentation would be the best for determining whether the experiment was well designed.",topic_2,8.63759835804179e-309
98,"I would definitely prefer the presentation. Having visual representation for people gives them a better understanding of the experiment overall. As well as having someone guide the viewer of the presentation through the work, allows for a connected feeling towards the experiment as we have someone talking to us instead of us reading an abstract from someone we don't know.",topic_2,9.541557487781833e-309
99,Probably the presentation. It is generally easier for me to understand spoken words than written words.,topic_2,1.0
100,I would say the abstract since I would have liked to know the background. The abstract would also better help with how well the experiment was designed since it goes in depth.,topic_2,4.54841175232904e-309
101,Probably the abstract because its strait forward. but the presentation was and is better at explaining the experiment.,topic_2,0.0444167909740336
102,I would much prefer the presentation over the abstract. I still was left kind of confused when I read the abstract. I feel like this video did a better job at filling me in on any questions I had.,topic_2,0.10494350881624841
103,"I would prefer the presentation. It would be better for determining whether the experiment was well designed because it uses more day-to-day words for better understanding even for those who don't really know statistics. Also, it helps me to visualize while listening.",topic_2,0.05793585332585117
104,"I would choose the presentation, with visual examples shown it provides a better and easier way of explaining what the goal is and what is happening. In the abstract paper it mentions the graphs but doesn't show how to read them or what specifically to do with them. So, in that case I would choose the presentation.",topic_2,7.39477093120225e-309
105,"If I had to hear about this study using only one of the two I would chose the presentation, I like hearing and visually seeing what the experimenters are talking about it and I felt that I can remember and learn more from it. I think that the abstract helped determine that the experiment was well designed, but I like to hear from the people who created the experiment talking about it.",topic_2,5.896820962976545e-309
106,I would rather hear about this through the abstract. This is because an abstract sounds more official and scientific to me and I feel there is less bias in an abstract.,topic_2,0.06471657433057579
107,"I would use the reflection because it gives a better explanation and shows us more information about the study. I believe they both have their place. I would use both to determine if it was well designed. I believe this because the abstract holds good information that needs to be seen, but also the presentation goes into depth and what they could change or do in the future.",topic_2,5.79224240575148e-309
108,"I would prefer the presentation because I understand it better. Reading the abstract, I was a little confused because I don't think they mentioned the group size or how the sample group was found. In addition, the presentation had visuals and did a good job at explaining every part of the experiment in depth.",topic_2,5.53145006794181e-309
109,"Truly, I have no idea. Perhaps the extended abstract would be better. I don't know which would be better for the experiment appearing well-designed. I just took an intro to stats course. I barely know what experiments are. Brother, if I was capable of judging the quality of graduate level experiments, I would not be in this class. Why are you asking undergrads this? That's what I would like to know.",topic_2,3.73405504111127e-309
110,"I prefer the abstract because it provides a more detailed explanation of the study's goals and designs. Which includes specific procedures and rationale that help determine whether the experiment was well designed. For evaluating the quality of this study, having access to those details is more useful that visuals alone. The abstract also shows how the study is built off past research, giving it more credibility.",topic_2,4.86975237955337e-309
111,"I would have preferred the abstract. I find reading condensed information easier than listening to someone talk about it. However, I think the presentation is better to decide if the experiment was well designed, because it’s less condensed and allows for more detail.",topic_2,0.046720365655175115
112,"If I had to choose between hearing about this study only from the abstract or only from the presentation, I would choose the presentation. I liked how the presentation explained it more, and it was more visually explained, which is helpful for me. The presentation would be better for determining whether the experiment was well designed, because it walks through every detail of it.",topic_2,6.215939805261687e-309
113,"I preferred the extended abstract, personally. The extended abstract provided a lot more detail into the intended goals and structure(s) of the experiment and I believe it is more determinant of the experiment's design properties moreso than the oral presentation, however, the oral presentation is a bit more palatable and easier to digest for most others, I would presume.",topic_2,3.88897767869385e-309
114,"I’d rather hear about the study through the extended abstract. It gives all the details about how the experiment was set up, which helps me figure out if it was well done. The abstract has more of the info I’d need to decide if the study was designed well.",topic_2,4.12006849175556e-309
115,The presentation was a better explanation. I felt as if I understood the presentation better and I know a lot of students like to skim reading rather than read the whole thing. The presentation also provided the graphs and tables of the results.,topic_2,0.22996741138258825
116,"The presentation is what I would prefer, but the abstract is probably what would be better for determining whether the experiment was well designed.",topic_2,5.790098454329346e-309
117,If I had to hear about the study using only the extended abstract or the presentation I would personally prefer the presentation. I think that determining whether the experiment was well designed or not would be through the abstract.,topic_2,3.92432467293486e-309
118,"The abstract I understand better when I can go back and reread the information, rather than listening to someone on a recorded presentation. The abstract also, I feel laid out the structure and testing goals of the experiment more clearly and professionally.",topic_2,4.73773504649993e-309
119,I would prefer the presentation because It was a lot more clear and directly related to the experiment. The presentation would be better for determining if the experiment was well designed because you get to look at the components of the experiment and if they are accurate and valid or not.,topic_2,0.07283004075998621
120,The presentation due to it providing more of the formulas and math behind the experiment and it also provides a better background for their reasoning behind the experiment. I would say the presentation would also help the presentation seem well designed.,topic_2,9.41184778282729e-309
121,"The abstract for sure, as the presentation mainly showed the difference in bar graphs and how to digitize a 3d bar graph.",topic_2,0.022475640904271704
122,"I would prefer the presentation, because it seemed the best laid out and clean. I also think that the presentation would be the best for determining whether the experiment was well designed.",topic_2,8.786925356893836e-309
123,"I preferred the presentation more, it was easier to follow along and stay engaged. The presentation is easier to listen to and see parts of the experiment.",topic_2,0.08090952014341539
124,"I prefer the presentation because it kept my attention more and walked through the results in a way that is easy for someone not familiar with the data analysis methods used to understand. The abstract, however, is better for determining whether the experiment was well designed.",topic_2,0.051109396095967714
125,"Personally, I would watch the presentation. The reason why I would say this is because it gave me more visuals so I was able to comprehend what I was going to look a. I also learn better from when I listen to somewhat talk and explain what I am about to do.",topic_2,1.0
126,"I would say the presentation, because the purpose was a little clearer. This way it clearly showed that the experiment was designed better.",topic_2,0.1129181374307829
127,"The presentation since there are more visuals (images, the bar charts, models) as well as an explanation of the study design and predicted results (which were also not in the abstract). In addition, there had also been more of a background on the 3D graphics to give the participant more understanding of why the study is being conducted. This is not to say that the abstract was inadequately written, it was very extensive and informative, but in terms of having to choose one for specifically for determing whether the experiment was well designed and also for participation, I would choose the presentation.",topic_2,5.370371612299774e-309
128,I would prefer presentation because i’m more of a visual learner than just reading. I learn more from someone explaining it to me rather than reading something. Presentation would be better for determining whether the experiment was well designed,topic_2,9.094185629734503e-309
129,"I would prefer the presentation just because listening to someone speak like that has always helped me learn better in general, and I was a fan of the visuals and whatnot that were used in the presentation. I feel like the video just because it gives kinda a step by step and some background, and idk, i just feel like it has it all.",topic_2,1.0
130,I prefer that abstract because it gave me more of a concise idea of why the experiment was set up the way it was and the information was easier to take in. I think the abstract gives a better way of determining if this experiment was well designed because future researchers can use the abstract to test how well designed this study is.,topic_2,4.66134869474681e-309
131,The presentation is way more preffered to hear about this experiment. The presentation is so much easier to understand and I feel like that would also make it easier to understand if the experiment was well designed.,topic_2,1.144419981310045e-308
132,"Personally I would prefer the presentation. I thought having someone else explain the experiment to me rather than me reading the abstract was more helpful. Personally I had to reread the abstract to try and figure out what it was saying, it felt like it was saying the same thing over and over again.",topic_2,0.045873525528437036
133,"I would prefer only the presentation to understand things, myself. Since this is the case, aspects of the video would help me determine whether the experiment was well designed. However, a well-written abstract alludes to a well-designed experiment.",topic_2,0.07663358890302195
134,I think that the presentation did a smuch better job. I do better hearing people actual talk and explain things. It was more in depth and easier to understand through the person talking.,topic_2,0.2693998840675185
135,"I would prefer the presentation if I just wanted a quick, clear idea of what the study was about and why it mattered—it’s usually more visual and easier to follow. But if I wanted to decide whether the experiment was well designed, the extended abstract would be better. It goes into more detail about how the charts were made, how participants were chosen, and how responses were measured. That kind of depth is important for judging the quality of the research.",topic_2,0.04749923303556482
136,The presentation just because I felt like it was broken down better and easier explained. I think the presentation would be better for if it was well designed.,topic_2,0.17723202766852272
137,I think I would rather hear about the presentation through the presentation because the presentation was easier to understand and helped me to understand the concepts of the study. I think the extended abstract helps to determine if the experiment was well designed because the extended abstract had more information and dove even deeper into the purpose and procedures of the experiment.,topic_2,4.028402912282014e-309
138,I prefer the presentation because I am a very visual learner. Seeing exactly what part of the experiment is being talked about is really nice. I think an abstract would be better for understanding if it is a well done experiment because it is in a format that can be easily compared to other experiments.,topic_2,4.913149284277453e-309
139,"I definitely think from the perspective of someone outside of the statistics community, the reflection is a much more relatable format to receive the information. However, as a statistician, I feel I would really want to take a dive into the abstract to see the design of the study.",topic_2,5.848040301995646e-309
140,"I would rather hear about it through the presentation. They go in depth a lot more in the presentation than in the abstract. The guy also shows visuals in the presentation, therefore, It's a lot easier to see what is actually going on, rather than reading the words on the paper.",topic_2,0.06755031119760616
141,The extended abstract is better for understanding the studies design because it includes detailed methods and data. It provides a clearer basis for evaluating how well experiment was conducted.,topic_2,3.72511896850788e-309
142,The presentation. I felt the presentation went into greater detail and was very well organized. It was all encompassing of the experiment.,topic_2,0.12196171208345
143,"If I had to choose, I’d prefer the extended abstract because it provides a more detailed summary of the study's objectives, methods, and results. It would also be better for determining whether the experiment was well designed, since it likely outlines the experimental setup, sample size, controls, and procedures—key details not always covered in a presentation.",topic_2,3.599660183985517e-309
144,"I would probably select the presentation. This guy had a cool voice and it made me want to listen to him. I do agree that people teach themselves to an extent, but I mostly did the experimental learning because I had to, not because I knew why I was taking it. I am very much a facts person, so I need a reason behind something to make me want to do it.",topic_2,1.0
145,"I would prefer the presentation because I found it to be more informative and clear. It gave me a better understanding of the experiment it's self, which helped me connect with the content more easily. I think that the presentation is also more useful when evaluating whether the experiment is well designed. That said, I do think collecting data in different formats can be valuable for gaining a fuller understanding of what my be considered better.",topic_2,9.2145713758055e-309
146,I prefer the presentation because it can show actual results from the study rather than just the expectation of the study. Again I would like to mention I learn from results not assumptions. I understand now how this study will be used after watching the presentation.,topic_2,1.3110014817573934e-308
147,"I would much prefer to hear the presentation compared to the abstract. The presentation was very straight forward and it was easy to understand what the experiment was truly looking to examine. The abstract was hard to follow at some points, which makes it hard to hold a students attention. However, I think the abstract would be better for determining whether the experiment was well designed because of how in depth and detailed it was. The abstract was pretty much a scientific paper which would clearly be the more reliable thing to look at.",topic_2,5.38194306077839e-309
148,I would prefer the presentation because it goes into all the components of the study and discusses the specific results of the data and explains all the different components of the study while the abstract just gave a general overview and didn't go into the specific details of the study.,topic_2,5.92489311582514e-309
149,"I would prefer the presentation. This is because it breaks down some reasoning as to why they use different graphs. But what the experiment is for, and what they do to calculate their data and results. This helped inform me better to my liking.",topic_2,0.05671627504099541
150,"If I had to choose, I would prefer the presentation because it was more engaging and provided a clearer picture of the study's context and significance. However, the extended abstract would be better for assessing whether the experiment was well-designed, as it included more details about the methodology and theoretical basis.",topic_2,0.05043259186021449
151,I would choose the presentation over the abstract. I think the presentation was better for determining whether the experiment was well designed. We got a lot more information from the presentation.,topic_2,0.044241188511935
152,I would prefer the presentation as it breaks the study down a bit better for me and give you visuals as well. The extended abstract is probably better for determining whether the experiment is well designed or not.,topic_2,0.032473866035284016
153,I think that only the presentation would be better for determining whether the experiment was well designed because Tyler emphasizing certain things that would be otherwise missed. The presentation also brings up parts of the Cleveland and McGill study which presents a more clear comparison for the two studies. This comparison makes it easier to examine the accuracy and structure of the study that was conducted.,topic_2,0.09977554724032452
154,"I would prefer the presentation because it explained the study in more depth and made the results easier to understand. For evaluating the study's design, the presentation is better since it includes details about methods, controls, and limitations.",topic_2,1.2383009937839776e-308
155,"I believe the presentation was better for learning about the experiment. The presentation was easier to understand as it was more engaging, but it also provides more data for understanding that the abstract does.",topic_2,5.305009925867807e-309
156,I think that I would choose the abstract because it explains why and how the experiment works. I liked this because I could go back and read it whenever I needed to. The abstract works better to understand how the experiment was designed and defends that it was designed well.,topic_2,4.589481278917363e-309
157,"Probably the video presentation because someone is explaining the experiment. Whereas if I'm reading it, I will probably find it more boring to read about graphs.",topic_2,0.05664826237380278
158,I think the presentation would be better. It is explained well and has good visuals to explain what would be happening.,topic_2,0.5383478935309249
159,I would prefer the presentation. The presentation would be better for determining if the experiment was well designed.,topic_2,0.05745355157313249
160,The abstract would be better for understanding because it’s more detailed. The presentation would be better for seeing if it was designed well.,topic_2,7.383424812403156e-309
161,"I would prefer the extended abstract because I tend to learn best when I am reading something. When watching the presentation, I felt like I absorbed less information than when I read the abstract.",topic_2,0.052571279884506966
162,I think I would prefer to hear about this study only using the extended abstract because I prefer the way the information that was in the extended abstract was presented. It included a lot of information that was included in the presentation could also be found in the extended abstract. I think that the extended abstract would also be the best for determining whether the experiment was well designed because it explained some of the errors or potential errors and where the study should be furthered.,topic_2,3.82757262354346e-309
163,I would prefer to watch the presentation rather than reading the abstract because I am more of a visual learner. I feel like I can determine more about the experiment through the visual representations and a human explaining the composition of the experiment.,topic_2,0.043686971103529086
164,The presentation would be more beneficial for deciding if the experiment was well-designed because it presents more information. While that abstract is short and does not go into great detail.,topic_2,6.030650416757955e-309
165,I would prefer the presentation because it showed the reason for why they were doing the presentation more clearly and it was easier to follow along. It would be more beneficial for those who do not have a background in statistics as well because they can see the pictures within the presentation rather than just reading the words in the abstract.,topic_2,1.315567806605626e-308
166,I think the presentation is what I would prefer. It made a lot more sense hearing someone explain it with words and graphics.I think the abstract was a little confusing to follow. I think both are good choices if you need to determine if it was designed well.,topic_2,7.962193116891834e-309
167,I’d rather hear about the study through the presentation because it’s easier to follow especially with the includes visuals. But the extended abstract would be better for judging if the experiment was well designed since it explains the methods and details more clearly.,topic_2,4.09179006255154e-309
168,I would prefer the presentation. The presentation gives more information than the extended abstract does and shows the experiments design.,topic_2,3.953797758299607e-309
169,"I think the extended abstract would be easier because it allows you to analyze words and data on your own and interpret them rather than just being told what to think. It gives a lot more room for questions to be made and answered, overall making the experiment better.",topic_2,0.0284988971442525
170,"I would choose the abstract because the abstract goes in to detail on how you're doing it while you're doing it while the presentation also does the same thing but it is shortened and it doesn't really go into that much detail on why they did it in the abstract, you can look at the statistic values",topic_2,0.03970307233660502
171,I would rather hear about the study from the presentation because it was easier to follow and had visuals. But the abstract is better if I want to know if the experiment was well designed because it’s more focused and to the point.,topic_2,6.24672353972894e-309
172,I would say that the presentation is the one that I would prefer. I say this because there is someone verbally explaining the results to me which is easier to understand. Also when they speak about their results they are less likely to use the big and very specific terms which makes it easier to understand as someone who wasn't doing the research themselves.,topic_2,1.194639207064912e-308
173,I would definitely prefer the presentation. The presentation explained the study's design better and I liked how it gave visual representations. The presentation was also overall easier to understand and felt more explanatory.,topic_2,1.2917441084307393e-308
174,"I would prefer the presentation to hear about this study. I feel like I am more of a listening learner rather than a reader, and I got more detailed information on the study through the presentation. The presentation is better for determining whether the experiment was well designed because they can provide more detailed limitations and/or discussion slides on the study.",topic_2,1.113312454499636e-308
175,"for the aspect of my own personally understanding, i would prefer the presentation. I feel as though the presentation uses a good amount of auditory explanation as well as image depictions to help make everything make better sense. on the contrary, I think the abstract would be a better way to show if the experiment was well designed",topic_2,5.08720599360768e-309
176,"I would choose a presentation. It is difficult for people to imagine it with just text. But if it is a video, people can know more intuitively how the experiment was designed and completed.",topic_2,0.031232576204476684
177,"If I had to hear about this study only using one method, I would choose the presentation. The presentation is more in-depth and provides more detail to digest, which makes it easier to form an opinion and/or understanding of the study.",topic_2,1.196430769530755e-308
178,I would prefer only the presentation. I felt it kept my attention more. I think the extended abstract would be better for determining whether the experiment was well designed tho!,topic_2,4.008113982551005e-309
179,"I would prefer just the presentation. I am not good at experimenting in this way, and I like to have it laid out for me with results. Much like a thesis defense, I like the short and sweet of the how and why.",topic_2,0.6115922775026614
180,I would prefer the presentation all the way. It explains more about what we participated in rather than the old study. He also used easier words to understand that are implemented into the extended abstract because it was a formal study.,topic_2,0.04936823119019387
181,I would prefer the presentation. I think the presentation better explains the study as well as better shows how it was designed.,topic_2,1.3037088099683324e-308
182,I would prefer the presentation since I learn better from visuals. I think the abstract would be better for determining whether the experiment was well designed or not.,topic_2,4.88781336496802e-309
183,"I liked the presentation more because the way the data was displayed was much better than the abstract. The abstract may have more information about the study design, but the presentation was more helpful for this learning experience.",topic_2,0.09369519376943725
184,The presentation because it showed the results and why he got the larger responses to each graphs or 3D charts. It was easy to see all the visual charts.,topic_2,0.1443123554190117
185,I would prefer the presentation because it helped me picture everything better. I think the presentation was also better to determine if the experiment was well designed because it provided the graphs of results which the abstract was just words so if you are a visual learner it was more difficult to understand fully.,topic_2,5.46086837090059e-309
186,"I would prefer the presentation for an overview because it's easier to understand and visually engaging. However, the extended abstract would be more useful for evaluating the study’s design and methodology in depth.",topic_2,3.66066390367035e-309
187,I think the abstract would be better. I think that one had a little bit more information in regards to how and why the experiment was completed.,topic_2,5.620191906306726e-309
188,If I had to hear about this study I would prefer to hear it through a presentation because it is easier to understand compared to an extended abstract. The extended abstract would be better at determining whether the experiment was well designed because it would include more detailed methods.,topic_2,0.03272577616141964
189,I personally liked the presentation more. This was because I did have to try and figure it out on my one because someone was explaining it to me.,topic_2,0.1857609924829024
190,"I like the format of research papers better. I understood more from the structure of the paper. I additionally appreciate an abstract as a preface to the study. The video did go into more depth about the results of the study, but results are a lot easier for me to interpret. As the article went into methodology which I find more difficult to understand so I appreciate the longer explanation. That's why I would also say it's better for determining the experiment design.",topic_2,0.10921031147922686
191,I would prefer the presentation. The main points I learned from the abstract was this study's comparison to a previous one. This presentation better presented the main points of this study and the importance of each variable. The presentation would better help determine if the experiment is well designed as it has more depth than the abstract.,topic_2,5.853578771123067e-309
192,"A extended abstract provides a more in depth/detailed summary of data recorded from a specific study/experiment, so personally I would choose this option. The feedback that can be recovered from a extended abstract is critical for peer review, which is what most of the audiences intention is from reading/listening to this study mentioned above. This methodology provides us with significant details regarding our research questions, and how well the experiment was designed.",topic_2,3.58608599176291e-309
193,"I would say the extended abstract because it provides a structured summary of study goals, methods and results which is essential for evaluation whether the experiment was well designed. Abstracts tend to include more detail about the experimental design, statistical methods and findings than a presentation typically does. However the presentation might be more engaging and easier to follow when it comes to the visual aspects like the 3D printed charts. The abstract is overall just more informative.",topic_2,3.586073421378287e-309
194,"The video did a great job explaining the project and the purpose, making it my preferred form of communication. I think the presenter is able to convey the importance of the research, the methods, and interactions with students better in the video.",topic_2,0.26030041225192524
195,"The presentation was preferable as a test subject. I was curious to see the statistics produced. However, for general purposes the abstract was easier to pay attention to as it was a short and effective explanation whereas the video used more advanced terms and statistical vernacular I am unfamiliar with.",topic_2,0.08682048847233138
196,I would prefer the presentation. This is because the information is delivered in a more concise and clear method. I was able to understand what the author was saying and how he was saying it.,topic_2,1.0
197,"I'd prefer the presentation as it still covers the study's design about as well as the extended abstract but includes the some of the results. For these same reasons, I think the presentation is better for determining whether the experiment was well designed.",topic_2,0.05248888084586531
198,I think that the presentation was a better option and it wasn't too long and got through all of the important points.  I think the presentation would be better for determining whether the experiment was well designed.,topic_2,1.075758273722692e-308
199,"For a quick grasp, I would want the more interesting and simple to follow presentation. Still, the extended abstract is superior for examining the design and rigor of the study since it includes specifics on the techniques, variables, and statistical reasoning required for validity evaluation.",topic_2,3.611892991200854e-309
200,"I would prefer the presentation to get an engaging overview and see visual examples that make the study easier to understand. However, the extended abstract would be better for determining whether the experiment was well designed.",topic_2,3.821055552821297e-309
201,The extended abstract would be better for determining if the experiment was well designed.,topic_2,5.552599470627346e-309
202,I personally prefer the presentation as its easier to understand the research questions and intent of the study and explains more in depth what we were participating in. it also helped understand more about the different types of charts and graphs that we were observing and what the charts and graphs portrayed differently in a visual sense.,topic_2,1.3589946969202803e-308
203,"I would prefer the presentation to quickly understand the concept, since it uses visuals and real examples that make the topic easier to grasp. However, the extended abstract would be better for determining whether the experiment was well designed, because it includes more detail about the methods, sample size, and data analysis.",topic_2,3.773504115889224e-309
204,I’d choose the presentation because it was easier to follow. But the abstract is better for checking if the study was done well.,topic_2,6.201529543560857e-309
205,I would choose the presentation because it was easy to understand.,topic_2,0.5615912051350468
206,"If I had to hear about this study only using the abstract or the presentation, I would probably pick the extended abstract because to me it just made more sense and was layed out a lot better in my eyes and for the way that I learn. Now, for most, I would say that the presentation was layed out decently as well, and lots of people would prefer looking at the study this way.",topic_2,0.04373145164649264
207,I would prefer the abstract because it better explained the importance of the study and why it matters. I think the presentation might be better at determining how well-designed the experiment was.,topic_2,0.05185699417313639
208,The presentation went more in-depth with the topic and also explained some ideas that were not covered in the abstract. The imagery that was able to be discussed in the presentation was helpful to me since I'm a visual learner as well.,topic_2,0.2640006841869825
209,"I typically learn best through reading and find the abstract more informative so that is my preference. However, I believe most people would find the presentation more comprehensive with the visual aspect. Because the presentation specifically discusses the step by step process, I believe it is better in that regard.",topic_2,9.77413834931262e-309
210,I would prefer the presentation because it gives an easier explanation as well as more of a visual answer. This helps to clear up confusion. The abstract might be a better indicator of whether the experiment was designed well or not.,topic_2,4.7504576679986e-309
211,The abstract since it was more laid out and explained and broken down. Having it in writing makes an experiment make more sense since you really have to think about what’s being written.,topic_2,4.623826679826953e-309
212,I would prefer the extended abstract. This is because I think the abstract delivers the most important information. The presentation would be better for determining whether the experiment was well designed because it provides more background information on the study and the results.,topic_2,3.69476459062965e-309
213,I think I would prefer only the presentation. I think the information would be presented better through talking.,topic_2,1.0
214,The extended abstract because I prefer a scientific presentation of information. I also like that reading can get you a little more info than a presentation.,topic_2,0.055167117432603864
215,"-Personally I am more able to understand material/information by reading it as I can connect the dots better that way. In addition, the presentation only helped with the small 'niche' elements but not the overall bigger picture of this study that continues to change expect for the abstract/purpose of the study itself.",topic_2,0.12422623890862175
216,The presentation format stands as my preferred choice for learning about this study because it delivers an interactive presentation of  study findings in detail. The extended abstract stands as the better choice for evaluating the experiment's design because  it presents methodology and objectives in a clear and concise manner which supports critical evaluation of the study's structure.,topic_2,3.620873218568166e-309
217,"I would prefer to hear about this study from the presentation. It provided more information on the results and application, which were the most applicable parts of the study. From a researcher's point of view, the abstract would be better for gauging the quality of the experiment, because it explained more of the methods and how the experiment was designed.",topic_2,6.142392048851006e-309
218,presentation. This explains things much clearly. I still think the presentation helps explain better in its own ways.,topic_2,0.544722161444996
219,I think the presentation because it’s easier to follow,topic_2,0.5947304259166698
220,I would prefer the abstract. I enjoy reading things and believe that I understand things better that way. I think that the abstract gives a better indication on the quality of research design.,topic_2,4.698530657380704e-309
221,"I'd prefer the presentation since there were diagrams and pictures to help the viewers better understand the conceptual ideas that the presenters' were trying to get across. The extended abstract seemed inconvenient.  Between the presentation and extended-abstract, I think that the presentation is better for determining whether or not the experiment was well designed.",topic_2,3.870303732682726e-309
222,"I would have preferred to hear about this study via the presentation becuse I think that it explains things that were also addressed in the previous Abstract, in a much simpler way whereas there were times when reading the Abstract that I felt there was terminology that was confusing/would be confusing to someone who has never taken a Stats course.  I think though in terms of determining whether the experiment was well designed or not that someone should take into account the Abstract as it explains in much greater detail things that can't be explained in a short presentation.",topic_2,5.995065049705093e-309
223,"I feel that the presentation was more beneficial, and easier to understand. The video was able to explain the experiment in a more reasonable and understanding fashion. It also helped explain the experiment, more in depth in comparison to the abstract that we had read through, originally.",topic_2,0.0729019074228748
224,"I would prefer the presentation, as it gave me the most information as well as providing plenty of visuals to show me what they were saying. I feel like if I knew nothing about this study previously, the presentation would help me understand it the best.",topic_2,1.2907313974390094e-308
225,"I think both platforms provide useful information in understanding the experiment. However, I think the extended abstract did a better job of emphasizing the role of 3-D vs. 2-D in depth perception and identifying the differing heights among block figures.",topic_2,0.0426731762619337
226,"I like the presentation because it provides a more interesting and extensive explanation, complete with pictures and context to assist comprehend the study's approach and conclusions. However, the extended abstract is preferable for judging whether the experiment was properly planned because it presents the methods, aims, and main findings in an organized fashion. Each style has a particular function, although the abstract is more suited for assessing scientific rigor.",topic_2,0.03848086840758703
227,"I would prefer only the presentation. I also think that the presentation would be better for determining whether or not the experiment was well-designed. This is because the presentation made more sense to me, and I felt like it was hard to follow along in the abstract.",topic_2,4.591613165630624e-309
228,"I would prefer the presentation because I am a very visual learner. Although, i do believe reading through the abstract is the best way to determine if the experiment was designed well.",topic_2,4.8466431578014e-309
229,"I would prefer the presentation because I am a visual learner. I do better when I can see what's in front of me and not just read it. However, I think the abstract may be better at determining whether the experiment was well designed.",topic_2,4.97672260235077e-309
230,I would prefer to hear about the study using the extended abstract. It would be better to determine if it was well designed because it goes into greater depth about the set up for the experiment.,topic_2,0.02690060297957344
231,"I would prefer the presentation for a general overview because it’s more engaging and easier to follow, especially with visuals. However, the extended abstract is better for evaluating the experimental design because it includes detailed methods and rationale that support critical analysis.",topic_2,3.71386488703743e-309
232,"I would prefer the presentation because it clearly outlined the structure, purpose, and logic behind the study in an accessible way. However, the extended abstract would be better for determining whether the experiment was well designed, since it focused more on research methods, variables, and the implications of the findings in a concise, academic format.",topic_2,0.055399758411961444
233,"I would prefer the presentation because it gave a clearer picture of the results, methods, and real-world implications, making it more engaging and easier to understand. However, the extended abstract would be better for evaluating whether the experiment was well designed since it explains the structure, variables, and rationale in more detail. The abstract lays out the foundation, while the presentation builds on it with outcomes and insights.",topic_2,3.78012347717805e-309
234,If I had to hear about this study I would prefer to see the presentation. I find that the presentation is very clear and states the reasoning of the study and how it was conducted.,topic_2,0.118000491685667
235,"If I had to pick just one, I’d rather learn about the study through the presentation because it’s more interactive and visually clear, which helps me stay focused and grasp the main ideas. But when it comes to figuring out whether the study was actually well-designed, I think the extended abstract would be more useful. It lays out the research question, the methods used, and the reasoning behind the approach in a more detailed way. Presentations tend to summarize a lot, so they might leave out important details needed to judge the quality of the experiment.",topic_2,0.05495694560302795
236,"I would prefer the presentation over the extended abstract. To me, it made the experiment feel less confusing to understand in regards to the purpose of us doing the experiment. However, because the abstract is so detailed I feel like that one would be better for determining if the experiment is well designed.",topic_2,0.021426746244027177
237,I would ask to see the presentation it made a lot more sense and I could physically see what was asked and why. The abract would be better for determing whether the experiment was well designed though.,topic_2,0.04994998210140446
238,"If I heard about this study using only the abstract or presentation, I would prefer the presentation since it had a more detailed described design of the experiment. There is something about a person speaking and explaining the information that makes the explanation of the experiment seem more well designed.",topic_2,6.103308436433445e-309
239,"I would prefer the extended abstract over the presentation. To determine if the experiment was designed well I'd also say the extended abstract since it explains the experimental design and goes into detail about methods, variables, and how the study was built off of a prior research study.",topic_2,3.659320576013583e-309
240,"I would prefer the extended abstract because it gives a good overview of the most vital information in the whole experimental process. The presentation is better for determining whether the experiment was well designed, since it explains the question at hand and every component of data collection.",topic_2,3.62449603054555e-309
241,I'd rather hear about the study through the presentation because it's easier to understand and more engaging. But the extended abstract would be better for judging if the experiment was well designed. since it gives more details about the methods and results,topic_2,4.06164653757038e-309
242,"I would prefer the presentation, because I understand the experiment more by viewing the visuals, while also getting it explained to me. I can also rewatch it as many times as needed to understand the experiment, and it provides much more details on the experiment that we do not get by just reading the extended abstract. Personally, I think the abstract gives more specific details on the design and specifically its set up, just because it is a little more simplified, but still detailed for the set up aspect, and gives the reader exactly the information they need to know in order to determine if the experiment was well design.",topic_2,0.042373867522344226
243,"I feel like the presentation provided a more clear and concise summary of the study. However, I may be biased in this opinion because I am more of a visual learner and hearing as well as seeing information is best for me.",topic_2,0.25762054945157326
244,I would much prefer the presentation simply because I am a visual and audio learn. Others might feel differently of course. The presentation has more visuals and when more complex details are explained it is so much easier to understand.,topic_2,1.0
245,"I found the presentation to be more informative. I have a harder time understanding the detailed text of this nature, so the visual presentation and the highlights introduced by the presenter helped me understand the material better.",topic_2,0.2851965608050084
246,I would say one big factor would be how useful it is in determining the importance of the results. The results are all measured in a way that can fully support the hypothesis.,topic_2,0.06080030659864215
247,I would prefer the presentation because it is easier to follow along with and provides a good understanding of the study. However the abstract is nice when trying to get the fuller picture of the study as well.,topic_2,6.22209109789368e-309
248,"I would prefer the presentation. I thought it was much better for explaining the purpose of the study, as well as the methods and results.",topic_2,1.313510821999918e-308
249,I would prefer the presentation because I feel the information was laid out more detailed and better explained when compared to the extended abstract. The abstract can be hard to understand when not super familiar with the study. The presentation allowed the information to be more clear to those who are not experts and less confusing. I think the presentation would then also help more in determining whether the experiment was well designed or not.,topic_2,0.04918374267528895
250,I would choose the presentation. It gave more visual aid to the study and understanding the different graph types.,topic_2,0.1059881171555531
251,I would prefer the presentation because it is easier for me to understand. The extended abstract would be better for looking at the design of the experiment.,topic_2,3.82496946107515e-309
252,"I think I would rather hear the presentation because it is easy to follow and understand. The presentation is laid out very well, and it is in a good order. Sometimes reading long articles can be hard to follow and understand.",topic_2,0.6254014032227889
253,I would prefer the prestentation because i am a visual all learner and would rather watch a video than read an article. I retain it a little better and i can always go back and rewatch if im confused.,topic_2,0.7887683054987944
254,The presentation. This is because the abstract feels much less personable and easier to follow. The abstract is probably better with determining whether the experiment was well designed,topic_2,5.169508162640725e-309
255,"Personally i would choose the abstract just because i enjoy reading more than watching a presentaion, but as far as the infromation goes the abstract gives a brief, but well informed summary of the study.",topic_2,4.77727679613743e-309
256,"I would prefer the presentation over the extended abstract. I think the presentation was all around more informative, easier to understand, and would be better for determining whether the experiment was well designed. Having a lot of backup information to support the experiment kept my interest and spiked my overall support for the conduction of the experiment.",topic_2,0.05285390668013926
257,"I prefer the presentation because it is able to cover mor specifics and limitations to the study. However, I believe the extended abstract went more into detail about the specific experiment performed and would be better to determine how well it was designed.",topic_2,0.03494919511702419
258,"I think I would have preferred hearing the presentation because I found it a lot more engaging than the abstract. I think the presentation language was also a lot more digestible and used general public-friendly language the abstract was more technical. I think the abstract is still more helpful for determining how well-designed the experiment was though, since it answered questions I had after the presentation.",topic_2,5.379387745193286e-309
259,I would prefer the full conference presentation over just the extended abstract. The presentation would provide much more detail that would help me better evaluate the experimental design.,topic_2,4.004191740187484e-309
260,I would prefer the presentation since I see how different the data would be when comparing bars that are in a 3-D graph and a 2-D graph. The extended abstract however provided clearer details and information about the study. This would be better when determining how well the experiment was designed. I say this because we are able to look closer at how each of the graphs was manipulated.,topic_2,0.03694990547602393
261,I prefered the presentation as it provided more visuals for me to understand and broke down each part of the experiment in more detail. I believe the delivery of the presentation was more geared towards those who have little understanding in statistics and I was able to observe how the experiment was designed and why. I appreciated having someone explain what each graph is and the purpose of this study and the Cleveland and McGill study.,topic_2,0.12052414051530663
262,I guess I would perceive that this study would have more relevance to the presentation as it makes me believe that this experiment is much more applicable in helping researchers learn how to teach better classes than helping the visually impaired.,topic_2,0.0573455161872569
263,"I would prefer the presentation. I think that maybe the abstract would be better for determining whether the design of the experiment was better because of the fact that it strictly lays out the experiment and some of what math was involved, whereas even though the presentation did that, it went more in depth about the results as well instead of just the design.",topic_2,5.183984659672254e-309
264,"I would prefer the presentation as it's more in-depth and provides a visual rather than the extended abstract. I also think the presentation would be better for determining whether the experiment was well designed for the same reason, it provides a visual for a visual study.",topic_2,0.03114058978908503
265,The think I would prefer the presentation. I thought that the presentation explained things very well and kept me interested in what was happening in the experiment. I think that the presentation would also be better for determining if the experiment was well designed.,topic_2,1.0912385016538522e-308
266,"Personally, I would've preferred the presentation as it gave a simple explanation about the experiment and what the goal of the experiment was. It gave details to what the research question was about and how the experiment was set up to find out answers to the research question.",topic_2,1.167541369879777e-308
267,"I would want to hear about this study with only the presentation. That way, I don't feel as left in the dark about what I'm about to do and why I'm doing it. Overall, because the presentation goes more in depth, I think it would be better for determining if the experiment was designed well.",topic_2,1.104203863301972e-308
268,I would prefer the presentation because it used more visuals and I like videos better than reading. But I think the the extended abstract contained more information about the design.,topic_2,7.73906534902369e-309
269,I would much rather prefer the presentation again because of the visuals and the ability to have someone else explain it. When determining whether the experiment was well designed or not you would certainly have to look at the abstract and all its information.,topic_2,0.03998638984014014
270,I would prefer the presentation better because it was someone talking and telling me the information. The presentation was also put together in a way that was easy to understand. The extended abstract would be better for how well the experiment was designed because it tells how the original study was put together.,topic_2,0.03676834161310014
271,I would choose to only hear about this study through the presentation. It provides much better detail about how the experiment was performed and where the idea for the experiment came from. It also included many more visuals that were very useful in understanding the study procedure.,topic_2,0.08096542717723444
272,"I personally would prefer the presentation. Compared to the abstract reading an abundance of information, it is more difficult to grasp the material.",topic_2,0.031112084026284324
273,"I personally would prefer the extended abstract because it provides exactly what the experiment is trying to study, with extra information on how it connects to the Cleveland and McGill experiment, and how the limitations are being met. I think the extended abstract is better for determining whether the experiment is well-designed. While the presentation provides an overview of 3D background and scale, I believe that the extended abstract provides more in-depth and beneficial information for the participant to accurately navigate around the limitations that the study may have between 2D and 3D graphs.",topic_2,0.03874414383671612
274,I would prefer hearing about it through the presentation. This made a lot more sense to me than reading the abstract and it also included the results. The abstract would be better for determining if the experiment was well designed because it goes into depth.,topic_2,5.876506215796804e-309
275,"I would say the presentation would be better to hear about, but if you were determining whether the experiment was well designed, I would rather hear the extended abstract.",topic_2,0.0706171719072452
276,"I would prefer hearing about the study using the abstract. I believe it provides more detail on the setup of the experiment, which is better for determining if it was well designed.",topic_2,0.06933952267700731
277,I would rather hear the presentation because it gave more information with more visuals. It allowed for time to talk about the results as well as the future progressions of the study.,topic_2,1.182477587317652e-308
278,"An extended abstract typically provides a more comprehensive written overview of the study, including details on the research question, methodology, data collection, analysis, and results. It often includes references and citations to related literature, which can help in assessing the study's context and the soundness of the research design. This format allows for a more in-depth and critical examination of the study's methodology and the quality of the data and analysis.

Presentations, on the other hand, are often limited by time constraints and may focus more on summarizing key findings and implications, potentially leaving out some of the finer details of the research design. They are valuable for providing a quick overview and for engaging an audience, but they may not offer the same level of depth and scrutiny as an extended abstract.

So, if the goal is to determine whether an experiment was well designed, the extended abstract is usually the better choice for a more comprehensive and detailed assessment of the research methodology and its rigor. However, combining both the presentation and the extended abstract can provide a more complete understanding of the study.",topic_2,3.595934578062286e-309
279,"I liked the presentation, due to the fact that it was explained through live presentation. I think this allows me to follow along much easier.",topic_2,0.257251220820669
280,I would like to have heard about this from the presentation over the extended abstract. However I think that the extended abstract was more informational and provided us with more background information.,topic_2,0.09953462394967623
281,I would prefer a presentation. I am more of a visual person and not interactive. I feel like the presentation would give a better insight on how the experiment was deigned.,topic_2,0.05778216269184204
282,"If I had to hear about this study I would prefer the presentation because the visual components of results helped me to better understand. However, I feel that the extended abstract provides better information for determining if the experiment was well designed because it better explains the study being replicated.",topic_2,0.04102199232881379
283,"Presentation, because it would provide more information than the abstract. 

Presentation",topic_2,0.03163597310117985
284,"I would definitely prefer the presentation because of how the information is broken down into slides. However, an extended abstract has a lot more to be picked through to determine if the experiment is designed well.",topic_2,3.902261761995834e-309
285,"If I had to hear about this study using only one source, I would prefer the video presentation. This may be because I am a visual and auditory learner, but I also had a hard time understanding what the researchers wanted us to get out of the abstract because it was so complex. With the presentation, I was able to understand step by step how the study was conducted.",topic_2,0.12437186436493491
286,"If I had to choose to hear about this study based on the extended abstract it only the presentation, I think I would prefer the extended abstract. I felt that the presentation almost made the study a little more confusing, and I like that the extended abstract is something that I was able to read on my won time at my own pace. I also feel that the abstract represents that the experiment was better designed compared tot he presentation, the abstract divides up the experiments and and explains the different sections in a more easy to understand fashion.",topic_2,0.03812548945716315
287,"If I had to choose between hearing about the study using only the extended abstract or only the presentation to determine whether the experiment was well designed, I would prefer the extended abstract.

The extended abstract is typically a more detailed and structured written document that provides a comprehensive summary of the research methodology, key findings, and conclusions. It is designed to convey the essential aspects of the study in a concise manner, making it easier to scrutinize the study's design and key components.

While presentations can be engaging and informative, they often focus on summarizing key findings and may not provide as much detail on the study's design and methodology. In a presentation, the emphasis is often on delivering a clear message to a live audience, which may not delve deeply into the study's design nuance",topic_2,3.73727497828545e-309
288,I would prefer the presentation only. Although I think that the extended abstract would be better for determining whether the experiment was well designed.,topic_2,4.023919776700044e-309
289,"Again I like the presentation better mostly because it adds a more personal touch! The abstract is probably really the best was to understand the design of the experiment. However I struggle reading that kind of material. So for a participant, the video presentation was the best.",topic_2,0.051592710107594
290,"Personally, I would prefer the presention to hear about the study. I thought they explained the experiment, and the process better. I thought that overall thee presentation covered all topics in a very well manner, and explained just the right amount of information. The extended abstract was well written, however I do just learn better from verbal explanation. I think the extended absstract would be better for determing wheather the experiment is well designed or not due to it having all the information on one document, and being able to be read quickly and provide images next to the descriptions. You can also see each aspect of the experiment on one document as well which helps deterrmine the experiments overall design!",topic_2,0.055605759327317344
291,I prefer hearing about this study using only the extended abstract. I think it provides a better summary.,topic_2,0.06625597260371671
292,I would prefer the presentation over the extended abstract. I think the abstract would give good background on the experiment but I think the presentation gives a better view on the experiment design.,topic_2,4.01281077360435e-309
293,"I would prefer the presentation, but the abstract would be more beneficial to see if the experiment was well designed.",topic_2,5.89656273606242e-309
294,"If I had to choose, I would definitely choose the presentation for a more direct and clearer overview of the study. But the extended abstract would be better for determining whether the experiment was well-designed or not.",topic_2,0.04816434062576406
295,"I would prefer the presentation. Either way, the questions posed seem more vague than not. I am inclined to learn and I feel like I am unable to comprehend some of the information while the majority is within the presentation and not as much in the extended abstract. To consolidate, the presentation.",topic_2,0.05444277223810786
296,I would go for the presentation because it's engaging and easier to follow. The extended abstract is better for evaluating the experiment's design because of the detailed summary of the methodology and results.,topic_2,3.720245229064017e-309
297,I would prefer the abstract. The reason why I would prefer the extended abstract is that it went far into detail with the methodology and it brought up it's study designs and the implications that the study will for future research and pointed out how it'll adjust next time with the 3D charts are the largely negative view of them were misguided.,topic_2,3.62472762572269e-309
298,"I personally would prefer the presentation because it offers a more condensed and direct method of providing the information, but the abstract would offer a better explanation for the experiment. The abstract could go into more details and specifics of how the experiment was designed that the presentation could not.",topic_2,5.07875214130019e-309
299,The presentation. The presentation.,topic_2,0.4429563175013518
300,"I would prefer the presentation. It is more detailed, and it explains the process a lot better.",topic_2,0.545198316743018
301,Watching the presentation would have been better since it has a lot of the information you needed to understand the experiment. It also touch on the major subject being experimented as well as explaining it and breaking it down. I think the presentation did the job of explaining the experiment and how well it was design and how so I would've prefer the presentation over the abstract.,topic_2,5.25508681354977e-309
302,"I think that I would prefer the presentation, as not only does it highlight the experiment in steps that are easy to folloe, but it also does a good job in providing a conclusion to the experiment, as the abstract reflection did not. While listening to the presentation I was able to get a lot more out of it, and the explanations really helped my understanding even more.",topic_2,0.040554720181651106
303,The presentation because it explains it more clearly. The presentation would be better for determining if the experiment was well designed.,topic_2,0.020230496412554703
304,"The presentation was much easier to understand for me because the language was explained as we went along, I also think I am a visual and audio learner so having a narrator helped. I think if you know a lot about statistics higher level the abstract could be better, but they also didn't touch on every single variable so in that sense the presentation was better.",topic_2,0.2622233149695506
305,I believe the extended abstract is the part of the experiment I would prefer. This shows how well a experiment was designed because we are given the information how the study methods were applied to the experiment.,topic_2,3.708676597658675e-309
306,"I would prefer the presentation, as it was helpful to have a visual and audio aide to the experiments explanations. It would be more helpful as an abstract, because that explains all the data in a scientific manner.",topic_2,4.644226729065174e-309
307,I would actually probably prefer the extended abstract because I do better reading about information. I was better able to understand the purpose of the study and what the researchers were trying to accomplish. The presentation however may have done a better job at determining whether the experiment was well designed.,topic_2,0.05328392014630007
308,I think that abstract would be better for the overall experiment. The abstract was more engaging and a hands on study. This allows the participants to engage in the experiment more and learn more from the study.,topic_2,4.51983172204425e-309
309,"I prefer the spoken presentation. This is because of the visuals. Additionally, academic writing is dry so hearing someone speak the same information is always better to me. Additionally, seeing the screens from the experiment and walking through the steps was much more useful than reading those same steps in the abstract. If I were to critique the presentation I would say the speaker needed more inflection in their tones and could have spoken a bit quicker.",topic_2,5.400290369810303e-309
310,I would rather learn about it from only the presentation as opposed to only the extended abstract article. I think the presentation is both better to learn about the experiment and to know if it is well designed because it is easier to understand the nuances of this experiment when someone is explaining it to you rather than just reading it from a piece of paper.,topic_2,0.03659445265471638
311,I would prefer the presentation. I think that it is more informative and explained the design a lot better. I also better understood the execution of the experiment and why it was done the way it was done.,topic_2,0.056389889013561637
312,"Preferring the extended abstract or the presentation depends on personal learning style. However, the extended abstract is generally better for determining whether the experiment was well designed, as it likely contains more detailed information about the methodology, controls, and statistical analysis compared to a presentation, which might focus more on summarizing results and broader implications.",topic_2,0.046016795461447206
313,"The extended abstract presents important components of the study, including the research question, objectives,  methodology, findings, and implications. It provides a more thorough and organized summary of the work.",topic_2,3.63210671500357e-309
314,"I would prefer the presentation. The presentation had more visual aids involved the hearing the instructions once more, I preferred it over the abstract since it was a bit more difficult to visualize. I believe the presentation was able to go more in-depth too in a clearer manner compared to the abstract.",topic_2,8.418051861507516e-309
315,I would prefer the presentation. It is easier to follow and understand. I think the abstract is better for determining whether it was well designed.,topic_2,7.35245473347843e-309
316,I would have preferred the presentation due to the consumpablilty of the material. As it is much more easily understood with visual aids to improve my understanding.,topic_2,0.5361050231278656
317,I would prefer the presentation way more. The abstract would possibly be better for determining whether the experiment was well designed.,topic_2,5.67392370269047e-309
318,I would prefer the presentation because I feel like it went more into depth particularly in the results section of the experiment. I am more of a visual learner and the presentation provided more visuals for the results and data from the experiment. I would prefer the abstract to determine which was better designed because it went into more detail how the experiment was set up and what it was looking for.,topic_2,5.37429820398937e-309
319,I would prefer the presentation. It was easier to follow and is more fun to watch then to read the paper. I also think the video should be used for the only portion every time rather then the paper.,topic_2,1.0
320,"i think reading the abstract is easier to do and takes less time, but for the sake of information i think the presentation is better. this is because it included a lot more data and visuals and went more in depth with the information.",topic_2,9.133408910205607e-309
321,"I would want to hear about it through only the presentation. It gives various visuals as well as explains the information verbally, which is easier to digest. However, the description of the experiment design is a little more detailed.",topic_2,0.0797644573193725
322,"I would've preferred the presentation, as I felt that way you got a much better understanding of what went into it and showed the effort put in making it appear more well designed to me.",topic_2,0.4424798643062291
323,"If I had to choose between hearing about this study using only the extended abstract or only the presentation, I would prefer the extended abstract. The extended abstract typically provides more detailed information about the study's methodology, variables, findings. For determining whether the experiment was well-designed, the extended abstract would be better.",topic_2,3.771552129109946e-309
324,"I would prefer to hear about the study through the presentation. Although the abstract is best for examining the data and details of the experiement design, the presentation provides a more realistic view on the experiment.",topic_2,6.059601959331796e-309
325,"Like in the last question, I think that only the presentation would be helpful just because it tells us exactly what we need to know also with visuals to help us understand by seeing and also listening at the same time. I think with the extended abstract there could be too much information that could be misleading in ways or too overwhelming for the researcher and reader.",topic_2,0.055475196426822256
326,"If I had to choose between the extended abstract and the presentation alone, I would prefer the extended abstract for a comprehensive understanding of the study's design, methodology, and results. The extended abstract would be better for determining whether the experiment was well-designed because it provides a detailed written account of the study's framework, including variables, methods, and statistical analyses, allowing for a thorough evaluation of its scientific rigor.",topic_2,3.602641882563036e-309
327,"I would like to hear about it from the presentation because it gives more specific details about the experiment. The abstract is just much broader, so it doesn't give as good of an idea to the reader as the presentation does.",topic_2,6.07128082384578e-309
328,"I think both were important in getting a good grasp on the study. However, if I had to hear about the study, I would want to use the presentation. I found it easier to follow. For determining whether the experiment was well designed I would definitely choose the abstract. The components of a well-done study were explored more in depth and with more conciseness.",topic_2,5.763368001938293e-309
329,"I would say the presentation, it provided visuals that I very much could understood by the average reader, not only that but by it being split up into parts made it very easy to follow and understand as well. While the abstract felt like information just thrown at me, making it very hard to get through and understand by the average reader.",topic_2,8.61579319731752e-309
330,"while the extended abstract is suitable for obtaining a quick overview of the study, the presentation offers a more comprehensive understanding and is better suited for assessing the design quality of the experiment. If the primary goal is to evaluate the experiment's design, attending the presentation would be the preferred option, as it provides a richer and more detailed analysis of the study's methodology and findings.",topic_2,0.016490594436494706
331,"I would prefer to hear about it through the presentation. Presentations offer direct interaction, visual aids, and verbal explanations, which can help convey complex concepts more effectively and engage the participants (us) in a dynamic way. This allows for a deeper understanding of the research and its implications compared to reading an abstract alone. The extended abstract would be more suitable for determining whether the experiment was well-designed. The abstract summarizes the study's objectives, results, and conclusions. The extended abstract formally documents the study's design and is more thorough for methodological rigor.",topic_2,3.929745652581127e-309
332,"If compelled to select, I would opt for the extended abstract, given its propensity to furnish a more exhaustive and intricate portrayal of the research endeavor. For evaluating the study's design efficacy, the extended abstract would prove superior, given its capacity to delve into the nuances of methodology, data analysis, and findings, surpassing the presentation's inclination towards succinct summarization and audience engagement.",topic_2,3.57515890120655e-309
333,"I would rather the abstract as the presentation was hard to sit through because of the cadence of the speaker’s speech; far to slow and the rhythm was hard to listen to, pausing is random spots.",topic_2,0.05223781837942441
334,"I would prefer hearing about this study through the presentation. I like how much detail it provides, and I also like the visual aids included. For determining whether the experiment was well designed, I think the abstract is better.",topic_2,5.93982722863076e-309
335,"I would prefer the abstract. It better explained what the goal of the experiment was and why it was being done. The abstract helped me understand the experiment better, but that also could have been because I read that before the presentation. I prefer the abstract.",topic_2,0.04235014193985656
336,"I would prefer the abstract, as the key points were laid out plainly and I could work through them myself. I think that overall, the presentation was better at determining whether the experiment was well designed because it went over the specifics of our experiment, and not just the overview of the original experiment and how it compared to the recreation. The presentation better explained the why in my opinion.",topic_2,5.3667358993487e-309
337,I liked the presentation better because we got to see the results and what they could mean and it did a good job of showing how it was designed.,topic_2,0.1622944585088591
338,"The extended abstract would be the one I preferred to hear about the study because I have all the information, I need to complete the study and they why behind the study. I think the presentation would be better for determining if the experiment was well designed because it gives us the results and can show how much variation there is between peoples answers.",topic_2,4.034051216060753e-309
339,I would prefer the presentation. I think the presentation would've been better because it explained the main points and also gave a visual representation compared to the abstract.,topic_2,9.46383157679214e-309
340,the presentation is what i would prefer. i liked the combination of being able to listen and see the visuals instead of just reading it.,topic_2,1.0
341,I would prefer the presentation. It goes into more depth and makes the study easier to understand.,topic_2,0.11534062290470802
342,The presentation. This is because it explains the study more in depth.,topic_2,0.09250187186824434
343,"Presentation. I feel like the presentation made so much more sense than the abstract. Not that the abstract didn't make sense, but the presentation was so easy to follow.",topic_2,0.1541079009062659
344,I would prefer the presentation since it was made for the general public to understand. The abstract is more thorough and probably better for understanding the design.,topic_2,7.557770676636044e-309
345,The presentation is what I would prefer since I find it more engaging. The extended abstract would probably be better in determining whether the experiment was well designed.,topic_2,3.85202067805864e-309
346,"Personally, I would prefer the extended abstract. It summarizes everything very well and does not have a lot of hard to understand information. To determine whether the experiment was well designed though, the presentation would be much better since it has specific details and extensive background information on everything.",topic_2,3.714242467208356e-309
347,The presentation because I learned more than in the abstract. I think both indicate the design of the experiment.,topic_2,0.09534885731901938
348,"I would prefer the abstract to determine whether the experiment was well-designed. While the presentation conveyed the information more simply, the abstract contained greater detail about experimental design.",topic_2,0.06385815085923602
349,I like the presentation better. I think someone telling you the design of the experiment and explaining it in more detail allowed me to see how well it was designed.,topic_2,1.176553687149755e-308
350,"I would go with the presentation, it brings all of the information together and makes it easy to understand.",topic_2,0.5785765601212642
351,I would prefer the abstract. I think the abstract also would show the experiment was well designed since its laid all out right there and it was categorized making it easy to read.,topic_2,4.56968980632496e-309
352,I would rather use the presentation. the abstract might be better at determining if the experiment was designed well.,topic_2,0.05922184488654796
353,I would prefer to hear about the study using the presentation because it is in depth enough that students would understand the experiment and its purpose. I think the extended abstract would be better to determine if the experiment was well designed because it can go more in depth and might not have a time limit which could leave out some information like in the presentation.,topic_2,4.027311893015214e-309
354,"I would prefer the presentation over the abstract. The presentation was better for determining whether the experiment was well designed because it laid out all of the information, equations, and reasoning behind the experiment well.",topic_2,0.05526638207410774
355,This presentation. It can give me more information about this research.,topic_2,0.11229547188392561
356,I would prefer the presentation. This way I incorporate reading the information as well as being able to watch what the presenter wants to convey.,topic_2,1.0
357,"The presentation made me feel more interested in the study and invested in it's goals, however the abstract is likely a better show of the study as it should be presented to participants and various other viewers in order to prevent introducing bias caused by too much inside information regarding how the efficacy of 3D graphics has been assessed in the past.",topic_2,0.075177136498403
358,"I definitely like the extended abstract better, even though I thought it was not perfect. The most important thing this experience makes samples really put themselves in the program. It also give stronger abilities to collect data.",topic_2,0.03372054627214726
359,"Definitely the presentation. I watched the video, and I understood it way better because the researcher was a peer and easier to understand. And if I had watched the presentation in person, I could ask questions.",topic_2,1.0
360,"I would rather hear about this study via the presentation. Hearing something told to me sticks in my brain better than reading something from a research paper. However, I do think that the abstract does a better job at explaining the experiment design.",topic_2,6.2808761573688e-309
361,"I would prefer the presentation, because I liked hearing the results more.  For determining if the experiment was well designed, I believe it would be better to read the paper since it went into more detail over the experimental design.",topic_2,0.05603820837534465
362,I would have rather only see the presentation. This is because the presentation is easier to follow through and watch rather than reading an abstract which looks at the experiment through a very scientific paper lens. People are more likely to watch a 12-minute video and take away key information then an abstract paper due to word choice and now people prefer learning through videos.,topic_2,0.07295172588840296
363,"The abstract shows a better design, but the actual participation/presentation of the study is more fun to partake in. Overall, this was an interesting study and I am glad I got to help with the data collection.",topic_2,5.59493345809252e-309
364,I think that I would prefer the presentation since the information was more condensed and gave it to me in an understanding way. If I truly wanted to determine how the good the experiment was designed I would look more into the details of the abstract.,topic_2,5.15871075990422e-309
365,I would like to hear it from the presentation video. Not only seeing the graphics but having them explained was nice. I think he did a great job conducting the video and making it clear for the audience to understand.,topic_2,0.26003318268433495
366,I would have preferred the abstract side of the study. Abstract seems to be the best option.,topic_2,0.06369449646235793
367,I would prefer the presentation. It was very informative and helped me learn more about the project than I did before. The extended abstract may be better for determining whether the experiment was well designed.,topic_2,3.866374832889913e-309
368,I would prefer the 3D one.,topic_2,0.1911091129486886
369,The extended abstract is more clear so it is more preferred. The extended abstract was better for understanding the quality of the design. It added more context as to why certain details were added.,topic_2,0.0283929899981476
370,I don't know what the extended abstract is.,topic_2,0.05670914436223393
371,"I would prefer the extended abstract. Not only was the goal of the study easy to identify, the study design and process was talked about in great detail.",topic_2,0.061318434512682075
372,The extended abstract would be better. The presentation does a good job of explaining but students would be better at determining after going through the process themselves via the extended abstract.,topic_2,0.053496018089047206
373,"I liked the presentation, it was easier to understand and I got a lot more information out of it. For determining whether the experiment was well designed I think both payed a part but maybe the abstract was better. It's hard to tell for me.",topic_2,5.56997116573799e-309
374,I would have preferred the presentation since it showed visuals and it was talked about how the kits looked like which the abstract did not. I think whether the experiment was well designed an abstract would have been better for determining whether the experiment was well designed.,topic_2,5.266715290687597e-309
375,Probably the extended abstract because it provides more for me. The presentation would be better for determining whether the experiment was well designed.,topic_2,3.785431687441007e-309
376,I think that the abstract is better because it excludes information that might change what you think and affect your results. By leaving out information this gives us better results overall and creates little bias in the study.,topic_2,4.681603102748667e-309
377,"I would prefer to hear about this from the presentation. I have a difficult time reading abstracts of studies as I have a hard time reading through them. The information presented in them, to me at least, seems to jump back and forth and I get lost. The video allows me to grasp the information exactly as the presenter intended.",topic_2,0.10433970735780677
378,I would prefer the presentation as it was more clear and emphasized the important information with visual aids and explanations,topic_2,0.5907972732125202
379,only the presentation because it was designed a lot better and people could see it as a bar chart that was done right.,topic_2,0.1619285680143904
380,The presentation is much more detailed and gives a broader explanation of the intention and design of the experiment. The presentation would be much more informative for determining the quality of the experiment.,topic_2,0.07182795323985229
381,"I would prefer the presentation if I was to hear about the study, because it has more visual elements and is an easier to comprehend slide by slide. And for determining experimental design, I would also use the presentation because it goes more in dept about the experimental design in the presentation.",topic_2,0.05354028765640102
382,"I would prefer the presentation because it gives you all of the behind the scenes as well as in depth details about the experiment. I also think the presentation is better for determining whether the experiment was well deigned or not. It breaks down every component of the study, all while giving a reasoning for why everything was done the way it was. I think the more descriptive something is the better is would be to determine the greatness of the experiment design.",topic_2,9.30537025225104e-309
383,"I would prefer the presentation and it would be better for determining whether the experiment was well designed or not, it is well laid out and easy to follow along.",topic_2,0.05982764233186303
384,"I would prefer the presentation because it was well explained and the instruction was clear, also the design is well design.",topic_2,0.541644151831606
385,I feel the presentation did a better job of giving a good overview of the project. It seemed to be a lot cleaner and a fluent description of the project.,topic_2,0.2425351033151312
386,"I would prefer the presentation. Reading the abstract makes it harder to understand the study design, and seeing the visuals of the information in the presentation really helped.",topic_2,6.36160797016816e-309
387,I would prefer the presentation. I think that it was easier to understand than the abstract. It also helped to have animations on the slides and to have things broken down into simple parts. I think that the abstract would be better for determining if the experiment was well designed because the abstract was much more thorough than the presentation.,topic_2,5.219966963576116e-309
388,I think I would prefer the abstract because I can read through it. I found the video pretty boring.,topic_2,0.0611380836913315
389,The presentation would be better. It explained the study much better than just the abstract.,topic_2,0.08219350433078076
390,I would prefer hearing it via the presentation. I believe it is much more accessible. But i think the abstract would be better for the design.,topic_2,0.049873686337196445
391,"I would prefer only the presentation because I can focus better with audio and with slides than by reading an abstract. Although, I feel that the abstract serves better to determine whether the experiment was well designed because it has more specific information about the experiment.",topic_2,4.885786136855423e-309
392,"I would prefer to hear about the study using both the extended abstract and the presentation. However, if I had to choose one, I would prefer the extended abstract for determining whether the experiment was well designed. The extended abstract provides a comprehensive overview of the study, including details about the research question, methodology, results, and conclusions. It allows for a thorough evaluation of the study's design. On the other hand, the presentation may provide additional insights through visual aids and verbal explanations, but it may not capture all the nuances of the study design as effectively as the extended abstract.",topic_2,3.694005319042476e-309
393,I would prefer the abstract. I found there studies to be much more interesting.,topic_2,0.07278373080993113
394,"Since I am a person who better understands videos and a person talks himself, I would prefer video presentation. It makes some things easier to understand than abstract. 

I would say video to determine whether the experiment was well designed because it was more detailed than the abstract.",topic_2,8.74823091905918e-309
395,"If I had to choose between hearing about the study using only the extended abstract or only the presentation, I would prefer the extended abstract. The abstract would provide a detailed and structured overview of the research question, methodology, results, and conclusions, allowing for a comprehensive understanding of the study's design and findings. While the presentation may offer visual engagement and dynamic communication, the abstract would likely be better suited for determining whether the experiment was well-designed due to its ability to convey detailed information in a written format.",topic_2,3.86435536587525e-309
396,Presentation would be my preference. I think this way is better in obtaining a comprehensive understanding of the study.,topic_2,1.2850093784381727e-308
397,"I prefer only the presentation because I feel like I can learn better from it. Also, I can understanding well when presentation beause it explain stuff clear to understanding.",topic_2,1.0
398,The presentation. It is easier to understand regarding the experiments design and purpose.,topic_2,0.0552689458101343
399,"Given the extended abstract and this presentation, I would definitely prefer the abstract. I'm not saying this to be mean but the engagement of the presentation was lacking and I lost interest almost immediately. That being said, I do think it provided a lot more in-depth details regarding the design of the study.",topic_2,0.04679809694173799
400,I would prefer the presentation because it gives you more information about the experiment and what it entails.,topic_2,0.06025068640845639
401,If I had heard about this study I would have prefer using the extended abstract. Even though the presentation had more details about the experiment I enjoy reading and the abstract had the information that I needed to understant the purpose of the experiemnt faster.,topic_2,0.05095308804602224
402,"While both the extended abstract and the presentation offer valuable insights, I would prefer the extended abstract for a comprehensive understanding of the study's design and findings. The abstract typically provides more detailed information about the research methodology, results, and implications, allowing for a thorough evaluation of the experiment's design",topic_2,3.56696130085859e-309
403,"While both the extended abstract and the presentation communicate research findings, the presentation may be preferred for the way it can engage the evidence, while the extended abstract may be better for a detailed examination of the study's design and methodology.",topic_2,3.610365267986085e-309
404,I would prefer the presentation because it offers much more information. I think the presentation is better for determining whether the experiment was well designed.,topic_2,0.050992416610300635
0,"Extended abstract, extended abstarct",topic_3,0.08449999081807338
1,I would prefer to hear about the study from the presentation. The abstract is the better reading material for determining if the experiment is well designed.,topic_3,1.068489269121335e-308
2,I would prefer the video just because abstracts can be so lung to read and also have confusing words but the video was much simpler. The abstract would probably be better for determining the experiment was well designed.,topic_3,0.2519329613612641
3,"I think I would have preferred the presentation because of the visual representation and explanation he gives. The abstract was well made but I enjoy listening to people talk about things and he did a better job of explaining to me what it was about compared to the abstract. I think the abstract would do a good job of actually showing if it was well designed though, since it basically explains everything from the beginning to the end.",topic_3,1.0
4,I would prefer the presentation. It makes a lot more sense to hear it from the experts instead of just reading a procedure on a paper. The presentation makes it easier to see if the experiment was well designed because the researcher explains in depth why some assumptions were made or why a particular technique was used.,topic_3,0.025137616988962334
5,"I think that I liked hearing about this study through the presentation. I thought that it was more engaging. Yet, I think that the extended abstract was more informational in looking more like a study, so that one might be better for determining whether the experiment was well designed.",topic_3,0.10031231874127075
6,"I preferred the presentation. I felt like it easily laid out the different aspects of the experiment, in a simple way. I also felt that it was much easier to follow than the abstract presentation. In the abstract, I felt there was some unneeded information.",topic_3,1.526535374334811e-308
7,"I would want to hear the presentation only because I don't like reading a lot and the presentation had more graphs and pictures to explain the procedure, but I do think the abstract has a lot more detail and goes in more depth than the presentation. So I think the best one for determining whether the experiment was well designed would be the extended abstract since it does include more details and talk about it more specifically.",topic_3,0.13768928945261416
8,I would have rather heard about it by only the presentation because it gave a me a better and clear understanding of what was taking place and the back ground to the experiment. I think that the extended abstract would be better for determining how well designed the experiment was.,topic_3,0.14977423978617016
9,"Personally, I am a visual learner so I would prefer the abstract simply because it helps me pay better attention and helps me understand better. Both the abstract and the presentation show the experiment was well designed, but the presentation would be the better fit in regard to determining that. It goes into the depths of reasoning and a better explanation of results.",topic_3,1.4648639634074263e-308
10,"I prefer the extended abstract. This is because I can read fast and skim the text instead of  listening to a boring presentation that I can't skip through. I think both are equally important to whether the experiment was well designed, but if I had to choose one or the other, I'd say the extended abstract was better.",topic_3,5.923271399263835e-309
11,"The extended abstract, because it was a little better at giving the background information. It told us more about the experiment done at the other school, so we could gauge if ours was done to the same level of quality as the other one was. I also just found it easier to understand as a whole.",topic_3,0.05434157973941175
12,I would like to hear the presentation. I think it is easier to understand the study when in is explained in person and not just reading about it.,topic_3,0.15071774692973186
13,If I had to pick which is better I would choose the presentation. I work better with visual aids and the presentation had better support for that. I preferred the 2D models rather than the picture of the 3D provided in the abstract.,topic_3,0.06189178122262773
14,I would prefer the presentation. The abstract would be better though for a more in-depth understanding.,topic_3,0.20109751622111968
15,I would prefer the extended abstract as it is better for quickly grasping the overall idea of the study itself. I want a concise overview of the research rather than a more immersive format.,topic_3,0.08632141147833179
16,I would prefer the video presentation. I feel like videos usually give more detail and keep my attention longer. I am a visual learner so I like seeing people talk through the slides and see the data while also hearing about it. I better understand information this way because I lose attention when I am sometimes reading.,topic_3,8.8379752284325e-309
17,"Presentation, I am a visual learner and prefer video explanations over reading an article. I also feel the author of the presentation could more easily explain any confusing points rather than hoping the viewer understands what is meant through sentences in an article.",topic_3,9.41265729208098e-309
18,"I feel like I learn better and take in information better in a video format. Sometimes when readying professional documents or abstracts from research papers I feel as if I don't take in all the information. In the video, I liked being able to have visual representations of what is being discussed.",topic_3,0.008790315836692618
19,I would rather use the presentation as I am more of a visual learner and it was way more helpful giving more and better detailed information to learn from. The presentation would be better to determine if it was well designed or not.,topic_3,0.06440308400826746
20,"I would prefer the presentation, the abstract is just a huge wall of words that doesnt really feel too inviting and if you are attempting to get new random people to take the study I don't think that is where you will find luck. That being said you would then have the chance of revealing things about the study that could influence study participants behavior.",topic_3,1.57798761560615e-308
21,"If I had to hear about this study through a singular mean, I would probably choose the presentation because it allowed for better incorporation of visuals. The presentation would also be better for determination of a well-designed experiment, as the visuals of things such as expected results are better portrayed through those kinds of means.",topic_3,0.03463661613478346
22,"Extended abstract because it is a shorter version of the presentation and sums up all the main points. I think the presentation would be better to determine whether the experiment was well designed because of all the visual aids, engagement, and verbal communication.",topic_3,6.16339660740979e-309
23,I would prefer the presentation because I feel like the presentation helped me understand the experiment better and what they were trying to do/prove. The presentation was more appealing and interesting instead of just reading the extended abstract. The presentation would be better for determining whether the experiment was well designed.,topic_3,0.09182370684007593
24,I would prefer the presentation because the experiment was explained more in depth and I understood it easier than the extended abstract. I think the presentation would be better for determining whether the experiment was well designed as well because he went into lots of detail about how the study was set up and was very clear about all the components of the study.,topic_3,0.09273097745676409
25,"I really liked the presentation as it was easier for me to understand so I preferred that one. Although, the extended abstract shared more of a whole over view including start to finishing results. The presentation focused a lot on the design set up and reasoning as to why. That was just briefly touched on in the abstract. Therefore, I think the presentation is better for determining whether the experiment was well designed.",topic_3,0.10876764140676871
26,"The presentation was far more helpful than the abstract because it used more common terminology. Additionally, the presentation told the subjects exactly what the researchers wanted to gain from the study. The presentation also mentioned what studies in the past have shown and focused on what this study was for, rather than focusing on what the studies in the past showed and briefly mentioning the study at UNL, like the extended abstract.",topic_3,0.13389487464700917
27,The presentation has more detail and talks about all the elements and how they work. The abstract has data and the method of the test but it doesn't give much data as to why the results are the way they are.,topic_3,0.2559782757111411
28,"If I had to choose between hearing about the study using only the extended abstract or only the presentation, I would prefer the extended abstract. It provides a summary of the project's objectives, methodology, findings, and conclusions, allowing for a quick note of the essential details. However, for determining whether the experiment was well-designed, the extended abstract might be more suitable. It offers an overview of the study's methodology and findings, providing the necessary information to assess the experiment's design and execution.",topic_3,5.31080344089392e-309
29,"I would definitely prefer the presentation because it makes the breakdown of the experiment a lot more understandable. I am a visual learner, so the study makes a lot more sense when someone shows pictures and explains them outloud, instead of me reading a whole bunch of words. I think the presentation makes the design of the study look a lot more interesting and appealing.",topic_3,0.026170720733854187
30,"I prefer the presentation. I think it does a better job of being more clear and concise instead of reading a long abstract off a paper. It is easier to comprehend, especially with the pictures.",topic_3,1.0
31,I would choose the presentation because it explained the results and statistics the best. While also explaining the study design and future work of this study. I felt like I got more information out of the presentation than the abstract.,topic_3,1.548260743205072e-308
32,I would probably do the presentation because I do well with words and pictures combined. For determining whether the experiment was well designed probably the extended abstract part.,topic_3,4.940090820519126e-309
33,"I would prefer the presentation since it was much easier to understand, and I prefer videos to reading material. The abstract, however, has better information to evaluate the study.",topic_3,1.6447739832973544e-308
34,The video was the best example of the experiment. Abstracts can get really wordy and confusing. Videos are easy to follow along.,topic_3,0.21497940605212776
35,I would prefer the presentation. I prefer it because it is more thorough and offers different opinions and views on the graphs. When reading the presentation we could tell more easily if it was well constructed compared to the abstract.,topic_3,1.0
36,"The presentation was more clear for me, I'm not good with large amounts of text as like a lot of people my age. I'd say either could be used for determining how well designed the experiment was, but the presentation was more clear.",topic_3,0.03683183784134374
37,"I would definitely prefer the presentation, it explained things in way more detail, and also was a lot easier to understand in laymen's terms. For determining whether the experiment was well designed I think I still believe the presentation did a better job showing that the experiment was well designed.",topic_3,5.367754759581357e-309
38,I think I would prefer the presentation because it seems more digestible and easier to understand compared to the abstract. I also think the presentation would be better for determining whether the experiment was well designed because the speaker would be able to elaborate beyond the abstract.,topic_3,1.2001877383553797e-308
39,"I think personally I would rather hear about the experiment from the extended abstract, while I believe that the presentation shows that this experiment was well designed. If used in the same context, I think that the abstract of the study does a fair job conveying the purpose of the experiment for people that are semi-versed in the statistics world. Whereas I would use the presentation for people who don't know much about stats.",topic_3,5.95379078772587e-309
40,I would say the presentation is easier to comprehend and understand especially for something that needs explanation. I also just enjoy the slide aspect more than reading something with more words unless its better for the comprehension of it but in this case I think the slides having the pictures with the explanation was helpful,topic_3,0.05900535168475822
41,I would prefer the extended abstract because I am able to use my own experiences and see what is happening first hand instead of trying to learn and figure out what is happening through the presentation.,topic_3,0.08046192947173879
42,I would prefer the presentation. I got a lot more information from this.,topic_3,0.17918793600262814
43,I would prefer the presentation because it is better and easier to understand rather than the extended abstract. I feel the presentation would also be easier for determining if the experiment was well designed.,topic_3,9.6075854267291e-309
44,"I think the presentation, as it was longer and contained more information, the presentation would be better for determine whether the experiment was designed well.",topic_3,0.01869617109841096
45,"The presentation made more sense to me as a participant, when compared to the abstract. However, because the experiment was more thoroughly detailed in the abstract, I believe the abstract was the better option when determining design efficiency.",topic_3,1.381449743493213e-308
46,"The presentation. Like I said before, I don't like to read sometimes so watching this was def. easier to follow and understand. Especially with the photos. I know the abstract had photos too but having the tables laid out while I was told how they held any signifigance in the study was easy to follow.",topic_3,0.04372122498404583
47,"In general, I think it depends on the person you are asking but personally I conceptualized the abstract better but the presentation was easier to understand/follow. I think the abstract would be better for determining whether the study was well designed. I believe this because there seemed to be more information.",topic_3,1.545807297708821e-308
48,"I think that the video had better information even though it was tough to listen to. It has more information about the experiment than the abstract does, and I feel like it explains how the experiment was designed better.",topic_3,0.2510386394907773
49,"I would prefer to hear from the presentation. I think the presentation did a really good job of explaining the experiment and what they were looking for with this experiment, so I think that it would be better for determining how well the experiment was designed.",topic_3,1.0840128539732403e-308
50,I would prefer to watch the presentation because he did a good job of explaining all of the aspects of the experiment. I think the video also does a better job of telling if the experiment was well-designed because it has actual figures used in the experiment to give the person a better judge of whether the experiment was well-designed or not.,topic_3,0.03641707389392886
51,I would prefer the presentation over the extended abstracts personally just because I felt like the abstract was too wordy and complicated at times to really decipher the information. I do feel like the presentation would be better for determining if it was a good study because I felt like there was more justification on why the study was being done.,topic_3,0.07928521862338295
52,Presentation hands down. It goes much more in depth and explains many additional details. It also describes specifically how the experiment was conducted in great detail.,topic_3,0.05534901427278139
53,"Personally speaking, I would rather watch the presentation because for me it is hard to read abstracts without getting lost, while with a presentation there is a little more explanation on certain things to clear up any confusion. However, sometimes I feel that a well written abstract is much more detailed on specific things and it is much easier to go back and check the facts for anyone who might try to replicate the experiment in the future.",topic_3,1.366982002052291e-308
54,"I think honestly I would prefer the presentation. Typically I would say the extended study, however in this specific experiment. The presentation I feel gave a little more detail (or detail I understood just a little better).",topic_3,0.08942139715223185
55,I think that the presentation would be better for me. This is because I think that it is simpler to have someone explain the ideas to me rather than me deciphering the abstract. I think that the abstract is better for determining if it was well designed because it takes a lot time and effort to comprise a good abstract.,topic_3,1.0
56,I would prefer to hear about it from the presentation because it's more interesting to hear from. The abstract would probably be better to determine if it was well designed though.,topic_3,1.270073617070258e-308
57,I would prefer the presentation over the extended study. This is only because I learn better from hearing things than reading them. I think that the extended abstract had more information and detail over the presentation though.,topic_3,0.0720241165041027
58,"I think the presentation told me more than what I knew from the experiment, so I would have to say the presentation. The presentation was also better for determining whether the experiment was well designed.",topic_3,0.04432189276631742
59,"I would prefer the presentation, because I tend to learn and understand things better when I have a visual representation of it in front of me. I think that the presentation is better for determining if the experiment was well designed because it compares the expected results with the actual results using a visual.",topic_3,4.77309673010135e-309
60,I preferred reading the abstract because it had more details on procedure as well as included research from other studies. I think the abstract showed how well the experiment was designed.,topic_3,1.081256323885049e-308
61,the presentation would be better because i am more of a visual person and it would make more sense for me to really be able to and listen to what the experiment is about. This would help me determine if the experiment is well designed or not.,topic_3,5.197263925165856e-309
62,"I would prefer the abstract. The abstract really explained all the elements for me. And, I think it is better to read something that watch a video because it is so easy for people to zone out and reading to me just makes it more comprehensive.",topic_3,1.1299800730617086e-308
63,I much prefer the presentation because reading abstracts are incredibly boring and time consuming. Another the presentation also provided a more visual method of learning about the study.,topic_3,1.774566627790216e-308
64,"With what I had prior to taking the study, I think this would be easier. I had the base information and after watching Tyler's video I just have questions and it is too much to explain something that takes not long to complete.",topic_3,0.02917320619067297
65,"I would rather the presentation, because I learn better when I have an actually representation for me to look at. I think that the presentation is a better thing for deciding if the experiment was well made because it compares the expected results with the actual results.",topic_3,4.828082417054118e-309
66,I thin the presentation was better for me. Often times when reading something I get distracted so when hearing something it helps me retain it better.,topic_3,0.07028094138161295
67,"Personally, if I had to hear about this study, I would prefer the presentation over the extended abstract. While the extended abstract provides useful information we can always go back to, I feel the presentation, at least for me, would be better in understanding whether the experiment was well designed because it's being directly explained in great detail by one of the designers of the experiment. Also, for me, I understand things better when they're being directly told to me, rather than reading the information in a bunch of paragraphs.",topic_3,0.04531606138923434
68,I like the presentation better because I also like the added visuals. I also appreciate the extra explanations that can be hard to put into writing that are included in the presentation.,topic_3,0.06745330733619656
69,I think I would choose the presentation because I find it to be an easier method of absorbing information. I think the presentation was better for determining whether the experiment was poorly designed because it went into more detail and had graphics to help better explain the results.,topic_3,0.028797169707627572
70,"I would prefer the presentation because it was much easier to follow along and understand what they were doing with this research as opposed to the abstract that was written in a much more scientific way with some terms I am not familiar with. I also think the presentation is better at keeping my attention because I am not getting confused by the language of the abstract. However, I think that the abstract was better for determining if the experiment was well designed because they discussed their methods in much greater depth than the presentation did.",topic_3,1.630105367718049e-308
71,I would prefer the presentation as it is nice to have the information be walked through by an informed individual. The presentation is likely better for determining whether the experiment was well designed due to it being able to provide more information in a shorter amount of time.,topic_3,4.884391277834035e-309
72,I enjoyed listening to the presentation more than I did reading the abstract. The presentation seemed more comprehensive and explained the study in easily understood language.,topic_3,0.14607738385128832
73,"I would prefer the extended abstract video, making it the better option for determining if the experiment was well designed. It was helpful and interesting to hear about rhe 3D background models and history.",topic_3,0.2601595946184199
74,"I would honestly prefer the presentation because I like to see all the variables in front of me instead of taking part in the experiment when I get only a portion of the information at the time. I don't like to be a test subject which is why I prefer the presentation. 

 

The presentation would be the method to see if the experiment was well designed. All the data is in front of you at that point so it would be the ideal match for determining a well designed experiment.",topic_3,4.74827700226354e-309
75,"I'd rather hear about the study using the presentation, because while reading the graphic, I had a difficult time understanding why this study was significant. The background on 3D versus 2D graphs was helpful to me in this regard. The abstract would likely be better for determining whether the experiment was well-designed because it has more detail in a written format.",topic_3,0.1662919820916053
76,I would rather watch the video because hearing someone describe it to me is a much better way for me to learn than just reading the abstract.,topic_3,8.68429321736659e-309
77,probably the presentation because it showed me the results in the way i wanted to see them,topic_3,0.048364201708088035
78,"I prefer the presentation because it was easier to understand, at some points I had to reread sections just because I couldn’t understand what it was trying to say. The abstract was very informational, but as someone who prefers to listen, I’d choose the presentation. The abstract would have a more precise way of explaining things and just more details. I think the abstract would be better out of the two to determine whether the experiment as well designed or not.",topic_3,1.630519964972058e-308
79,"I prefer the abstract because it is much quicker and easy to understand, because it doesn't go into as Much detail. I think that an abstract is the best way to tell if a study is well designed, the video went into more detail about the results and looking forward, which isn't always necessary for determining if a study is well-designed.",topic_3,1.545858229118071e-308
80,"I personally prefer the abstract. As a science major with a lot of experience reading scientific papers, I can read into them and I like interpreting the studies myself.",topic_3,1.0674415610532713e-308
81,I would rather hear the extended abstract. This had more information and the video presentation was very boring.,topic_3,0.1893557754927485
82,I feel that the presentation helped because its easier when someone talks to explain something and we can follow along. It helps because he can pause and explain things better and can go step by step.,topic_3,0.08430919224865109
83,If I had to hear about this study I would prefer the presentation because it is straight forward and I personally like when someone talks about it first and goes over it online. I would prefer the presentation for determining weather the experiment was well designed.,topic_3,6.90078427348502e-309
84,"I would prefer to hear about this study strictly from the presentation. Although the abstract was detailed, I felt that the presentation did a better job of explaining the background and purpose of the experiment. Overall, I think that the presentation would be better for determining whether or not the experiment was well designed.",topic_3,1.0507760016256137e-308
85,"I would prefer the presentation just because listening to someone speak like that has always helped me learn better in general, and I was a fan of the visuals and whatnot that were used in the presentation. I feel like the video just because it gives kinda a step by step and some background, and idk, i just feel like it has it all.",topic_3,8.4100307884432e-309
86,I prefer that abstract because it gave me more of a concise idea of why the experiment was set up the way it was and the information was easier to take in. I think the abstract gives a better way of determining if this experiment was well designed because future researchers can use the abstract to test how well designed this study is.,topic_3,1.071341087895675e-308
87,I would prefer presentation because i’m more of a visual learner than just reading. I learn more from someone explaining it to me rather than reading something. Presentation would be better for determining whether the experiment was well designed,topic_3,4.84448294315822e-309
88,"I would say the presentation, because the purpose was a little clearer. This way it clearly showed that the experiment was designed better.",topic_3,0.04765948827031578
89,"The abstract for sure, as the presentation mainly showed the difference in bar graphs and how to digitize a 3d bar graph.",topic_3,0.8140710763876959
90,The presentation is way more preffered to hear about this experiment. The presentation is so much easier to understand and I feel like that would also make it easier to understand if the experiment was well designed.,topic_3,5.514404498508823e-309
91,"I preferred the presentation more, it was easier to follow along and stay engaged. The presentation is easier to listen to and see parts of the experiment.",topic_3,0.03205063657240274
92,The presentation due to it providing more of the formulas and math behind the experiment and it also provides a better background for their reasoning behind the experiment. I would say the presentation would also help the presentation seem well designed.,topic_3,0.011969958890673343
93,"The presentation since there are more visuals (images, the bar charts, models) as well as an explanation of the study design and predicted results (which were also not in the abstract). In addition, there had also been more of a background on the 3D graphics to give the participant more understanding of why the study is being conducted. This is not to say that the abstract was inadequately written, it was very extensive and informative, but in terms of having to choose one for specifically for determing whether the experiment was well designed and also for participation, I would choose the presentation.",topic_3,1.6165745526838087e-308
94,"Personally, I would watch the presentation. The reason why I would say this is because it gave me more visuals so I was able to comprehend what I was going to look a. I also learn better from when I listen to somewhat talk and explain what I am about to do.",topic_3,8.848125191785144e-309
95,"Personally I would prefer the presentation. I thought having someone else explain the experiment to me rather than me reading the abstract was more helpful. Personally I had to reread the abstract to try and figure out what it was saying, it felt like it was saying the same thing over and over again.",topic_3,0.10655779056288044
96,"I prefer the presentation because it kept my attention more and walked through the results in a way that is easy for someone not familiar with the data analysis methods used to understand. The abstract, however, is better for determining whether the experiment was well designed.",topic_3,0.15155395804364594
97,"I would prefer the presentation, because it seemed the best laid out and clean. I also think that the presentation would be the best for determining whether the experiment was well designed.",topic_3,4.69022665225074e-309
98,"I would definitely prefer the presentation. Having visual representation for people gives them a better understanding of the experiment overall. As well as having someone guide the viewer of the presentation through the work, allows for a connected feeling towards the experiment as we have someone talking to us instead of us reading an abstract from someone we don't know.",topic_3,4.97266749284884e-309
99,Probably the presentation. It is generally easier for me to understand spoken words than written words.,topic_3,9.34156305841272e-309
100,I would say the abstract since I would have liked to know the background. The abstract would also better help with how well the experiment was designed since it goes in depth.,topic_3,1.045706912062853e-308
101,Probably the abstract because its strait forward. but the presentation was and is better at explaining the experiment.,topic_3,0.143233741820189
102,I would much prefer the presentation over the abstract. I still was left kind of confused when I read the abstract. I feel like this video did a better job at filling me in on any questions I had.,topic_3,0.20496617221209468
103,"I would prefer the presentation. It would be better for determining whether the experiment was well designed because it uses more day-to-day words for better understanding even for those who don't really know statistics. Also, it helps me to visualize while listening.",topic_3,0.029430905214693798
104,"I would choose the presentation, with visual examples shown it provides a better and easier way of explaining what the goal is and what is happening. In the abstract paper it mentions the graphs but doesn't show how to read them or what specifically to do with them. So, in that case I would choose the presentation.",topic_3,1.0
105,"If I had to hear about this study using only one of the two I would chose the presentation, I like hearing and visually seeing what the experimenters are talking about it and I felt that I can remember and learn more from it. I think that the abstract helped determine that the experiment was well designed, but I like to hear from the people who created the experiment talking about it.",topic_3,1.495595541268366e-308
106,I would rather hear about this through the abstract. This is because an abstract sounds more official and scientific to me and I feel there is less bias in an abstract.,topic_3,0.13484178351552964
107,"I would use the reflection because it gives a better explanation and shows us more information about the study. I believe they both have their place. I would use both to determine if it was well designed. I believe this because the abstract holds good information that needs to be seen, but also the presentation goes into depth and what they could change or do in the future.",topic_3,1.6308614269510783e-308
108,"I would prefer the presentation because I understand it better. Reading the abstract, I was a little confused because I don't think they mentioned the group size or how the sample group was found. In addition, the presentation had visuals and did a good job at explaining every part of the experiment in depth.",topic_3,1.5673298788413753e-308
109,"Truly, I have no idea. Perhaps the extended abstract would be better. I don't know which would be better for the experiment appearing well-designed. I just took an intro to stats course. I barely know what experiments are. Brother, if I was capable of judging the quality of graduate level experiments, I would not be in this class. Why are you asking undergrads this? That's what I would like to know.",topic_3,6.397325283313857e-309
110,"I prefer the abstract because it provides a more detailed explanation of the study's goals and designs. Which includes specific procedures and rationale that help determine whether the experiment was well designed. For evaluating the quality of this study, having access to those details is more useful that visuals alone. The abstract also shows how the study is built off past research, giving it more credibility.",topic_3,1.1498687137122823e-308
111,"I would have preferred the abstract. I find reading condensed information easier than listening to someone talk about it. However, I think the presentation is better to decide if the experiment was well designed, because it’s less condensed and allows for more detail.",topic_3,0.11817101843725297
112,"If I had to choose between hearing about this study only from the abstract or only from the presentation, I would choose the presentation. I liked how the presentation explained it more, and it was more visually explained, which is helpful for me. The presentation would be better for determining whether the experiment was well designed, because it walks through every detail of it.",topic_3,1.2085132230504364e-308
113,"I preferred the extended abstract, personally. The extended abstract provided a lot more detail into the intended goals and structure(s) of the experiment and I believe it is more determinant of the experiment's design properties moreso than the oral presentation, however, the oral presentation is a bit more palatable and easier to digest for most others, I would presume.",topic_3,6.544219803646434e-309
114,"I’d rather hear about the study through the extended abstract. It gives all the details about how the experiment was set up, which helps me figure out if it was well done. The abstract has more of the info I’d need to decide if the study was designed well.",topic_3,6.088051747306573e-309
115,The presentation was a better explanation. I felt as if I understood the presentation better and I know a lot of students like to skim reading rather than read the whole thing. The presentation also provided the graphs and tables of the results.,topic_3,0.08335022942032792
116,"The presentation is what I would prefer, but the abstract is probably what would be better for determining whether the experiment was well designed.",topic_3,1.175196939759928e-308
117,If I had to hear about the study using only the extended abstract or the presentation I would personally prefer the presentation. I think that determining whether the experiment was well designed or not would be through the abstract.,topic_3,5.675087339556706e-309
118,"The abstract I understand better when I can go back and reread the information, rather than listening to someone on a recorded presentation. The abstract also, I feel laid out the structure and testing goals of the experiment more clearly and professionally.",topic_3,1.1083311147720924e-308
119,I would prefer the presentation because It was a lot more clear and directly related to the experiment. The presentation would be better for determining if the experiment was well designed because you get to look at the components of the experiment and if they are accurate and valid or not.,topic_3,0.03704838908684478
120,The presentation due to it providing more of the formulas and math behind the experiment and it also provides a better background for their reasoning behind the experiment. I would say the presentation would also help the presentation seem well designed.,topic_3,4.77509335525664e-309
121,"The abstract for sure, as the presentation mainly showed the difference in bar graphs and how to digitize a 3d bar graph.",topic_3,0.7794164771790606
122,"I would prefer the presentation, because it seemed the best laid out and clean. I also think that the presentation would be the best for determining whether the experiment was well designed.",topic_3,4.726645606201946e-309
123,"I preferred the presentation more, it was easier to follow along and stay engaged. The presentation is easier to listen to and see parts of the experiment.",topic_3,0.033973679623056544
124,"I prefer the presentation because it kept my attention more and walked through the results in a way that is easy for someone not familiar with the data analysis methods used to understand. The abstract, however, is better for determining whether the experiment was well designed.",topic_3,0.16275559206630139
125,"Personally, I would watch the presentation. The reason why I would say this is because it gave me more visuals so I was able to comprehend what I was going to look a. I also learn better from when I listen to somewhat talk and explain what I am about to do.",topic_3,8.92492025739056e-309
126,"I would say the presentation, because the purpose was a little clearer. This way it clearly showed that the experiment was designed better.",topic_3,0.05334684052675509
127,"The presentation since there are more visuals (images, the bar charts, models) as well as an explanation of the study design and predicted results (which were also not in the abstract). In addition, there had also been more of a background on the 3D graphics to give the participant more understanding of why the study is being conducted. This is not to say that the abstract was inadequately written, it was very extensive and informative, but in terms of having to choose one for specifically for determing whether the experiment was well designed and also for participation, I would choose the presentation.",topic_3,1.611396161723581e-308
128,I would prefer presentation because i’m more of a visual learner than just reading. I learn more from someone explaining it to me rather than reading something. Presentation would be better for determining whether the experiment was well designed,topic_3,4.822365100870117e-309
129,"I would prefer the presentation just because listening to someone speak like that has always helped me learn better in general, and I was a fan of the visuals and whatnot that were used in the presentation. I feel like the video just because it gives kinda a step by step and some background, and idk, i just feel like it has it all.",topic_3,8.54610213101921e-309
130,I prefer that abstract because it gave me more of a concise idea of why the experiment was set up the way it was and the information was easier to take in. I think the abstract gives a better way of determining if this experiment was well designed because future researchers can use the abstract to test how well designed this study is.,topic_3,1.0675846468911273e-308
131,The presentation is way more preffered to hear about this experiment. The presentation is so much easier to understand and I feel like that would also make it easier to understand if the experiment was well designed.,topic_3,5.49690324286372e-309
132,"Personally I would prefer the presentation. I thought having someone else explain the experiment to me rather than me reading the abstract was more helpful. Personally I had to reread the abstract to try and figure out what it was saying, it felt like it was saying the same thing over and over again.",topic_3,0.10219735326044405
133,"I would prefer only the presentation to understand things, myself. Since this is the case, aspects of the video would help me determine whether the experiment was well designed. However, a well-written abstract alludes to a well-designed experiment.",topic_3,0.19038203103659845
134,I think that the presentation did a smuch better job. I do better hearing people actual talk and explain things. It was more in depth and easier to understand through the person talking.,topic_3,0.08565430733120527
135,"I would prefer the presentation if I just wanted a quick, clear idea of what the study was about and why it mattered—it’s usually more visual and easier to follow. But if I wanted to decide whether the experiment was well designed, the extended abstract would be better. It goes into more detail about how the charts were made, how participants were chosen, and how responses were measured. That kind of depth is important for judging the quality of the research.",topic_3,0.073160076241671
136,The presentation just because I felt like it was broken down better and easier explained. I think the presentation would be better for if it was well designed.,topic_3,0.05279060009394383
137,I think I would rather hear about the presentation through the presentation because the presentation was easier to understand and helped me to understand the concepts of the study. I think the extended abstract helps to determine if the experiment was well designed because the extended abstract had more information and dove even deeper into the purpose and procedures of the experiment.,topic_3,6.079348845778547e-309
138,I prefer the presentation because I am a very visual learner. Seeing exactly what part of the experiment is being talked about is really nice. I think an abstract would be better for understanding if it is a well done experiment because it is in a format that can be easily compared to other experiments.,topic_3,1.346121942767265e-308
139,"I definitely think from the perspective of someone outside of the statistics community, the reflection is a much more relatable format to receive the information. However, as a statistician, I feel I would really want to take a dive into the abstract to see the design of the study.",topic_3,1.59993185093435e-308
140,"I would rather hear about it through the presentation. They go in depth a lot more in the presentation than in the abstract. The guy also shows visuals in the presentation, therefore, It's a lot easier to see what is actually going on, rather than reading the words on the paper.",topic_3,0.255654384584194
141,The extended abstract is better for understanding the studies design because it includes detailed methods and data. It provides a clearer basis for evaluating how well experiment was conducted.,topic_3,5.431600408608354e-309
142,The presentation. I felt the presentation went into greater detail and was very well organized. It was all encompassing of the experiment.,topic_3,0.04572872065292413
143,"If I had to choose, I’d prefer the extended abstract because it provides a more detailed summary of the study's objectives, methods, and results. It would also be better for determining whether the experiment was well designed, since it likely outlines the experimental setup, sample size, controls, and procedures—key details not always covered in a presentation.",topic_3,5.56778525410113e-309
144,"I would probably select the presentation. This guy had a cool voice and it made me want to listen to him. I do agree that people teach themselves to an extent, but I mostly did the experimental learning because I had to, not because I knew why I was taking it. I am very much a facts person, so I need a reason behind something to make me want to do it.",topic_3,8.053187779967305e-309
145,"I would prefer the presentation because I found it to be more informative and clear. It gave me a better understanding of the experiment it's self, which helped me connect with the content more easily. I think that the presentation is also more useful when evaluating whether the experiment is well designed. That said, I do think collecting data in different formats can be valuable for gaining a fuller understanding of what my be considered better.",topic_3,4.76974678679326e-309
146,I prefer the presentation because it can show actual results from the study rather than just the expectation of the study. Again I would like to mention I learn from results not assumptions. I understand now how this study will be used after watching the presentation.,topic_3,6.721150410878757e-309
147,"I would much prefer to hear the presentation compared to the abstract. The presentation was very straight forward and it was easy to understand what the experiment was truly looking to examine. The abstract was hard to follow at some points, which makes it hard to hold a students attention. However, I think the abstract would be better for determining whether the experiment was well designed because of how in depth and detailed it was. The abstract was pretty much a scientific paper which would clearly be the more reliable thing to look at.",topic_3,1.460827318708274e-308
148,I would prefer the presentation because it goes into all the components of the study and discusses the specific results of the data and explains all the different components of the study while the abstract just gave a general overview and didn't go into the specific details of the study.,topic_3,1.4967926658547987e-308
149,"I would prefer the presentation. This is because it breaks down some reasoning as to why they use different graphs. But what the experiment is for, and what they do to calculate their data and results. This helped inform me better to my liking.",topic_3,0.02883441907548442
150,"If I had to choose, I would prefer the presentation because it was more engaging and provided a clearer picture of the study's context and significance. However, the extended abstract would be better for assessing whether the experiment was well-designed, as it included more details about the methodology and theoretical basis.",topic_3,0.07804798106272742
151,I would choose the presentation over the abstract. I think the presentation was better for determining whether the experiment was well designed. We got a lot more information from the presentation.,topic_3,0.11233626271731507
152,I would prefer the presentation as it breaks the study down a bit better for me and give you visuals as well. The extended abstract is probably better for determining whether the experiment is well designed or not.,topic_3,0.05194964731945075
153,I think that only the presentation would be better for determining whether the experiment was well designed because Tyler emphasizing certain things that would be otherwise missed. The presentation also brings up parts of the Cleveland and McGill study which presents a more clear comparison for the two studies. This comparison makes it easier to examine the accuracy and structure of the study that was conducted.,topic_3,0.04281069545266129
154,"I would prefer the presentation because it explained the study in more depth and made the results easier to understand. For evaluating the study's design, the presentation is better since it includes details about methods, controls, and limitations.",topic_3,6.639833283328964e-309
155,"I believe the presentation was better for learning about the experiment. The presentation was easier to understand as it was more engaging, but it also provides more data for understanding that the abstract does.",topic_3,1.499165932713134e-308
156,I think that I would choose the abstract because it explains why and how the experiment works. I liked this because I could go back and read it whenever I needed to. The abstract works better to understand how the experiment was designed and defends that it was designed well.,topic_3,1.0487596292972857e-308
157,"Probably the video presentation because someone is explaining the experiment. Whereas if I'm reading it, I will probably find it more boring to read about graphs.",topic_3,0.028534113177456022
158,I think the presentation would be better. It is explained well and has good visuals to explain what would be happening.,topic_3,0.06977833461317828
159,I would prefer the presentation. The presentation would be better for determining if the experiment was well designed.,topic_3,0.03209793906867432
160,The abstract would be better for understanding because it’s more detailed. The presentation would be better for seeing if it was designed well.,topic_3,1.0
161,"I would prefer the extended abstract because I tend to learn best when I am reading something. When watching the presentation, I felt like I absorbed less information than when I read the abstract.",topic_3,0.08958476705984744
162,I think I would prefer to hear about this study only using the extended abstract because I prefer the way the information that was in the extended abstract was presented. It included a lot of information that was included in the presentation could also be found in the extended abstract. I think that the extended abstract would also be the best for determining whether the experiment was well designed because it explained some of the errors or potential errors and where the study should be furthered.,topic_3,5.58272803987352e-309
163,I would prefer to watch the presentation rather than reading the abstract because I am more of a visual learner. I feel like I can determine more about the experiment through the visual representations and a human explaining the composition of the experiment.,topic_3,0.10470258813036078
164,The presentation would be more beneficial for deciding if the experiment was well-designed because it presents more information. While that abstract is short and does not go into great detail.,topic_3,1.1437189578720323e-308
165,I would prefer the presentation because it showed the reason for why they were doing the presentation more clearly and it was easier to follow along. It would be more beneficial for those who do not have a background in statistics as well because they can see the pictures within the presentation rather than just reading the words in the abstract.,topic_3,6.422096033325374e-309
166,I think the presentation is what I would prefer. It made a lot more sense hearing someone explain it with words and graphics.I think the abstract was a little confusing to follow. I think both are good choices if you need to determine if it was designed well.,topic_3,1.0
167,I’d rather hear about the study through the presentation because it’s easier to follow especially with the includes visuals. But the extended abstract would be better for judging if the experiment was well designed since it explains the methods and details more clearly.,topic_3,6.13269032987675e-309
168,I would prefer the presentation. The presentation gives more information than the extended abstract does and shows the experiments design.,topic_3,7.200947417311523e-309
169,"I think the extended abstract would be easier because it allows you to analyze words and data on your own and interpret them rather than just being told what to think. It gives a lot more room for questions to be made and answered, overall making the experiment better.",topic_3,0.04762512514627375
170,"I would choose the abstract because the abstract goes in to detail on how you're doing it while you're doing it while the presentation also does the same thing but it is shortened and it doesn't really go into that much detail on why they did it in the abstract, you can look at the statistic values",topic_3,0.13546403905195822
171,I would rather hear about the study from the presentation because it was easier to follow and had visuals. But the abstract is better if I want to know if the experiment was well designed because it’s more focused and to the point.,topic_3,1.2821979449346093e-308
172,I would say that the presentation is the one that I would prefer. I say this because there is someone verbally explaining the results to me which is easier to understand. Also when they speak about their results they are less likely to use the big and very specific terms which makes it easier to understand as someone who wasn't doing the research themselves.,topic_3,6.617422765757744e-309
173,I would definitely prefer the presentation. The presentation explained the study's design better and I liked how it gave visual representations. The presentation was also overall easier to understand and felt more explanatory.,topic_3,6.677630765282826e-309
174,"I would prefer the presentation to hear about this study. I feel like I am more of a listening learner rather than a reader, and I got more detailed information on the study through the presentation. The presentation is better for determining whether the experiment was well designed because they can provide more detailed limitations and/or discussion slides on the study.",topic_3,6.48104115518648e-309
175,"for the aspect of my own personally understanding, i would prefer the presentation. I feel as though the presentation uses a good amount of auditory explanation as well as image depictions to help make everything make better sense. on the contrary, I think the abstract would be a better way to show if the experiment was well designed",topic_3,1.506918091503764e-308
176,"I would choose a presentation. It is difficult for people to imagine it with just text. But if it is a video, people can know more intuitively how the experiment was designed and completed.",topic_3,0.01728498153434287
177,"If I had to hear about this study only using one method, I would choose the presentation. The presentation is more in-depth and provides more detail to digest, which makes it easier to form an opinion and/or understanding of the study.",topic_3,6.779224067521395e-309
178,I would prefer only the presentation. I felt it kept my attention more. I think the extended abstract would be better for determining whether the experiment was well designed tho!,topic_3,7.508715219382366e-309
179,"I would prefer just the presentation. I am not good at experimenting in this way, and I like to have it laid out for me with results. Much like a thesis defense, I like the short and sweet of the how and why.",topic_3,0.037749688446835725
180,I would prefer the presentation all the way. It explains more about what we participated in rather than the old study. He also used easier words to understand that are implemented into the extended abstract because it was a formal study.,topic_3,0.07989932968259193
181,I would prefer the presentation. I think the presentation better explains the study as well as better shows how it was designed.,topic_3,6.91483876642479e-309
182,I would prefer the presentation since I learn better from visuals. I think the abstract would be better for determining whether the experiment was well designed or not.,topic_3,1.261970669267017e-308
183,"I liked the presentation more because the way the data was displayed was much better than the abstract. The abstract may have more information about the study design, but the presentation was more helpful for this learning experience.",topic_3,0.2789381823252535
184,The presentation because it showed the results and why he got the larger responses to each graphs or 3D charts. It was easy to see all the visual charts.,topic_3,0.04972388787595392
185,I would prefer the presentation because it helped me picture everything better. I think the presentation was also better to determine if the experiment was well designed because it provided the graphs of results which the abstract was just words so if you are a visual learner it was more difficult to understand fully.,topic_3,1.5961276535189414e-308
186,"I would prefer the presentation for an overview because it's easier to understand and visually engaging. However, the extended abstract would be more useful for evaluating the study’s design and methodology in depth.",topic_3,5.551665255859856e-309
187,I think the abstract would be better. I think that one had a little bit more information in regards to how and why the experiment was completed.,topic_3,1.1337301480006405e-308
188,If I had to hear about this study I would prefer to hear it through a presentation because it is easier to understand compared to an extended abstract. The extended abstract would be better at determining whether the experiment was well designed because it would include more detailed methods.,topic_3,0.049203923048178534
189,I personally liked the presentation more. This was because I did have to try and figure it out on my one because someone was explaining it to me.,topic_3,0.05475633797552097
190,"I like the format of research papers better. I understood more from the structure of the paper. I additionally appreciate an abstract as a preface to the study. The video did go into more depth about the results of the study, but results are a lot easier for me to interpret. As the article went into methodology which I find more difficult to understand so I appreciate the longer explanation. That's why I would also say it's better for determining the experiment design.",topic_3,0.25306217458210534
191,I would prefer the presentation. The main points I learned from the abstract was this study's comparison to a previous one. This presentation better presented the main points of this study and the importance of each variable. The presentation would better help determine if the experiment is well designed as it has more depth than the abstract.,topic_3,1.497554417255252e-308
192,"A extended abstract provides a more in depth/detailed summary of data recorded from a specific study/experiment, so personally I would choose this option. The feedback that can be recovered from a extended abstract is critical for peer review, which is what most of the audiences intention is from reading/listening to this study mentioned above. This methodology provides us with significant details regarding our research questions, and how well the experiment was designed.",topic_3,5.43760785090081e-309
193,"I would say the extended abstract because it provides a structured summary of study goals, methods and results which is essential for evaluation whether the experiment was well designed. Abstracts tend to include more detail about the experimental design, statistical methods and findings than a presentation typically does. However the presentation might be more engaging and easier to follow when it comes to the visual aspects like the 3D printed charts. The abstract is overall just more informative.",topic_3,5.66143013397036e-309
194,"The video did a great job explaining the project and the purpose, making it my preferred form of communication. I think the presenter is able to convey the importance of the research, the methods, and interactions with students better in the video.",topic_3,0.08293107537107111
195,"The presentation was preferable as a test subject. I was curious to see the statistics produced. However, for general purposes the abstract was easier to pay attention to as it was a short and effective explanation whereas the video used more advanced terms and statistical vernacular I am unfamiliar with.",topic_3,0.2719468972884339
196,I would prefer the presentation. This is because the information is delivered in a more concise and clear method. I was able to understand what the author was saying and how he was saying it.,topic_3,9.982486887455896e-309
197,"I'd prefer the presentation as it still covers the study's design about as well as the extended abstract but includes the some of the results. For these same reasons, I think the presentation is better for determining whether the experiment was well designed.",topic_3,0.08147048999980543
198,I think that the presentation was a better option and it wasn't too long and got through all of the important points.  I think the presentation would be better for determining whether the experiment was well designed.,topic_3,5.29940107547124e-309
199,"For a quick grasp, I would want the more interesting and simple to follow presentation. Still, the extended abstract is superior for examining the design and rigor of the study since it includes specifics on the techniques, variables, and statistical reasoning required for validity evaluation.",topic_3,5.43264352392894e-309
200,"I would prefer the presentation to get an engaging overview and see visual examples that make the study easier to understand. However, the extended abstract would be better for determining whether the experiment was well designed.",topic_3,6.31030981798947e-309
201,The extended abstract would be better for determining if the experiment was well designed.,topic_3,1.0296305323769514e-308
202,I personally prefer the presentation as its easier to understand the research questions and intent of the study and explains more in depth what we were participating in. it also helped understand more about the different types of charts and graphs that we were observing and what the charts and graphs portrayed differently in a visual sense.,topic_3,6.610424234324074e-309
203,"I would prefer the presentation to quickly understand the concept, since it uses visuals and real examples that make the topic easier to grasp. However, the extended abstract would be better for determining whether the experiment was well designed, because it includes more detail about the methods, sample size, and data analysis.",topic_3,6.290416278584104e-309
204,I’d choose the presentation because it was easier to follow. But the abstract is better for checking if the study was done well.,topic_3,1.6075517595904877e-308
205,I would choose the presentation because it was easy to understand.,topic_3,0.05999508404941668
206,"If I had to hear about this study only using the abstract or the presentation, I would probably pick the extended abstract because to me it just made more sense and was layed out a lot better in my eyes and for the way that I learn. Now, for most, I would say that the presentation was layed out decently as well, and lots of people would prefer looking at the study this way.",topic_3,0.06575070830418207
207,I would prefer the abstract because it better explained the importance of the study and why it matters. I think the presentation might be better at determining how well-designed the experiment was.,topic_3,0.14389128950632718
208,The presentation went more in-depth with the topic and also explained some ideas that were not covered in the abstract. The imagery that was able to be discussed in the presentation was helpful to me since I'm a visual learner as well.,topic_3,0.10099883456787646
209,"I typically learn best through reading and find the abstract more informative so that is my preference. However, I believe most people would find the presentation more comprehensive with the visual aspect. Because the presentation specifically discusses the step by step process, I believe it is better in that regard.",topic_3,1.0
210,I would prefer the presentation because it gives an easier explanation as well as more of a visual answer. This helps to clear up confusion. The abstract might be a better indicator of whether the experiment was designed well or not.,topic_3,1.175549401097401e-308
211,The abstract since it was more laid out and explained and broken down. Having it in writing makes an experiment make more sense since you really have to think about what’s being written.,topic_3,1.0763593101708204e-308
212,I would prefer the extended abstract. This is because I think the abstract delivers the most important information. The presentation would be better for determining whether the experiment was well designed because it provides more background information on the study and the results.,topic_3,5.93175904831811e-309
213,I think I would prefer only the presentation. I think the information would be presented better through talking.,topic_3,9.2770332142321e-309
214,The extended abstract because I prefer a scientific presentation of information. I also like that reading can get you a little more info than a presentation.,topic_3,0.09845570500166365
215,"-Personally I am more able to understand material/information by reading it as I can connect the dots better that way. In addition, the presentation only helped with the small 'niche' elements but not the overall bigger picture of this study that continues to change expect for the abstract/purpose of the study itself.",topic_3,0.2077841003335346
216,The presentation format stands as my preferred choice for learning about this study because it delivers an interactive presentation of  study findings in detail. The extended abstract stands as the better choice for evaluating the experiment's design because  it presents methodology and objectives in a clear and concise manner which supports critical evaluation of the study's structure.,topic_3,5.259949559328466e-309
217,"I would prefer to hear about this study from the presentation. It provided more information on the results and application, which were the most applicable parts of the study. From a researcher's point of view, the abstract would be better for gauging the quality of the experiment, because it explained more of the methods and how the experiment was designed.",topic_3,1.0740867303602655e-308
218,presentation. This explains things much clearly. I still think the presentation helps explain better in its own ways.,topic_3,0.06189628514847886
219,I think the presentation because it’s easier to follow,topic_3,0.05520627785187413
220,I would prefer the abstract. I enjoy reading things and believe that I understand things better that way. I think that the abstract gives a better indication on the quality of research design.,topic_3,1.038861891303774e-308
221,"I'd prefer the presentation since there were diagrams and pictures to help the viewers better understand the conceptual ideas that the presenters' were trying to get across. The extended abstract seemed inconvenient.  Between the presentation and extended-abstract, I think that the presentation is better for determining whether or not the experiment was well designed.",topic_3,6.62140891138327e-309
222,"I would have preferred to hear about this study via the presentation becuse I think that it explains things that were also addressed in the previous Abstract, in a much simpler way whereas there were times when reading the Abstract that I felt there was terminology that was confusing/would be confusing to someone who has never taken a Stats course.  I think though in terms of determining whether the experiment was well designed or not that someone should take into account the Abstract as it explains in much greater detail things that can't be explained in a short presentation.",topic_3,1.0393819714537243e-308
223,"I feel that the presentation was more beneficial, and easier to understand. The video was able to explain the experiment in a more reasonable and understanding fashion. It also helped explain the experiment, more in depth in comparison to the abstract that we had read through, originally.",topic_3,0.03595436446778
224,"I would prefer the presentation, as it gave me the most information as well as providing plenty of visuals to show me what they were saying. I feel like if I knew nothing about this study previously, the presentation would help me understand it the best.",topic_3,6.857132144573013e-309
225,"I think both platforms provide useful information in understanding the experiment. However, I think the extended abstract did a better job of emphasizing the role of 3-D vs. 2-D in depth perception and identifying the differing heights among block figures.",topic_3,0.07008419500528476
226,"I like the presentation because it provides a more interesting and extensive explanation, complete with pictures and context to assist comprehend the study's approach and conclusions. However, the extended abstract is preferable for judging whether the experiment was properly planned because it presents the methods, aims, and main findings in an organized fashion. Each style has a particular function, although the abstract is more suited for assessing scientific rigor.",topic_3,0.059268482887237316
227,"I would prefer only the presentation. I also think that the presentation would be better for determining whether or not the experiment was well-designed. This is because the presentation made more sense to me, and I felt like it was hard to follow along in the abstract.",topic_3,1.043978172157644e-308
228,"I would prefer the presentation because I am a very visual learner. Although, i do believe reading through the abstract is the best way to determine if the experiment was designed well.",topic_3,1.2861296427931744e-308
229,"I would prefer the presentation because I am a visual learner. I do better when I can see what's in front of me and not just read it. However, I think the abstract may be better at determining whether the experiment was well designed.",topic_3,1.3975580990308935e-308
230,I would prefer to hear about the study using the extended abstract. It would be better to determine if it was well designed because it goes into greater depth about the set up for the experiment.,topic_3,0.04012724580186153
231,"I would prefer the presentation for a general overview because it’s more engaging and easier to follow, especially with visuals. However, the extended abstract is better for evaluating the experimental design because it includes detailed methods and rationale that support critical analysis.",topic_3,6.20272010563331e-309
232,"I would prefer the presentation because it clearly outlined the structure, purpose, and logic behind the study in an accessible way. However, the extended abstract would be better for determining whether the experiment was well designed, since it focused more on research methods, variables, and the implications of the findings in a concise, academic format.",topic_3,0.08461968176388775
233,"I would prefer the presentation because it gave a clearer picture of the results, methods, and real-world implications, making it more engaging and easier to understand. However, the extended abstract would be better for evaluating whether the experiment was well designed since it explains the structure, variables, and rationale in more detail. The abstract lays out the foundation, while the presentation builds on it with outcomes and insights.",topic_3,6.29222824705841e-309
234,If I had to hear about this study I would prefer to see the presentation. I find that the presentation is very clear and states the reasoning of the study and how it was conducted.,topic_3,0.13999608290239757
235,"If I had to pick just one, I’d rather learn about the study through the presentation because it’s more interactive and visually clear, which helps me stay focused and grasp the main ideas. But when it comes to figuring out whether the study was actually well-designed, I think the extended abstract would be more useful. It lays out the research question, the methods used, and the reasoning behind the approach in a more detailed way. Presentations tend to summarize a lot, so they might leave out important details needed to judge the quality of the experiment.",topic_3,0.08314003337619619
236,"I would prefer the presentation over the extended abstract. To me, it made the experiment feel less confusing to understand in regards to the purpose of us doing the experiment. However, because the abstract is so detailed I feel like that one would be better for determining if the experiment is well designed.",topic_3,0.039433820234804996
237,I would ask to see the presentation it made a lot more sense and I could physically see what was asked and why. The abract would be better for determing whether the experiment was well designed though.,topic_3,0.025790365503920016
238,"If I heard about this study using only the abstract or presentation, I would prefer the presentation since it had a more detailed described design of the experiment. There is something about a person speaking and explaining the information that makes the explanation of the experiment seem more well designed.",topic_3,1.186183007604069e-308
239,"I would prefer the extended abstract over the presentation. To determine if the experiment was designed well I'd also say the extended abstract since it explains the experimental design and goes into detail about methods, variables, and how the study was built off of a prior research study.",topic_3,5.867123978960914e-309
240,"I would prefer the extended abstract because it gives a good overview of the most vital information in the whole experimental process. The presentation is better for determining whether the experiment was well designed, since it explains the question at hand and every component of data collection.",topic_3,5.84424692694965e-309
241,I'd rather hear about the study through the presentation because it's easier to understand and more engaging. But the extended abstract would be better for judging if the experiment was well designed. since it gives more details about the methods and results,topic_3,6.00093004989837e-309
242,"I would prefer the presentation, because I understand the experiment more by viewing the visuals, while also getting it explained to me. I can also rewatch it as many times as needed to understand the experiment, and it provides much more details on the experiment that we do not get by just reading the extended abstract. Personally, I think the abstract gives more specific details on the design and specifically its set up, just because it is a little more simplified, but still detailed for the set up aspect, and gives the reader exactly the information they need to know in order to determine if the experiment was well design.",topic_3,0.08252522934936615
243,"I feel like the presentation provided a more clear and concise summary of the study. However, I may be biased in this opinion because I am more of a visual learner and hearing as well as seeing information is best for me.",topic_3,0.10165325513818894
244,I would much prefer the presentation simply because I am a visual and audio learn. Others might feel differently of course. The presentation has more visuals and when more complex details are explained it is so much easier to understand.,topic_3,8.87774094285879e-309
245,"I found the presentation to be more informative. I have a harder time understanding the detailed text of this nature, so the visual presentation and the highlights introduced by the presenter helped me understand the material better.",topic_3,0.0895129466520251
246,I would say one big factor would be how useful it is in determining the importance of the results. The results are all measured in a way that can fully support the hypothesis.,topic_3,0.03035203514518756
247,I would prefer the presentation because it is easier to follow along with and provides a good understanding of the study. However the abstract is nice when trying to get the fuller picture of the study as well.,topic_3,1.600570112063296e-308
248,"I would prefer the presentation. I thought it was much better for explaining the purpose of the study, as well as the methods and results.",topic_3,6.862101594717507e-309
249,I would prefer the presentation because I feel the information was laid out more detailed and better explained when compared to the extended abstract. The abstract can be hard to understand when not super familiar with the study. The presentation allowed the information to be more clear to those who are not experts and less confusing. I think the presentation would then also help more in determining whether the experiment was well designed or not.,topic_3,0.07843903611981319
250,I would choose the presentation. It gave more visual aid to the study and understanding the different graph types.,topic_3,0.04319398458471131
251,I would prefer the presentation because it is easier for me to understand. The extended abstract would be better for looking at the design of the experiment.,topic_3,6.734875873293175e-309
252,"I think I would rather hear the presentation because it is easy to follow and understand. The presentation is laid out very well, and it is in a good order. Sometimes reading long articles can be hard to follow and understand.",topic_3,0.04359842515542266
253,I would prefer the prestentation because i am a visual all learner and would rather watch a video than read an article. I retain it a little better and i can always go back and rewatch if im confused.,topic_3,0.03242108327421882
254,The presentation. This is because the abstract feels much less personable and easier to follow. The abstract is probably better with determining whether the experiment was well designed,topic_3,1.5500535867803876e-308
255,"Personally i would choose the abstract just because i enjoy reading more than watching a presentaion, but as far as the infromation goes the abstract gives a brief, but well informed summary of the study.",topic_3,1.0611924410572747e-308
256,"I would prefer the presentation over the extended abstract. I think the presentation was all around more informative, easier to understand, and would be better for determining whether the experiment was well designed. Having a lot of backup information to support the experiment kept my interest and spiked my overall support for the conduction of the experiment.",topic_3,0.09562600717837873
257,"I prefer the presentation because it is able to cover mor specifics and limitations to the study. However, I believe the extended abstract went more into detail about the specific experiment performed and would be better to determine how well it was designed.",topic_3,0.05444020556811513
258,"I think I would have preferred hearing the presentation because I found it a lot more engaging than the abstract. I think the presentation language was also a lot more digestible and used general public-friendly language the abstract was more technical. I think the abstract is still more helpful for determining how well-designed the experiment was though, since it answered questions I had after the presentation.",topic_3,1.4541388731971836e-308
259,I would prefer the full conference presentation over just the extended abstract. The presentation would provide much more detail that would help me better evaluate the experimental design.,topic_3,7.320723124279343e-309
260,I would prefer the presentation since I see how different the data would be when comparing bars that are in a 3-D graph and a 2-D graph. The extended abstract however provided clearer details and information about the study. This would be better when determining how well the experiment was designed. I say this because we are able to look closer at how each of the graphs was manipulated.,topic_3,0.05956708242952152
261,I prefered the presentation as it provided more visuals for me to understand and broke down each part of the experiment in more detail. I believe the delivery of the presentation was more geared towards those who have little understanding in statistics and I was able to observe how the experiment was designed and why. I appreciated having someone explain what each graph is and the purpose of this study and the Cleveland and McGill study.,topic_3,0.04833555855538375
262,I guess I would perceive that this study would have more relevance to the presentation as it makes me believe that this experiment is much more applicable in helping researchers learn how to teach better classes than helping the visually impaired.,topic_3,0.028795933575329093
263,"I would prefer the presentation. I think that maybe the abstract would be better for determining whether the design of the experiment was better because of the fact that it strictly lays out the experiment and some of what math was involved, whereas even though the presentation did that, it went more in depth about the results as well instead of just the design.",topic_3,1.459483286765324e-308
264,"I would prefer the presentation as it's more in-depth and provides a visual rather than the extended abstract. I also think the presentation would be better for determining whether the experiment was well designed for the same reason, it provides a visual for a visual study.",topic_3,0.06588848751009266
265,The think I would prefer the presentation. I thought that the presentation explained things very well and kept me interested in what was happening in the experiment. I think that the presentation would also be better for determining if the experiment was well designed.,topic_3,5.41230964171947e-309
266,"Personally, I would've preferred the presentation as it gave a simple explanation about the experiment and what the goal of the experiment was. It gave details to what the research question was about and how the experiment was set up to find out answers to the research question.",topic_3,5.60378801207634e-309
267,"I would want to hear about this study with only the presentation. That way, I don't feel as left in the dark about what I'm about to do and why I'm doing it. Overall, because the presentation goes more in depth, I think it would be better for determining if the experiment was designed well.",topic_3,6.65069186325685e-309
268,I would prefer the presentation because it used more visuals and I like videos better than reading. But I think the the extended abstract contained more information about the design.,topic_3,1.0
269,I would much rather prefer the presentation again because of the visuals and the ability to have someone else explain it. When determining whether the experiment was well designed or not you would certainly have to look at the abstract and all its information.,topic_3,0.02141425921728426
270,I would prefer the presentation better because it was someone talking and telling me the information. The presentation was also put together in a way that was easy to understand. The extended abstract would be better for how well the experiment was designed because it tells how the original study was put together.,topic_3,0.05917650099573583
271,I would choose to only hear about this study through the presentation. It provides much better detail about how the experiment was performed and where the idea for the experiment came from. It also included many more visuals that were very useful in understanding the study procedure.,topic_3,0.0530452544260966
272,"I personally would prefer the presentation. Compared to the abstract reading an abundance of information, it is more difficult to grasp the material.",topic_3,0.7998432008497515
273,"I personally would prefer the extended abstract because it provides exactly what the experiment is trying to study, with extra information on how it connects to the Cleveland and McGill experiment, and how the limitations are being met. I think the extended abstract is better for determining whether the experiment is well-designed. While the presentation provides an overview of 3D background and scale, I believe that the extended abstract provides more in-depth and beneficial information for the participant to accurately navigate around the limitations that the study may have between 2D and 3D graphs.",topic_3,0.06287576591162902
274,I would prefer hearing about it through the presentation. This made a lot more sense to me than reading the abstract and it also included the results. The abstract would be better for determining if the experiment was well designed because it goes into depth.,topic_3,9.76354616294436e-309
275,"I would say the presentation would be better to hear about, but if you were determining whether the experiment was well designed, I would rather hear the extended abstract.",topic_3,0.11181998422948672
276,"I would prefer hearing about the study using the abstract. I believe it provides more detail on the setup of the experiment, which is better for determining if it was well designed.",topic_3,0.1070034737855258
277,I would rather hear the presentation because it gave more information with more visuals. It allowed for time to talk about the results as well as the future progressions of the study.,topic_3,6.666879396711044e-309
278,"An extended abstract typically provides a more comprehensive written overview of the study, including details on the research question, methodology, data collection, analysis, and results. It often includes references and citations to related literature, which can help in assessing the study's context and the soundness of the research design. This format allows for a more in-depth and critical examination of the study's methodology and the quality of the data and analysis.

Presentations, on the other hand, are often limited by time constraints and may focus more on summarizing key findings and implications, potentially leaving out some of the finer details of the research design. They are valuable for providing a quick overview and for engaging an audience, but they may not offer the same level of depth and scrutiny as an extended abstract.

So, if the goal is to determine whether an experiment was well designed, the extended abstract is usually the better choice for a more comprehensive and detailed assessment of the research methodology and its rigor. However, combining both the presentation and the extended abstract can provide a more complete understanding of the study.",topic_3,5.211581144321075e-309
279,"I liked the presentation, due to the fact that it was explained through live presentation. I think this allows me to follow along much easier.",topic_3,0.08584558774265078
280,I would like to have heard about this from the presentation over the extended abstract. However I think that the extended abstract was more informational and provided us with more background information.,topic_3,0.17739033905668483
281,I would prefer a presentation. I am more of a visual person and not interactive. I feel like the presentation would give a better insight on how the experiment was deigned.,topic_3,0.0322073664369304
282,"If I had to hear about this study I would prefer the presentation because the visual components of results helped me to better understand. However, I feel that the extended abstract provides better information for determining if the experiment was well designed because it better explains the study being replicated.",topic_3,0.06150769028132634
283,"Presentation, because it would provide more information than the abstract. 

Presentation",topic_3,0.09262583032443529
284,"I would definitely prefer the presentation because of how the information is broken down into slides. However, an extended abstract has a lot more to be picked through to determine if the experiment is designed well.",topic_3,6.89698599983948e-309
285,"If I had to hear about this study using only one source, I would prefer the video presentation. This may be because I am a visual and auditory learner, but I also had a hard time understanding what the researchers wanted us to get out of the abstract because it was so complex. With the presentation, I was able to understand step by step how the study was conducted.",topic_3,0.12658270092995944
286,"If I had to choose to hear about this study based on the extended abstract it only the presentation, I think I would prefer the extended abstract. I felt that the presentation almost made the study a little more confusing, and I like that the extended abstract is something that I was able to read on my won time at my own pace. I also feel that the abstract represents that the experiment was better designed compared tot he presentation, the abstract divides up the experiments and and explains the different sections in a more easy to understand fashion.",topic_3,0.05758122835480988
287,"If I had to choose between hearing about the study using only the extended abstract or only the presentation to determine whether the experiment was well designed, I would prefer the extended abstract.

The extended abstract is typically a more detailed and structured written document that provides a comprehensive summary of the research methodology, key findings, and conclusions. It is designed to convey the essential aspects of the study in a concise manner, making it easier to scrutinize the study's design and key components.

While presentations can be engaging and informative, they often focus on summarizing key findings and may not provide as much detail on the study's design and methodology. In a presentation, the emphasis is often on delivering a clear message to a live audience, which may not delve deeply into the study's design nuance",topic_3,5.348875475288503e-309
288,I would prefer the presentation only. Although I think that the extended abstract would be better for determining whether the experiment was well designed.,topic_3,7.57122964281502e-309
289,"Again I like the presentation better mostly because it adds a more personal touch! The abstract is probably really the best was to understand the design of the experiment. However I struggle reading that kind of material. So for a participant, the video presentation was the best.",topic_3,0.15834313047942158
290,"Personally, I would prefer the presention to hear about the study. I thought they explained the experiment, and the process better. I thought that overall thee presentation covered all topics in a very well manner, and explained just the right amount of information. The extended abstract was well written, however I do just learn better from verbal explanation. I think the extended absstract would be better for determing wheather the experiment is well designed or not due to it having all the information on one document, and being able to be read quickly and provide images next to the descriptions. You can also see each aspect of the experiment on one document as well which helps deterrmine the experiments overall design!",topic_3,0.08982842021625685
291,I prefer hearing about this study using only the extended abstract. I think it provides a better summary.,topic_3,0.10380704456954479
292,I would prefer the presentation over the extended abstract. I think the abstract would give good background on the experiment but I think the presentation gives a better view on the experiment design.,topic_3,7.410920864578367e-309
293,"I would prefer the presentation, but the abstract would be more beneficial to see if the experiment was well designed.",topic_3,1.1434829240391116e-308
294,"If I had to choose, I would definitely choose the presentation for a more direct and clearer overview of the study. But the extended abstract would be better for determining whether the experiment was well-designed or not.",topic_3,0.07620211052506032
295,"I would prefer the presentation. Either way, the questions posed seem more vague than not. I am inclined to learn and I feel like I am unable to comprehend some of the information while the majority is within the presentation and not as much in the extended abstract. To consolidate, the presentation.",topic_3,0.44614059697572045
296,I would go for the presentation because it's engaging and easier to follow. The extended abstract is better for evaluating the experiment's design because of the detailed summary of the methodology and results.,topic_3,6.216643915399555e-309
297,I would prefer the abstract. The reason why I would prefer the extended abstract is that it went far into detail with the methodology and it brought up it's study designs and the implications that the study will for future research and pointed out how it'll adjust next time with the 3D charts are the largely negative view of them were misguided.,topic_3,5.546514526745254e-309
298,"I personally would prefer the presentation because it offers a more condensed and direct method of providing the information, but the abstract would offer a better explanation for the experiment. The abstract could go into more details and specifics of how the experiment was designed that the presentation could not.",topic_3,1.4545266022910927e-308
299,The presentation. The presentation.,topic_3,0.06715212327214852
300,"I would prefer the presentation. It is more detailed, and it explains the process a lot better.",topic_3,0.06701866004043532
301,Watching the presentation would have been better since it has a lot of the information you needed to understand the experiment. It also touch on the major subject being experimented as well as explaining it and breaking it down. I think the presentation did the job of explaining the experiment and how well it was design and how so I would've prefer the presentation over the abstract.,topic_3,1.351436221518726e-308
302,"I think that I would prefer the presentation, as not only does it highlight the experiment in steps that are easy to folloe, but it also does a good job in providing a conclusion to the experiment, as the abstract reflection did not. While listening to the presentation I was able to get a lot more out of it, and the explanations really helped my understanding even more.",topic_3,0.10625658268921499
303,The presentation because it explains it more clearly. The presentation would be better for determining if the experiment was well designed.,topic_3,0.010238307927867799
304,"The presentation was much easier to understand for me because the language was explained as we went along, I also think I am a visual and audio learner so having a narrator helped. I think if you know a lot about statistics higher level the abstract could be better, but they also didn't touch on every single variable so in that sense the presentation was better.",topic_3,0.10300851205653731
305,I believe the extended abstract is the part of the experiment I would prefer. This shows how well a experiment was designed because we are given the information how the study methods were applied to the experiment.,topic_3,6.31214404431024e-309
306,"I would prefer the presentation, as it was helpful to have a visual and audio aide to the experiments explanations. It would be more helpful as an abstract, because that explains all the data in a scientific manner.",topic_3,1.0945195042948116e-308
307,I would actually probably prefer the extended abstract because I do better reading about information. I was better able to understand the purpose of the study and what the researchers were trying to accomplish. The presentation however may have done a better job at determining whether the experiment was well designed.,topic_3,0.08362985027044118
308,I think that abstract would be better for the overall experiment. The abstract was more engaging and a hands on study. This allows the participants to engage in the experiment more and learn more from the study.,topic_3,9.83693055703125e-309
309,"I prefer the spoken presentation. This is because of the visuals. Additionally, academic writing is dry so hearing someone speak the same information is always better to me. Additionally, seeing the screens from the experiment and walking through the steps was much more useful than reading those same steps in the abstract. If I were to critique the presentation I would say the speaker needed more inflection in their tones and could have spoken a bit quicker.",topic_3,1.444424937951332e-308
310,I would rather learn about it from only the presentation as opposed to only the extended abstract article. I think the presentation is both better to learn about the experiment and to know if it is well designed because it is easier to understand the nuances of this experiment when someone is explaining it to you rather than just reading it from a piece of paper.,topic_3,0.07488294914744899
311,I would prefer the presentation. I think that it is more informative and explained the design a lot better. I also better understood the execution of the experiment and why it was done the way it was done.,topic_3,0.02728720639550146
312,"Preferring the extended abstract or the presentation depends on personal learning style. However, the extended abstract is generally better for determining whether the experiment was well designed, as it likely contains more detailed information about the methodology, controls, and statistical analysis compared to a presentation, which might focus more on summarizing results and broader implications.",topic_3,0.07022524072350343
313,"The extended abstract presents important components of the study, including the research question, objectives,  methodology, findings, and implications. It provides a more thorough and organized summary of the work.",topic_3,5.27662849619594e-309
314,"I would prefer the presentation. The presentation had more visual aids involved the hearing the instructions once more, I preferred it over the abstract since it was a bit more difficult to visualize. I believe the presentation was able to go more in-depth too in a clearer manner compared to the abstract.",topic_3,1.0
315,I would prefer the presentation. It is easier to follow and understand. I think the abstract is better for determining whether it was well designed.,topic_3,1.0
316,I would have preferred the presentation due to the consumpablilty of the material. As it is much more easily understood with visual aids to improve my understanding.,topic_3,0.06842831071244314
317,I would prefer the presentation way more. The abstract would possibly be better for determining whether the experiment was well designed.,topic_3,1.1358455039008954e-308
318,I would prefer the presentation because I feel like it went more into depth particularly in the results section of the experiment. I am more of a visual learner and the presentation provided more visuals for the results and data from the experiment. I would prefer the abstract to determine which was better designed because it went into more detail how the experiment was set up and what it was looking for.,topic_3,1.649412259786205e-308
319,I would prefer the presentation. It was easier to follow and is more fun to watch then to read the paper. I also think the video should be used for the only portion every time rather then the paper.,topic_3,9.08428431971966e-309
320,"i think reading the abstract is easier to do and takes less time, but for the sake of information i think the presentation is better. this is because it included a lot more data and visuals and went more in depth with the information.",topic_3,1.0
321,"I would want to hear about it through only the presentation. It gives various visuals as well as explains the information verbally, which is easier to digest. However, the description of the experiment design is a little more detailed.",topic_3,0.05172059379936716
322,"I would've preferred the presentation, as I felt that way you got a much better understanding of what went into it and showed the effort put in making it appear more well designed to me.",topic_3,0.079730380092318
323,"If I had to choose between hearing about this study using only the extended abstract or only the presentation, I would prefer the extended abstract. The extended abstract typically provides more detailed information about the study's methodology, variables, findings. For determining whether the experiment was well-designed, the extended abstract would be better.",topic_3,5.442284193748245e-309
324,"I would prefer to hear about the study through the presentation. Although the abstract is best for examining the data and details of the experiement design, the presentation provides a more realistic view on the experiment.",topic_3,1.029351043034179e-308
325,"Like in the last question, I think that only the presentation would be helpful just because it tells us exactly what we need to know also with visuals to help us understand by seeing and also listening at the same time. I think with the extended abstract there could be too much information that could be misleading in ways or too overwhelming for the researcher and reader.",topic_3,0.09210660945990583
326,"If I had to choose between the extended abstract and the presentation alone, I would prefer the extended abstract for a comprehensive understanding of the study's design, methodology, and results. The extended abstract would be better for determining whether the experiment was well-designed because it provides a detailed written account of the study's framework, including variables, methods, and statistical analyses, allowing for a thorough evaluation of its scientific rigor.",topic_3,5.29333479646842e-309
327,"I would like to hear about it from the presentation because it gives more specific details about the experiment. The abstract is just much broader, so it doesn't give as good of an idea to the reader as the presentation does.",topic_3,1.1340538136503615e-308
328,"I think both were important in getting a good grasp on the study. However, if I had to hear about the study, I would want to use the presentation. I found it easier to follow. For determining whether the experiment was well designed I would definitely choose the abstract. The components of a well-done study were explored more in depth and with more conciseness.",topic_3,1.597682562755824e-308
329,"I would say the presentation, it provided visuals that I very much could understood by the average reader, not only that but by it being split up into parts made it very easy to follow and understand as well. While the abstract felt like information just thrown at me, making it very hard to get through and understand by the average reader.",topic_3,1.0
330,"while the extended abstract is suitable for obtaining a quick overview of the study, the presentation offers a more comprehensive understanding and is better suited for assessing the design quality of the experiment. If the primary goal is to evaluate the experiment's design, attending the presentation would be the preferred option, as it provides a richer and more detailed analysis of the study's methodology and findings.",topic_3,0.024074577979966292
331,"I would prefer to hear about it through the presentation. Presentations offer direct interaction, visual aids, and verbal explanations, which can help convey complex concepts more effectively and engage the participants (us) in a dynamic way. This allows for a deeper understanding of the research and its implications compared to reading an abstract alone. The extended abstract would be more suitable for determining whether the experiment was well-designed. The abstract summarizes the study's objectives, results, and conclusions. The extended abstract formally documents the study's design and is more thorough for methodological rigor.",topic_3,5.714129412996803e-309
332,"If compelled to select, I would opt for the extended abstract, given its propensity to furnish a more exhaustive and intricate portrayal of the research endeavor. For evaluating the study's design efficacy, the extended abstract would prove superior, given its capacity to delve into the nuances of methodology, data analysis, and findings, surpassing the presentation's inclination towards succinct summarization and audience engagement.",topic_3,5.353277977420873e-309
333,"I would rather the abstract as the presentation was hard to sit through because of the cadence of the speaker’s speech; far to slow and the rhythm was hard to listen to, pausing is random spots.",topic_3,0.5740885360389034
334,"I would prefer hearing about this study through the presentation. I like how much detail it provides, and I also like the visual aids included. For determining whether the experiment was well designed, I think the abstract is better.",topic_3,9.78720207987093e-309
335,"I would prefer the abstract. It better explained what the goal of the experiment was and why it was being done. The abstract helped me understand the experiment better, but that also could have been because I read that before the presentation. I prefer the abstract.",topic_3,0.10650566520925638
336,"I would prefer the abstract, as the key points were laid out plainly and I could work through them myself. I think that overall, the presentation was better at determining whether the experiment was well designed because it went over the specifics of our experiment, and not just the overview of the original experiment and how it compared to the recreation. The presentation better explained the why in my opinion.",topic_3,1.6031676017857606e-308
337,I liked the presentation better because we got to see the results and what they could mean and it did a good job of showing how it was designed.,topic_3,0.05454581014721646
338,"The extended abstract would be the one I preferred to hear about the study because I have all the information, I need to complete the study and they why behind the study. I think the presentation would be better for determining if the experiment was well designed because it gives us the results and can show how much variation there is between peoples answers.",topic_3,6.00006459103887e-309
339,I would prefer the presentation. I think the presentation would've been better because it explained the main points and also gave a visual representation compared to the abstract.,topic_3,1.0
340,the presentation is what i would prefer. i liked the combination of being able to listen and see the visuals instead of just reading it.,topic_3,9.15053098067298e-309
341,I would prefer the presentation. It goes into more depth and makes the study easier to understand.,topic_3,0.04090545939657273
342,The presentation. This is because it explains the study more in depth.,topic_3,0.03573183181920147
343,"Presentation. I feel like the presentation made so much more sense than the abstract. Not that the abstract didn't make sense, but the presentation was so easy to follow.",topic_3,0.050742555669565176
344,I would prefer the presentation since it was made for the general public to understand. The abstract is more thorough and probably better for understanding the design.,topic_3,1.0
345,The presentation is what I would prefer since I find it more engaging. The extended abstract would probably be better in determining whether the experiment was well designed.,topic_3,6.74713793898637e-309
346,"Personally, I would prefer the extended abstract. It summarizes everything very well and does not have a lot of hard to understand information. To determine whether the experiment was well designed though, the presentation would be much better since it has specific details and extensive background information on everything.",topic_3,6.260707602288103e-309
347,The presentation because I learned more than in the abstract. I think both indicate the design of the experiment.,topic_3,0.04568407937451484
348,"I would prefer the abstract to determine whether the experiment was well-designed. While the presentation conveyed the information more simply, the abstract contained greater detail about experimental design.",topic_3,0.16130844342344472
349,I like the presentation better. I think someone telling you the design of the experiment and explaining it in more detail allowed me to see how well it was designed.,topic_3,5.560577380798634e-309
350,"I would go with the presentation, it brings all of the information together and makes it easy to understand.",topic_3,0.05784455967448187
351,I would prefer the abstract. I think the abstract also would show the experiment was well designed since its laid all out right there and it was categorized making it easy to read.,topic_3,1.047279984672639e-308
352,I would rather use the presentation. the abstract might be better at determining if the experiment was designed well.,topic_3,0.14198138883744948
353,I would prefer to hear about the study using the presentation because it is in depth enough that students would understand the experiment and its purpose. I think the extended abstract would be better to determine if the experiment was well designed because it can go more in depth and might not have a time limit which could leave out some information like in the presentation.,topic_3,5.99788123468766e-309
354,"I would prefer the presentation over the abstract. The presentation was better for determining whether the experiment was well designed because it laid out all of the information, equations, and reasoning behind the experiment well.",topic_3,0.1419666372006176
355,This presentation. It can give me more information about this research.,topic_3,0.1536436201602205
356,I would prefer the presentation. This way I incorporate reading the information as well as being able to watch what the presenter wants to convey.,topic_3,9.265639567247285e-309
357,"The presentation made me feel more interested in the study and invested in it's goals, however the abstract is likely a better show of the study as it should be presented to participants and various other viewers in order to prevent introducing bias caused by too much inside information regarding how the efficacy of 3D graphics has been assessed in the past.",topic_3,0.19439139762069166
358,"I definitely like the extended abstract better, even though I thought it was not perfect. The most important thing this experience makes samples really put themselves in the program. It also give stronger abilities to collect data.",topic_3,0.05599998665675035
359,"Definitely the presentation. I watched the video, and I understood it way better because the researcher was a peer and easier to understand. And if I had watched the presentation in person, I could ask questions.",topic_3,8.12099219449123e-309
360,"I would rather hear about this study via the presentation. Hearing something told to me sticks in my brain better than reading something from a research paper. However, I do think that the abstract does a better job at explaining the experiment design.",topic_3,1.2957486911082663e-308
361,"I would prefer the presentation, because I liked hearing the results more.  For determining if the experiment was well designed, I believe it would be better to read the paper since it went into more detail over the experimental design.",topic_3,0.028591608205563026
362,I would have rather only see the presentation. This is because the presentation is easier to follow through and watch rather than reading an abstract which looks at the experiment through a very scientific paper lens. People are more likely to watch a 12-minute video and take away key information then an abstract paper due to word choice and now people prefer learning through videos.,topic_3,0.03576280851150625
363,"The abstract shows a better design, but the actual participation/presentation of the study is more fun to partake in. Overall, this was an interesting study and I am glad I got to help with the data collection.",topic_3,9.852445303761895e-309
364,I think that I would prefer the presentation since the information was more condensed and gave it to me in an understanding way. If I truly wanted to determine how the good the experiment was designed I would look more into the details of the abstract.,topic_3,1.3685053929131464e-308
365,I would like to hear it from the presentation video. Not only seeing the graphics but having them explained was nice. I think he did a great job conducting the video and making it clear for the audience to understand.,topic_3,0.08563864367531211
366,I would have preferred the abstract side of the study. Abstract seems to be the best option.,topic_3,0.13178519690754717
367,I would prefer the presentation. It was very informative and helped me learn more about the project than I did before. The extended abstract may be better for determining whether the experiment was well designed.,topic_3,6.572118141573356e-309
368,I would prefer the 3D one.,topic_3,0.06144070648637283
369,The extended abstract is more clear so it is more preferred. The extended abstract was better for understanding the quality of the design. It added more context as to why certain details were added.,topic_3,0.044246699874139574
370,I don't know what the extended abstract is.,topic_3,0.09085488566246111
371,"I would prefer the extended abstract. Not only was the goal of the study easy to identify, the study design and process was talked about in great detail.",topic_3,0.09499479370920189
372,The extended abstract would be better. The presentation does a good job of explaining but students would be better at determining after going through the process themselves via the extended abstract.,topic_3,0.09124660782240503
373,"I liked the presentation, it was easier to understand and I got a lot more information out of it. For determining whether the experiment was well designed I think both payed a part but maybe the abstract was better. It's hard to tell for me.",topic_3,1.4620715639181407e-308
374,I would have preferred the presentation since it showed visuals and it was talked about how the kits looked like which the abstract did not. I think whether the experiment was well designed an abstract would have been better for determining whether the experiment was well designed.,topic_3,1.4698710388966363e-308
375,Probably the extended abstract because it provides more for me. The presentation would be better for determining whether the experiment was well designed.,topic_3,6.6389014860444e-309
376,I think that the abstract is better because it excludes information that might change what you think and affect your results. By leaving out information this gives us better results overall and creates little bias in the study.,topic_3,1.0414708081105815e-308
377,"I would prefer to hear about this from the presentation. I have a difficult time reading abstracts of studies as I have a hard time reading through them. The information presented in them, to me at least, seems to jump back and forth and I get lost. The video allows me to grasp the information exactly as the presenter intended.",topic_3,0.16451879022853763
378,I would prefer the presentation as it was more clear and emphasized the important information with visual aids and explanations,topic_3,0.058643802282692586
379,only the presentation because it was designed a lot better and people could see it as a bar chart that was done right.,topic_3,0.055634382471861234
380,The presentation is much more detailed and gives a broader explanation of the intention and design of the experiment. The presentation would be much more informative for determining the quality of the experiment.,topic_3,0.036348614471888134
381,"I would prefer the presentation if I was to hear about the study, because it has more visual elements and is an easier to comprehend slide by slide. And for determining experimental design, I would also use the presentation because it goes more in dept about the experimental design in the presentation.",topic_3,0.02517127749934902
382,"I would prefer the presentation because it gives you all of the behind the scenes as well as in depth details about the experiment. I also think the presentation is better for determining whether the experiment was well deigned or not. It breaks down every component of the study, all while giving a reasoning for why everything was done the way it was. I think the more descriptive something is the better is would be to determine the greatness of the experiment design.",topic_3,4.873162212888245e-309
383,"I would prefer the presentation and it would be better for determining whether the experiment was well designed or not, it is well laid out and easy to follow along.",topic_3,0.03339472458695131
384,"I would prefer the presentation because it was well explained and the instruction was clear, also the design is well design.",topic_3,0.06569225990359802
385,I feel the presentation did a better job of giving a good overview of the project. It seemed to be a lot cleaner and a fluent description of the project.,topic_3,0.0807305795892378
386,"I would prefer the presentation. Reading the abstract makes it harder to understand the study design, and seeing the visuals of the information in the presentation really helped.",topic_3,1.6394173210054275e-308
387,I would prefer the presentation. I think that it was easier to understand than the abstract. It also helped to have animations on the slides and to have things broken down into simple parts. I think that the abstract would be better for determining if the experiment was well designed because the abstract was much more thorough than the presentation.,topic_3,1.5161018202594134e-308
388,I think I would prefer the abstract because I can read through it. I found the video pretty boring.,topic_3,0.40382211161060033
389,The presentation would be better. It explained the study much better than just the abstract.,topic_3,0.13725208124313443
390,I would prefer hearing it via the presentation. I believe it is much more accessible. But i think the abstract would be better for the design.,topic_3,0.7579647237716063
391,"I would prefer only the presentation because I can focus better with audio and with slides than by reading an abstract. Although, I feel that the abstract serves better to determine whether the experiment was well designed because it has more specific information about the experiment.",topic_3,1.345628972692681e-308
392,"I would prefer to hear about the study using both the extended abstract and the presentation. However, if I had to choose one, I would prefer the extended abstract for determining whether the experiment was well designed. The extended abstract provides a comprehensive overview of the study, including details about the research question, methodology, results, and conclusions. It allows for a thorough evaluation of the study's design. On the other hand, the presentation may provide additional insights through visual aids and verbal explanations, but it may not capture all the nuances of the study design as effectively as the extended abstract.",topic_3,5.28236853353546e-309
393,I would prefer the abstract. I found there studies to be much more interesting.,topic_3,0.11499855991953539
394,"Since I am a person who better understands videos and a person talks himself, I would prefer video presentation. It makes some things easier to understand than abstract. 

I would say video to determine whether the experiment was well designed because it was more detailed than the abstract.",topic_3,4.731290448299294e-309
395,"If I had to choose between hearing about the study using only the extended abstract or only the presentation, I would prefer the extended abstract. The abstract would provide a detailed and structured overview of the research question, methodology, results, and conclusions, allowing for a comprehensive understanding of the study's design and findings. While the presentation may offer visual engagement and dynamic communication, the abstract would likely be better suited for determining whether the experiment was well-designed due to its ability to convey detailed information in a written format.",topic_3,5.55174115781159e-309
396,Presentation would be my preference. I think this way is better in obtaining a comprehensive understanding of the study.,topic_3,7.209753857780274e-309
397,"I prefer only the presentation because I feel like I can learn better from it. Also, I can understanding well when presentation beause it explain stuff clear to understanding.",topic_3,8.972697391338854e-309
398,The presentation. It is easier to understand regarding the experiments design and purpose.,topic_3,0.029418393944600683
399,"Given the extended abstract and this presentation, I would definitely prefer the abstract. I'm not saying this to be mean but the engagement of the presentation was lacking and I lost interest almost immediately. That being said, I do think it provided a lot more in-depth details regarding the design of the study.",topic_3,0.07309735286604627
400,I would prefer the presentation because it gives you more information about the experiment and what it entails.,topic_3,0.03340169928184948
401,If I had heard about this study I would have prefer using the extended abstract. Even though the presentation had more details about the experiment I enjoy reading and the abstract had the information that I needed to understant the purpose of the experiemnt faster.,topic_3,0.07952363643221069
402,"While both the extended abstract and the presentation offer valuable insights, I would prefer the extended abstract for a comprehensive understanding of the study's design and findings. The abstract typically provides more detailed information about the research methodology, results, and implications, allowing for a thorough evaluation of the experiment's design",topic_3,5.214950413836294e-309
403,"While both the extended abstract and the presentation communicate research findings, the presentation may be preferred for the way it can engage the evidence, while the extended abstract may be better for a detailed examination of the study's design and methodology.",topic_3,5.256333332060913e-309
404,I would prefer the presentation because it offers much more information. I think the presentation is better for determining whether the experiment was well designed.,topic_3,0.026664626739826107
0,"Extended abstract, extended abstarct",topic_4,0.055319691776855286
1,I would prefer to hear about the study from the presentation. The abstract is the better reading material for determining if the experiment is well designed.,topic_4,6.89430286496244e-309
2,I would prefer the video just because abstracts can be so lung to read and also have confusing words but the video was much simpler. The abstract would probably be better for determining the experiment was well designed.,topic_4,0.10102396310776726
3,"I think I would have preferred the presentation because of the visual representation and explanation he gives. The abstract was well made but I enjoy listening to people talk about things and he did a better job of explaining to me what it was about compared to the abstract. I think the abstract would do a good job of actually showing if it was well designed though, since it basically explains everything from the beginning to the end.",topic_4,6.61754388880763e-309
4,I would prefer the presentation. It makes a lot more sense to hear it from the experts instead of just reading a procedure on a paper. The presentation makes it easier to see if the experiment was well designed because the researcher explains in depth why some assumptions were made or why a particular technique was used.,topic_4,0.07538709997828544
5,"I think that I liked hearing about this study through the presentation. I thought that it was more engaging. Yet, I think that the extended abstract was more informational in looking more like a study, so that one might be better for determining whether the experiment was well designed.",topic_4,0.06841223177319182
6,"I preferred the presentation. I felt like it easily laid out the different aspects of the experiment, in a simple way. I also felt that it was much easier to follow than the abstract presentation. In the abstract, I felt there was some unneeded information.",topic_4,5.285164887888574e-309
7,"I would want to hear the presentation only because I don't like reading a lot and the presentation had more graphs and pictures to explain the procedure, but I do think the abstract has a lot more detail and goes in more depth than the presentation. So I think the best one for determining whether the experiment was well designed would be the extended abstract since it does include more details and talk about it more specifically.",topic_4,0.07322317778978371
8,I would have rather heard about it by only the presentation because it gave a me a better and clear understanding of what was taking place and the back ground to the experiment. I think that the extended abstract would be better for determining how well designed the experiment was.,topic_4,0.08393782817307618
9,"Personally, I am a visual learner so I would prefer the abstract simply because it helps me pay better attention and helps me understand better. Both the abstract and the presentation show the experiment was well designed, but the presentation would be the better fit in regard to determining that. It goes into the depths of reasoning and a better explanation of results.",topic_4,4.738530593208284e-309
10,"I prefer the extended abstract. This is because I can read fast and skim the text instead of  listening to a boring presentation that I can't skip through. I think both are equally important to whether the experiment was well designed, but if I had to choose one or the other, I'd say the extended abstract was better.",topic_4,3.80901938118963e-309
11,"The extended abstract, because it was a little better at giving the background information. It told us more about the experiment done at the other school, so we could gauge if ours was done to the same level of quality as the other one was. I also just found it easier to understand as a whole.",topic_4,0.03139501113275005
12,I would like to hear the presentation. I think it is easier to understand the study when in is explained in person and not just reading about it.,topic_4,0.1345319499455815
13,If I had to pick which is better I would choose the presentation. I work better with visual aids and the presentation had better support for that. I preferred the 2D models rather than the picture of the 3D provided in the abstract.,topic_4,0.061520404058254326
14,I would prefer the presentation. The abstract would be better though for a more in-depth understanding.,topic_4,0.10481491065783118
15,I would prefer the extended abstract as it is better for quickly grasping the overall idea of the study itself. I want a concise overview of the research rather than a more immersive format.,topic_4,0.05875567522263689
16,I would prefer the video presentation. I feel like videos usually give more detail and keep my attention longer. I am a visual learner so I like seeing people talk through the slides and see the data while also hearing about it. I better understand information this way because I lose attention when I am sometimes reading.,topic_4,1.1113165246932767e-308
17,"Presentation, I am a visual learner and prefer video explanations over reading an article. I also feel the author of the presentation could more easily explain any confusing points rather than hoping the viewer understands what is meant through sentences in an article.",topic_4,1.1735970380330715e-308
18,"I feel like I learn better and take in information better in a video format. Sometimes when readying professional documents or abstracts from research papers I feel as if I don't take in all the information. In the video, I liked being able to have visual representations of what is being discussed.",topic_4,0.010806939473748015
19,I would rather use the presentation as I am more of a visual learner and it was way more helpful giving more and better detailed information to learn from. The presentation would be better to determine if it was well designed or not.,topic_4,0.08916023943174191
20,"I would prefer the presentation, the abstract is just a huge wall of words that doesnt really feel too inviting and if you are attempting to get new random people to take the study I don't think that is where you will find luck. That being said you would then have the chance of revealing things about the study that could influence study participants behavior.",topic_4,5.54985469261356e-309
21,"If I had to hear about this study through a singular mean, I would probably choose the presentation because it allowed for better incorporation of visuals. The presentation would also be better for determination of a well-designed experiment, as the visuals of things such as expected results are better portrayed through those kinds of means.",topic_4,0.1572488899566921
22,"Extended abstract because it is a shorter version of the presentation and sums up all the main points. I think the presentation would be better to determine whether the experiment was well designed because of all the visual aids, engagement, and verbal communication.",topic_4,3.957092449478453e-309
23,I would prefer the presentation because I feel like the presentation helped me understand the experiment better and what they were trying to do/prove. The presentation was more appealing and interesting instead of just reading the extended abstract. The presentation would be better for determining whether the experiment was well designed.,topic_4,0.04173623666476105
24,I would prefer the presentation because the experiment was explained more in depth and I understood it easier than the extended abstract. I think the presentation would be better for determining whether the experiment was well designed as well because he went into lots of detail about how the study was set up and was very clear about all the components of the study.,topic_4,0.0558015598021698
25,"I really liked the presentation as it was easier for me to understand so I preferred that one. Although, the extended abstract shared more of a whole over view including start to finishing results. The presentation focused a lot on the design set up and reasoning as to why. That was just briefly touched on in the abstract. Therefore, I think the presentation is better for determining whether the experiment was well designed.",topic_4,0.06200036777306047
26,"The presentation was far more helpful than the abstract because it used more common terminology. Additionally, the presentation told the subjects exactly what the researchers wanted to gain from the study. The presentation also mentioned what studies in the past have shown and focused on what this study was for, rather than focusing on what the studies in the past showed and briefly mentioning the study at UNL, like the extended abstract.",topic_4,0.0867412653136744
27,The presentation has more detail and talks about all the elements and how they work. The abstract has data and the method of the test but it doesn't give much data as to why the results are the way they are.,topic_4,0.06185375075185496
28,"If I had to choose between hearing about the study using only the extended abstract or only the presentation, I would prefer the extended abstract. It provides a summary of the project's objectives, methodology, findings, and conclusions, allowing for a quick note of the essential details. However, for determining whether the experiment was well-designed, the extended abstract might be more suitable. It offers an overview of the study's methodology and findings, providing the necessary information to assess the experiment's design and execution.",topic_4,4.09929543850859e-309
29,"I would definitely prefer the presentation because it makes the breakdown of the experiment a lot more understandable. I am a visual learner, so the study makes a lot more sense when someone shows pictures and explains them outloud, instead of me reading a whole bunch of words. I think the presentation makes the design of the study look a lot more interesting and appealing.",topic_4,0.10271266259603196
30,"I prefer the presentation. I think it does a better job of being more clear and concise instead of reading a long abstract off a paper. It is easier to comprehend, especially with the pictures.",topic_4,7.113813324107556e-309
31,I would choose the presentation because it explained the results and statistics the best. While also explaining the study design and future work of this study. I felt like I got more information out of the presentation than the abstract.,topic_4,5.373403456514484e-309
32,I would probably do the presentation because I do well with words and pictures combined. For determining whether the experiment was well designed probably the extended abstract part.,topic_4,1.395200308835794e-308
33,"I would prefer the presentation since it was much easier to understand, and I prefer videos to reading material. The abstract, however, has better information to evaluate the study.",topic_4,5.52319532904168e-309
34,The video was the best example of the experiment. Abstracts can get really wordy and confusing. Videos are easy to follow along.,topic_4,0.10251278297684824
35,I would prefer the presentation. I prefer it because it is more thorough and offers different opinions and views on the graphs. When reading the presentation we could tell more easily if it was well constructed compared to the abstract.,topic_4,6.214054326328754e-309
36,"The presentation was more clear for me, I'm not good with large amounts of text as like a lot of people my age. I'd say either could be used for determining how well designed the experiment was, but the presentation was more clear.",topic_4,0.09828715718393122
37,"I would definitely prefer the presentation, it explained things in way more detail, and also was a lot easier to understand in laymen's terms. For determining whether the experiment was well designed I think I still believe the presentation did a better job showing that the experiment was well designed.",topic_4,1.306949268839464e-308
38,I think I would prefer the presentation because it seems more digestible and easier to understand compared to the abstract. I also think the presentation would be better for determining whether the experiment was well designed because the speaker would be able to elaborate beyond the abstract.,topic_4,4.69337042943706e-309
39,"I think personally I would rather hear about the experiment from the extended abstract, while I believe that the presentation shows that this experiment was well designed. If used in the same context, I think that the abstract of the study does a fair job conveying the purpose of the experiment for people that are semi-versed in the statistics world. Whereas I would use the presentation for people who don't know much about stats.",topic_4,4.376868360961634e-309
40,I would say the presentation is easier to comprehend and understand especially for something that needs explanation. I also just enjoy the slide aspect more than reading something with more words unless its better for the comprehension of it but in this case I think the slides having the pictures with the explanation was helpful,topic_4,0.06814645785405674
41,I would prefer the extended abstract because I am able to use my own experiences and see what is happening first hand instead of trying to learn and figure out what is happening through the presentation.,topic_4,0.050232652880270616
42,I would prefer the presentation. I got a lot more information from this.,topic_4,0.1215544447748156
43,I would prefer the presentation because it is better and easier to understand rather than the extended abstract. I feel the presentation would also be easier for determining if the experiment was well designed.,topic_4,4.46921254260271e-309
44,"I think the presentation, as it was longer and contained more information, the presentation would be better for determine whether the experiment was designed well.",topic_4,0.04659791824281344
45,"The presentation made more sense to me as a participant, when compared to the abstract. However, because the experiment was more thoroughly detailed in the abstract, I believe the abstract was the better option when determining design efficiency.",topic_4,4.963710627271674e-309
46,"The presentation. Like I said before, I don't like to read sometimes so watching this was def. easier to follow and understand. Especially with the photos. I know the abstract had photos too but having the tables laid out while I was told how they held any signifigance in the study was easy to follow.",topic_4,0.0682630528978629
47,"In general, I think it depends on the person you are asking but personally I conceptualized the abstract better but the presentation was easier to understand/follow. I think the abstract would be better for determining whether the study was well designed. I believe this because there seemed to be more information.",topic_4,5.198574379473325e-309
48,"I think that the video had better information even though it was tough to listen to. It has more information about the experiment than the abstract does, and I feel like it explains how the experiment was designed better.",topic_4,0.10668283003068539
49,"I would prefer to hear from the presentation. I think the presentation did a really good job of explaining the experiment and what they were looking for with this experiment, so I think that it would be better for determining how well the experiment was designed.",topic_4,6.979245963964065e-309
50,I would prefer to watch the presentation because he did a good job of explaining all of the aspects of the experiment. I think the video also does a better job of telling if the experiment was well-designed because it has actual figures used in the experiment to give the person a better judge of whether the experiment was well-designed or not.,topic_4,0.08670957095846366
51,I would prefer the presentation over the extended abstracts personally just because I felt like the abstract was too wordy and complicated at times to really decipher the information. I do feel like the presentation would be better for determining if it was a good study because I felt like there was more justification on why the study was being done.,topic_4,0.05553219142666309
52,Presentation hands down. It goes much more in depth and explains many additional details. It also describes specifically how the experiment was conducted in great detail.,topic_4,0.14401446691969957
53,"Personally speaking, I would rather watch the presentation because for me it is hard to read abstracts without getting lost, while with a presentation there is a little more explanation on certain things to clear up any confusion. However, sometimes I feel that a well written abstract is much more detailed on specific things and it is much easier to go back and check the facts for anyone who might try to replicate the experiment in the future.",topic_4,4.64282819190499e-309
54,"I think honestly I would prefer the presentation. Typically I would say the extended study, however in this specific experiment. The presentation I feel gave a little more detail (or detail I understood just a little better).",topic_4,0.060956371194548865
55,I think that the presentation would be better for me. This is because I think that it is simpler to have someone explain the ideas to me rather than me deciphering the abstract. I think that the abstract is better for determining if it was well designed because it takes a lot time and effort to comprise a good abstract.,topic_4,5.877551163311365e-309
56,I would prefer to hear about it from the presentation because it's more interesting to hear from. The abstract would probably be better to determine if it was well designed though.,topic_4,6.75934056458268e-309
57,I would prefer the presentation over the extended study. This is only because I learn better from hearing things than reading them. I think that the extended abstract had more information and detail over the presentation though.,topic_4,0.05109591548792218
58,"I think the presentation told me more than what I knew from the experiment, so I would have to say the presentation. The presentation was also better for determining whether the experiment was well designed.",topic_4,0.1183374416112369
59,"I would prefer the presentation, because I tend to learn and understand things better when I have a visual representation of it in front of me. I think that the presentation is better for determining if the experiment was well designed because it compares the expected results with the actual results using a visual.",topic_4,1.4919830868262586e-308
60,I preferred reading the abstract because it had more details on procedure as well as included research from other studies. I think the abstract showed how well the experiment was designed.,topic_4,4.360989586378377e-309
61,the presentation would be better because i am more of a visual person and it would make more sense for me to really be able to and listen to what the experiment is about. This would help me determine if the experiment is well designed or not.,topic_4,1.551141217581648e-308
62,"I would prefer the abstract. The abstract really explained all the elements for me. And, I think it is better to read something that watch a video because it is so easy for people to zone out and reading to me just makes it more comprehensive.",topic_4,4.430750055245795e-309
63,I much prefer the presentation because reading abstracts are incredibly boring and time consuming. Another the presentation also provided a more visual method of learning about the study.,topic_4,5.78059840457245e-309
64,"With what I had prior to taking the study, I think this would be easier. I had the base information and after watching Tyler's video I just have questions and it is too much to explain something that takes not long to complete.",topic_4,0.799904101635688
65,"I would rather the presentation, because I learn better when I have an actually representation for me to look at. I think that the presentation is a better thing for deciding if the experiment was well made because it compares the expected results with the actual results.",topic_4,1.5201767894746563e-308
66,I thin the presentation was better for me. Often times when reading something I get distracted so when hearing something it helps me retain it better.,topic_4,0.08236466457971597
67,"Personally, if I had to hear about this study, I would prefer the presentation over the extended abstract. While the extended abstract provides useful information we can always go back to, I feel the presentation, at least for me, would be better in understanding whether the experiment was well designed because it's being directly explained in great detail by one of the designers of the experiment. Also, for me, I understand things better when they're being directly told to me, rather than reading the information in a bunch of paragraphs.",topic_4,0.03352793447545402
68,I like the presentation better because I also like the added visuals. I also appreciate the extra explanations that can be hard to put into writing that are included in the presentation.,topic_4,0.08747957770525429
69,I think I would choose the presentation because I find it to be an easier method of absorbing information. I think the presentation was better for determining whether the experiment was poorly designed because it went into more detail and had graphics to help better explain the results.,topic_4,0.08776787887916424
70,"I would prefer the presentation because it was much easier to follow along and understand what they were doing with this research as opposed to the abstract that was written in a much more scientific way with some terms I am not familiar with. I also think the presentation is better at keeping my attention because I am not getting confused by the language of the abstract. However, I think that the abstract was better for determining if the experiment was well designed because they discussed their methods in much greater depth than the presentation did.",topic_4,5.312397743608574e-309
71,I would prefer the presentation as it is nice to have the information be walked through by an informed individual. The presentation is likely better for determining whether the experiment was well designed due to it being able to provide more information in a shorter amount of time.,topic_4,1.538829878553786e-308
72,I enjoyed listening to the presentation more than I did reading the abstract. The presentation seemed more comprehensive and explained the study in easily understood language.,topic_4,0.09616153710140792
73,"I would prefer the extended abstract video, making it the better option for determining if the experiment was well designed. It was helpful and interesting to hear about rhe 3D background models and history.",topic_4,0.11561776037840442
74,"I would honestly prefer the presentation because I like to see all the variables in front of me instead of taking part in the experiment when I get only a portion of the information at the time. I don't like to be a test subject which is why I prefer the presentation. 

 

The presentation would be the method to see if the experiment was well designed. All the data is in front of you at that point so it would be the ideal match for determining a well designed experiment.",topic_4,1.444710800241502e-308
75,"I'd rather hear about the study using the presentation, because while reading the graphic, I had a difficult time understanding why this study was significant. The background on 3D versus 2D graphs was helpful to me in this regard. The abstract would likely be better for determining whether the experiment was well-designed because it has more detail in a written format.",topic_4,0.06295007306296715
76,I would rather watch the video because hearing someone describe it to me is a much better way for me to learn than just reading the abstract.,topic_4,1.0655251181386663e-308
77,probably the presentation because it showed me the results in the way i wanted to see them,topic_4,0.1086257251984893
78,"I prefer the presentation because it was easier to understand, at some points I had to reread sections just because I couldn’t understand what it was trying to say. The abstract was very informational, but as someone who prefers to listen, I’d choose the presentation. The abstract would have a more precise way of explaining things and just more details. I think the abstract would be better out of the two to determine whether the experiment as well designed or not.",topic_4,4.986085892684573e-309
79,"I prefer the abstract because it is much quicker and easy to understand, because it doesn't go into as Much detail. I think that an abstract is the best way to tell if a study is well designed, the video went into more detail about the results and looking forward, which isn't always necessary for determining if a study is well-designed.",topic_4,5.14798717707257e-309
80,"I personally prefer the abstract. As a science major with a lot of experience reading scientific papers, I can read into them and I like interpreting the studies myself.",topic_4,4.368114525752863e-309
81,I would rather hear the extended abstract. This had more information and the video presentation was very boring.,topic_4,0.10512270966851264
82,I feel that the presentation helped because its easier when someone talks to explain something and we can follow along. It helps because he can pause and explain things better and can go step by step.,topic_4,0.10388881424210071
83,If I had to hear about this study I would prefer the presentation because it is straight forward and I personally like when someone talks about it first and goes over it online. I would prefer the presentation for determining weather the experiment was well designed.,topic_4,1.0
84,"I would prefer to hear about this study strictly from the presentation. Although the abstract was detailed, I felt that the presentation did a better job of explaining the background and purpose of the experiment. Overall, I think that the presentation would be better for determining whether or not the experiment was well designed.",topic_4,6.793256973510685e-309
85,"I would prefer the presentation just because listening to someone speak like that has always helped me learn better in general, and I was a fan of the visuals and whatnot that were used in the presentation. I feel like the video just because it gives kinda a step by step and some background, and idk, i just feel like it has it all.",topic_4,1.071482623707855e-308
86,I prefer that abstract because it gave me more of a concise idea of why the experiment was set up the way it was and the information was easier to take in. I think the abstract gives a better way of determining if this experiment was well designed because future researchers can use the abstract to test how well designed this study is.,topic_4,4.31291503646304e-309
87,I would prefer presentation because i’m more of a visual learner than just reading. I learn more from someone explaining it to me rather than reading something. Presentation would be better for determining whether the experiment was well designed,topic_4,1.6106794838737664e-308
88,"I would say the presentation, because the purpose was a little clearer. This way it clearly showed that the experiment was designed better.",topic_4,0.1265976425655138
89,"The abstract for sure, as the presentation mainly showed the difference in bar graphs and how to digitize a 3d bar graph.",topic_4,0.016479784807347665
90,The presentation is way more preffered to hear about this experiment. The presentation is so much easier to understand and I feel like that would also make it easier to understand if the experiment was well designed.,topic_4,1.5121894151786286e-308
91,"I preferred the presentation more, it was easier to follow along and stay engaged. The presentation is easier to listen to and see parts of the experiment.",topic_4,0.08984875243743193
92,The presentation due to it providing more of the formulas and math behind the experiment and it also provides a better background for their reasoning behind the experiment. I would say the presentation would also help the presentation seem well designed.,topic_4,0.03374280691050727
93,"The presentation since there are more visuals (images, the bar charts, models) as well as an explanation of the study design and predicted results (which were also not in the abstract). In addition, there had also been more of a background on the 3D graphics to give the participant more understanding of why the study is being conducted. This is not to say that the abstract was inadequately written, it was very extensive and informative, but in terms of having to choose one for specifically for determing whether the experiment was well designed and also for participation, I would choose the presentation.",topic_4,4.97028118868615e-309
94,"Personally, I would watch the presentation. The reason why I would say this is because it gave me more visuals so I was able to comprehend what I was going to look a. I also learn better from when I listen to somewhat talk and explain what I am about to do.",topic_4,1.0665539244702714e-308
95,"Personally I would prefer the presentation. I thought having someone else explain the experiment to me rather than me reading the abstract was more helpful. Personally I had to reread the abstract to try and figure out what it was saying, it felt like it was saying the same thing over and over again.",topic_4,0.047477691950670746
96,"I prefer the presentation because it kept my attention more and walked through the results in a way that is easy for someone not familiar with the data analysis methods used to understand. The abstract, however, is better for determining whether the experiment was well designed.",topic_4,0.04667423572130016
97,"I would prefer the presentation, because it seemed the best laid out and clean. I also think that the presentation would be the best for determining whether the experiment was well designed.",topic_4,1.30475595649905e-308
98,"I would definitely prefer the presentation. Having visual representation for people gives them a better understanding of the experiment overall. As well as having someone guide the viewer of the presentation through the work, allows for a connected feeling towards the experiment as we have someone talking to us instead of us reading an abstract from someone we don't know.",topic_4,1.718603482493312e-308
99,Probably the presentation. It is generally easier for me to understand spoken words than written words.,topic_4,1.2072544317028393e-308
100,I would say the abstract since I would have liked to know the background. The abstract would also better help with how well the experiment was designed since it goes in depth.,topic_4,4.2049370385955e-309
101,Probably the abstract because its strait forward. but the presentation was and is better at explaining the experiment.,topic_4,0.041087342850977274
102,I would much prefer the presentation over the abstract. I still was left kind of confused when I read the abstract. I feel like this video did a better job at filling me in on any questions I had.,topic_4,0.10256456318639218
103,"I would prefer the presentation. It would be better for determining whether the experiment was well designed because it uses more day-to-day words for better understanding even for those who don't really know statistics. Also, it helps me to visualize while listening.",topic_4,0.10902834117514447
104,"I would choose the presentation, with visual examples shown it provides a better and easier way of explaining what the goal is and what is happening. In the abstract paper it mentions the graphs but doesn't show how to read them or what specifically to do with them. So, in that case I would choose the presentation.",topic_4,5.98314277134501e-309
105,"If I had to hear about this study using only one of the two I would chose the presentation, I like hearing and visually seeing what the experimenters are talking about it and I felt that I can remember and learn more from it. I think that the abstract helped determine that the experiment was well designed, but I like to hear from the people who created the experiment talking about it.",topic_4,5.547563689345443e-309
106,I would rather hear about this through the abstract. This is because an abstract sounds more official and scientific to me and I feel there is less bias in an abstract.,topic_4,0.06098966816466622
107,"I would use the reflection because it gives a better explanation and shows us more information about the study. I believe they both have their place. I would use both to determine if it was well designed. I believe this because the abstract holds good information that needs to be seen, but also the presentation goes into depth and what they could change or do in the future.",topic_4,5.28817237613953e-309
108,"I would prefer the presentation because I understand it better. Reading the abstract, I was a little confused because I don't think they mentioned the group size or how the sample group was found. In addition, the presentation had visuals and did a good job at explaining every part of the experiment in depth.",topic_4,5.32193601210923e-309
109,"Truly, I have no idea. Perhaps the extended abstract would be better. I don't know which would be better for the experiment appearing well-designed. I just took an intro to stats course. I barely know what experiments are. Brother, if I was capable of judging the quality of graduate level experiments, I would not be in this class. Why are you asking undergrads this? That's what I would like to know.",topic_4,3.89875301670938e-309
110,"I prefer the abstract because it provides a more detailed explanation of the study's goals and designs. Which includes specific procedures and rationale that help determine whether the experiment was well designed. For evaluating the quality of this study, having access to those details is more useful that visuals alone. The abstract also shows how the study is built off past research, giving it more credibility.",topic_4,4.434896233683047e-309
111,"I would have preferred the abstract. I find reading condensed information easier than listening to someone talk about it. However, I think the presentation is better to decide if the experiment was well designed, because it’s less condensed and allows for more detail.",topic_4,0.045772425633909
112,"If I had to choose between hearing about this study only from the abstract or only from the presentation, I would choose the presentation. I liked how the presentation explained it more, and it was more visually explained, which is helpful for me. The presentation would be better for determining whether the experiment was well designed, because it walks through every detail of it.",topic_4,6.332445568219783e-309
113,"I preferred the extended abstract, personally. The extended abstract provided a lot more detail into the intended goals and structure(s) of the experiment and I believe it is more determinant of the experiment's design properties moreso than the oral presentation, however, the oral presentation is a bit more palatable and easier to digest for most others, I would presume.",topic_4,4.109462362539826e-309
114,"I’d rather hear about the study through the extended abstract. It gives all the details about how the experiment was set up, which helps me figure out if it was well done. The abstract has more of the info I’d need to decide if the study was designed well.",topic_4,4.5063508341659e-309
115,The presentation was a better explanation. I felt as if I understood the presentation better and I know a lot of students like to skim reading rather than read the whole thing. The presentation also provided the graphs and tables of the results.,topic_4,0.12123445690207997
116,"The presentation is what I would prefer, but the abstract is probably what would be better for determining whether the experiment was well designed.",topic_4,6.02015684333689e-309
117,If I had to hear about the study using only the extended abstract or the presentation I would personally prefer the presentation. I think that determining whether the experiment was well designed or not would be through the abstract.,topic_4,4.33391749430029e-309
118,"The abstract I understand better when I can go back and reread the information, rather than listening to someone on a recorded presentation. The abstract also, I feel laid out the structure and testing goals of the experiment more clearly and professionally.",topic_4,4.3367210631523e-309
119,I would prefer the presentation because It was a lot more clear and directly related to the experiment. The presentation would be better for determining if the experiment was well designed because you get to look at the components of the experiment and if they are accurate and valid or not.,topic_4,0.09892842626431145
120,The presentation due to it providing more of the formulas and math behind the experiment and it also provides a better background for their reasoning behind the experiment. I would say the presentation would also help the presentation seem well designed.,topic_4,1.362494878071619e-308
121,"The abstract for sure, as the presentation mainly showed the difference in bar graphs and how to digitize a 3d bar graph.",topic_4,0.01744121272124817
122,"I would prefer the presentation, because it seemed the best laid out and clean. I also think that the presentation would be the best for determining whether the experiment was well designed.",topic_4,1.30149462372834e-308
123,"I preferred the presentation more, it was easier to follow along and stay engaged. The presentation is easier to listen to and see parts of the experiment.",topic_4,0.09529162663188628
124,"I prefer the presentation because it kept my attention more and walked through the results in a way that is easy for someone not familiar with the data analysis methods used to understand. The abstract, however, is better for determining whether the experiment was well designed.",topic_4,0.04809300804990873
125,"Personally, I would watch the presentation. The reason why I would say this is because it gave me more visuals so I was able to comprehend what I was going to look a. I also learn better from when I listen to somewhat talk and explain what I am about to do.",topic_4,1.092909331715338e-308
126,"I would say the presentation, because the purpose was a little clearer. This way it clearly showed that the experiment was designed better.",topic_4,0.13956942693929128
127,"The presentation since there are more visuals (images, the bar charts, models) as well as an explanation of the study design and predicted results (which were also not in the abstract). In addition, there had also been more of a background on the 3D graphics to give the participant more understanding of why the study is being conducted. This is not to say that the abstract was inadequately written, it was very extensive and informative, but in terms of having to choose one for specifically for determing whether the experiment was well designed and also for participation, I would choose the presentation.",topic_4,4.98304302162903e-309
128,I would prefer presentation because i’m more of a visual learner than just reading. I learn more from someone explaining it to me rather than reading something. Presentation would be better for determining whether the experiment was well designed,topic_4,1.577089591307687e-308
129,"I would prefer the presentation just because listening to someone speak like that has always helped me learn better in general, and I was a fan of the visuals and whatnot that were used in the presentation. I feel like the video just because it gives kinda a step by step and some background, and idk, i just feel like it has it all.",topic_4,1.06902825428177e-308
130,I prefer that abstract because it gave me more of a concise idea of why the experiment was set up the way it was and the information was easier to take in. I think the abstract gives a better way of determining if this experiment was well designed because future researchers can use the abstract to test how well designed this study is.,topic_4,4.27323889382635e-309
131,The presentation is way more preffered to hear about this experiment. The presentation is so much easier to understand and I feel like that would also make it easier to understand if the experiment was well designed.,topic_4,1.504416145970164e-308
132,"Personally I would prefer the presentation. I thought having someone else explain the experiment to me rather than me reading the abstract was more helpful. Personally I had to reread the abstract to try and figure out what it was saying, it felt like it was saying the same thing over and over again.",topic_4,0.0456512980072188
133,"I would prefer only the presentation to understand things, myself. Since this is the case, aspects of the video would help me determine whether the experiment was well designed. However, a well-written abstract alludes to a well-designed experiment.",topic_4,0.0760176705556083
134,I think that the presentation did a smuch better job. I do better hearing people actual talk and explain things. It was more in depth and easier to understand through the person talking.,topic_4,0.11060741247463289
135,"I would prefer the presentation if I just wanted a quick, clear idea of what the study was about and why it mattered—it’s usually more visual and easier to follow. But if I wanted to decide whether the experiment was well designed, the extended abstract would be better. It goes into more detail about how the charts were made, how participants were chosen, and how responses were measured. That kind of depth is important for judging the quality of the research.",topic_4,0.05136391584671805
136,The presentation just because I felt like it was broken down better and easier explained. I think the presentation would be better for if it was well designed.,topic_4,0.10867566931792608
137,I think I would rather hear about the presentation through the presentation because the presentation was easier to understand and helped me to understand the concepts of the study. I think the extended abstract helps to determine if the experiment was well designed because the extended abstract had more information and dove even deeper into the purpose and procedures of the experiment.,topic_4,4.3914389486895e-309
138,I prefer the presentation because I am a very visual learner. Seeing exactly what part of the experiment is being talked about is really nice. I think an abstract would be better for understanding if it is a well done experiment because it is in a format that can be easily compared to other experiments.,topic_4,4.609557421123756e-309
139,"I definitely think from the perspective of someone outside of the statistics community, the reflection is a much more relatable format to receive the information. However, as a statistician, I feel I would really want to take a dive into the abstract to see the design of the study.",topic_4,5.338520446528547e-309
140,"I would rather hear about it through the presentation. They go in depth a lot more in the presentation than in the abstract. The guy also shows visuals in the presentation, therefore, It's a lot easier to see what is actually going on, rather than reading the words on the paper.",topic_4,0.04382916970800313
141,The extended abstract is better for understanding the studies design because it includes detailed methods and data. It provides a clearer basis for evaluating how well experiment was conducted.,topic_4,4.07891810657256e-309
142,The presentation. I felt the presentation went into greater detail and was very well organized. It was all encompassing of the experiment.,topic_4,0.10677891120096131
143,"If I had to choose, I’d prefer the extended abstract because it provides a more detailed summary of the study's objectives, methods, and results. It would also be better for determining whether the experiment was well designed, since it likely outlines the experimental setup, sample size, controls, and procedures—key details not always covered in a presentation.",topic_4,3.84489146155577e-309
144,"I would probably select the presentation. This guy had a cool voice and it made me want to listen to him. I do agree that people teach themselves to an extent, but I mostly did the experimental learning because I had to, not because I knew why I was taking it. I am very much a facts person, so I need a reason behind something to make me want to do it.",topic_4,1.037769855943331e-308
145,"I would prefer the presentation because I found it to be more informative and clear. It gave me a better understanding of the experiment it's self, which helped me connect with the content more easily. I think that the presentation is also more useful when evaluating whether the experiment is well designed. That said, I do think collecting data in different formats can be valuable for gaining a fuller understanding of what my be considered better.",topic_4,1.450976886614533e-308
146,I prefer the presentation because it can show actual results from the study rather than just the expectation of the study. Again I would like to mention I learn from results not assumptions. I understand now how this study will be used after watching the presentation.,topic_4,1.0
147,"I would much prefer to hear the presentation compared to the abstract. The presentation was very straight forward and it was easy to understand what the experiment was truly looking to examine. The abstract was hard to follow at some points, which makes it hard to hold a students attention. However, I think the abstract would be better for determining whether the experiment was well designed because of how in depth and detailed it was. The abstract was pretty much a scientific paper which would clearly be the more reliable thing to look at.",topic_4,5.201180645268924e-309
148,I would prefer the presentation because it goes into all the components of the study and discusses the specific results of the data and explains all the different components of the study while the abstract just gave a general overview and didn't go into the specific details of the study.,topic_4,5.25510870376085e-309
149,"I would prefer the presentation. This is because it breaks down some reasoning as to why they use different graphs. But what the experiment is for, and what they do to calculate their data and results. This helped inform me better to my liking.",topic_4,0.1012988841514707
150,"If I had to choose, I would prefer the presentation because it was more engaging and provided a clearer picture of the study's context and significance. However, the extended abstract would be better for assessing whether the experiment was well-designed, as it included more details about the methodology and theoretical basis.",topic_4,0.05446725812384313
151,I would choose the presentation over the abstract. I think the presentation was better for determining whether the experiment was well designed. We got a lot more information from the presentation.,topic_4,0.04306624545151654
152,I would prefer the presentation as it breaks the study down a bit better for me and give you visuals as well. The extended abstract is probably better for determining whether the experiment is well designed or not.,topic_4,0.03458391335864942
153,I think that only the presentation would be better for determining whether the experiment was well designed because Tyler emphasizing certain things that would be otherwise missed. The presentation also brings up parts of the Cleveland and McGill study which presents a more clear comparison for the two studies. This comparison makes it easier to examine the accuracy and structure of the study that was conducted.,topic_4,0.1075889474030914
154,"I would prefer the presentation because it explained the study in more depth and made the results easier to understand. For evaluating the study's design, the presentation is better since it includes details about methods, controls, and limitations.",topic_4,1.0
155,"I believe the presentation was better for learning about the experiment. The presentation was easier to understand as it was more engaging, but it also provides more data for understanding that the abstract does.",topic_4,5.07733079963677e-309
156,I think that I would choose the abstract because it explains why and how the experiment works. I liked this because I could go back and read it whenever I needed to. The abstract works better to understand how the experiment was designed and defends that it was designed well.,topic_4,4.225967075821357e-309
157,"Probably the video presentation because someone is explaining the experiment. Whereas if I'm reading it, I will probably find it more boring to read about graphs.",topic_4,0.10140455974866931
158,I think the presentation would be better. It is explained well and has good visuals to explain what would be happening.,topic_4,0.11903343175139891
159,I would prefer the presentation. The presentation would be better for determining if the experiment was well designed.,topic_4,0.08522943067961658
160,The abstract would be better for understanding because it’s more detailed. The presentation would be better for seeing if it was designed well.,topic_4,5.938948845312473e-309
161,"I would prefer the extended abstract because I tend to learn best when I am reading something. When watching the presentation, I felt like I absorbed less information than when I read the abstract.",topic_4,0.05410850786985759
162,I think I would prefer to hear about this study only using the extended abstract because I prefer the way the information that was in the extended abstract was presented. It included a lot of information that was included in the presentation could also be found in the extended abstract. I think that the extended abstract would also be the best for determining whether the experiment was well designed because it explained some of the errors or potential errors and where the study should be furthered.,topic_4,4.171149927434594e-309
163,I would prefer to watch the presentation rather than reading the abstract because I am more of a visual learner. I feel like I can determine more about the experiment through the visual representations and a human explaining the composition of the experiment.,topic_4,0.04224864313299138
164,The presentation would be more beneficial for deciding if the experiment was well-designed because it presents more information. While that abstract is short and does not go into great detail.,topic_4,6.41457430878905e-309
165,I would prefer the presentation because it showed the reason for why they were doing the presentation more clearly and it was easier to follow along. It would be more beneficial for those who do not have a background in statistics as well because they can see the pictures within the presentation rather than just reading the words in the abstract.,topic_4,1.0
166,I think the presentation is what I would prefer. It made a lot more sense hearing someone explain it with words and graphics.I think the abstract was a little confusing to follow. I think both are good choices if you need to determine if it was designed well.,topic_4,6.207358152597634e-309
167,I’d rather hear about the study through the presentation because it’s easier to follow especially with the includes visuals. But the extended abstract would be better for judging if the experiment was well designed since it explains the methods and details more clearly.,topic_4,4.47670822597135e-309
168,I would prefer the presentation. The presentation gives more information than the extended abstract does and shows the experiments design.,topic_4,4.085338691611126e-309
169,"I think the extended abstract would be easier because it allows you to analyze words and data on your own and interpret them rather than just being told what to think. It gives a lot more room for questions to be made and answered, overall making the experiment better.",topic_4,0.029597539199763514
170,"I would choose the abstract because the abstract goes in to detail on how you're doing it while you're doing it while the presentation also does the same thing but it is shortened and it doesn't really go into that much detail on why they did it in the abstract, you can look at the statistic values",topic_4,0.03588114234617228
171,I would rather hear about the study from the presentation because it was easier to follow and had visuals. But the abstract is better if I want to know if the experiment was well designed because it’s more focused and to the point.,topic_4,6.2436226785382e-309
172,I would say that the presentation is the one that I would prefer. I say this because there is someone verbally explaining the results to me which is easier to understand. Also when they speak about their results they are less likely to use the big and very specific terms which makes it easier to understand as someone who wasn't doing the research themselves.,topic_4,1.0
173,I would definitely prefer the presentation. The presentation explained the study's design better and I liked how it gave visual representations. The presentation was also overall easier to understand and felt more explanatory.,topic_4,1.0
174,"I would prefer the presentation to hear about this study. I feel like I am more of a listening learner rather than a reader, and I got more detailed information on the study through the presentation. The presentation is better for determining whether the experiment was well designed because they can provide more detailed limitations and/or discussion slides on the study.",topic_4,1.0
175,"for the aspect of my own personally understanding, i would prefer the presentation. I feel as though the presentation uses a good amount of auditory explanation as well as image depictions to help make everything make better sense. on the contrary, I think the abstract would be a better way to show if the experiment was well designed",topic_4,4.717348339731207e-309
176,"I would choose a presentation. It is difficult for people to imagine it with just text. But if it is a video, people can know more intuitively how the experiment was designed and completed.",topic_4,0.047700443949786696
177,"If I had to hear about this study only using one method, I would choose the presentation. The presentation is more in-depth and provides more detail to digest, which makes it easier to form an opinion and/or understanding of the study.",topic_4,1.0
178,I would prefer only the presentation. I felt it kept my attention more. I think the extended abstract would be better for determining whether the experiment was well designed tho!,topic_4,4.105625754839165e-309
179,"I would prefer just the presentation. I am not good at experimenting in this way, and I like to have it laid out for me with results. Much like a thesis defense, I like the short and sweet of the how and why.",topic_4,0.05945703589073695
180,I would prefer the presentation all the way. It explains more about what we participated in rather than the old study. He also used easier words to understand that are implemented into the extended abstract because it was a formal study.,topic_4,0.05269165450950068
181,I would prefer the presentation. I think the presentation better explains the study as well as better shows how it was designed.,topic_4,1.0
182,I would prefer the presentation since I learn better from visuals. I think the abstract would be better for determining whether the experiment was well designed or not.,topic_4,4.69283363225026e-309
183,"I liked the presentation more because the way the data was displayed was much better than the abstract. The abstract may have more information about the study design, but the presentation was more helpful for this learning experience.",topic_4,0.08939137716186182
184,The presentation because it showed the results and why he got the larger responses to each graphs or 3D charts. It was easy to see all the visual charts.,topic_4,0.10769288867915874
185,I would prefer the presentation because it helped me picture everything better. I think the presentation was also better to determine if the experiment was well designed because it provided the graphs of results which the abstract was just words so if you are a visual learner it was more difficult to understand fully.,topic_4,5.185378989819916e-309
186,"I would prefer the presentation for an overview because it's easier to understand and visually engaging. However, the extended abstract would be more useful for evaluating the study’s design and methodology in depth.",topic_4,3.9233460312594e-309
187,I think the abstract would be better. I think that one had a little bit more information in regards to how and why the experiment was completed.,topic_4,5.719707437515417e-309
188,If I had to hear about this study I would prefer to hear it through a presentation because it is easier to understand compared to an extended abstract. The extended abstract would be better at determining whether the experiment was well designed because it would include more detailed methods.,topic_4,0.035795312631530546
189,I personally liked the presentation more. This was because I did have to try and figure it out on my one because someone was explaining it to me.,topic_4,0.10837675567227953
190,"I like the format of research papers better. I understood more from the structure of the paper. I additionally appreciate an abstract as a preface to the study. The video did go into more depth about the results of the study, but results are a lot easier for me to interpret. As the article went into methodology which I find more difficult to understand so I appreciate the longer explanation. That's why I would also say it's better for determining the experiment design.",topic_4,0.11108073328008586
191,I would prefer the presentation. The main points I learned from the abstract was this study's comparison to a previous one. This presentation better presented the main points of this study and the importance of each variable. The presentation would better help determine if the experiment is well designed as it has more depth than the abstract.,topic_4,5.431410490877213e-309
192,"A extended abstract provides a more in depth/detailed summary of data recorded from a specific study/experiment, so personally I would choose this option. The feedback that can be recovered from a extended abstract is critical for peer review, which is what most of the audiences intention is from reading/listening to this study mentioned above. This methodology provides us with significant details regarding our research questions, and how well the experiment was designed.",topic_4,3.84925145404469e-309
193,"I would say the extended abstract because it provides a structured summary of study goals, methods and results which is essential for evaluation whether the experiment was well designed. Abstracts tend to include more detail about the experimental design, statistical methods and findings than a presentation typically does. However the presentation might be more engaging and easier to follow when it comes to the visual aspects like the 3D printed charts. The abstract is overall just more informative.",topic_4,3.81642571605217e-309
194,"The video did a great job explaining the project and the purpose, making it my preferred form of communication. I think the presenter is able to convey the importance of the research, the methods, and interactions with students better in the video.",topic_4,0.10949524402324341
195,"The presentation was preferable as a test subject. I was curious to see the statistics produced. However, for general purposes the abstract was easier to pay attention to as it was a short and effective explanation whereas the video used more advanced terms and statistical vernacular I am unfamiliar with.",topic_4,0.08276249148969937
196,I would prefer the presentation. This is because the information is delivered in a more concise and clear method. I was able to understand what the author was saying and how he was saying it.,topic_4,1.2923703041074097e-308
197,"I'd prefer the presentation as it still covers the study's design about as well as the extended abstract but includes the some of the results. For these same reasons, I think the presentation is better for determining whether the experiment was well designed.",topic_4,0.056798765317837945
198,I think that the presentation was a better option and it wasn't too long and got through all of the important points.  I think the presentation would be better for determining whether the experiment was well designed.,topic_4,1.3272073837458775e-308
199,"For a quick grasp, I would want the more interesting and simple to follow presentation. Still, the extended abstract is superior for examining the design and rigor of the study since it includes specifics on the techniques, variables, and statistical reasoning required for validity evaluation.",topic_4,3.88099812009212e-309
200,"I would prefer the presentation to get an engaging overview and see visual examples that make the study easier to understand. However, the extended abstract would be better for determining whether the experiment was well designed.",topic_4,4.063681751148113e-309
201,The extended abstract would be better for determining if the experiment was well designed.,topic_4,5.864691630136014e-309
202,I personally prefer the presentation as its easier to understand the research questions and intent of the study and explains more in depth what we were participating in. it also helped understand more about the different types of charts and graphs that we were observing and what the charts and graphs portrayed differently in a visual sense.,topic_4,1.0
203,"I would prefer the presentation to quickly understand the concept, since it uses visuals and real examples that make the topic easier to grasp. However, the extended abstract would be better for determining whether the experiment was well designed, because it includes more detail about the methods, sample size, and data analysis.",topic_4,4.00264624220556e-309
204,I’d choose the presentation because it was easier to follow. But the abstract is better for checking if the study was done well.,topic_4,5.44639834994369e-309
205,I would choose the presentation because it was easy to understand.,topic_4,0.11222402594700162
206,"If I had to hear about this study only using the abstract or the presentation, I would probably pick the extended abstract because to me it just made more sense and was layed out a lot better in my eyes and for the way that I learn. Now, for most, I would say that the presentation was layed out decently as well, and lots of people would prefer looking at the study this way.",topic_4,0.04728049173503361
207,I would prefer the abstract because it better explained the importance of the study and why it matters. I think the presentation might be better at determining how well-designed the experiment was.,topic_4,0.04774518993648007
208,The presentation went more in-depth with the topic and also explained some ideas that were not covered in the abstract. The imagery that was able to be discussed in the presentation was helpful to me since I'm a visual learner as well.,topic_4,0.10852108639497515
209,"I typically learn best through reading and find the abstract more informative so that is my preference. However, I believe most people would find the presentation more comprehensive with the visual aspect. Because the presentation specifically discusses the step by step process, I believe it is better in that regard.",topic_4,6.95731851573876e-309
210,I would prefer the presentation because it gives an easier explanation as well as more of a visual answer. This helps to clear up confusion. The abstract might be a better indicator of whether the experiment was designed well or not.,topic_4,4.58863032970045e-309
211,The abstract since it was more laid out and explained and broken down. Having it in writing makes an experiment make more sense since you really have to think about what’s being written.,topic_4,4.25624885667085e-309
212,I would prefer the extended abstract. This is because I think the abstract delivers the most important information. The presentation would be better for determining whether the experiment was well designed because it provides more background information on the study and the results.,topic_4,3.93178978538861e-309
213,I think I would prefer only the presentation. I think the information would be presented better through talking.,topic_4,1.243507527520898e-308
214,The extended abstract because I prefer a scientific presentation of information. I also like that reading can get you a little more info than a presentation.,topic_4,0.05607237107012909
215,"-Personally I am more able to understand material/information by reading it as I can connect the dots better that way. In addition, the presentation only helped with the small 'niche' elements but not the overall bigger picture of this study that continues to change expect for the abstract/purpose of the study itself.",topic_4,0.1141747866009775
216,The presentation format stands as my preferred choice for learning about this study because it delivers an interactive presentation of  study findings in detail. The extended abstract stands as the better choice for evaluating the experiment's design because  it presents methodology and objectives in a clear and concise manner which supports critical evaluation of the study's structure.,topic_4,3.960385732577e-309
217,"I would prefer to hear about this study from the presentation. It provided more information on the results and application, which were the most applicable parts of the study. From a researcher's point of view, the abstract would be better for gauging the quality of the experiment, because it explained more of the methods and how the experiment was designed.",topic_4,6.539338307123695e-309
218,presentation. This explains things much clearly. I still think the presentation helps explain better in its own ways.,topic_4,0.11739363539640132
219,I think the presentation because it’s easier to follow,topic_4,0.09829511849097029
220,I would prefer the abstract. I enjoy reading things and believe that I understand things better that way. I think that the abstract gives a better indication on the quality of research design.,topic_4,4.28227162564067e-309
221,"I'd prefer the presentation since there were diagrams and pictures to help the viewers better understand the conceptual ideas that the presenters' were trying to get across. The extended abstract seemed inconvenient.  Between the presentation and extended-abstract, I think that the presentation is better for determining whether or not the experiment was well designed.",topic_4,4.08078892951251e-309
222,"I would have preferred to hear about this study via the presentation becuse I think that it explains things that were also addressed in the previous Abstract, in a much simpler way whereas there were times when reading the Abstract that I felt there was terminology that was confusing/would be confusing to someone who has never taken a Stats course.  I think though in terms of determining whether the experiment was well designed or not that someone should take into account the Abstract as it explains in much greater detail things that can't be explained in a short presentation.",topic_4,6.39473636735894e-309
223,"I feel that the presentation was more beneficial, and easier to understand. The video was able to explain the experiment in a more reasonable and understanding fashion. It also helped explain the experiment, more in depth in comparison to the abstract that we had read through, originally.",topic_4,0.08185992900725277
224,"I would prefer the presentation, as it gave me the most information as well as providing plenty of visuals to show me what they were saying. I feel like if I knew nothing about this study previously, the presentation would help me understand it the best.",topic_4,1.0
225,"I think both platforms provide useful information in understanding the experiment. However, I think the extended abstract did a better job of emphasizing the role of 3-D vs. 2-D in depth perception and identifying the differing heights among block figures.",topic_4,0.04493033571952959
226,"I like the presentation because it provides a more interesting and extensive explanation, complete with pictures and context to assist comprehend the study's approach and conclusions. However, the extended abstract is preferable for judging whether the experiment was properly planned because it presents the methods, aims, and main findings in an organized fashion. Each style has a particular function, although the abstract is more suited for assessing scientific rigor.",topic_4,0.04171396837342271
227,"I would prefer only the presentation. I also think that the presentation would be better for determining whether or not the experiment was well-designed. This is because the presentation made more sense to me, and I felt like it was hard to follow along in the abstract.",topic_4,4.532602469348427e-309
228,"I would prefer the presentation because I am a very visual learner. Although, i do believe reading through the abstract is the best way to determine if the experiment was designed well.",topic_4,4.58299023320623e-309
229,"I would prefer the presentation because I am a visual learner. I do better when I can see what's in front of me and not just read it. However, I think the abstract may be better at determining whether the experiment was well designed.",topic_4,4.653510674330585e-309
230,I would prefer to hear about the study using the extended abstract. It would be better to determine if it was well designed because it goes into greater depth about the set up for the experiment.,topic_4,0.02950027517327882
231,"I would prefer the presentation for a general overview because it’s more engaging and easier to follow, especially with visuals. However, the extended abstract is better for evaluating the experimental design because it includes detailed methods and rationale that support critical analysis.",topic_4,3.92259047652471e-309
232,"I would prefer the presentation because it clearly outlined the structure, purpose, and logic behind the study in an accessible way. However, the extended abstract would be better for determining whether the experiment was well designed, since it focused more on research methods, variables, and the implications of the findings in a concise, academic format.",topic_4,0.06027802550182643
233,"I would prefer the presentation because it gave a clearer picture of the results, methods, and real-world implications, making it more engaging and easier to understand. However, the extended abstract would be better for evaluating whether the experiment was well designed since it explains the structure, variables, and rationale in more detail. The abstract lays out the foundation, while the presentation builds on it with outcomes and insights.",topic_4,4.011767268219116e-309
234,If I had to hear about this study I would prefer to see the presentation. I find that the presentation is very clear and states the reasoning of the study and how it was conducted.,topic_4,0.15515320664340004
235,"If I had to pick just one, I’d rather learn about the study through the presentation because it’s more interactive and visually clear, which helps me stay focused and grasp the main ideas. But when it comes to figuring out whether the study was actually well-designed, I think the extended abstract would be more useful. It lays out the research question, the methods used, and the reasoning behind the approach in a more detailed way. Presentations tend to summarize a lot, so they might leave out important details needed to judge the quality of the experiment.",topic_4,0.060014491162546854
236,"I would prefer the presentation over the extended abstract. To me, it made the experiment feel less confusing to understand in regards to the purpose of us doing the experiment. However, because the abstract is so detailed I feel like that one would be better for determining if the experiment is well designed.",topic_4,0.022223356692855502
237,I would ask to see the presentation it made a lot more sense and I could physically see what was asked and why. The abract would be better for determing whether the experiment was well designed though.,topic_4,0.07193748069815506
238,"If I heard about this study using only the abstract or presentation, I would prefer the presentation since it had a more detailed described design of the experiment. There is something about a person speaking and explaining the information that makes the explanation of the experiment seem more well designed.",topic_4,6.174643874619026e-309
239,"I would prefer the extended abstract over the presentation. To determine if the experiment was designed well I'd also say the extended abstract since it explains the experimental design and goes into detail about methods, variables, and how the study was built off of a prior research study.",topic_4,3.904697257443355e-309
240,"I would prefer the extended abstract because it gives a good overview of the most vital information in the whole experimental process. The presentation is better for determining whether the experiment was well designed, since it explains the question at hand and every component of data collection.",topic_4,3.83753401558248e-309
241,I'd rather hear about the study through the presentation because it's easier to understand and more engaging. But the extended abstract would be better for judging if the experiment was well designed. since it gives more details about the methods and results,topic_4,4.45453003075686e-309
242,"I would prefer the presentation, because I understand the experiment more by viewing the visuals, while also getting it explained to me. I can also rewatch it as many times as needed to understand the experiment, and it provides much more details on the experiment that we do not get by just reading the extended abstract. Personally, I think the abstract gives more specific details on the design and specifically its set up, just because it is a little more simplified, but still detailed for the set up aspect, and gives the reader exactly the information they need to know in order to determine if the experiment was well design.",topic_4,0.04321085067513485
243,"I feel like the presentation provided a more clear and concise summary of the study. However, I may be biased in this opinion because I am more of a visual learner and hearing as well as seeing information is best for me.",topic_4,0.11226862003571875
244,I would much prefer the presentation simply because I am a visual and audio learn. Others might feel differently of course. The presentation has more visuals and when more complex details are explained it is so much easier to understand.,topic_4,1.101177610033398e-308
245,"I found the presentation to be more informative. I have a harder time understanding the detailed text of this nature, so the visual presentation and the highlights introduced by the presenter helped me understand the material better.",topic_4,0.10675680445686984
246,I would say one big factor would be how useful it is in determining the importance of the results. The results are all measured in a way that can fully support the hypothesis.,topic_4,0.09097075050899658
247,I would prefer the presentation because it is easier to follow along with and provides a good understanding of the study. However the abstract is nice when trying to get the fuller picture of the study as well.,topic_4,5.434197376518617e-309
248,"I would prefer the presentation. I thought it was much better for explaining the purpose of the study, as well as the methods and results.",topic_4,1.0
249,I would prefer the presentation because I feel the information was laid out more detailed and better explained when compared to the extended abstract. The abstract can be hard to understand when not super familiar with the study. The presentation allowed the information to be more clear to those who are not experts and less confusing. I think the presentation would then also help more in determining whether the experiment was well designed or not.,topic_4,0.052873097877722756
250,I would choose the presentation. It gave more visual aid to the study and understanding the different graph types.,topic_4,0.41047574133534204
251,I would prefer the presentation because it is easier for me to understand. The extended abstract would be better for looking at the design of the experiment.,topic_4,3.981990073815365e-309
252,"I think I would rather hear the presentation because it is easy to follow and understand. The presentation is laid out very well, and it is in a good order. Sometimes reading long articles can be hard to follow and understand.",topic_4,0.05139872372169749
253,I would prefer the prestentation because i am a visual all learner and would rather watch a video than read an article. I retain it a little better and i can always go back and rewatch if im confused.,topic_4,0.03773211308119684
254,The presentation. This is because the abstract feels much less personable and easier to follow. The abstract is probably better with determining whether the experiment was well designed,topic_4,4.736105378087543e-309
255,"Personally i would choose the abstract just because i enjoy reading more than watching a presentaion, but as far as the infromation goes the abstract gives a brief, but well informed summary of the study.",topic_4,4.350732376829826e-309
256,"I would prefer the presentation over the extended abstract. I think the presentation was all around more informative, easier to understand, and would be better for determining whether the experiment was well designed. Having a lot of backup information to support the experiment kept my interest and spiked my overall support for the conduction of the experiment.",topic_4,0.05553193308762032
257,"I prefer the presentation because it is able to cover mor specifics and limitations to the study. However, I believe the extended abstract went more into detail about the specific experiment performed and would be better to determine how well it was designed.",topic_4,0.03736207774060956
258,"I think I would have preferred hearing the presentation because I found it a lot more engaging than the abstract. I think the presentation language was also a lot more digestible and used general public-friendly language the abstract was more technical. I think the abstract is still more helpful for determining how well-designed the experiment was though, since it answered questions I had after the presentation.",topic_4,5.199818960960274e-309
259,I would prefer the full conference presentation over just the extended abstract. The presentation would provide much more detail that would help me better evaluate the experimental design.,topic_4,4.14808056622665e-309
260,I would prefer the presentation since I see how different the data would be when comparing bars that are in a 3-D graph and a 2-D graph. The extended abstract however provided clearer details and information about the study. This would be better when determining how well the experiment was designed. I say this because we are able to look closer at how each of the graphs was manipulated.,topic_4,0.039132420543171856
261,I prefered the presentation as it provided more visuals for me to understand and broke down each part of the experiment in more detail. I believe the delivery of the presentation was more geared towards those who have little understanding in statistics and I was able to observe how the experiment was designed and why. I appreciated having someone explain what each graph is and the purpose of this study and the Cleveland and McGill study.,topic_4,0.1038439991361148
262,I guess I would perceive that this study would have more relevance to the presentation as it makes me believe that this experiment is much more applicable in helping researchers learn how to teach better classes than helping the visually impaired.,topic_4,0.09890868658640545
263,"I would prefer the presentation. I think that maybe the abstract would be better for determining whether the design of the experiment was better because of the fact that it strictly lays out the experiment and some of what math was involved, whereas even though the presentation did that, it went more in depth about the results as well instead of just the design.",topic_4,4.914173294893913e-309
264,"I would prefer the presentation as it's more in-depth and provides a visual rather than the extended abstract. I also think the presentation would be better for determining whether the experiment was well designed for the same reason, it provides a visual for a visual study.",topic_4,0.031342873701500455
265,The think I would prefer the presentation. I thought that the presentation explained things very well and kept me interested in what was happening in the experiment. I think that the presentation would also be better for determining if the experiment was well designed.,topic_4,1.5480201203257904e-308
266,"Personally, I would've preferred the presentation as it gave a simple explanation about the experiment and what the goal of the experiment was. It gave details to what the research question was about and how the experiment was set up to find out answers to the research question.",topic_4,1.4013195830371247e-308
267,"I would want to hear about this study with only the presentation. That way, I don't feel as left in the dark about what I'm about to do and why I'm doing it. Overall, because the presentation goes more in depth, I think it would be better for determining if the experiment was designed well.",topic_4,1.0
268,I would prefer the presentation because it used more visuals and I like videos better than reading. But I think the the extended abstract contained more information about the design.,topic_4,6.119680487052163e-309
269,I would much rather prefer the presentation again because of the visuals and the ability to have someone else explain it. When determining whether the experiment was well designed or not you would certainly have to look at the abstract and all its information.,topic_4,0.0581292488172083
270,I would prefer the presentation better because it was someone talking and telling me the information. The presentation was also put together in a way that was easy to understand. The extended abstract would be better for how well the experiment was designed because it tells how the original study was put together.,topic_4,0.03955993413279065
271,I would choose to only hear about this study through the presentation. It provides much better detail about how the experiment was performed and where the idea for the experiment came from. It also included many more visuals that were very useful in understanding the study procedure.,topic_4,0.4080533552562817
272,"I personally would prefer the presentation. Compared to the abstract reading an abundance of information, it is more difficult to grasp the material.",topic_4,0.022089113680484933
273,"I personally would prefer the extended abstract because it provides exactly what the experiment is trying to study, with extra information on how it connects to the Cleveland and McGill experiment, and how the limitations are being met. I think the extended abstract is better for determining whether the experiment is well-designed. While the presentation provides an overview of 3D background and scale, I believe that the extended abstract provides more in-depth and beneficial information for the participant to accurately navigate around the limitations that the study may have between 2D and 3D graphs.",topic_4,0.04089883767418695
274,I would prefer hearing about it through the presentation. This made a lot more sense to me than reading the abstract and it also included the results. The abstract would be better for determining if the experiment was well designed because it goes into depth.,topic_4,6.42472329265264e-309
275,"I would say the presentation would be better to hear about, but if you were determining whether the experiment was well designed, I would rather hear the extended abstract.",topic_4,0.07799324571125281
276,"I would prefer hearing about the study using the abstract. I believe it provides more detail on the setup of the experiment, which is better for determining if it was well designed.",topic_4,0.07578346664323225
277,I would rather hear the presentation because it gave more information with more visuals. It allowed for time to talk about the results as well as the future progressions of the study.,topic_4,1.0
278,"An extended abstract typically provides a more comprehensive written overview of the study, including details on the research question, methodology, data collection, analysis, and results. It often includes references and citations to related literature, which can help in assessing the study's context and the soundness of the research design. This format allows for a more in-depth and critical examination of the study's methodology and the quality of the data and analysis.

Presentations, on the other hand, are often limited by time constraints and may focus more on summarizing key findings and implications, potentially leaving out some of the finer details of the research design. They are valuable for providing a quick overview and for engaging an audience, but they may not offer the same level of depth and scrutiny as an extended abstract.

So, if the goal is to determine whether an experiment was well designed, the extended abstract is usually the better choice for a more comprehensive and detailed assessment of the research methodology and its rigor. However, combining both the presentation and the extended abstract can provide a more complete understanding of the study.",topic_4,3.93673663511448e-309
279,"I liked the presentation, due to the fact that it was explained through live presentation. I think this allows me to follow along much easier.",topic_4,0.1113370439903037
280,I would like to have heard about this from the presentation over the extended abstract. However I think that the extended abstract was more informational and provided us with more background information.,topic_4,0.10238369722489146
281,I would prefer a presentation. I am more of a visual person and not interactive. I feel like the presentation would give a better insight on how the experiment was deigned.,topic_4,0.08735587126243588
282,"If I had to hear about this study I would prefer the presentation because the visual components of results helped me to better understand. However, I feel that the extended abstract provides better information for determining if the experiment was well designed because it better explains the study being replicated.",topic_4,0.044499522312088334
283,"Presentation, because it would provide more information than the abstract. 

Presentation",topic_4,0.02906214601845923
284,"I would definitely prefer the presentation because of how the information is broken down into slides. However, an extended abstract has a lot more to be picked through to determine if the experiment is designed well.",topic_4,4.065512261617764e-309
285,"If I had to hear about this study using only one source, I would prefer the video presentation. This may be because I am a visual and auditory learner, but I also had a hard time understanding what the researchers wanted us to get out of the abstract because it was so complex. With the presentation, I was able to understand step by step how the study was conducted.",topic_4,0.18782496644961763
286,"If I had to choose to hear about this study based on the extended abstract it only the presentation, I think I would prefer the extended abstract. I felt that the presentation almost made the study a little more confusing, and I like that the extended abstract is something that I was able to read on my won time at my own pace. I also feel that the abstract represents that the experiment was better designed compared tot he presentation, the abstract divides up the experiments and and explains the different sections in a more easy to understand fashion.",topic_4,0.041095172136002
287,"If I had to choose between hearing about the study using only the extended abstract or only the presentation to determine whether the experiment was well designed, I would prefer the extended abstract.

The extended abstract is typically a more detailed and structured written document that provides a comprehensive summary of the research methodology, key findings, and conclusions. It is designed to convey the essential aspects of the study in a concise manner, making it easier to scrutinize the study's design and key components.

While presentations can be engaging and informative, they often focus on summarizing key findings and may not provide as much detail on the study's design and methodology. In a presentation, the emphasis is often on delivering a clear message to a live audience, which may not delve deeply into the study's design nuance",topic_4,4.1217431797423e-309
288,I would prefer the presentation only. Although I think that the extended abstract would be better for determining whether the experiment was well designed.,topic_4,4.12456877978295e-309
289,"Again I like the presentation better mostly because it adds a more personal touch! The abstract is probably really the best was to understand the design of the experiment. However I struggle reading that kind of material. So for a participant, the video presentation was the best.",topic_4,0.04936075732023542
290,"Personally, I would prefer the presention to hear about the study. I thought they explained the experiment, and the process better. I thought that overall thee presentation covered all topics in a very well manner, and explained just the right amount of information. The extended abstract was well written, however I do just learn better from verbal explanation. I think the extended absstract would be better for determing wheather the experiment is well designed or not due to it having all the information on one document, and being able to be read quickly and provide images next to the descriptions. You can also see each aspect of the experiment on one document as well which helps deterrmine the experiments overall design!",topic_4,0.060191594974606466
291,I prefer hearing about this study using only the extended abstract. I think it provides a better summary.,topic_4,0.07026318991273203
292,I would prefer the presentation over the extended abstract. I think the abstract would give good background on the experiment but I think the presentation gives a better view on the experiment design.,topic_4,4.147702493329953e-309
293,"I would prefer the presentation, but the abstract would be more beneficial to see if the experiment was well designed.",topic_4,6.220119216499647e-309
294,"If I had to choose, I would definitely choose the presentation for a more direct and clearer overview of the study. But the extended abstract would be better for determining whether the experiment was well-designed or not.",topic_4,0.05182678842979539
295,"I would prefer the presentation. Either way, the questions posed seem more vague than not. I am inclined to learn and I feel like I am unable to comprehend some of the information while the majority is within the presentation and not as much in the extended abstract. To consolidate, the presentation.",topic_4,0.042028219230399684
296,I would go for the presentation because it's engaging and easier to follow. The extended abstract is better for evaluating the experiment's design because of the detailed summary of the methodology and results.,topic_4,3.92925533698674e-309
297,I would prefer the abstract. The reason why I would prefer the extended abstract is that it went far into detail with the methodology and it brought up it's study designs and the implications that the study will for future research and pointed out how it'll adjust next time with the 3D charts are the largely negative view of them were misguided.,topic_4,3.864821135530776e-309
298,"I personally would prefer the presentation because it offers a more condensed and direct method of providing the information, but the abstract would offer a better explanation for the experiment. The abstract could go into more details and specifics of how the experiment was designed that the presentation could not.",topic_4,4.713547176450343e-309
299,The presentation. The presentation.,topic_4,0.13393793335836396
300,"I would prefer the presentation. It is more detailed, and it explains the process a lot better.",topic_4,0.1205792983523002
301,Watching the presentation would have been better since it has a lot of the information you needed to understand the experiment. It also touch on the major subject being experimented as well as explaining it and breaking it down. I think the presentation did the job of explaining the experiment and how well it was design and how so I would've prefer the presentation over the abstract.,topic_4,5.13045520904332e-309
302,"I think that I would prefer the presentation, as not only does it highlight the experiment in steps that are easy to folloe, but it also does a good job in providing a conclusion to the experiment, as the abstract reflection did not. While listening to the presentation I was able to get a lot more out of it, and the explanations really helped my understanding even more.",topic_4,0.03899722483221893
303,The presentation because it explains it more clearly. The presentation would be better for determining if the experiment was well designed.,topic_4,0.02876502163356211
304,"The presentation was much easier to understand for me because the language was explained as we went along, I also think I am a visual and audio learner so having a narrator helped. I think if you know a lot about statistics higher level the abstract could be better, but they also didn't touch on every single variable so in that sense the presentation was better.",topic_4,0.1088041897572374
305,I believe the extended abstract is the part of the experiment I would prefer. This shows how well a experiment was designed because we are given the information how the study methods were applied to the experiment.,topic_4,3.865827708580606e-309
306,"I would prefer the presentation, as it was helpful to have a visual and audio aide to the experiments explanations. It would be more helpful as an abstract, because that explains all the data in a scientific manner.",topic_4,4.5374358866672e-309
307,I would actually probably prefer the extended abstract because I do better reading about information. I was better able to understand the purpose of the study and what the researchers were trying to accomplish. The presentation however may have done a better job at determining whether the experiment was well designed.,topic_4,0.05692497549565565
308,I think that abstract would be better for the overall experiment. The abstract was more engaging and a hands on study. This allows the participants to engage in the experiment more and learn more from the study.,topic_4,4.190893876025663e-309
309,"I prefer the spoken presentation. This is because of the visuals. Additionally, academic writing is dry so hearing someone speak the same information is always better to me. Additionally, seeing the screens from the experiment and walking through the steps was much more useful than reading those same steps in the abstract. If I were to critique the presentation I would say the speaker needed more inflection in their tones and could have spoken a bit quicker.",topic_4,5.22720290448077e-309
310,I would rather learn about it from only the presentation as opposed to only the extended abstract article. I think the presentation is both better to learn about the experiment and to know if it is well designed because it is easier to understand the nuances of this experiment when someone is explaining it to you rather than just reading it from a piece of paper.,topic_4,0.03697035436994779
311,I would prefer the presentation. I think that it is more informative and explained the design a lot better. I also better understood the execution of the experiment and why it was done the way it was done.,topic_4,0.07951778946483654
312,"Preferring the extended abstract or the presentation depends on personal learning style. However, the extended abstract is generally better for determining whether the experiment was well designed, as it likely contains more detailed information about the methodology, controls, and statistical analysis compared to a presentation, which might focus more on summarizing results and broader implications.",topic_4,0.050003372316489415
313,"The extended abstract presents important components of the study, including the research question, objectives,  methodology, findings, and implications. It provides a more thorough and organized summary of the work.",topic_4,3.959458712619727e-309
314,"I would prefer the presentation. The presentation had more visual aids involved the hearing the instructions once more, I preferred it over the abstract since it was a bit more difficult to visualize. I believe the presentation was able to go more in-depth too in a clearer manner compared to the abstract.",topic_4,6.43036658830614e-309
315,I would prefer the presentation. It is easier to follow and understand. I think the abstract is better for determining whether it was well designed.,topic_4,5.926007784368897e-309
316,I would have preferred the presentation due to the consumpablilty of the material. As it is much more easily understood with visual aids to improve my understanding.,topic_4,0.11692884619545264
317,I would prefer the presentation way more. The abstract would possibly be better for determining whether the experiment was well designed.,topic_4,5.87754079169327e-309
318,I would prefer the presentation because I feel like it went more into depth particularly in the results section of the experiment. I am more of a visual learner and the presentation provided more visuals for the results and data from the experiment. I would prefer the abstract to determine which was better designed because it went into more detail how the experiment was set up and what it was looking for.,topic_4,5.00334220012094e-309
319,I would prefer the presentation. It was easier to follow and is more fun to watch then to read the paper. I also think the video should be used for the only portion every time rather then the paper.,topic_4,1.210526840232021e-308
320,"i think reading the abstract is easier to do and takes less time, but for the sake of information i think the presentation is better. this is because it included a lot more data and visuals and went more in depth with the information.",topic_4,6.735936581029037e-309
321,"I would want to hear about it through only the presentation. It gives various visuals as well as explains the information verbally, which is easier to digest. However, the description of the experiment design is a little more detailed.",topic_4,0.4961398832437897
322,"I would've preferred the presentation, as I felt that way you got a much better understanding of what went into it and showed the effort put in making it appear more well designed to me.",topic_4,0.15461890107342238
323,"If I had to choose between hearing about this study using only the extended abstract or only the presentation, I would prefer the extended abstract. The extended abstract typically provides more detailed information about the study's methodology, variables, findings. For determining whether the experiment was well-designed, the extended abstract would be better.",topic_4,4.141910791004643e-309
324,"I would prefer to hear about the study through the presentation. Although the abstract is best for examining the data and details of the experiement design, the presentation provides a more realistic view on the experiment.",topic_4,6.542552184000354e-309
325,"Like in the last question, I think that only the presentation would be helpful just because it tells us exactly what we need to know also with visuals to help us understand by seeing and also listening at the same time. I think with the extended abstract there could be too much information that could be misleading in ways or too overwhelming for the researcher and reader.",topic_4,0.057322553515196016
326,"If I had to choose between the extended abstract and the presentation alone, I would prefer the extended abstract for a comprehensive understanding of the study's design, methodology, and results. The extended abstract would be better for determining whether the experiment was well-designed because it provides a detailed written account of the study's framework, including variables, methods, and statistical analyses, allowing for a thorough evaluation of its scientific rigor.",topic_4,3.932319146261062e-309
327,"I would like to hear about it from the presentation because it gives more specific details about the experiment. The abstract is just much broader, so it doesn't give as good of an idea to the reader as the presentation does.",topic_4,6.414132698951424e-309
328,"I think both were important in getting a good grasp on the study. However, if I had to hear about the study, I would want to use the presentation. I found it easier to follow. For determining whether the experiment was well designed I would definitely choose the abstract. The components of a well-done study were explored more in depth and with more conciseness.",topic_4,5.261726958830574e-309
329,"I would say the presentation, it provided visuals that I very much could understood by the average reader, not only that but by it being split up into parts made it very easy to follow and understand as well. While the abstract felt like information just thrown at me, making it very hard to get through and understand by the average reader.",topic_4,6.48988745123158e-309
330,"while the extended abstract is suitable for obtaining a quick overview of the study, the presentation offers a more comprehensive understanding and is better suited for assessing the design quality of the experiment. If the primary goal is to evaluate the experiment's design, attending the presentation would be the preferred option, as it provides a richer and more detailed analysis of the study's methodology and findings.",topic_4,0.01808616801441789
331,"I would prefer to hear about it through the presentation. Presentations offer direct interaction, visual aids, and verbal explanations, which can help convey complex concepts more effectively and engage the participants (us) in a dynamic way. This allows for a deeper understanding of the research and its implications compared to reading an abstract alone. The extended abstract would be more suitable for determining whether the experiment was well-designed. The abstract summarizes the study's objectives, results, and conclusions. The extended abstract formally documents the study's design and is more thorough for methodological rigor.",topic_4,4.29394502725645e-309
332,"If compelled to select, I would opt for the extended abstract, given its propensity to furnish a more exhaustive and intricate portrayal of the research endeavor. For evaluating the study's design efficacy, the extended abstract would prove superior, given its capacity to delve into the nuances of methodology, data analysis, and findings, surpassing the presentation's inclination towards succinct summarization and audience engagement.",topic_4,3.845549871003766e-309
333,"I would rather the abstract as the presentation was hard to sit through because of the cadence of the speaker’s speech; far to slow and the rhythm was hard to listen to, pausing is random spots.",topic_4,0.041581912228015015
334,"I would prefer hearing about this study through the presentation. I like how much detail it provides, and I also like the visual aids included. For determining whether the experiment was well designed, I think the abstract is better.",topic_4,6.49046061641786e-309
335,"I would prefer the abstract. It better explained what the goal of the experiment was and why it was being done. The abstract helped me understand the experiment better, but that also could have been because I read that before the presentation. I prefer the abstract.",topic_4,0.03885087667233008
336,"I would prefer the abstract, as the key points were laid out plainly and I could work through them myself. I think that overall, the presentation was better at determining whether the experiment was well designed because it went over the specifics of our experiment, and not just the overview of the original experiment and how it compared to the recreation. The presentation better explained the why in my opinion.",topic_4,5.016915313346367e-309
337,I liked the presentation better because we got to see the results and what they could mean and it did a good job of showing how it was designed.,topic_4,0.10582427972813266
338,"The extended abstract would be the one I preferred to hear about the study because I have all the information, I need to complete the study and they why behind the study. I think the presentation would be better for determining if the experiment was well designed because it gives us the results and can show how much variation there is between peoples answers.",topic_4,4.417895602126256e-309
339,I would prefer the presentation. I think the presentation would've been better because it explained the main points and also gave a visual representation compared to the abstract.,topic_4,7.07845617083587e-309
340,the presentation is what i would prefer. i liked the combination of being able to listen and see the visuals instead of just reading it.,topic_4,1.3093056378293476e-308
341,I would prefer the presentation. It goes into more depth and makes the study easier to understand.,topic_4,0.16118283478321688
342,The presentation. This is because it explains the study more in depth.,topic_4,0.20284479312414483
343,"Presentation. I feel like the presentation made so much more sense than the abstract. Not that the abstract didn't make sense, but the presentation was so easy to follow.",topic_4,0.10918943189336634
344,I would prefer the presentation since it was made for the general public to understand. The abstract is more thorough and probably better for understanding the design.,topic_4,6.014181989136124e-309
345,The presentation is what I would prefer since I find it more engaging. The extended abstract would probably be better in determining whether the experiment was well designed.,topic_4,4.02450009944665e-309
346,"Personally, I would prefer the extended abstract. It summarizes everything very well and does not have a lot of hard to understand information. To determine whether the experiment was well designed though, the presentation would be much better since it has specific details and extensive background information on everything.",topic_4,3.89546862265803e-309
347,The presentation because I learned more than in the abstract. I think both indicate the design of the experiment.,topic_4,0.12435157308295784
348,"I would prefer the abstract to determine whether the experiment was well-designed. While the presentation conveyed the information more simply, the abstract contained greater detail about experimental design.",topic_4,0.06180023912008623
349,I like the presentation better. I think someone telling you the design of the experiment and explaining it in more detail allowed me to see how well it was designed.,topic_4,1.4673488463488577e-308
350,"I would go with the presentation, it brings all of the information together and makes it easy to understand.",topic_4,0.10639112784106894
351,I would prefer the abstract. I think the abstract also would show the experiment was well designed since its laid all out right there and it was categorized making it easy to read.,topic_4,4.226344852499623e-309
352,I would rather use the presentation. the abstract might be better at determining if the experiment was designed well.,topic_4,0.05819148203444017
353,I would prefer to hear about the study using the presentation because it is in depth enough that students would understand the experiment and its purpose. I think the extended abstract would be better to determine if the experiment was well designed because it can go more in depth and might not have a time limit which could leave out some information like in the presentation.,topic_4,4.4138844557767e-309
354,"I would prefer the presentation over the abstract. The presentation was better for determining whether the experiment was well designed because it laid out all of the information, equations, and reasoning behind the experiment well.",topic_4,0.053277985175609124
355,This presentation. It can give me more information about this research.,topic_4,0.131796501981753
356,I would prefer the presentation. This way I incorporate reading the information as well as being able to watch what the presenter wants to convey.,topic_4,1.1352288220218163e-308
357,"The presentation made me feel more interested in the study and invested in it's goals, however the abstract is likely a better show of the study as it should be presented to participants and various other viewers in order to prevent introducing bias caused by too much inside information regarding how the efficacy of 3D graphics has been assessed in the past.",topic_4,0.0728980399399384
358,"I definitely like the extended abstract better, even though I thought it was not perfect. The most important thing this experience makes samples really put themselves in the program. It also give stronger abilities to collect data.",topic_4,0.03494409128584986
359,"Definitely the presentation. I watched the video, and I understood it way better because the researcher was a peer and easier to understand. And if I had watched the presentation in person, I could ask questions.",topic_4,1.031976968405742e-308
360,"I would rather hear about this study via the presentation. Hearing something told to me sticks in my brain better than reading something from a research paper. However, I do think that the abstract does a better job at explaining the experiment design.",topic_4,6.248353610361173e-309
361,"I would prefer the presentation, because I liked hearing the results more.  For determining if the experiment was well designed, I believe it would be better to read the paper since it went into more detail over the experimental design.",topic_4,0.07042665006835354
362,I would have rather only see the presentation. This is because the presentation is easier to follow through and watch rather than reading an abstract which looks at the experiment through a very scientific paper lens. People are more likely to watch a 12-minute video and take away key information then an abstract paper due to word choice and now people prefer learning through videos.,topic_4,0.0860629440823526
363,"The abstract shows a better design, but the actual participation/presentation of the study is more fun to partake in. Overall, this was an interesting study and I am glad I got to help with the data collection.",topic_4,5.868216505277497e-309
364,I think that I would prefer the presentation since the information was more condensed and gave it to me in an understanding way. If I truly wanted to determine how the good the experiment was designed I would look more into the details of the abstract.,topic_4,4.97764390528457e-309
365,I would like to hear it from the presentation video. Not only seeing the graphics but having them explained was nice. I think he did a great job conducting the video and making it clear for the audience to understand.,topic_4,0.10900947213528459
366,I would have preferred the abstract side of the study. Abstract seems to be the best option.,topic_4,0.06041086732875952
367,I would prefer the presentation. It was very informative and helped me learn more about the project than I did before. The extended abstract may be better for determining whether the experiment was well designed.,topic_4,4.083773440486663e-309
368,I would prefer the 3D one.,topic_4,0.059854737169439114
369,The extended abstract is more clear so it is more preferred. The extended abstract was better for understanding the quality of the design. It added more context as to why certain details were added.,topic_4,0.030124069463835338
370,I don't know what the extended abstract is.,topic_4,0.05927546986532578
371,"I would prefer the extended abstract. Not only was the goal of the study easy to identify, the study design and process was talked about in great detail.",topic_4,0.06500758817778703
372,The extended abstract would be better. The presentation does a good job of explaining but students would be better at determining after going through the process themselves via the extended abstract.,topic_4,0.05510788042016578
373,"I liked the presentation, it was easier to understand and I got a lot more information out of it. For determining whether the experiment was well designed I think both payed a part but maybe the abstract was better. It's hard to tell for me.",topic_4,5.476311299983293e-309
374,I would have preferred the presentation since it showed visuals and it was talked about how the kits looked like which the abstract did not. I think whether the experiment was well designed an abstract would have been better for determining whether the experiment was well designed.,topic_4,5.00706838076694e-309
375,Probably the extended abstract because it provides more for me. The presentation would be better for determining whether the experiment was well designed.,topic_4,3.919275893838795e-309
376,I think that the abstract is better because it excludes information that might change what you think and affect your results. By leaving out information this gives us better results overall and creates little bias in the study.,topic_4,4.28005367346304e-309
377,"I would prefer to hear about this from the presentation. I have a difficult time reading abstracts of studies as I have a hard time reading through them. The information presented in them, to me at least, seems to jump back and forth and I get lost. The video allows me to grasp the information exactly as the presenter intended.",topic_4,0.11444476960675405
378,I would prefer the presentation as it was more clear and emphasized the important information with visual aids and explanations,topic_4,0.095044733824314
379,only the presentation because it was designed a lot better and people could see it as a bar chart that was done right.,topic_4,0.10374809107423354
380,The presentation is much more detailed and gives a broader explanation of the intention and design of the experiment. The presentation would be much more informative for determining the quality of the experiment.,topic_4,0.09780248372462763
381,"I would prefer the presentation if I was to hear about the study, because it has more visual elements and is an easier to comprehend slide by slide. And for determining experimental design, I would also use the presentation because it goes more in dept about the experimental design in the presentation.",topic_4,0.1472326132512261
382,"I would prefer the presentation because it gives you all of the behind the scenes as well as in depth details about the experiment. I also think the presentation is better for determining whether the experiment was well deigned or not. It breaks down every component of the study, all while giving a reasoning for why everything was done the way it was. I think the more descriptive something is the better is would be to determine the greatness of the experiment design.",topic_4,1.543002837123003e-308
383,"I would prefer the presentation and it would be better for determining whether the experiment was well designed or not, it is well laid out and easy to follow along.",topic_4,0.08988684858305247
384,"I would prefer the presentation because it was well explained and the instruction was clear, also the design is well design.",topic_4,0.11729242811687218
385,I feel the presentation did a better job of giving a good overview of the project. It seemed to be a lot cleaner and a fluent description of the project.,topic_4,0.11586426562414262
386,"I would prefer the presentation. Reading the abstract makes it harder to understand the study design, and seeing the visuals of the information in the presentation really helped.",topic_4,5.518848456523675e-309
387,I would prefer the presentation. I think that it was easier to understand than the abstract. It also helped to have animations on the slides and to have things broken down into simple parts. I think that the abstract would be better for determining if the experiment was well designed because the abstract was much more thorough than the presentation.,topic_4,4.897317456857016e-309
388,I think I would prefer the abstract because I can read through it. I found the video pretty boring.,topic_4,0.04930414991480853
389,The presentation would be better. It explained the study much better than just the abstract.,topic_4,0.08938620610372017
390,I would prefer hearing it via the presentation. I believe it is much more accessible. But i think the abstract would be better for the design.,topic_4,0.039894927453529815
391,"I would prefer only the presentation because I can focus better with audio and with slides than by reading an abstract. Although, I feel that the abstract serves better to determine whether the experiment was well designed because it has more specific information about the experiment.",topic_4,4.565061300291787e-309
392,"I would prefer to hear about the study using both the extended abstract and the presentation. However, if I had to choose one, I would prefer the extended abstract for determining whether the experiment was well designed. The extended abstract provides a comprehensive overview of the study, including details about the research question, methodology, results, and conclusions. It allows for a thorough evaluation of the study's design. On the other hand, the presentation may provide additional insights through visual aids and verbal explanations, but it may not capture all the nuances of the study design as effectively as the extended abstract.",topic_4,4.069128544882154e-309
393,I would prefer the abstract. I found there studies to be much more interesting.,topic_4,0.07677929353428763
394,"Since I am a person who better understands videos and a person talks himself, I would prefer video presentation. It makes some things easier to understand than abstract. 

I would say video to determine whether the experiment was well designed because it was more detailed than the abstract.",topic_4,1.483019671527754e-308
395,"If I had to choose between hearing about the study using only the extended abstract or only the presentation, I would prefer the extended abstract. The abstract would provide a detailed and structured overview of the research question, methodology, results, and conclusions, allowing for a comprehensive understanding of the study's design and findings. While the presentation may offer visual engagement and dynamic communication, the abstract would likely be better suited for determining whether the experiment was well-designed due to its ability to convey detailed information in a written format.",topic_4,4.251003485688855e-309
396,Presentation would be my preference. I think this way is better in obtaining a comprehensive understanding of the study.,topic_4,1.0
397,"I prefer only the presentation because I feel like I can learn better from it. Also, I can understanding well when presentation beause it explain stuff clear to understanding.",topic_4,1.1418144892092104e-308
398,The presentation. It is easier to understand regarding the experiments design and purpose.,topic_4,0.07975031469617197
399,"Given the extended abstract and this presentation, I would definitely prefer the abstract. I'm not saying this to be mean but the engagement of the presentation was lacking and I lost interest almost immediately. That being said, I do think it provided a lot more in-depth details regarding the design of the study.",topic_4,0.049778813380423
400,I would prefer the presentation because it gives you more information about the experiment and what it entails.,topic_4,0.08835888579222967
401,If I had heard about this study I would have prefer using the extended abstract. Even though the presentation had more details about the experiment I enjoy reading and the abstract had the information that I needed to understant the purpose of the experiemnt faster.,topic_4,0.05498414127131404
402,"While both the extended abstract and the presentation offer valuable insights, I would prefer the extended abstract for a comprehensive understanding of the study's design and findings. The abstract typically provides more detailed information about the research methodology, results, and implications, allowing for a thorough evaluation of the experiment's design",topic_4,3.88673343801446e-309
403,"While both the extended abstract and the presentation communicate research findings, the presentation may be preferred for the way it can engage the evidence, while the extended abstract may be better for a detailed examination of the study's design and methodology.",topic_4,3.94076522397674e-309
404,I would prefer the presentation because it offers much more information. I think the presentation is better for determining whether the experiment was well designed.,topic_4,0.07459998371953992
