document_index,document,topic,probability
0,2d and 3d bar graphs because they were trying to see which way was easier to have an accurate response.,topic_0,3.715185456370745e-309
1,I think the presentation emphasized more of the reasons why they brought the study to UNL classes. I think the abstract was supposed to be more about how the study was conducted to be informational.,topic_0,0.674723127934501
2,The component that was emphasized to me was the calculations they did with the 3D graphs. They showed the results for each individual graph.,topic_0,0.07761305883171842
3,"I think one thing I noticed that was different between the abstract and presentation was that I had more of a visual representation of the study in the presentation than the abstract. Obviously, presentations are digital, so it is easier to put in pictures, but I thought that the visuals of the bar graphs and other diagrams helped me understand more about what the study was really about.",topic_0,0.8203852106055581
4,They talked about the replication of the experiment a lot more. The abstract doesn’t need to concern how close another experiment is to it considering it’s a brief overview of the paper as a whole.,topic_0,1.0
5,The components that were emphasized in the presentation that weren't emphasized in the abstract were the background of the 3D graphics and Cleveland and McGill. I think that the purpose of this experiment was to have us going in blind. I think this is because it might ruin the experiment if we knew what and why we were measuring and placing the 3D graphics in the experiment.,topic_0,0.20680129539809256
6,"One thing that I think was more emphasized in the presentation was the study design, and how the treatment combinations were set up. I think this is because for this specific experiment, there were originally 42 treatment combinations, which would not have been ideal for the subjects.",topic_0,0.8075598828535469
7,How they really wanted to replicate Clevland and McGill's study in their study. I think this was emphazied more in the presentation because as they were explaining the steps they took in this process they wanted to relate it back to how Clevland and McGill's study went and compare the two results.,topic_0,1.0
8,The presentation gave a solid background on what 3D graphics are compared to the abstract. It also gave a greater overview of what the experiment purpose was and how it was performed. I think that they gave a greater 3D background to show the accuracy of the experiment and how it was evaluated.,topic_0,0.17815440592759185
9,The results were because the presentation went into more depth and gave different ways to get better results. They also included a portion of experiential learning in the presentation meanwhile the abstract was straight to the point about all of the parts of information provided.,topic_0,0.7599568407072059
10,"The presentation definitely mentioned more of the specifics to the project; i.e. how it came to be, what the purpose was, background information, etc. I think this was because if it was mentioned in the participation, the student would just skip over it because it's boring information.",topic_0,1.0
11,"I think more of the information behind studies as a whole, rather than our study in specific. You just get a lot more details about study designing.",topic_0,0.7224958437350939
12,The reasoning behind the study was emphasized more in the presentation than in the abstract. This is because the abstract is more formal write-up and the presentation was an opportunity to share what the researchers couldn't in the abstract.,topic_0,0.7617448605264522
13,One of the things emphasized was the types of graphs. The presentation provided more through understanding what the bars meant and how they are perceived.,topic_0,0.11127496928811935
14,The thought process behind the experiment. It is easier to understand without the formalities of the abstract.,topic_0,1.0
15,The presentation emphasized visual aids that provided a more tangible demonstrations of the outcomes. It helped focus on more engaging the audience through demonstrations which might not be effective within the abstract.,topic_0,5.401206998721416e-309
16,"I feel like the study design and how they are replicating Cleveland and McGill study is described in a lot more detail. I think this is because when writing an abstract, you just give a brief summary of the study and when writing the study design you usually keep it clear and simple so readers can understand it. I think the video gives more insight into the background of how this study was conducted and he is explaining more in-depth how these were created and how they are facilitating this study.",topic_0,0.8253818790575357
17,the presentation started with a quick explanation of what the graphs were and how they are used. The abstract started with the goal of the experiment and went right into the methods section. Maybe it is because the author of the abstract already expected participants to know what 2d and 3d graphs are and have a little background in them.,topic_0,0.08753935448852677
18,"In the presentation, the results and data were properly presented in graphs and tables. In the abstract, the data was not shown just talked about. The experiments being replicated were explained better in the presentation. I understood the process of the Cleveland and McGill experiment during the presentation compared to the abstract. I also understood aspects that were being taken and implemented on the UNL students.",topic_0,0.7084560207278239
19,The components that were emphasized in the presentation was the characteristics of the study and the numbers that went all behind the study of the blocks.,topic_0,0.8572327641033267
20,"I think some of the components explaining the more mathamatical side of this study were really doven into, we got multiple new formulas that were used to explain the results. Other than that the results of the experiment were certianly more explained in this presentation. The final thing that I think was emphasized was why certian things may be happening in the results during the study, it explained some of the physcology. I think it was just easier to do so in a video where someone could explain what was going on, especially since this is the last of the post study assignments.",topic_0,0.7528206134660881
21,Some of the components that were emphasized within the presentation but not within the abstract would have to be coordinated with the predicted responses that were touched on the the presentation but not the abstract. That may have been because they felt that it was easier visually portray the group within the video instead of the abstract.,topic_0,0.8620521782594665
22,"Some things that were in the presentation and not in the abstract were the shiny app,  model, and results. I think this is because it is easier to talk about these things in a presentation then in an extended abstract. It would of made the abstract too long as well.",topic_0,0.6956129146691481
23,Some components that were emphasized in the presentation that weren't emphasized in the abstract was the background information on 3D graphs they probably didn't include this in the abstract because it wasn't really relevant information and it would make the abstract longer. They included some problems that 3D graphs have and how we should use them. It was probably easier or more relevant to put all the information in the presentation because they were explaining it to an audience and informing them what they were doing.,topic_0,0.19793509545613194
24,The background of the experiment and the way the study was created and set up were components that were emphasized more in the presentation. I think this is because the abstract was supposed to be more straight to the point whereas the presentation was more detailed.,topic_0,0.7955917160434733
25,"I think the background information on the 3D graphs and the full layout of study was not stressed nearly as much as it was in the presentation. The presentation explained more about how the shapes can look distorted making them less accurate. However, they can be very useful for other purposes. Viewing angle of the shapes to me was not emphasized in the abstract compared to how it was in the presentation. As well, the research questions being explicitly stated in the presentation was helpful. Also, just the detail and reasoning to how to study was set up.",topic_0,5.350340365597124e-309
26,"The presentation emphasized exactly what the research at the University of Nebraska was for rather than focusing on the research done by others in the past. Additionally, the presentation also focused on the results from the study with faculty members. They probably included the results in the final presentation to let us know what they learned from the experiment, and to prevent subjects from being biased while taking the experiment.",topic_0,0.8546411174024215
27,"The math behind the study, I think this is because the presentation is newer. So the study went more in-depth and focused more on math. The presentation showed the results of some of the testing and how some people over guessed/under.",topic_0,0.8417497829072638
28,In presentations emphasis may be placed on visual aids for student interaction. It wasn't emphasized in the student aid. The teacher wasn't allowed to help the student because it is just the student that needs to complete the survey because they don't know the answer.,topic_0,0.03986490495813984
29,The presentation emphasized the five different types of graphs and the point of studying them more. It also emphasized the purpose of the kits and how they were being observed in the study. The presentation also explained the Shiny app and how it was used. I think they emphasized this because it was a huge part of the study and how it was completed.,topic_0,6.275968906336e-309
30,"In the presentation, it emphasized what the study was, and the scale at which they conducted it for unl students. It also mentioned how this applies to the STATS 218 class, and how it will be used in the future to continue collecting results.",topic_0,0.3051378994576386
31,Components that were emphasized in the presentation were the results and statistics of the study. In the abstract the components that were emphasized was more so the reasoning for the study.,topic_0,1.0
32,That when a 3D graphic is presented in a 2D way it can be distorted. Other than that I am not really sure.,topic_0,3.97473268397653e-309
33,"In the presentation, it connected much more to the plan for the STAT 218 class, and talked about the plan/parts students like myself would go through. It was also much more simple talking about the history of how different graphs have been favored. This is probably because the abstract needs to remain more scientific and factual, while the presentation could be more informal and specific to students in this class.",topic_0,4.823707722144256e-309
34,The results weren’t in the abstract because they hadn’t analyzed the data yet. They also didn’t explain their exact process because an abstract is supposed to be a brief overview. They also didn’t say their future plans for the project because they might not have come up with them yet.,topic_0,1.0
35,some components that weren't emphasized in the abstract were the different angels that 3D graphs provided compared to the one view for 2D. Since we can view 3D in many perspectives our opinions could be distorted. Where 2D we can only view it one way so analyzing the data would stay consistent,topic_0,0.07602409756275849
36,"I'd say the why of the experiment. Why we/the designer wanted to pursue this information versus just the purpose of the assignment, as seen in the presentation. Learning more about the experiment has been interesting, I had never thought of a lot of the information prior.",topic_0,1.0
37,"The components emphasized why we were comparing the digital 2D graphs to both digital 3D graphs and tangible 3D graphs. I didn't really understand the point of evaluating digital 3D graphs, but the presentation mentioned how 3D graphs in excel are something that is used to show data sometimes.",topic_0,3.75093535125803e-309
38,"The presentation went more into detail about other studies and clarified the study design and purpose more clearly than the abstract. The presentation also went into the correct and incorrect options, and how the study was conducted better than the abstract, and or in a more understandable way.",topic_0,0.6278257598962307
39,"The results of the study, as well as the predicted results, were much more emphasized in the presentation than the abstract. The abstract doesn't contain the results. MI doost likely so that it doesn't spoil the experiment for anyone that wants to try something similar for themselves.",topic_0,1.0
40,"Honestly not sure what was more emphasized because the presentation talks about background, overview of the experiment, results which was also in the abstract so maybe the shiny app or future results but if I can remember correctly the abstract also talked about future results.",topic_0,0.6549437041717691
41,"Something emphasized in the presentation and not in the abstract was there was not any difference in the 2D and 3D, which was what I thought was going to happen.",topic_0,0.16271703460463355
42,it was really emphasized that each subject gave consent. It also really emphasized that re saw the same graphs many times.,topic_0,4.45980352223666e-309
43,I feel that a component that was emphasized in the presentation was the problems with 3D graphs and how to get around the graphs and how they compare to 2D charts.,topic_0,3.914476437740793e-309
44,What really stuck out to me was when they said that 3D information made 2D and vice versa can distort information. I think they didn't bring this up because it could skew how one would think about the data being presented.,topic_0,4.556583418863275e-309
45,The results of the experiment were more emphasized in the presentation. This could be a result of the abstract being written prior to it.,topic_0,0.7930227929123114
46,"The presentation was a little easier to understand. It might be because I tend to not like reading, especially when it comes to math, but having it laid out in a video form and follow through each slide was much easier for me to do so. I don't remember much of the abstract, but I feel like the presi. or presenter did a good job of emphasizing that they had to make assumptions because McGill and Cleveland's weren't exactly going to be replicated and such.",topic_0,1.0
47,The results of the study were more emphasized in the presentation than the abstract. This could be because at the time the abstract was written they didn't have sufficient results. Getting to observe the graphs of results in the presentation was helpful so I think it would have been supportive to mention any form of results in the abstract.,topic_0,0.9030148611230745
48,The reason that there was less information in the abstract is because they didn't want their participants to know exactly what they were studying so they can't sway the results. The video also has more results than the abstract.,topic_0,0.8556969655574831
49,"The presentation emphasized the results of the study and how 2D graphs ended up being the preferred graph type for people during the study, whereas the abstract was more about the study set-up. This is probably because the presentation was more about the results and the ""why"" of the study whereas the abstract wasn't.",topic_0,0.04491883797612675
50,I thought the procedure was much more detailed in the video. I think this was done because it was much easier to explain the procedure because of the utilization of the examples used in the experiment to show the participant scales.,topic_0,0.8286650773453461
51,"I felt like the components of why they actually were doing the study were focused on more. I also feel like they told us more of how it exactly was going to work and who the test subjects would be more in the presentation, this could be due to just that the presentation was an easier way to provide this information rather than in the abstracts.",topic_0,1.0
52,Some components were the amount of the treatment combinations. The subjects are too busy to have 42 different graphs to work on. They downsized the treatment to 15 treatment combinations.,topic_0,4.996256186514215e-309
53,The results of the mini experiment where more emphasized in the presentation than in the abstract as well as how students would be learning and benefiting from the experiment. I think they left the results out of the abstract because they were results from a convenience sample of people that might not reflect the general population and how we would learn from our reflections was irrelevant to the experiment itself.,topic_0,0.717318371478218
54,"The presentation emphasized visual aids, interactive elements, and engaging with the audience to make the content accessible and memorable. The abstract aimed to summarize the main findings briefly, focusing on being clear and concise without using visual aids or interactive features.",topic_0,5.20479008479686e-309
55,"The components that were emphasized in the presentation were the difference in results from the different studies that we participated in. I believe this is to give us information back on the experiment that we were a part of. As well, it described how each experiment had different outcomes for different tests.",topic_0,1.0
56,It went into more detail. It's probably different because it's the researcher talking about it versus reading about it.,topic_0,0.6749516723728232
57,"I cannot recall anything that wasn't emphasized in the abstract. I feel like they are comparable other than the history of 3D graphs, I feel there was more in the abstract.",topic_0,0.16159905850623268
58,"All the logs and ratios that were supposed to into it. I don't know how much I was able to do with this, but I had no clue that that was even a factor. Also I didn't know we could turn the graphs on our computer to see the different angles.",topic_0,0.090613872685267
59,"In the presentation, they emphasized the results of previous studies more than they did in the abstract. They also talked more about the pros and cons of using 3-D graphs. The difference between the predicted and actual results was mentioned in the presentation more than in the abstract. I think that the things that were more prevalent in the presentation were things that were easier to demonstrate in a presentation with an explantation rather than in a written text.",topic_0,0.30364322284748396
60,The presentation went into more detail on the specific concepts of the study as well as the results. The abstract was more about the procedure and purpose.,topic_0,0.6230753226683747
61,One component that was more emphasized was how they had to make assumptions before they had to make the comparisons. I also feel like they explained more of the process and also the results of the graphs and how it came to be. I think this is because its easier to explain things when you face to face with someone verses just typing it out. They were fully bale to explain everything and the process and they could do that using any amount of time they want and not have to squish it into an abstract.,topic_0,1.0
62,"I think the talking about the distortion of data when changing a 2D graph to a 3D graph. I remember when I was doing the experiment, when it was saying that these two graphs match (2D and 3D) I thought these don't look the most similar. And after reading the abstract and listening to the presentation I was correct.",topic_0,0.16138149655323175
63,How the study was randomized and what the experiment was testing. This was possibly done to reduce bias in the participants.,topic_0,0.8210665198397994
64,"With lots of information, it may overwhelm the study subjects.",topic_0,0.7163648231725288
65,"In the presentation, they talked about the results of the studies more than they did in the abstract. They talked more about the 3-D graphs, also. The presentation is easier to represent with an explanation than in the abstract.",topic_0,0.1828154514892525
66,The components that were emphasized in the presentation were why they were doing this experiment and who they based this experiment off of.,topic_0,1.0
67,"In the presentation, I believe that the actual math portion of the experiment was more emphasized. While the abstract did discuss the math components minimally, the presentation went into a lot more detail and explained the results of the experiments with more of the formulas and graphs that were utilized.",topic_0,0.7026907257492101
68,"It went more into detail with more visuals on how they are impactful to the study. In the abstract, there were not as many visuals included as in the presentation.",topic_0,0.653792011543195
69,"The presentation focused some on what they would be doing with this experiment, using it for STAT 218 classes at UNL, but the abstract didn't cover it. I think it isn't important to cover what the experiment will be used for in a learning environment, and it would be more important for the abstract to cover how the experiment was conducted and what the results could conclude.",topic_0,0.7082436240518816
70,The components that were emphasized in the presentation that weren't emphasized in the extended abstract was the statistical significance of the data and how the participants saw the ratios vs the actual ratios. I think this occurred because the abstract was more focused on the background information and the reason for the study than the actual results.,topic_0,0.8294679857799807
71,"The abstract didn't relay the results of the experiment I participated in, but gave me information on what the goal of the project is. The presentation focused more on the math behind the project, which was likely given to allow for a better grasp of the data the study produced.",topic_0,0.8808596615751689
72,This presentation emphasized results and statistical significance of the study. The abstract didn't mentioned the results of the study. This could be for many reasons. I think it is probably because of the restrictions of what can go into an abstract.,topic_0,0.9052150754317808
73,The background of the 3D graphics was majorly emphasized in the abstract video and was not in the presentation. I expect this is to reveal more information on why they chose this date formation and to develop an understanding of the study as a whole. The research question themselves were also not as emphasized in the presentation for these same reasons.,topic_0,0.1724195799580172
74,"I didn't realize that some of the background information was on the benefits and misleading uses of a 3D bar graph. I thought it was just about how close a person could guess with that the data looked like with the 3D models. I think we were kept in the dark about this because it isn't something that we cognitively think about when we take in formation. Found that to be really intriguing. 

 

I also didn't realize that an app would also take part in the experiment.",topic_0,4.67964108809229e-309
75,"The presentation gave a background on 3D versus 2D graphs, which showed why the study is relevant. This is probably due to the more open nature of the presentation, while an abstract is meant to describe the experiment itself without background information.",topic_0,0.13673193970951408
76,The abstract goes into more depth about how the graphics were made and why there was limitations on them. I think this was because its not that important to explain in the video but made more sense to put into the abstract.,topic_0,0.7790989623442854
77,Components of the pres was the main difference in the results I think its so that it wouldnt influence the people taking the expieriment,topic_0,0.5094014877544554
78,The video went into more depth about the background than the abstract. I think this is because they really wanted to make sure we understood where it came from and why. The abstract also talks about this but I just thought tit was less.,topic_0,0.6503094960992872
79,"The abstract gave us more information about the study itself, the presentation gave us more detailed information about the reason behind the study.",topic_0,0.6242529870367065
80,"The abstract had more information about the initial experiment. Assuming it follows the general outline of scientific papers, the abstract is supposed to be a brief overview of what is covered in the paper, not be a full summary.",topic_0,0.8641658547942954
81,Showing how the experiment worked in depth. The guy in the presentation explained more about this.,topic_0,1.0
82,They did not show how the bars were designed and that they were randomly generated. They also did not give us the answers as it may have effected the way that we looked at them and it could have changed our answers.,topic_0,3.557813249478074e-309
83,"Some of the components that were emphasized that weren't in the abstract was the model slide, I think that it wasn't emphasized because we never used any of the equations given and how to use it.",topic_0,1.0
84,"I noticed that the setup for the experiment was emphasized more in the presentation than in the abstract, as well as the use of the Shiny App. I think that it is due to the ability to explain better over presentation than just through words.",topic_0,0.4450201864100073
85,"I feel like just the results were better visualized to me just because I was also able to see both sides of it, and I was able to see pictures and graphs from the results of different students.",topic_0,1.0
86,I feel like the graph distribution and reasons for the different types of graphs was explained more in the presentation than in the abstract. I feel like the abstract was more of an informative piece about the results of the study. While the presentation was more of an explanation of the study and why it was set up in a certain way.,topic_0,4.79681029214561e-309
87,I would say there was a lot more information about the study in the presentation. This could be because he could explain it more when talking rather than writing,topic_0,1.0
88,I think that the components about the height were not emphasized. I think this was because they wanted to get clear data and not give away the purpose of the study.,topic_0,3.474074935353753e-309
89,"To be completely frank, before this presentation I did not understand the difference between Cleveland and Mcgill and that the whole point was Replicating them. Both the graphs show a linear progression.",topic_0,4.582844052501423e-309
90,The difference from McGills study made more sense watching the video then reading the whole extended abstract. The abstract section itself did not have enough information for me to understand what was truly being tested but the presentation made it more clear. I think the video had more space to explain everything in detail such as the participants being UNL students in stats course doing experiential learning.,topic_0,0.8018362027036561
91,"I learned more about the actual procedure in the presentation. One idea that could explain why this was for visual purposes, as it is easier to follow along when you can see something.",topic_0,1.0
92,The predicted responses were emphasized more in the presentation than in the abstract. I'm guessing that the abstract wouldn't have had the new predicated responses due to the experiment also being conducted in 2023.,topic_0,1.0
93,"Some components that were emphasized in the presentation that were not emphasized in the abstract were that in the abstract there was no mention of the program, Shiny App, used to ask paritcipants their perceptions in the experiment whereas in the presentation, the researcher highlighted the utilization of this tool as a vital component of the study.",topic_0,0.4378267615366554
94,I would say like facts that made it easier to understand. One example was at the 1/3 of the video. The man went into detail about the graphs that Cleveland and McGill used.,topic_0,0.5719961260035228
95,The differences between 2D and 3D are explained more throughout the presentation. This is the main topic of the experiment and with out the explanation of the two and how they differ and it wouldn't allow the researchers to base their conclusions off of,topic_0,0.1622895796211766
96,"The biggest part of the presentation that wasn't in the abstract were the initial results of the first set of data. I would guess this is because the results did not show any significant results, so the researchers are waiting for more data before trying to make any claims in the abstract about conclusions.",topic_0,1.0
97,"The point in the presentation more emphasized on the results of each or the different bars, compared to the abstract which explained why the bars looked the ways they did. I think that the presentation was more to show the results of the project.",topic_0,3.55996773504055e-309
98,Components that were emphasized in the presentation that wasn't emphasized in the abstract were the experiment they were basing it off of as well as study design of the experiment we participated in. I had a better understanding of the experiment our experiment was based off of and how they designed the study.,topic_0,0.8990721705434307
99,"The results were not heavily emphasized in the abstract. This is probably because the abstract is meant to provide a more general overview of the experiment, rather than a detailed explanation.",topic_0,1.0
100,How the app worked within the study. The presentation also helped clarify how the graphs work. This was because the abstract seemed to focus on why the study happened and the video better explained how it actually worked.,topic_0,1.0
101,all the ratios and I think it is because they wanted to see how the volunteers categorized each bar based on height,topic_0,3.52971110958304e-309
102,There was alot more information about why they were doing the experiment. I think that its because if you are reading the abstract you already know about the experiment whereas you would show someone the video that is learning about the project for the first time.,topic_0,0.7219625836160554
103,"Unlike the abstract, the presentation emphasizes on detailed explanation of the experiment like background of the bar graphs. Also, it informs the procedures in simpler ways.",topic_0,0.04688130332314162
104,"Even though both the presentation and the abstract both use the shiny app and have the kits available to the participants, I feel that the presentation gave a more in depth explanation of the results and what they were looking for and how to use it to achieve a result. The abstract did not go as in depth as the presentation did. we got showed p-values and standard errors in the presentation. abstract we were not given that info.",topic_0,0.6845440432366453
105,"From what i remember I do not believe the ratio was talked about in the abstract like it was in the presentation. The photo showing what was in each, helped give a visual to what was talked about, which as a visual learner I found this super helpful.",topic_0,0.21600464000087177
106,"Replicating clevlin and mcgill, I think this is becasus that doesn't need to be talked about in the abstract. The abstract should only include all your data and personal experiments.",topic_0,1.0
107,"The real evidence and more explanation about this research were provided during this video. Things such as the design of the study, information on background knowledge (more in-depth), and how their study differed from the one in the past. I think that they did this so it is more manageable, study different results using different methods, and try to make the subjects to think in different ways.",topic_0,0.7801015678320433
108,"The goal of graphical elements, types and lengths of the different graphs, the equation the bar graphs used. Each subject received 5 out of 7 of the unique ratios and each subject got 15 total ratios. The model equation they use takes a look at the judge ratio from the participant and the actual ratio (the same log ratio as Cleveland McGill). I think the reason they were emphasized in the video and not the presentation is because the abstract was kept short, with the main, important reasons being stated. The presentation we watched had more time to speak in depth and show visuals, giving the listeners a better understanding.",topic_0,0.17493329280559422
109,"I have no idea. To be honest, it felt like there actually was nothing emphasized from the way he presented because the entire thing was pretty monotone and flat. There was no way to tell if there was a particularly important or vital section.",topic_0,1.0
110,This presentation emphasized the experience of challenges of judging depth in 3D graphs more than the abstract did. Highlighting how the physical materials were created and how the 3D printed charts were used during the experiment. I think that this was done to make the presentation more relatable; making the audience become more engaged.,topic_0,3.89864528392946e-309
111,"The exact math used and how the study came to be. I think this was because the presentation was a lot more in depth than the abstract, and was more personally talking about how the study worked than writing it up scientifically.",topic_0,0.6583958168285189
112,"The presentation did a better job of showing visuals and examples of what certain graphs looked like. Maybe it was easier to show these images in the presentation, and it was probably easier to explain when talking in the presentation compared to writing the abstract.",topic_0,4.81879848239241e-309
113,"The instructions and goals of the experiment as it pertains to the respondents were more clearly stated in the oral presentation. The nature of the oral presentation and the ""lax"" nature of speaking the instructions allows for a little bit more clarity, albeit less detail, for respondents and can make data digestion a lot more possible than in the extended abstract.",topic_0,0.7109703847503833
114,The presentation talked more about how the study could be used in real life. The abstract mostly explained how the experiment was done. I think the presentation focused on the bigger picture to make it more interesting and easier for people to connect with. It helped show why the study is important.,topic_0,0.6639174574444968
115,The results were highly emphasized in the presentation much more than the abstract. The abstract did mention the results but not as in depth. I think this is because its easier to explain the results by looking at graphs rather than explaining them.,topic_0,0.791922162457914
116,"Detailed results, visualization of the data and the interpretation of the results. I think they were emphasized because the audience needs a comprehensive understanding of the study's outcome and significance.",topic_0,0.6951776634057956
117,One component that was emphasized in the presentation that wasn't emphasized in the abstract was the equations. I believe this would be to help us understand how the equation is used and the components of the equations.,topic_0,0.8490760007386998
118,"the breakdown of how many graphs each subject got to divide up the total number of graphs of all types, and ratios.",topic_0,4.613804041175624e-309
119,The components that were emphasized in the presentation and not in the abstract were the components of the experiment and how the experiment was carried out step by step. This was probably so there could be more background information about other experiments similar in the abstract and they could save the methodology for a different portion.,topic_0,1.0
120,The predicted responses were emphasized more in the presentation than in the abstract. I'm guessing that the abstract wouldn't have had the new predicated responses due to the experiment also being conducted in 2023.,topic_0,0.9785888605039555
121,"To be completely frank, before this presentation I did not understand the difference between Cleveland and Mcgill and that the whole point was Replicating them. Both the graphs show a linear progression.",topic_0,4.53672848027228e-309
122,"The point in the presentation more emphasized on the results of each or the different bars, compared to the abstract which explained why the bars looked the ways they did. I think that the presentation was more to show the results of the project.",topic_0,3.56139520924186e-309
123,"I learned more about the actual procedure in the presentation. One idea that could explain why this was for visual purposes, as it is easier to follow along when you can see something.",topic_0,1.0
124,"The biggest part of the presentation that wasn't in the abstract were the initial results of the first set of data. I would guess this is because the results did not show any significant results, so the researchers are waiting for more data before trying to make any claims in the abstract about conclusions.",topic_0,1.0
125,I would say like facts that made it easier to understand. One example was at the 1/3 of the video. The man went into detail about the graphs that Cleveland and McGill used.,topic_0,0.5717177157127056
126,I think that the components about the height were not emphasized. I think this was because they wanted to get clear data and not give away the purpose of the study.,topic_0,3.430172308900127e-309
127,"Some components that were emphasized in the presentation that were not emphasized in the abstract were that in the abstract there was no mention of the program, Shiny App, used to ask paritcipants their perceptions in the experiment whereas in the presentation, the researcher highlighted the utilization of this tool as a vital component of the study.",topic_0,0.438296828352697
128,I would say there was a lot more information about the study in the presentation. This could be because he could explain it more when talking rather than writing,topic_0,1.0
129,"I feel like just the results were better visualized to me just because I was also able to see both sides of it, and I was able to see pictures and graphs from the results of different students.",topic_0,1.0
130,I feel like the graph distribution and reasons for the different types of graphs was explained more in the presentation than in the abstract. I feel like the abstract was more of an informative piece about the results of the study. While the presentation was more of an explanation of the study and why it was set up in a certain way.,topic_0,4.82223141005363e-309
131,The difference from McGills study made more sense watching the video then reading the whole extended abstract. The abstract section itself did not have enough information for me to understand what was truly being tested but the presentation made it more clear. I think the video had more space to explain everything in detail such as the participants being UNL students in stats course doing experiential learning.,topic_0,0.8097501607532598
132,The differences between 2D and 3D are explained more throughout the presentation. This is the main topic of the experiment and with out the explanation of the two and how they differ and it wouldn't allow the researchers to base their conclusions off of,topic_0,0.16170027872032366
133,"The presentation touched on the role that STAT 218 students would play in this experiment more so, which makes sense that not all the details for that would be included in a research paper. The video also better explained how the researchers chose the equations they used. This also makes sense due to the fact that it would probably be easier to elaborate on in video/spoken vs. in a paper.",topic_0,0.7487864310982937
134,"THe reason why the graph were better physical. Also, they started to talk about the size and angel. Also the width. This is important to learn more about the study.",topic_0,4.653283499554936e-309
135,"Taking a look at the log error, emphasizing consent and identifying the student were emphasized in the presentation more than the abstract. I think it’s because the presentation allowed us a more in depth approach to the models used and analyzing the participant responses more closely.",topic_0,0.6829245581525847
136,The 3D graphs can look different from the angle that you look at them and that is the problem with the 3D graphs. I think this is the reason just with 3D graphs in general.,topic_0,0.07968395364108982
137,"The components of viewing angle, graph type, and placement of the comparison bars were more emphasized in the presentation. I think that these were not emphasized earlier to help reduce bias or cause any of the results to be skewed.",topic_0,5.470747254829986e-309
138,I think the contents of the kit were talked about more in the presentation because it is a lot easier to explain when people can look at a physical break down on the slide. I think it is because it was it was easier to dive deeper with the graphic rather than trying to explain in words.,topic_0,1.0
139,"The results were definitely a component that shone in the reflection, but would be impossible to see in the abstract, I think it is because those components are not a part of the abstract.",topic_0,0.8303665615507784
140,In the presentation they talked about all of the different combinations they had accouted for. In the abstract they didn't discuss this nearly as much. They also talked about specific log formulas in the presentation.,topic_0,0.8012251883301118
141,the presentation emphazied visual examples and detailed explanations of graph types and study design that were less prominent in the abstract. This is likely because visual aids help engage the audience and clarify complex concepts a=more effectively during a live presentation.,topic_0,5.725643134067955e-309
142,"In the presentation the reasoning behind each graph was emphasized. To prevent a biased result the graphs were not emphasized before the experiment, only after to explain the reasoning behind the experiment.",topic_0,4.73751027908326e-309
143,"The presentation likely emphasized visuals, real-world implications, and key findings more than the abstract did. It may have included charts, graphics, or anecdotes to make the content more engaging and easier to follow for a broader audience. In contrast, the abstract focused more on methods, results, and technical details to give a concise, scholarly overview.",topic_0,5.43479684840083e-309
144,"In the presentation, I like how he went over exactly how they made the study before walking us through what we were learning. I realized that calculating percent error was the goal rather than a categorical answer. I learned that they want the judged vs. true percent.",topic_0,1.0
145,"One component emphasized in the presentation was the idea that 3D graphs are more difficult for people to read. I think this point wasn’t intentionally highlighted at the start of the experiment, possibly so participants wouldn’t go into it with a bias against 3D graphs. That approach helped keep my perspective neutral while participating.",topic_0,0.04818638398663706
146,"The project aims to find out if 3D printed bar charts help people make more accurate comparisons than 2D or digital 3D charts, extending earlier research on how we perceive data in graphs. To make the project’s purpose clearer, the abstract should more directly state its main research question, why this comparison matters, and who could benefit from the findings.",topic_0,3.599295800297486e-309
147,"I noticed more of an emphasis on what the experimental process looked like, from the participants perspective included in the presentation. I feel like in a scientific abstract it's hard to go super in detail and provide pictures of the data collection website and the type of graphs students were looking at. It makes more sense for the presentation to casually include those in to show how the experiment worked overall.",topic_0,0.24918818867551598
148,Some components  that were emphasized in the presentation was the different effects and the specific results that where shown within the study and how the data was not statistically significant . while in the abstract the original study and bar graphs where showed.,topic_0,0.6427593089744429
149,"The first thing that was emphasized was the reasoning behind having 3d printed graphs, 2d graphs, and 3d graphs on a 2d screen and how it can lead to distortion of values. Also, the calculations of the results and how they used it to determine their analysis.",topic_0,3.92735032638121e-309
150,"The presentation emphasized the real-world applications and implications of the findings more than the abstract did. It also gave more attention to visual data (graphs, charts) and participant feedback, likely to keep the audience engaged and to make complex results more accessible. This makes sense because presentations are often designed for a broader audience, while abstracts are more technical and concise.",topic_0,5.363497296043915e-309
151,The components emphasized in the presentation but not the abstract were more of the background information. We got to see a lot of how the researchers thought and actually listen to one of them.,topic_0,1.0
152,I think the different graphs (2D and 3D) were more well explained and broken down in this presentation. Im not sure exactly why but maybe it is because at this point we have already done the experiment so our observations and gained knowledge now can't change or effect the answers and observations we gave during our participation in the study.,topic_0,0.09621631353435575
153,The fact that this experiment was designed to replicate Cleveland and McGill was mentioned in the presentation but not in the abstract. Another aspect that was not mentioned in the abstract but emphasized in the presentation is that the experiment is being used for experiential learning for the students at UNL. I think these details were left out to prevent participants from responding differently or looking up data beforehand.,topic_0,0.7149907430081875
154,"The presentation emphasized the rationale behind the study and explained the data visually, which the abstract didn't do. This was likely done to help the audience follow the logic and significance of the findings more effectively during a live explanation.",topic_0,0.7197875582732016
155,"The presentation emphasized the results of the experiment more so than the abstract did. This includes graphs and images that represent the experiment. I believe this is because the abstract was written prior to the completion of the experiment, whereas the presentation is a somewhat final observation.",topic_0,0.7302770782599306
156,There were more visual representations in the video than there was in the abstract which helped me understand the experiment better. I think there were more photos in the video because it is just generally more common for a video.,topic_0,0.7708713855274154
157,"Who was actually taking part in the experiment. I didn't here mention of who was actually doing the experiment, only that it could be used for teaching purposes in Stats classes.",topic_0,0.848236242069652
158,I feel as though I understood the presentation better because there were visualizations. The abstract was a bit confused to collect all of the information from.,topic_0,0.7548970727956853
159,Does having a graph in a 3d environment help more than a graph in 2d. I believe in some aspects it can help and in some aspects it could ruin.,topic_0,0.04875068310781979
160,They highlighted some things like the data and parts of the experiment. I think that they did this so that we can better understand what they did.,topic_0,1.0
161,There were more pictures of the graphs and how perspective changes the data. I think this is because it is easier to explain what is going on in the graphs when speaking than it is when writing.,topic_0,4.92258475527202e-309
162,"I think some things that were emphasized in this presentation that weren't emphasized in the abstract are the potential errors or problems within the experiment as well as the actual ""math"" or statistic information within the experiment. I also think that in the presentation they included much more about the aspect that some of the participants in the experiment were students of statistics versus those who were not.",topic_0,0.5914079984686788
163,"During the presentation the different types of graphs that we are looking at is emphasized, while it wasn't emphasized in the abstract. I believe that the reason for this is because it is easier for someone to explain on a video, rather than on paper. On a video or in person presentation people can explain specific parts of graphics, which may be harder to accomplish, while trying to maintain the brevity of the abstract article.",topic_0,5.04503540958624e-309
164,"The presentation describes how the results were gathered and interpreted. In an abstract, you do not usually describe your methods or outcomes.",topic_0,0.7788260735865881
165,"I think that how this study relates to real world topics was more emphasized in the presentation. I got the basic understanding of the experiment in the abstract, but in the presentation it talked more about what provoked this experiment and how it can be used to increase the understanding of graphs in relation to the corporate world. This is probably because it is easier to show this idea with pictures rather than with words.",topic_0,4.81436000309501e-309
166,i dont really remember the abstract but i dont remember all of the equations and explanation of some of the data. I think this is because it is easier to explain these things on video rather than words.,topic_0,0.8636627605737932
167,"The presentation emphasized visuals and clear communication more than the abstract did. That’s probably because the presentation was meant for an audience, so it needed to be more engaging and easier to understand, while the abstract was more focused on explaining the details and analysis.",topic_0,0.8356534319752585
168,The presentation talked about the linear graphs and the abstract did not. The abstract covered more of the main parts of the study where as the presentation covered everything.,topic_0,4.899064324543796e-309
169,The in-depth information about the future of the project. Also talking about the viewing angle of the graphs when changed from 3d to mapped onto 2D.,topic_0,3.995623800822585e-309
170,"The presentation really touched on the abstract, but the presentation got you to engage with what was being done in the presentation it was more focused on the visual aspect and simplified explanations, and he touched on the things and it was very easy to understand and it could also help somebody that may have not read the report the abstract really focused on the tactical and more depth details of the experiment and how it was designed this different exist because in the abstract, it's meant for an academic audience who expects the experiment to be very precise and very in-depth the presentation really focused on communicating the ideas quickly to an audience",topic_0,0.7481397987845174
171,"The presentation focused more on the actual results and what they meant, while the abstract mostly explained what the study was about. I think this happened because the presentation had more time to go into detail and show graphs or examples.",topic_0,0.7318286829676648
172,"Some things that were emphasize in the presentation that the abstract didn't was giving more information on how the models fit into the results in more detail compared to the abstract. They also talked about wanting to expand the project in the abstract, but in the presentation they already talked about the future expansions, which is most likely why there was more results discussed.",topic_0,0.7794859725009988
173,"In the presentation, he talked about how none of the results were statistically significant, but that could have been because of the small number of participants. The abstract talked a lot about the previous study and the results that came from that. I think this is because it is easier to explain unexpected results in a presentation than the abstract.",topic_0,0.8269624807613674
174,"I did not know that when converting 3D to 2D online the data or graphing can become distorted, this could skew results. Viewing angle can make a big difference because some information can get lost. Though, the viewing angle is not that much of a bid deal when viewers can interact with the converted image.",topic_0,0.08600932797387216
175,"I believe there was more emphasis on the post study reflection than I expected. The presentation component showed a deeper value of the participants reflection pieces, that the abstract didn't show quite as much interest.",topic_0,0.682592446847511
176,"In the presentation, the speaker placed more emphasis on the statistical model and interpretation of the results than in the abstract. For example, the model slide shown in the video elaborated on the variables used and the data analysis methods, which were not explained in depth in the abstract. The presentation also emphasized the practical significance and potential applications of the findings, while the abstract focused more on the background, hypothesis, and experimental design. I believe this difference exists because the abstract is intended to provide a concise overview, while the presentation is intended to explain and interpret the findings to a wider audience, including students who may not be familiar with statistical analysis. The presentation can provide visual support and real-time explanations, making it a better medium for discussing complex methods and interpretations.",topic_0,0.6943917876313737
177,"The information was emphasized more in the presentation. This is the case because instead of having to read everything, the presentation highlights the important data on the slides and the speaker gives you more insight into the information.",topic_0,0.675391237209284
178,The components that were emphasized in the presentation that weren't emphasized in the abstract was the different ratios. I think that was so we did not go about the experiment differently. I think it was a good idea since we got and examined different looks of 2D and 3D graphs it gave everyone their own experience.,topic_0,0.153612903353448
179,"The background information was limited, likely to prevent participants from knowing too much beforehand and skewing the results. This approach helps maintain the integrity and accuracy of the findings.",topic_0,0.6898564690687002
180,"I feel like the possibility of the viewing angle had not been discussed much at all, other than using the term 3-D. I think because it could have been difficult for people to understand without pictures to make it make more sense.",topic_0,0.14239684068169764
181,The objective of the experiment. I think it was because the results would be better from a blind perspective.,topic_0,0.8296924242223827
182,"In the presentation it used visuals and real world findings, when the abstract is more words. More of an analysis. The visuals and summaries from the presentation make it easier to understand. I think this is so we can think between the two.",topic_0,0.8725058198367633
183,The presentation graphed the results of the study in a easily comprehensible way. The presentation emphasized it wanted to use this study as experiential learning for stat 218 UNL students.,topic_0,0.2868766601326679
184,What was emphasized in this presentation was the position along the top of the bar charts. There goal was to replicate those bars on a linear scale.,topic_0,3.53643374040959e-309
185,The graphs were emphasized in the presentation that were not in the abstract. As well as photos of the 3D and 2D models. We did not see these in the abstract. I think this is because the abstract wanted us to reflect more but not see the whole picture. Another thing emphasized was the future experiments that would occur to answer the research question and we did not see this in the abstract because it wanted us to come up with our own ideas of things that might be worth testing.,topic_0,0.1821471697089409
186,"The presentation emphasized visuals and audience engagement, which were not included in the abstract. This is likely because presentations are meant to be more accessible, especially for viewers who may not have a research background.",topic_0,5.175171186237526e-309
187,"It was really emphasized why 3D graphs are not always a better option in the presentation. It explained that when a 3D graph gets put on to a 2D surface, the results can become distorted and hard to understand. This was only touched on briefly in the abstract.",topic_0,3.90668485890106e-309
188,The components that were emphasized in the presentation that weren't emphasized in the abstract were visual examples and key takeaways like the errors in judging graphs. I think this is because the presentation was used to explain the main points clearly and effectively.,topic_0,1.0
189,I think it focused more on the problems that were being tested. From the abstract I did not understand that the 3-D graphs were distorted when being looked at on a 2-D screen. This made more sense after watching the presentation.,topic_0,4.8659857630256e-309
190,"When explaining that they modeled their design after Cleveland and McGill, I felt that was better explained in the video. They also provided more visuals to the video to better understand what was to be expected. I think it's easier to provide visuals in a presentation than a paper without overcluttering it which is understandable.",topic_0,0.7934280429638105
191,The main information that was emphasized in the abstract was the difference in understanding of the 2D and 3D graphs that was done in a previous experiment. The main information that was said in the presentation and not the abstract was the point of view for 3D graphs. It specifically mentioned how changing the point of view for the same 3D graph can distort the data.,topic_0,0.19146114259795302
192,"The visual aids were emphasized in this study, alongside all of the interactive audience engagement in this abstract. All of the bar graphs shown i this video are very concise, but also allow the audience to visually illustrate the information being presented. Abstracts like this bring forward a lot of details that are limited to only the key aspects being shown in the research.",topic_0,5.286603971762085e-309
193,"It emphasized the visual and interactive aspects such as 3D printed models and participants engagment with them which were only briefly mentioned in the abstract. This makes sense because presentations are typically more visual and allow for real-time explanation and demonstration. On the other hand, the abstract focused more on statistical results and research goals. Abstracts are meant to be concise summaries geared toward readers seeing key finds quickly. The presentation highlighted the practical implications while the abstract prioritized precision.",topic_0,0.046103498043203475
194,"The actual methods were much better defined in the presentation, along with the purpose to help people learn, while emphasizing the role of students in the overall research outcomes.",topic_0,0.6104372793774114
195,The presentation emphasized science and statistics behind 2D and 3D environments and how perception can affect data. The abstract just detailed the basic question of interest and other parts of the study where this one went specific into the methods of the study.,topic_0,0.16143993436611054
196,"The components that were emphasized in the presentation were the details of the 3D graphs and how the study was designed. There was a lot of critical thinking which went into the design, but the design in itself is flawed. The 3D graphs are not good representations of data and deceive the viewers.",topic_0,0.044577665124463005
197,The results of the study were more greatly emphasized in the presentation compared to the abstract. This is likely because the results of the study were not yet available at the time of the abstract's publication.,topic_0,0.7452581123328689
198,I think that some components that where emphasized in the presentation that were not in the abstract is the background of this project and where it came from.  Another thing was that the presentation went into more detail about the differences between the 2-D graphs and the 3-D graphs and which one tested better.,topic_0,4.93241007056126e-309
199,"Emphasizing interaction, images, and practical application of the results—qualities not extensively addressed in the abstract—the presentation It was more palatable for a general audience since it featured well defined graphics, participant insights, and lessons learned. This is probably because abstracts are more formal and data-oriented for academic readers while presentations are supposed to show results fast and easily.",topic_0,5.195227836684987e-309
200,"The presentation emphasized visual examples, participant reactions, and practical implications more than the abstract did. This is likely because presentations aim to engage an audience and make the findings more relatable.",topic_0,5.456277082835333e-309
201,Components like detailed examples and visual aids were emphasized in the presentation for better engagement and understanding.,topic_0,0.04281712185145123
202,I think the components that were emphasized in the presentation that weren't emphasized in the abstract  are things such as the study of the design including the rations and the different combinations of such. I think this is because it would have been very confusing to include a lot of that data within the abstract and cause more struggle and confusion to the participants.,topic_0,1.0
203,"In the presentation, it emphasized visual examples of 3D graphs and how people misinterpreted them, which wasn’t as detailed in the abstract. This was likely because the presentation needed to engage the audience and make the concept easier to understand through visuals, while the abstract focused more on summarizing the data and results.",topic_0,0.20591637739577873
204,The presentation focused more on charts and what the results looked like. I think that’s because visuals help people understand faster than just reading.,topic_0,0.810521643205461
205,the presentation is just watched I seen a lot of examples and viuals to help me understand the results.,topic_0,0.7641419110734922
206,"A couple of things that were mentioned in the presentation were how this study can be used and what they can do with the results and stuff in that area. Compared to the abstract, which was looking at the results and the viewing in that area. When a person tells you something in an engaging conversation with eye contact in some cases, you will articulate this information in a better way.",topic_0,0.6679160660432795
207,The abstract explained the uses for the information from the experiment while the presentation talked more about the set-up of the experiment and how it changed. I think this is because the paper was used more to promote the experiment while the presentation just explained it to a different audience that cared more about how it was carried out.,topic_0,0.7367025117247652
208,"3-D graphs are not the best way to convey size, since the data can become distorted depending on how it is viewed or saved. 3-D vs 2-D graphs were compared in the video as compared to the article that did not discuss this comparison, as I can remember.",topic_0,0.08522488702575587
209,"The presentation revealed the step by step process, detailing the statistical reasoning rather than just the lone formula in the abstract. This may be a convenient answer on my end but since it is an ""extended abstract"" rather than an article included in perhaps a scholarly journal, it summarizes the whole process. If it was an article, the abstract would just be the background while the detailed statistic testing and reasoning, alongside all the conceptual information provided, would be discussed in the body.",topic_0,0.8160262146807402
210,The ratio and positioning of the bars we were asked to observe were emphasized more in the video. This might be because the video was less formal and could cover topics that were of more interest to the experimenter.,topic_0,0.7580425722950396
211,In the abstract there wasn’t much emphasis on the color coding of the figures. Maybe it actually wasn’t that important.,topic_0,0.22448627324238507
212,I think that the presentation emphasized the results more. I think this is because the abstract was only meant to introduce the study and not give all the information.,topic_0,0.724292787508249
213,The components that we tried to emphasize in the presentation were the different variations of non-probability sampling. This was done through us talking about it rather than the different visuals we put up.,topic_0,0.5668374812946402
214,"The methods to which the graphs and experiment were made. I found it interesting that there was a formula used to find the values in the graphs, which I'd imagine helps keep the study consistent. I think this was done to not muddy up the testing with unnecessary information.",topic_0,4.59197573131259e-309
215,"-In the presentation we saw more elements of the bar graphs themselves, specifically the study of Cleveland and McGill which was used as an example to replicate. In addition, this helped us gain more knowledge on the types of bar graphs, the ratios utilized, and why 2D and 3D graphs were equally targeted in each randomized and customized kit. Therefore, we also were able to see the results from the study, showcasing areas of gap but also the pattern found from questions of which bar was smaller and the 'size' of the bar.",topic_0,3.582022862466533e-309
216,The presentation displayed visual data and statistical analysis as its main  focus instead of the abstract which concentrated on methodology and objectives. The presentation format enables researchers to use slides  and interactive elements which help explain complex data and findings in an engaging way that audiences find easier to understand.,topic_0,0.017283627507694577
217,"The presentation emphasized the results of the study, perhaps to sum up the findings. The presentation also talked more about the application of the experiment. Since the results were known at that point, the uses of it could be discussed. The abstract focused more on the methods so other researchers could replicate it in the future.",topic_0,0.7180974450321396
218,"3d printed graphs, real life graphs vs 2d screen graphs can look different making it hard to count.",topic_0,0.051550165895219636
219,In the presentation is talked about what was in each kit in more detail. I think this is because they could show a better visual presentation on the slide,topic_0,1.0
220,I think that the presentation focused on the limitations of 3D graphs. This was integral to the study design and gave me more context as to why the study used certain models and methods.,topic_0,4.66286436297024e-309
221,"I feel like none of the components were necessarily emphasizes when I watched the video & compared it to the abstract. The abstract might've shortened or simplified some points made in the presentation. This could be to make the information more digestible to the readers / participates. I guess in the presentation pictures & diagrams where shown, while in the abstract there were mainly words. So in the presentation, it's easier to understand the conceptual ideas that the presenters were trying to get across.",topic_0,1.0
222,"Something that was emphaisized in the presentation that was not emphasized in the Abstract was the fact that it was shown that novice participants of studies tended to have more accurate results when reading 2D graphs as opposed to 3D graphs.  I think that this piece of information was left out of the Abstract because it was something that was deemed as not crucial to the understanding of this particular study, but rather was something that was just deemed as background information that would have a better place in the presentation as a whole rather than the Abstract.",topic_0,0.16280445467140894
223,"Within the video, the researcher explained that the main purpose was the understand if there was a difference for perception when comparing the two types of bar charts. The 3D chart and the 2D digitial chart showed differences, in the ability of the participant, to identify the correct differences in height, when comparing data within those graphs. I would assume that the researchers did not tell us this information, so that our answers would not be swayed, and therefore the data would have less confounding variables.",topic_0,3.642089636723145e-309
224,"More details on the history and specific factors that affect perception, such as viewing angle. There were also many more visuals in the presentation, which allowed us to see exactly what they were talking about.",topic_0,0.5659883820748236
225,"I felt that in the video, it was better explained how this experiment was used to replicate the Cleveland and McGill experiment. It was also better explained that future work is necessary moving forward to gain better generalized and potentially more significant results using Stats 218 students to participate in the study.",topic_0,0.80777994297213
226,"The presentation emphasized visual components and vocal explanations, making the content more engaging and understandable for the audience. Unlike the abstract, which concentrated on presenting major concepts in a compact fashion, the presentation included additional depth, examples, and interactivity. This distinction most likely occurs because presentations are intended to actively impart concepts to a live audience, whereas abstracts are prepared for rapid reference.",topic_0,0.049731790367149864
227,"The presentation focused more on the actual graphs than the abstract did. In the presentation, information on what the graphs were like and how they were perceived was more prominent than in the abstracts. I think this is because it might have been harder to explain in writing than by explaining with words.",topic_0,5.01302344998938e-309
228,"While both the abstract and presentation touched on replicating the study, methods, etc., however I think the abstract focused on that a little more. On the other hand, the presentation felt more personal because we were being told why the study mattered and were given some history on 3D bar graphs. The difference among the two likely because an abstract is meant to be more detailed and formal, whereas a presentation is supposed to engage the audience.",topic_0,0.8040534658974766
229,"The results and findings were talked about and emphasized more in the presentation. They were also talked about in the abstract, but not nearly as much. I think being able to talk and describe the study is easier than emphasizing the results in the abstract.",topic_0,0.7048419184233142
230,"In the presentation it was emphasized that there were 42 different treatment combinations, but this was not emphasized in the abstract. I think this is due to its relavance and being able to go more in depth in the presentation.",topic_0,0.7627251554453011
231,"The presentation emphasized real-world relevance and potential applications, such as accessibility for visually impaired users and use in education. These points were not highlighted in the abstract, likely because presentations aim to engage an audience, while abstracts are meant to summarize methodology and findings for academic readers.",topic_0,5.22584038502863e-309
232,"The presentation emphasized the structure of the experiment and the specific combination of data points more than the abstract did. This likely happened because the presentation was designed to clarify the overall purpose and design of the study for a broader audience, while the abstract focused more on summarizing findings and implications in a concise, academic format.",topic_0,0.7190333545627647
233,"The presentation emphasized the actual results and participant performance across the different chart types, which wasn’t covered in the abstract. It also highlighted unexpected findings and practical applications, like how 3D printed charts could be helpful for education or accessibility. This focus likely came later because the abstract was written before the data was analyzed, while the presentation could reflect on what the study actually revealed.",topic_0,0.18272603185003644
234,I find that the presentation highlighted how the study was performed step by step. I think that it was emphasized in the presentation because it would be easier to understand in a video than it would be in writing.,topic_0,1.0
235,"The presentation placed more emphasis on the visual and practical aspects of the 3D model, such as design choices, how the model functions, and the process behind building it. These details were shown using images or demonstrations, which helped make the content more engaging and easier to understand for the audience. In contrast, the abstract focused more on summarizing the purpose, goals, and broader implications of the project in a concise and academic way. I think this difference exists because presentations are meant to capture attention and communicate ideas clearly in a short amount of time, while abstracts are written to inform readers about the core ideas and value of the project in a formal context.",topic_0,0.7524133402959657
236,"Well for starters, the problems that can occur with 3-D graphs wasn't emphasized in the abstract merely that people think 2-D graphs are more accurate. I think that's because the focus wasn't on the problems with 3-D printing but how useful they are. If they prove to be useful- the problems don't really matter all that much. Also the abstract didn't really go into the details of the results which I'm actually not to sure of why they wouldn't.",topic_0,0.15313860028354934
237,It gave us through graphs and answers and the varieties they recieved from the test takers. It discussed the ratios a lot better than the abstract did also.,topic_0,0.7957278986234414
238,The part of the presentation that wasn't in the abstract or emphasized was the future work and how they talk about future visualizations and how this experiment might be changed in the future with different technologies.,topic_0,0.20552058022918188
239,I think the presentation did a great job of emphasizing the final results such as the differences in performances among graph types. While the abstract provided information about the beginning phases of the study.,topic_0,5.47550313881595e-309
240,"The background with the problems of 3D graphics on a 2D surface and how that impacts interpretation and data extraction. Also, the presentation gives more information regarding the experimental design and future work of the experiment, while the abstract gives a slightly detailed summary. I think that these components were emphasized more in the presentation than the abstract, because abstracts must cover all components of the experiment in the most concise way possible. The presentation gave a well-rounded backstory of important information in the experimental design.",topic_0,0.19098375183123323
241,The presentation emphasized the real-world design implications of using 3D printed charts more than abstract did. This was likely to help the audience connect the research to practical uses and make it more engaging and relatable,topic_0,3.61035062089563e-309
242,"The background was discussed in much greater detail in the presentation. The abstract we read, gave us information on the background, and explained limitations, but the presentation gave us more insight into problems, issues, and concerns, with 3D graphics. I do think that the background was not emphasized as much because it is not extremely relevant to the experiment, because it gave us the basic background that was needed for us to understand the experiment. The abstract also gave us a few details about the conclusion of the experiment, but the experiment gave us specific details into how they plan to use this conclusion in the future.",topic_0,0.2003395055868739
243,I was unaware that the questions being asked in the initial part of this experiment that we were asked to participate in were regarding an experiment that had to do with interpreting only visual data. From the way those questions were worded I was expecting this experiment to regard the difference between a scientist's and a member of the general public's ability to interpret the results of numerical data such as p-values and chi-squared analyses.,topic_0,0.8326229125311725
244,I felt the overall idea of a 3d graph was talked about in much more detail and allowed for better understanding. It is hard to describe a 3d graph in an abstract. That is why it doesn't go in as much detail.,topic_0,0.13010951306026383
245,The presentation discussed the outcomes and their significance in greater detail. I assume the abstract would not include these details so as not to influence the audience and to avoid any initial bias.,topic_0,0.8149008311737992
246,"I think different things like values, and user error could have caused the information to get lost. Just because it is using 3D graph and there can be user error.",topic_0,0.09996289483527004
247,The presentation really focused in on telling the story and what all was done to connect to the study methods. They also used a lot of charts and graphs and other visual aids. They most likely did this to make it more engaging  and easier to understand for the audience.,topic_0,1.0
248,The kits given to participants and their components were much clearer to me. This is probably because of the pictures.,topic_0,1.0
249,"The components that were emphasized in the presentation but not the abstract were just how big of a difference their study is from the original. In the presentation they explained the original study and the different combinations possible, but this was not really touched on in the abstract as it only stated what was being provided to their participants. Additionally, there are just more details about the study, methods, and materials in the presentation that are not in the abstract. I think this is because the abstract is meant to be a short synopsis of the information, while the presentation is most likely meant to give a bigger overview of what was occurring in the study.",topic_0,0.7930852462932648
250,"What data was collected and why it was collected was more emphasized in the presentation that the abstract. More information about the results of the experiment were also emphasized. This is probably so the participants have a better understand of the experiment. The presentation is more of a conclusion to the whole experiment, where the abstract is only a broad explanation.",topic_0,0.7417194450432453
251,It gave more details about how the experiment actually works and how it's conducted. The presentation was made to be that way so that the general public could understand it better.,topic_0,1.0
252,"The fact that the results for the 2D graphs were more accurate than the 3D graphs because they were a lot easier to read because ehe viewing angle can be distorted. I think that this is not mentioned a lot because there were options to take it online or in person, and that can change the results of the experiment. The way you view the graphs on a computer versus in person is very different.",topic_0,0.10913709317106293
253,He went into more of an indepth of why they used 3D graphics and how alot of studies show that 3D graphics aren't the best way to display your data. He also discussed the main problems with using 3D graphics like them not being as accurate as 2D graphics.,topic_0,0.04764439842871314
254,"The actual purpose of the study, which is to look for discrepancies in the ratios between 2d and 3d bars. This is probably because the abstract went into much more detail on the math involved.",topic_0,3.602515930757577e-309
255,"In the presentation there was a more in depth look at different graphs and results. For example, there was an elaborated graph on the different true ratios in the study.",topic_0,0.17124637220861025
256,"I think the purpose of the extended abstract was to be straight to the point and informative of the experiment itself. The presentation goes a lot more in depth when defining the purpose of the experiment, the methods, the results, and when giving examples and references.  One thing I noticed that was not in the abstract were the three assumptions that had to be used when attempting to replicate the experiment. I also didn't see results of the study in the abstract.",topic_0,0.7508792634229604
257,The difference in users (novice vs people that are familiar with reading graphs) in perception of the different graphs more emphasized in the video. Different components of the audience in general were more addressed in the presentation.,topic_0,5.68350469765228e-309
258,I think the background of why 3D models and 2D models affect perception was a lot more thorough in the presentation in the bar graph. That could also be because I am a very visual learned so seeing multiple graphs was helpful for me while listening to the explanation. I think the abstract was also based on more technical results which is why.,topic_0,0.13315284069554598
259,"The abstract focuses on high-level motivation and methods, while the presentation provided more details on the design considerations around minimizing distortion and precisely replicating prior work. There were also 15 treatment conditions per participant, which is a key experimental design detail not mentioned in the abstract. 

I assume this is due to the nature of an abstract and its purpose; it's a shorter introduction to any given study/results, doesn't include visuals, and shouldn't include results when trying to get the study published.",topic_0,0.8164335625951831
260,"The components that were emphasized were the difference between the 2-D and 3-D graphs and how much smaller the bar is. While the abstract gave more emphasis on the way the graphs were manipulated. I think that it is this way, so the participant isn't paying attention to the angle of view and the distance between bars.",topic_0,0.11441163809629706
261,"One of the biggest differences between the presentation and the abstract was the inclusion of the results. The presentation went in depth into the results and how the data was analyzed. The purpose is to give a brief summary of the study and act as an ""introduction"" to the presentation therefore, the results were not included. Also, I feel like the presentation went in more depth into the Cleveland and McGill experiment for similar reasons. The presentation allows for a more in depth analysis into the study whereas the abstract is a brief summary.",topic_0,0.7413658910912703
262,"I believe that one emphasized components in the presentation was the ability to use the data to help understand how to teach the next generation better. In the abstract, I liked the implications of helping the visually impaired.",topic_0,5.764701716912617e-309
263,"In the presentation there was a visualization of each kit that was not in the abstract, they also included many more equations in regard to the math that was involved from the study. I think this is easier to talk about than it is to write about, and are able to explain it more efficiently. Also, in an abstract, there is only a limited amount of information people want to put in there in order to not give all of the study information in the abstract itself.",topic_0,1.0
264,"The presentation emphasizes more on why the graphs are bad and most importantly, how the study is carried out. For example, what methods are being used? While the abstract simply answers why they're doing this study and the study's importance.",topic_0,4.84539472268949e-309
265,The components emphasized in the presentation were how the researchers were going to use the information from the study. This was probably not emphasized in the abstract because they wanted the results to be as natural as possible and didn't want participants knowing more about the study.,topic_0,0.7211654220994567
266,The presentation emphasized the questionnaire and how it was set up to solve a certain research question. The abstract gave us a more detailed explanation about the overall experiment and how graphs set created for the questionnaire. The abstract goes into the detail about the whole experiment while the presentation focused mostly on the questionnaire.,topic_0,0.6645617715047233
267,"A lot more about the original study was emphasized in the video. I think the purpose of an abstract is to provide a short, but conclusive summary about the study, and at that point, just referencing what the study was based off of was keeping it short and simple for participants.",topic_0,0.7297436034684078
268,Components in the presentation not in the abstract include the stats departments participation and their predicted responses for true ratios. I think that is because the sample size was small and it was more used as a test run.,topic_0,0.2241693728028376
269,there were tons of visuals in the presentation and i think this is because the abstract is more limited with space and so it is important to put as much information is that space as possible without using many visuals.,topic_0,0.8816207838638649
270,The thing that I noticed that was most emphasized was different views of a 3D graph. When he talking about it it was nice to hear that they can be viewed in different ways depending on how you look at them. Another thing that stood out to me was UNL ran it through two models to see if they found different results.,topic_0,4.621870400364763e-309
271,They emphasized the physical components of the study. In the presentation he talked about the differences and similarities between the studies they based off of and the actual study performed. He also showed and explained what type of kits were presented to the participants and why. The results and predicted results were also presented in the video. I think this is because the presentation was created after the abstract and the study was performed so they have more data.,topic_0,1.0
272,Some components that were emphasized in the presentation that were not emphasized in the abstract would be that the 2D graphs are a lot easier to compare compared to the 3D images. I think this is because ones mind can be very overwhelmed looking at the 3D images.,topic_0,0.047407455487227475
273,"I think that in the presentation the ""background on 3D graphics"" was emphasized more compared to the abstract. I think it is heavily emphasized in the presentation because it is likely easier to analyze present results with possible 3D graph limitations. In the abstract the researchers talk about limitations that can occur within the study, but more on limitations that needed to be corrected from the Cleveland and McGill study.",topic_0,0.202689209815099
274,The 3D and 2D length were emphasized in the presentation. It was also in the abstract but the abstract focused on more than just the length between the circle and triangle.,topic_0,0.1947792853571432
275,That the graphs aren't the best way to go about this experiment. The graphs could be hard to read and understand. I thi,topic_0,4.72327861401482e-309
276,"I think the design of the graphs themselves as well as the reasoning of the experiment were covered in more detail in the presentation than the abstract. This may be because the presentation is an explanation of the study for people who've taken it, while the abstract focuses on other scientists.",topic_0,0.09987978008921089
277,"The results of the study were focused in the video rather than the abstract. They found that there was no statistical difference between the 3-dimension projections versus the 2-dimension. They also found that participants underestimated their guesses more when looking at 3D. In the video, they focused on the future of the study as well.",topic_0,0.15548210730083897
278,The difference between the ratios and whether the graphs were adjacent or separated. I think this is because it is a deeper question than the original research question. It is another variable rather than the answer to our research question.,topic_0,4.65338504840237e-309
279,I think the design and background was more emphasized in the presentation.,topic_0,0.314630850219653
280,The components that were emphasized in this presentation were the experiment as a whole within this presentation. We got more background information in the presentation than in the abstract.,topic_0,1.0
281,"I feel like components like replicating weren't emphasized. I say this because there was no real focus. After doing it, it was hard for me to understand.",topic_0,0.7615291168590267
282,Components emphasized in the presentation were the purpose of the study and what was being experimented on. This was likely not emphasized in the abstract to avoid any bias or sway of decisions during the participation process.,topic_0,1.0
283,One of the things that was talked about was that the graphs were randomly assigned in order and from there they followed kind of an order. This was probably the case because they wanted an accurate version of the data,topic_0,4.324957581046717e-309
284,The future of the study/work at hand was emphasized more in the presentation because it's more timely. The abstract focused on what was going on in the study rather than the future.,topic_0,0.7238231966730228
285,A component of the presentation that wasn't emphasized in the abstract is participants were underestimating the true ratio between the larger and smaller graph. I think that this was not emphasized in the abstract because there were no results or conclusion sections. I feel that the abstract had more contents to it but was not provided to us.,topic_0,4.98652541388512e-309
286,"The presentation gave a background on 3-D graphics, I like how it included the background and went over things such as the development of graphics in Microsoft excel. The presentation went over the results of the study and how those results can be interpreted and used for students experiential learning.",topic_0,5.659129102871486e-309
287,"Presentations emphasize visual aids, verbal explanations, audience engagement, key takeaways, and contextualization. This emphasis is to make the research more engaging and understandable for a live audience, whereas abstracts provide a concise written summary.",topic_0,5.166145130123936e-309
288,The abstract did not have as much detail about the study as a whole. I think that was mainly because abstracts are generally used as small details about results instead of the experiement altogether.,topic_0,0.8111162819654537
289,"The presentation talked alot about the fact that there wasn't as much of a difference between the dimensional graphs when it came to the observations. At least not as much of a difference as was expected when they developed the experiment. I always think that the abstract is just that - an abstract writing about the facts. They are always hard for me to understand, so I liked the video presentation. It made it easier for me to understand the results as well and the idea behind the research from the beginning.",topic_0,0.08297195967162364
290,"Some components emphasized in the presentation and not the abstract was the process of how the graphs are randomized and chosen for the experimenters. This could be because iti is easier to show the graphs via presentation. They also emphaszied the importance of the future reseacrch. The abstract slightly touched this topic however the presentation discussed it in a little more detail, and how they plan on continuing it to get more results. I think this was because the experimenter can talk more about it throughout the presentation rather than the abstract because you can tell the passion that the experimenter has about continuing the experiment, and he can explain why as well which is hard to do through the abstract.",topic_0,0.1441446592192047
291,I think all components were emphasized.,topic_0,0.7674752523674497
292,The presentation emphasized the actual experiment more than what the presentation did. I think they did it this way since it fits better into the excepted format of scientific formats.,topic_0,1.0
293,Specific underlying factors.  I think the presentation didn’t have some of these because it would have been a lot of information for a presentation.  Also note that this is important because some of these factors could play a role in the study.,topic_0,0.7063735511275294
294,"It emphasized communication skills, such as making the message understandable to the audience, better engagement, and better delivery, which were not obvious to the abstract. This difference exists because presentations are designed to convey information effectively to others and make it overall better to look at.",topic_0,0.08197182330154733
295,Physical touch.,topic_0,0.8610035958456894
296,The presentation put a lot of emphasis on the results where there were different ways people see graphs. This is probably because it's important to present the results clearly for everyone to follow along and makes sure the key points stick with the audience.,topic_0,5.786244607718075e-309
297,The true distortion of 3D printed graphs on presenting data and how they can be misleading. The reason why I think is because the 3D graphs also encode information and help people that are visually impaired to help conceptualize graph information.,topic_0,0.0338097812188345
298,The results in words and graphical data were emphasized in the presentation and not the abstract because the study was not concluded. Subjects were still taking part in the study so the results were not able to be included in the abstract while this presentation was made after the study was concluded.,topic_0,0.719802956009981
299,"The  entire history of the papers and research they were expanding on. This is because it is harder for listers to pull up these paper as they do not really have hyperlinks to these experiments. 

They also went into more detail in the presentation because did not have a limit on time like they did on the size of the abstract. 

 

They also went into the results which were not touched at all in the abstract.",topic_0,0.6499664829419404
300,It emphasized the conclusion. It also discussed how the study will aid in the experiential learning of students in STATS218. It also went into detail about the process of the study.,topic_0,0.30468155174252637
301,The presentation mention that the paper didn't not mention how the other 8 graph were generated and the value that they use weren't  also giving. So they had to estimate on those values. I think it interesting that didn't mention that. It could be because the variable can change and does not equal or give them the same value if experimented again.,topic_0,4.39393432926246e-309
302,"Some components that were further emphasized in the presentmation was the results of the study, as the abstract gave a more broad view of the experiment, and how it was going to be conducted. While the abstract focuses on the methodology, results, and conclusions, the presentations often emphasize the broader impact and specific findings. I think it is that way because the presentation of this study emphasizes aspects like engagement(through examples), visual clarity (through charts), and the broader implications (what the study concluded in the end, and how this would be implemented in the future at UNL) of the study, while the abstract paper focused on providing a concise, technical summary that includes details of the methods, results, and statistical significance",topic_0,0.7131874113817381
303,The component of the exact amount of different combinations of types of charts. This could be because it didn't need to be emphasized in the abstract in order to explain how the experiment would go.,topic_0,1.0
304,I think it was interesting that they used so much of the paper to figure ratios out but focused much more on the randomization and how people would actually react. It was emphasized in the presentation as much more exact and thought about every small variable which I didn't see as much in the article (but that also could just be the language was more difficult for me to understand.),topic_0,0.7868245363330366
305,"The main component that was emphasized in the presentation was presenting the models given and visualizing the pictures. This was not emphasized in the abstract because, the abstract was providing the study methods used from the experimenters and explaining how they were applied.",topic_0,1.0
306,"The presentation emphasized neutrality on all of the models, making participants not feel more or less confident about their approximations on any of the graphs. The abstract examined the existing evidence. This is to reduce bias in participants expectations for the experiment, as it may influence their response.",topic_0,4.691478910994295e-309
307,Some components that were emphasized in the presentation were the purpose and how the information was used from the graphs. The abstract didn't quite explain how the data correlated with the graphs. The presentation did a better job of establishing a purpose and relationship.,topic_0,5.47342721650151e-309
308,One component that was emphasized in the presentation was the 3D bar graphs. This probably wasn't emphasized in the abstract because the abstract was unable to use 3D bar graphs.,topic_0,0.20901481591411847
309,"The process and method of giving the surveys were more detailed in the presentation. I felt like I better understood the 3D models and why they were doing the study because of the pictures on slides. In an abstract you can't add lots of pictures, but due to the visual nature of the project pictures are very helpful.",topic_0,5.792689324729923e-309
310,"Components that were emphasized in the abstract was more focused on the general design of the study and the methods used to conduct this study. In contrast, the presentation focuses on the specific formulas used to determine how the perceptions of 2D charts and 3D charts differ which in turn are used in order to tell if these values are statically significant. I think the presentation focuses more on these components because they are easier to understand when they are being explained in video rather than it just being written on a piece of paper.",topic_0,0.18555048399651103
311,I think that the execution of the experiment and the study that the experiment was based on was more emphasized in this presentation. I think this is because the presentation is more for students of the stats class that participated to understand the experiment and why it was being done.,topic_0,0.8897554327513821
312,"To answer this question, I need to know the specific content of both the presentation and the abstract. Without this information, I can't accurately determine which components were emphasized differently or speculate on the reasons for such emphasis.",topic_0,1.0
313,the future work,topic_0,0.22176532496057
314,"In my opinion, the study regarding Cleveland and McGill was not emphasized in the abstract compared to the presentation. Both talk about a fair share amount regarding Cleveland and McGill, but again, I believe the presentation was more clear and concise in how the data was presented, which allowed it to go more in-depth than the abstract itself.",topic_0,0.6557185075173845
315,It was emphasized more that this was a repetition of a previous study on a smaller scale. This was emphasized more in the presentation because the abstract focused on the results and the data.,topic_0,0.6855986638071575
316,The components that were emphasized more in the presentation were were the differences between the 2D and 3D graphs. The reason I believe this is as it helps explain the differences of the two more.,topic_0,0.05468123661566209
317,The components emphasized in the presentation that were not emphasized in the abstract from what I remember is the reasoning why. I think it is because the abstract has to be scientific while the presentation keeps you focused.,topic_0,1.0
318,I think the presentation went into more detail for the experiments and emphasized the odds ratio and standard error. It was also able to show more graphs from the data going more into depth than the abstracts. I think this is because the abstracts are meant to be more brief containing less of the results.,topic_0,0.6770641129494729
319,I would say,topic_0,0.5098619267307589
320,There weren't any graphs presented in the abstract like there were in the presentation. for example: the predicted responses for true ratios. i think this is because it can be hard to get your point across when there are so many lines and numbers when presenting it on paper and it is easier to be able to describe it in person.,topic_0,0.17456178773104417
321,"The presentation gave more detail into how it was done and the background of the study, as it was based on a different one.",topic_0,0.655273610097743
322,"I think they emphasized more on how they got the different graphs, like how they were made, the reasoning behind the differences in heights, and why they chose to present the graphs in the way they did. I think they did as in the abstract you can just barely touch into that, there's no real reason to dive totally into it and explain all of those details.",topic_0,4.65110038884016e-309
323,The presentation emphasized visual aspects of the graphs more than the abstract did.,topic_0,0.07213267850382106
324,"During the presentation, the more basic reasoning behind the decisions made in the study were discussed. This is most likely because it is a person talking rather than a formal paper. Also, the presentation was able to show how the experiment was conducted with the slide show.",topic_0,0.72902898076276
325,I don't think that the abstract said much about how bar graphs aren't as helpful because I honestly did not understand the abstract as much as I did the presentation. I think that this is soley because I am more of a listening learner and also more of a visual one.,topic_0,3.647064359269916e-309
326,"In the presentation, emphasis was placed on visual aids, storytelling techniques, and interactive elements to engage the audience and convey the project's essence vividly. These aspects were not as prominent in the abstract, which focused more on summarizing key findings and contributions in a concise written format. This difference likely stems from the presentation's goal of effectively communicating the project's narrative in a dynamic and memorable way, catering to a live audience's attention and understanding.",topic_0,5.148296346518494e-309
327,"The abstract focuses more on a generalized view, and the presentation is much more specific.  The presentation is easier to go into depth because he is talking over the slides instead of us just reading about the experiment.",topic_0,0.741764952758304
328,The findings were not clearly stated in the abstract. This was likely because the researchers' wanted participants to take in the information without bias and perhaps draw their own hypothesis/conclusions before knowing the true outcome of the study.,topic_0,0.7701352178312556
329,"I would say the importance in the presentation that was not identifies in the abstract could possibly be the effect of colors on how the bars are perceived not only the 3d imaging, from what I remember at least.",topic_0,0.17966488395404676
330,"The reason these components receive more emphasis in the presentation than in the abstract is primarily due to the differences in format and purpose. Abstracts are concise summaries designed to provide an overview of the research, whereas presentations offer a more dynamic platform for conveying detailed information, engaging the audience, and facilitating dialogue. Therefore, presenters leverage the presentation format to provide a richer and more interactive experience that complements the information presented in the abstract.",topic_0,5.1434294970056e-309
331,"In the presentation, there was an emphasis on engaging the audience, using visual aids effectively, and responding to feedback. This should have been explicitly emphasized in the abstract. This is because the presentation format allows for direct interaction with the audience participating. Also, the presentation allows us to address any uncertainties we have raised, which delves into a deeper understanding of this research and its implications.",topic_0,5.175902553066967e-309
332,"The presentation likely accentuated the utilization of visual representations, such as charts or graphs, to elucidate pivotal concepts with enhanced clarity, surpassing the abstract's capacity. Verbal elucidation and live engagement with the audience were similarly underscored in the presentation, yet remained absent from the abstract's confines. This emphasis underscores the imperative to directly involve the audience and furnish a more dynamic and interactive discourse during the presentation, juxtaposed with the static disposition of the written abstract.",topic_0,5.387916884907373e-309
333,"The presentation emphasized the difference between 2D, 3D physical, and 3D digital graph models while I’m sure that the experiment had something to do with gender and being able to guess the proportion of scale in percentages.",topic_0,0.11861150438937557
334,"They spoke a lot more about the Cleveland and McGill study, and also how they replicated it. I think it would have made the abstract too overwhelming, and it made more sense to discuss it in the presentation pf results.",topic_0,0.8557720117785146
335,"In the presentation, they emphasized the results and how some people's answers could have skewed the data. I think that the abstract was to explain what the experiment is, and the presentation gave the results.",topic_0,0.7837064681387615
336,"The components emphasized in the presentation were the ways in which the different graph variations differed from one another by showing the results from the experiment. While the abstract also touched on this, the presentation went more into depth on these differences. I think the presentation was set up in this way because we completed the experiment in this way, and also because we had more of an understanding of the basic components for the experiment by the time we completed the presentation assignment.",topic_0,0.13884303076330862
337,The results were emphasized in the presentation and a in depth of what they mean. They also described future planes.,topic_0,0.21308851020243846
338,"The models and results. I don't think these were emphasized in the abstract because the abstract was giving us information on why they wanted to conduct the experiment and how the experiment was completed, so if someone else wanted to participate they could. The presentation goes over the behind the scenes and how the effects of using a 2D graph versus a 3D graph.",topic_0,0.1556555403392593
339,I don't think what it was used for was really explained in the abstract and the background knowledge. I don't think it is because the abstract really just focused on how the study was designed and carried out.,topic_0,0.675647117403025
340,the results and future work were repeated. i believe this happens because they are two important pieces.,topic_0,0.7463939783372342
341,I think that the background information on the 3-D objects was very helpful. It made the reason for the study much easier to understand.,topic_0,5.02352477228564e-309
342,The thing that was emphasized in the presentation was that they were following another study's experimental design. I think this is because they wanted to say that in the presentation but it did not matter in the abstract.,topic_0,0.732164883608762
343,"In the presentation it is said how they lessened the amount of treatment combinations to accommodate the busy student. I think they did that because it is not necessarily important to the abstract, but when asked about it they need to be able to back up why.",topic_0,0.7718392050648738
344,The presentation emphasized the experimental learning aspect more than the abstract. This is likely because it was not yet thought of or not an important part to include since the abstract was for the experimental learning aspect.,topic_0,0.7817544142516297
345,It has been quite a while since we read the abstract so it’s difficult to say. I think the conclusion was emphasized more.,topic_0,0.7130806783962512
346,"The graphs and data charts that explained the findings of the experiment were emphasized in the presentation and not in the abstract. I believe this is because it is just simply not needed for an abstract, just saying that there was not much correlation is enough and having complicated data would actually make things more confusing mixed in with the other things being explained.",topic_0,0.05595698970079164
347,"I didn't really understand the reasoning behind the experiment when we were doing it, so now I have a little more context on where it came from. I also learned the difference in why we are doing it.",topic_0,1.0
348,"Not many conclusions were drawn in the abstract, but many conclusions were discussed in the presentation. This could be because the abstract was completed before the experimental data was analyzed.",topic_0,1.0
349,I think a big thing that was emphasized on the presentation was the background. I think this was emphasized so we could get a better understanding on the purpose of this project and how it came about.,topic_0,0.3448453547067251
350,The results were more emphasized in the presentation. I think this is because the results come at the end.,topic_0,0.6975531573430809
351,background information was emphasized more during the presentation than in the abstract. this was probably done because of the fact that you can go into more detail about background information in a presentation than in an abstract.,topic_0,0.8532915806157438
352,I think the components that were emphasized in the presentation was what the data showed and how the researchers came to that conclusion. I think this is because in the abstract everything is more brief because it is just a slight overview whereas the presentation can be more detailed and further analysis can be talked about.,topic_0,1.0
353,The components that were emphasized in the presentation that weren't emphasized in the abstract were the different equations that were used from the data to conclude weather the hypothesis was answered or not. This also helped to explain if the experiment collected valid data.,topic_0,1.0
354,We don't need to worried about some trouble when we using 3D objects to solve problems.,topic_0,0.16532353189050428
355,one aspect that I thought was massively made in the presentation is that a point was made that there are both benefits to 2d and 3d graphs and how we interpret them.,topic_0,3.97082132476195e-309
356,The presentation made the purpose of the study and what it aimed to do in challenging the results of studies that had shown that 3D modes of data presentation are ineffective much more clear. It is important to obscure some of this information at the outset in order to prevent introducing bias into the minds of participants. The abstract serves to present the information participants need in order to play a role in the study in the most neutral fashion as to not introduce extra variables to the study that would confound the results it produces.,topic_0,0.10849064633978546
357,I would say give more explanation of the research at the beginning of the experience. It helps people focus on what they should mention.,topic_0,0.746001818178427
358,"The origin of the experiment and paper. Because Tyler was referencing the paper and he made the experiment. Also another component that was emphasized only in the presentation was the results, because they were from a current experiment and it might have messed with our perception of the experiment before even starting it.",topic_0,1.0
359,"The results of the experiment were emphasized more in the presentation than in the abstract. This is because the purpose of the abstract is to describe the experiment design, while the presentation's purpose is to lay out the entire experiment; hypothesis, methods, results, etc.",topic_0,0.7458868547290427
360,I feel the presentation did a better job at communicating what the findings which were significant to the researchers were. I believe this is because the paper focused more on the goals of the study and the presentation focused more on the study results.,topic_0,1.0
361,The background on 3d objects was more emphasized along with replicating the Cleveland and McGill study. I think this was done to show how the UNL study was different from Cleveland's.,topic_0,0.21599300813892006
362,"The presentation focused just on the comparison of the two heights. If we knew there was an underlying study about 3d vs. 2d., then there would likely be bias.",topic_0,0.1567566950663497
363,"Like I said in the question above, I think that the presentation had a lot more focus on the results. The graphs provided in the presentation gave a good way to see what the study found.",topic_0,1.0
364,The components that weren't too emphasized were the equations and math side of the experiment. We were just told to go along with each question and do our best. I think this occurred because they didn't want us to overthink anything and give them our most raw/ best results.,topic_0,1.0
365,"The presentation aims to enhance understanding and retention through dynamic communication, while the abstract delivers essential information succinctly.",topic_0,5.03382146457393e-309
366,"There were many components in the presentation that emphasized the information about the bar graphs, that differed from the abstract. I think this is because in the presentation they talked much more in depth about the graphs and why they are they way they are.",topic_0,3.641363283727244e-309
367,"How the experiment was setup, because they do not want that to worry us and ruin the data.",topic_0,0.8424851201589494
368,The presentation emphasized how the researchers were surprised that the results did not agree with their hypothesis. I think it was due to the formality of an extended abstract report. Researchers don't usually inform audiences of their feelings around the conclusion.,topic_0,1.0
369,"Again, I don't recall having completed any ""abstract"" assignment.",topic_0,1.0
370,The predicted response times for true ratio seemed to be emphasized more in the presentation. I am not sure why.,topic_0,0.21869631284438695
371,"I'm not sure. This focused on 2-D vs 3-D graphs, as did the abstract study. I thought we would be more accurate with a 3-D model in our hands, but the simpler 2-D got better results.",topic_0,0.11141398537765389
372,The purpose of the experiment and future testing. It could've made the data gathered become biased and would've affected the findings of the testing/experiment.,topic_0,0.8332072864242738
373,It explained how they ran into the issue of having 42 treatment combinations and how they were able to make it more manageable by having each subject receive 5 of the 7. I think it was mentioned in the video because they explained the study more in-depth.,topic_0,0.7857394670876968
374,The background is a major component that was given to us in this video. I think it is so that we cannot be persuaded on how things are evaluated within this experiment.,topic_0,0.27289504319062863
375,The reason on how this experiment came to be from excel adding 3d graphs to their software and it being harder to read and not looking as exact as its 2d counterpart. I think this wasn't explained because they wanted us to best observe the graph height based on what we compared the bar to.,topic_0,3.67592952970308e-309
376,"I found it interesting that 3D scatter plots were shown in the presentation as a demonstration of what 3D graphics could look like, but not in the abstract. I believe this is because can not effectively organize information in a way that will reach the reader as intended by the presenter.",topic_0,0.1897411114014109
377,"In the presentation, visual elements such as graphs, charts, and images are often emphasized more than in the abstract. This is because presentations aim to engage the audience visually and convey key points quickly and effectively. Visual aids help to illustrate complex concepts and data, making them easier to understand and remember.",topic_0,5.739479630939493e-309
378,"that how many subjects were given visualizations, were if the bars were separated or if they were together. because if the ones were together they might be different in eye size.",topic_0,3.653277515557853e-309
379,"The comparisons that were being made, and the detailed intention of the project. This admission could mean that students would not be biased toward certain graphs, and would answer the questions in a way that best reflected their true impression of the ratios.",topic_0,4.638978865337253e-309
380,"This presentation includes more in depth information on the study design, the materials, and how data was collected. This is most likely because an abstract is supposed to be brief, and the information in the abstract was expanded on in the presentation.",topic_0,0.6426680371434359
381,They emphasized the importance of the study and how it will be beneficial to the course in the future. I think they did this because nobody wants to participate in a study that has no importance or significance.,topic_0,0.8074923127482632
382,The components that were emphasized that I noticed was the set up of the experiment. The presenter described very well about the design and why everything was done and the place is was set up in.,topic_0,0.9027232981559438
383,They mentioned that their goals was to closely replicate Cleveland and McGill and the values indicated on the paper. This is because it were not stated in the abstract.,topic_0,0.8544113960479536
384,I feel what was emphasized in the presentation were the 3D models and how exactly this study came to mind. The emphasis on the 3D graphs was very present in the presentation and I feel that it helped me understand more than the abstract.,topic_0,5.684608286720635e-309
385,"In the presentation, the background of 3D graphics was mentioned, and in the abstract it was not. I think this was the case because it is a lot easier to show how the data of a 3D graph can be distorted through a visual representation.",topic_0,0.20327259898119815
386,The presentation emphasized the study design and the importance of carrying out this study design. I think that this is because the goal of the presentation was to explain how the experiment was designed and set up so that people could get a better understanding of it.,topic_0,0.798256862160893
387,I think the results were more emphasized in the presentation than the abstract. I also think they talked more about why the results varied in the presentation.,topic_0,0.7694383261583322
388,The presentation emphasized the difference between the two 3D graphs and why both of those were used in the study. I think it's because the researchers did not want to let the participants know what exactly they were measuring for.,topic_0,0.09931019695359175
389,"I felt like the design of the study was much more emphasized in the presentation that it was in the abstract. I'm not entirely sure why, but I assume that it was because the abstract didn't have the room to go into it.",topic_0,0.8023272232118969
390,I feel like the presentation was more straight forward and easier to understand the visuals because he explained them during the presentation as he was showing them. I think this is the case because it's easier to emphasize visuals by talking about them rather than writing about them in an abstract.,topic_0,0.756576667800569
391,"In the presentation, there was more emphasis on visual aids such as charts, graphs, and images to illustrate key points and findings. Additionally, the presenter provided more detailed explanations of the methodology and results compared to what was presented in the abstract. This emphasis on visuals and detailed explanations in the presentation likely aimed to engage the audience and provide a clearer understanding of the study's complexities and implications.",topic_0,5.43225498899673e-309
392,Details. This whole experiment is much more intricate than the abstract.,topic_0,1.0
393,"I would not conclude that the presentation and abstract differed that much, but it was a good introduction with a little history about Microsoft developing bar graphs because it gave a clue about what if the deal is in generations rather than graphs themselves. Also, it talked more about how they got the results.",topic_0,3.680259541181664e-309
394,"In the presentation, emphasis was likely placed on visually engaging content, effective verbal communication, and audience interaction, which may not have been as prominent in the abstract. This emphasis is likely due to the different mediums and objectives of the presentation compared to the abstract. Presentations aim to communicate key findings in a dynamic and accessible manner, often incorporating visuals and storytelling techniques to engage the audience, while abstracts prioritize succinctly summarizing the research for readers who may not have time to delve into detailed explanations.",topic_0,5.022733179666255e-309
395,"The presentation emphasized design choices, explaining the rationale behind methodological decisions. Also discussed limitations and other aspects in way more depth.",topic_0,0.7510440662299276
396,"Try to focus on objective and menthon to learned about the emphasized to abstract. Also, I think that learning from methon is better than learning from the abstract.",topic_0,1.0
397,"That this experiment was used as experiential learning for students. 

Viewing angle was another component I don't remember learning about in the abstract.",topic_0,0.866153001548746
398,"One component that was emphasized in the presentation that wasn't emphasized in the abstract was the reasons why 3D digital graphs aren't always the best because of the distortion of the image. Another component that was more emphasized was the Cleveland and McGill studies, which provided a basis for this study. I think these components were not as heavily emphasized because it had less to do with the reasons behind the study and what they were hoping to discover through the study.",topic_0,0.20073749602444818
399,Something that was emphasized in the presentation that wasn't emphasized in the abstract was the background information on 3d graphics. I think this is because they are trying to show there reasoning behind why they did this experiment.,topic_0,0.17893516726416756
400,"One of the components that was being emphasized in the presentation that was not in the abstract was the results. While the abstract had the methods, study design, future research and implications; the presentation showed the results of the experiment.",topic_0,0.852669292418806
401,"The components that were emphasized were visuals, verbal explanation, engagement and interaction. Presentations aim to not only convey information but also to captivate and persuade the audience, making use of various techniques to achieve this goal.",topic_0,0.06653967323722051
402,"Presentations offer an opportunity to engage the audience more and provide a better look at the research compared to abstracts, which typically are focused on summarizing the key points.",topic_0,5.141318690325983e-309
403,I think they emphasized more why the study was being done. They also emphasized more of the results. I think this may be because they didn't want the results given out to change the way people respond to questions in previous parts of this experiment.,topic_0,0.8672562929414559
0,2d and 3d bar graphs because they were trying to see which way was easier to have an accurate response.,topic_1,1.0
1,I think the presentation emphasized more of the reasons why they brought the study to UNL classes. I think the abstract was supposed to be more about how the study was conducted to be informational.,topic_1,0.14743372399188578
2,The component that was emphasized to me was the calculations they did with the 3D graphs. They showed the results for each individual graph.,topic_1,0.8770746175908698
3,"I think one thing I noticed that was different between the abstract and presentation was that I had more of a visual representation of the study in the presentation than the abstract. Obviously, presentations are digital, so it is easier to put in pictures, but I thought that the visuals of the bar graphs and other diagrams helped me understand more about what the study was really about.",topic_1,0.09741157978735082
4,They talked about the replication of the experiment a lot more. The abstract doesn’t need to concern how close another experiment is to it considering it’s a brief overview of the paper as a whole.,topic_1,3.45027513480717e-309
5,The components that were emphasized in the presentation that weren't emphasized in the abstract were the background of the 3D graphics and Cleveland and McGill. I think that the purpose of this experiment was to have us going in blind. I think this is because it might ruin the experiment if we knew what and why we were measuring and placing the 3D graphics in the experiment.,topic_1,0.6734207711076998
6,"One thing that I think was more emphasized in the presentation was the study design, and how the treatment combinations were set up. I think this is because for this specific experiment, there were originally 42 treatment combinations, which would not have been ideal for the subjects.",topic_1,0.09417749755613701
7,How they really wanted to replicate Clevland and McGill's study in their study. I think this was emphazied more in the presentation because as they were explaining the steps they took in this process they wanted to relate it back to how Clevland and McGill's study went and compare the two results.,topic_1,4.563995398602247e-309
8,The presentation gave a solid background on what 3D graphics are compared to the abstract. It also gave a greater overview of what the experiment purpose was and how it was performed. I think that they gave a greater 3D background to show the accuracy of the experiment and how it was evaluated.,topic_1,0.7137929796666664
9,The results were because the presentation went into more depth and gave different ways to get better results. They also included a portion of experiential learning in the presentation meanwhile the abstract was straight to the point about all of the parts of information provided.,topic_1,0.1258234663217322
10,"The presentation definitely mentioned more of the specifics to the project; i.e. how it came to be, what the purpose was, background information, etc. I think this was because if it was mentioned in the participation, the student would just skip over it because it's boring information.",topic_1,6.20211950985235e-309
11,"I think more of the information behind studies as a whole, rather than our study in specific. You just get a lot more details about study designing.",topic_1,0.11154121238380744
12,The reasoning behind the study was emphasized more in the presentation than in the abstract. This is because the abstract is more formal write-up and the presentation was an opportunity to share what the researchers couldn't in the abstract.,topic_1,0.11628203362082802
13,One of the things emphasized was the types of graphs. The presentation provided more through understanding what the bars meant and how they are perceived.,topic_1,0.8306003664684223
14,The thought process behind the experiment. It is easier to understand without the formalities of the abstract.,topic_1,4.09070345615441e-309
15,The presentation emphasized visual aids that provided a more tangible demonstrations of the outcomes. It helped focus on more engaging the audience through demonstrations which might not be effective within the abstract.,topic_1,3.22835819163872e-309
16,"I feel like the study design and how they are replicating Cleveland and McGill study is described in a lot more detail. I think this is because when writing an abstract, you just give a brief summary of the study and when writing the study design you usually keep it clear and simple so readers can understand it. I think the video gives more insight into the background of how this study was conducted and he is explaining more in-depth how these were created and how they are facilitating this study.",topic_1,0.0930211149385591
17,the presentation started with a quick explanation of what the graphs were and how they are used. The abstract started with the goal of the experiment and went right into the methods section. Maybe it is because the author of the abstract already expected participants to know what 2d and 3d graphs are and have a little background in them.,topic_1,0.8632119631255091
18,"In the presentation, the results and data were properly presented in graphs and tables. In the abstract, the data was not shown just talked about. The experiments being replicated were explained better in the presentation. I understood the process of the Cleveland and McGill experiment during the presentation compared to the abstract. I also understood aspects that were being taken and implemented on the UNL students.",topic_1,0.1328964726436883
19,The components that were emphasized in the presentation was the characteristics of the study and the numbers that went all behind the study of the blocks.,topic_1,0.06696265345785163
20,"I think some of the components explaining the more mathamatical side of this study were really doven into, we got multiple new formulas that were used to explain the results. Other than that the results of the experiment were certianly more explained in this presentation. The final thing that I think was emphasized was why certian things may be happening in the results during the study, it explained some of the physcology. I think it was just easier to do so in a video where someone could explain what was going on, especially since this is the last of the post study assignments.",topic_1,0.13089978218401233
21,Some of the components that were emphasized within the presentation but not within the abstract would have to be coordinated with the predicted responses that were touched on the the presentation but not the abstract. That may have been because they felt that it was easier visually portray the group within the video instead of the abstract.,topic_1,0.07302931455651583
22,"Some things that were in the presentation and not in the abstract were the shiny app,  model, and results. I think this is because it is easier to talk about these things in a presentation then in an extended abstract. It would of made the abstract too long as well.",topic_1,0.1653219684851573
23,Some components that were emphasized in the presentation that weren't emphasized in the abstract was the background information on 3D graphs they probably didn't include this in the abstract because it wasn't really relevant information and it would make the abstract longer. They included some problems that 3D graphs have and how we should use them. It was probably easier or more relevant to put all the information in the presentation because they were explaining it to an audience and informing them what they were doing.,topic_1,0.6850909310267245
24,The background of the experiment and the way the study was created and set up were components that were emphasized more in the presentation. I think this is because the abstract was supposed to be more straight to the point whereas the presentation was more detailed.,topic_1,0.10838260244782703
25,"I think the background information on the 3D graphs and the full layout of study was not stressed nearly as much as it was in the presentation. The presentation explained more about how the shapes can look distorted making them less accurate. However, they can be very useful for other purposes. Viewing angle of the shapes to me was not emphasized in the abstract compared to how it was in the presentation. As well, the research questions being explicitly stated in the presentation was helpful. Also, just the detail and reasoning to how to study was set up.",topic_1,1.0
26,"The presentation emphasized exactly what the research at the University of Nebraska was for rather than focusing on the research done by others in the past. Additionally, the presentation also focused on the results from the study with faculty members. They probably included the results in the final presentation to let us know what they learned from the experiment, and to prevent subjects from being biased while taking the experiment.",topic_1,0.0713960983401888
27,"The math behind the study, I think this is because the presentation is newer. So the study went more in-depth and focused more on math. The presentation showed the results of some of the testing and how some people over guessed/under.",topic_1,0.07377610726014372
28,In presentations emphasis may be placed on visual aids for student interaction. It wasn't emphasized in the student aid. The teacher wasn't allowed to help the student because it is just the student that needs to complete the survey because they don't know the answer.,topic_1,0.022596553722921277
29,The presentation emphasized the five different types of graphs and the point of studying them more. It also emphasized the purpose of the kits and how they were being observed in the study. The presentation also explained the Shiny app and how it was used. I think they emphasized this because it was a huge part of the study and how it was completed.,topic_1,1.0
30,"In the presentation, it emphasized what the study was, and the scale at which they conducted it for unl students. It also mentioned how this applies to the STATS 218 class, and how it will be used in the future to continue collecting results.",topic_1,0.09303675716792568
31,Components that were emphasized in the presentation were the results and statistics of the study. In the abstract the components that were emphasized was more so the reasoning for the study.,topic_1,4.07257058701667e-309
32,That when a 3D graphic is presented in a 2D way it can be distorted. Other than that I am not really sure.,topic_1,1.0
33,"In the presentation, it connected much more to the plan for the STAT 218 class, and talked about the plan/parts students like myself would go through. It was also much more simple talking about the history of how different graphs have been favored. This is probably because the abstract needs to remain more scientific and factual, while the presentation could be more informal and specific to students in this class.",topic_1,1.0
34,The results weren’t in the abstract because they hadn’t analyzed the data yet. They also didn’t explain their exact process because an abstract is supposed to be a brief overview. They also didn’t say their future plans for the project because they might not have come up with them yet.,topic_1,3.1451354574052e-309
35,some components that weren't emphasized in the abstract were the different angels that 3D graphs provided compared to the one view for 2D. Since we can view 3D in many perspectives our opinions could be distorted. Where 2D we can only view it one way so analyzing the data would stay consistent,topic_1,0.8753152175294536
36,"I'd say the why of the experiment. Why we/the designer wanted to pursue this information versus just the purpose of the assignment, as seen in the presentation. Learning more about the experiment has been interesting, I had never thought of a lot of the information prior.",topic_1,4.00094007009697e-309
37,"The components emphasized why we were comparing the digital 2D graphs to both digital 3D graphs and tangible 3D graphs. I didn't really understand the point of evaluating digital 3D graphs, but the presentation mentioned how 3D graphs in excel are something that is used to show data sometimes.",topic_1,1.0
38,"The presentation went more into detail about other studies and clarified the study design and purpose more clearly than the abstract. The presentation also went into the correct and incorrect options, and how the study was conducted better than the abstract, and or in a more understandable way.",topic_1,0.14106699572562514
39,"The results of the study, as well as the predicted results, were much more emphasized in the presentation than the abstract. The abstract doesn't contain the results. MI doost likely so that it doesn't spoil the experiment for anyone that wants to try something similar for themselves.",topic_1,3.236760914530813e-309
40,"Honestly not sure what was more emphasized because the presentation talks about background, overview of the experiment, results which was also in the abstract so maybe the shiny app or future results but if I can remember correctly the abstract also talked about future results.",topic_1,0.19248328798276315
41,"Something emphasized in the presentation and not in the abstract was there was not any difference in the 2D and 3D, which was what I thought was going to happen.",topic_1,0.7318471087161684
42,it was really emphasized that each subject gave consent. It also really emphasized that re saw the same graphs many times.,topic_1,1.0
43,I feel that a component that was emphasized in the presentation was the problems with 3D graphs and how to get around the graphs and how they compare to 2D charts.,topic_1,1.0
44,What really stuck out to me was when they said that 3D information made 2D and vice versa can distort information. I think they didn't bring this up because it could skew how one would think about the data being presented.,topic_1,1.0
45,The results of the experiment were more emphasized in the presentation. This could be a result of the abstract being written prior to it.,topic_1,0.10576880186471276
46,"The presentation was a little easier to understand. It might be because I tend to not like reading, especially when it comes to math, but having it laid out in a video form and follow through each slide was much easier for me to do so. I don't remember much of the abstract, but I feel like the presi. or presenter did a good job of emphasizing that they had to make assumptions because McGill and Cleveland's weren't exactly going to be replicated and such.",topic_1,5.605552858902416e-309
47,The results of the study were more emphasized in the presentation than the abstract. This could be because at the time the abstract was written they didn't have sufficient results. Getting to observe the graphs of results in the presentation was helpful so I think it would have been supportive to mention any form of results in the abstract.,topic_1,0.0470761697966876
48,The reason that there was less information in the abstract is because they didn't want their participants to know exactly what they were studying so they can't sway the results. The video also has more results than the abstract.,topic_1,0.06750835940742604
49,"The presentation emphasized the results of the study and how 2D graphs ended up being the preferred graph type for people during the study, whereas the abstract was more about the study set-up. This is probably because the presentation was more about the results and the ""why"" of the study whereas the abstract wasn't.",topic_1,0.9303923564656265
50,I thought the procedure was much more detailed in the video. I think this was done because it was much easier to explain the procedure because of the utilization of the examples used in the experiment to show the participant scales.,topic_1,0.09363165424850495
51,"I felt like the components of why they actually were doing the study were focused on more. I also feel like they told us more of how it exactly was going to work and who the test subjects would be more in the presentation, this could be due to just that the presentation was an easier way to provide this information rather than in the abstracts.",topic_1,4.887286414673245e-309
52,Some components were the amount of the treatment combinations. The subjects are too busy to have 42 different graphs to work on. They downsized the treatment to 15 treatment combinations.,topic_1,1.0
53,The results of the mini experiment where more emphasized in the presentation than in the abstract as well as how students would be learning and benefiting from the experiment. I think they left the results out of the abstract because they were results from a convenience sample of people that might not reflect the general population and how we would learn from our reflections was irrelevant to the experiment itself.,topic_1,0.14782882456194704
54,"The presentation emphasized visual aids, interactive elements, and engaging with the audience to make the content accessible and memorable. The abstract aimed to summarize the main findings briefly, focusing on being clear and concise without using visual aids or interactive features.",topic_1,3.116190107651043e-309
55,"The components that were emphasized in the presentation were the difference in results from the different studies that we participated in. I believe this is to give us information back on the experiment that we were a part of. As well, it described how each experiment had different outcomes for different tests.",topic_1,4.031420464044413e-309
56,It went into more detail. It's probably different because it's the researcher talking about it versus reading about it.,topic_1,0.1358821260423059
57,"I cannot recall anything that wasn't emphasized in the abstract. I feel like they are comparable other than the history of 3D graphs, I feel there was more in the abstract.",topic_1,0.7394034172710076
58,"All the logs and ratios that were supposed to into it. I don't know how much I was able to do with this, but I had no clue that that was even a factor. Also I didn't know we could turn the graphs on our computer to see the different angles.",topic_1,0.8590234403389589
59,"In the presentation, they emphasized the results of previous studies more than they did in the abstract. They also talked more about the pros and cons of using 3-D graphs. The difference between the predicted and actual results was mentioned in the presentation more than in the abstract. I think that the things that were more prevalent in the presentation were things that were easier to demonstrate in a presentation with an explantation rather than in a written text.",topic_1,0.19748152442757688
60,The presentation went into more detail on the specific concepts of the study as well as the results. The abstract was more about the procedure and purpose.,topic_1,0.13941276387648607
61,One component that was more emphasized was how they had to make assumptions before they had to make the comparisons. I also feel like they explained more of the process and also the results of the graphs and how it came to be. I think this is because its easier to explain things when you face to face with someone verses just typing it out. They were fully bale to explain everything and the process and they could do that using any amount of time they want and not have to squish it into an abstract.,topic_1,6.176451090288293e-309
62,"I think the talking about the distortion of data when changing a 2D graph to a 3D graph. I remember when I was doing the experiment, when it was saying that these two graphs match (2D and 3D) I thought these don't look the most similar. And after reading the abstract and listening to the presentation I was correct.",topic_1,0.7413972167175416
63,How the study was randomized and what the experiment was testing. This was possibly done to reduce bias in the participants.,topic_1,0.08630775032787305
64,"With lots of information, it may overwhelm the study subjects.",topic_1,0.10388090885428396
65,"In the presentation, they talked about the results of the studies more than they did in the abstract. They talked more about the 3-D graphs, also. The presentation is easier to represent with an explanation than in the abstract.",topic_1,0.4952208010333124
66,The components that were emphasized in the presentation were why they were doing this experiment and who they based this experiment off of.,topic_1,3.98682563037092e-309
67,"In the presentation, I believe that the actual math portion of the experiment was more emphasized. While the abstract did discuss the math components minimally, the presentation went into a lot more detail and explained the results of the experiments with more of the formulas and graphs that were utilized.",topic_1,0.16478652531712737
68,"It went more into detail with more visuals on how they are impactful to the study. In the abstract, there were not as many visuals included as in the presentation.",topic_1,0.14248093904625145
69,"The presentation focused some on what they would be doing with this experiment, using it for STAT 218 classes at UNL, but the abstract didn't cover it. I think it isn't important to cover what the experiment will be used for in a learning environment, and it would be more important for the abstract to cover how the experiment was conducted and what the results could conclude.",topic_1,0.15295282461335455
70,The components that were emphasized in the presentation that weren't emphasized in the extended abstract was the statistical significance of the data and how the participants saw the ratios vs the actual ratios. I think this occurred because the abstract was more focused on the background information and the reason for the study than the actual results.,topic_1,0.08749252368890093
71,"The abstract didn't relay the results of the experiment I participated in, but gave me information on what the goal of the project is. The presentation focused more on the math behind the project, which was likely given to allow for a better grasp of the data the study produced.",topic_1,0.06170884711570415
72,This presentation emphasized results and statistical significance of the study. The abstract didn't mentioned the results of the study. This could be for many reasons. I think it is probably because of the restrictions of what can go into an abstract.,topic_1,0.04435520331575003
73,The background of the 3D graphics was majorly emphasized in the abstract video and was not in the presentation. I expect this is to reveal more information on why they chose this date formation and to develop an understanding of the study as a whole. The research question themselves were also not as emphasized in the presentation for these same reasons.,topic_1,0.7226731034480567
74,"I didn't realize that some of the background information was on the benefits and misleading uses of a 3D bar graph. I thought it was just about how close a person could guess with that the data looked like with the 3D models. I think we were kept in the dark about this because it isn't something that we cognitively think about when we take in formation. Found that to be really intriguing. 

 

I also didn't realize that an app would also take part in the experiment.",topic_1,1.0
75,"The presentation gave a background on 3D versus 2D graphs, which showed why the study is relevant. This is probably due to the more open nature of the presentation, while an abstract is meant to describe the experiment itself without background information.",topic_1,0.7837869822042143
76,The abstract goes into more depth about how the graphics were made and why there was limitations on them. I think this was because its not that important to explain in the video but made more sense to put into the abstract.,topic_1,0.1270630793922149
77,Components of the pres was the main difference in the results I think its so that it wouldnt influence the people taking the expieriment,topic_1,0.1423729507868726
78,The video went into more depth about the background than the abstract. I think this is because they really wanted to make sure we understood where it came from and why. The abstract also talks about this but I just thought tit was less.,topic_1,0.12928815347262718
79,"The abstract gave us more information about the study itself, the presentation gave us more detailed information about the reason behind the study.",topic_1,0.13950455199482087
80,"The abstract had more information about the initial experiment. Assuming it follows the general outline of scientific papers, the abstract is supposed to be a brief overview of what is covered in the paper, not be a full summary.",topic_1,0.06895181128316313
81,Showing how the experiment worked in depth. The guy in the presentation explained more about this.,topic_1,4.00584867568685e-309
82,They did not show how the bars were designed and that they were randomly generated. They also did not give us the answers as it may have effected the way that we looked at them and it could have changed our answers.,topic_1,1.0
83,"Some of the components that were emphasized that weren't in the abstract was the model slide, I think that it wasn't emphasized because we never used any of the equations given and how to use it.",topic_1,4.6093199160947e-309
84,"I noticed that the setup for the experiment was emphasized more in the presentation than in the abstract, as well as the use of the Shiny App. I think that it is due to the ability to explain better over presentation than just through words.",topic_1,0.2099508274369224
85,"I feel like just the results were better visualized to me just because I was also able to see both sides of it, and I was able to see pictures and graphs from the results of different students.",topic_1,6.10196770175065e-309
86,I feel like the graph distribution and reasons for the different types of graphs was explained more in the presentation than in the abstract. I feel like the abstract was more of an informative piece about the results of the study. While the presentation was more of an explanation of the study and why it was set up in a certain way.,topic_1,1.0
87,I would say there was a lot more information about the study in the presentation. This could be because he could explain it more when talking rather than writing,topic_1,4.67742065413624e-309
88,I think that the components about the height were not emphasized. I think this was because they wanted to get clear data and not give away the purpose of the study.,topic_1,1.0
89,"To be completely frank, before this presentation I did not understand the difference between Cleveland and Mcgill and that the whole point was Replicating them. Both the graphs show a linear progression.",topic_1,1.0
90,The difference from McGills study made more sense watching the video then reading the whole extended abstract. The abstract section itself did not have enough information for me to understand what was truly being tested but the presentation made it more clear. I think the video had more space to explain everything in detail such as the participants being UNL students in stats course doing experiential learning.,topic_1,0.10549369418285973
91,"I learned more about the actual procedure in the presentation. One idea that could explain why this was for visual purposes, as it is easier to follow along when you can see something.",topic_1,5.457544186947137e-309
92,The predicted responses were emphasized more in the presentation than in the abstract. I'm guessing that the abstract wouldn't have had the new predicated responses due to the experiment also being conducted in 2023.,topic_1,3.172423257983846e-309
93,"Some components that were emphasized in the presentation that were not emphasized in the abstract were that in the abstract there was no mention of the program, Shiny App, used to ask paritcipants their perceptions in the experiment whereas in the presentation, the researcher highlighted the utilization of this tool as a vital component of the study.",topic_1,0.2153639759576831
94,I would say like facts that made it easier to understand. One example was at the 1/3 of the video. The man went into detail about the graphs that Cleveland and McGill used.,topic_1,0.1638946819902703
95,The differences between 2D and 3D are explained more throughout the presentation. This is the main topic of the experiment and with out the explanation of the two and how they differ and it wouldn't allow the researchers to base their conclusions off of,topic_1,0.732784683818462
96,"The biggest part of the presentation that wasn't in the abstract were the initial results of the first set of data. I would guess this is because the results did not show any significant results, so the researchers are waiting for more data before trying to make any claims in the abstract about conclusions.",topic_1,3.140161950587995e-309
97,"The point in the presentation more emphasized on the results of each or the different bars, compared to the abstract which explained why the bars looked the ways they did. I think that the presentation was more to show the results of the project.",topic_1,1.0
98,Components that were emphasized in the presentation that wasn't emphasized in the abstract were the experiment they were basing it off of as well as study design of the experiment we participated in. I had a better understanding of the experiment our experiment was based off of and how they designed the study.,topic_1,0.05065247786517743
99,"The results were not heavily emphasized in the abstract. This is probably because the abstract is meant to provide a more general overview of the experiment, rather than a detailed explanation.",topic_1,3.37464662827799e-309
100,How the app worked within the study. The presentation also helped clarify how the graphs work. This was because the abstract seemed to focus on why the study happened and the video better explained how it actually worked.,topic_1,5.310739344460155e-309
101,all the ratios and I think it is because they wanted to see how the volunteers categorized each bar based on height,topic_1,1.0
102,There was alot more information about why they were doing the experiment. I think that its because if you are reading the abstract you already know about the experiment whereas you would show someone the video that is learning about the project for the first time.,topic_1,0.15529680801165488
103,"Unlike the abstract, the presentation emphasizes on detailed explanation of the experiment like background of the bar graphs. Also, it informs the procedures in simpler ways.",topic_1,0.927985174442263
104,"Even though both the presentation and the abstract both use the shiny app and have the kits available to the participants, I feel that the presentation gave a more in depth explanation of the results and what they were looking for and how to use it to achieve a result. The abstract did not go as in depth as the presentation did. we got showed p-values and standard errors in the presentation. abstract we were not given that info.",topic_1,0.16777837650913097
105,"From what i remember I do not believe the ratio was talked about in the abstract like it was in the presentation. The photo showing what was in each, helped give a visual to what was talked about, which as a visual learner I found this super helpful.",topic_1,0.6899244601717656
106,"Replicating clevlin and mcgill, I think this is becasus that doesn't need to be talked about in the abstract. The abstract should only include all your data and personal experiments.",topic_1,3.342305247875477e-309
107,"The real evidence and more explanation about this research were provided during this video. Things such as the design of the study, information on background knowledge (more in-depth), and how their study differed from the one in the past. I think that they did this so it is more manageable, study different results using different methods, and try to make the subjects to think in different ways.",topic_1,0.10433541146138997
108,"The goal of graphical elements, types and lengths of the different graphs, the equation the bar graphs used. Each subject received 5 out of 7 of the unique ratios and each subject got 15 total ratios. The model equation they use takes a look at the judge ratio from the participant and the actual ratio (the same log ratio as Cleveland McGill). I think the reason they were emphasized in the video and not the presentation is because the abstract was kept short, with the main, important reasons being stated. The presentation we watched had more time to speak in depth and show visuals, giving the listeners a better understanding.",topic_1,0.7490061383448914
109,"I have no idea. To be honest, it felt like there actually was nothing emphasized from the way he presented because the entire thing was pretty monotone and flat. There was no way to tell if there was a particularly important or vital section.",topic_1,4.667712251246227e-309
110,This presentation emphasized the experience of challenges of judging depth in 3D graphs more than the abstract did. Highlighting how the physical materials were created and how the 3D printed charts were used during the experiment. I think that this was done to make the presentation more relatable; making the audience become more engaged.,topic_1,1.0
111,"The exact math used and how the study came to be. I think this was because the presentation was a lot more in depth than the abstract, and was more personally talking about how the study worked than writing it up scientifically.",topic_1,0.15067750519526008
112,"The presentation did a better job of showing visuals and examples of what certain graphs looked like. Maybe it was easier to show these images in the presentation, and it was probably easier to explain when talking in the presentation compared to writing the abstract.",topic_1,1.0
113,"The instructions and goals of the experiment as it pertains to the respondents were more clearly stated in the oral presentation. The nature of the oral presentation and the ""lax"" nature of speaking the instructions allows for a little bit more clarity, albeit less detail, for respondents and can make data digestion a lot more possible than in the extended abstract.",topic_1,0.12308019359878654
114,The presentation talked more about how the study could be used in real life. The abstract mostly explained how the experiment was done. I think the presentation focused on the bigger picture to make it more interesting and easier for people to connect with. It helped show why the study is important.,topic_1,0.15499662200056655
115,The results were highly emphasized in the presentation much more than the abstract. The abstract did mention the results but not as in depth. I think this is because its easier to explain the results by looking at graphs rather than explaining them.,topic_1,0.10964205595155628
116,"Detailed results, visualization of the data and the interpretation of the results. I think they were emphasized because the audience needs a comprehensive understanding of the study's outcome and significance.",topic_1,0.1258020417543562
117,One component that was emphasized in the presentation that wasn't emphasized in the abstract was the equations. I believe this would be to help us understand how the equation is used and the components of the equations.,topic_1,0.06483095920968648
118,"the breakdown of how many graphs each subject got to divide up the total number of graphs of all types, and ratios.",topic_1,1.0
119,The components that were emphasized in the presentation and not in the abstract were the components of the experiment and how the experiment was carried out step by step. This was probably so there could be more background information about other experiments similar in the abstract and they could save the methodology for a different portion.,topic_1,4.2315084709804e-309
120,The predicted responses were emphasized more in the presentation than in the abstract. I'm guessing that the abstract wouldn't have had the new predicated responses due to the experiment also being conducted in 2023.,topic_1,0.01059342321823835
121,"To be completely frank, before this presentation I did not understand the difference between Cleveland and Mcgill and that the whole point was Replicating them. Both the graphs show a linear progression.",topic_1,1.0
122,"The point in the presentation more emphasized on the results of each or the different bars, compared to the abstract which explained why the bars looked the ways they did. I think that the presentation was more to show the results of the project.",topic_1,1.0
123,"I learned more about the actual procedure in the presentation. One idea that could explain why this was for visual purposes, as it is easier to follow along when you can see something.",topic_1,5.470655478669254e-309
124,"The biggest part of the presentation that wasn't in the abstract were the initial results of the first set of data. I would guess this is because the results did not show any significant results, so the researchers are waiting for more data before trying to make any claims in the abstract about conclusions.",topic_1,3.15805328596304e-309
125,I would say like facts that made it easier to understand. One example was at the 1/3 of the video. The man went into detail about the graphs that Cleveland and McGill used.,topic_1,0.1641194279664067
126,I think that the components about the height were not emphasized. I think this was because they wanted to get clear data and not give away the purpose of the study.,topic_1,1.0
127,"Some components that were emphasized in the presentation that were not emphasized in the abstract were that in the abstract there was no mention of the program, Shiny App, used to ask paritcipants their perceptions in the experiment whereas in the presentation, the researcher highlighted the utilization of this tool as a vital component of the study.",topic_1,0.21498181820665938
128,I would say there was a lot more information about the study in the presentation. This could be because he could explain it more when talking rather than writing,topic_1,4.72878341601726e-309
129,"I feel like just the results were better visualized to me just because I was also able to see both sides of it, and I was able to see pictures and graphs from the results of different students.",topic_1,6.08516062138449e-309
130,I feel like the graph distribution and reasons for the different types of graphs was explained more in the presentation than in the abstract. I feel like the abstract was more of an informative piece about the results of the study. While the presentation was more of an explanation of the study and why it was set up in a certain way.,topic_1,1.0
131,The difference from McGills study made more sense watching the video then reading the whole extended abstract. The abstract section itself did not have enough information for me to understand what was truly being tested but the presentation made it more clear. I think the video had more space to explain everything in detail such as the participants being UNL students in stats course doing experiential learning.,topic_1,0.10188165640460985
132,The differences between 2D and 3D are explained more throughout the presentation. This is the main topic of the experiment and with out the explanation of the two and how they differ and it wouldn't allow the researchers to base their conclusions off of,topic_1,0.7336557308550434
133,"The presentation touched on the role that STAT 218 students would play in this experiment more so, which makes sense that not all the details for that would be included in a research paper. The video also better explained how the researchers chose the equations they used. This also makes sense due to the fact that it would probably be easier to elaborate on in video/spoken vs. in a paper.",topic_1,0.13233926554915895
134,"THe reason why the graph were better physical. Also, they started to talk about the size and angel. Also the width. This is important to learn more about the study.",topic_1,1.0
135,"Taking a look at the log error, emphasizing consent and identifying the student were emphasized in the presentation more than the abstract. I think it’s because the presentation allowed us a more in depth approach to the models used and analyzing the participant responses more closely.",topic_1,0.13960119011025635
136,The 3D graphs can look different from the angle that you look at them and that is the problem with the 3D graphs. I think this is the reason just with 3D graphs in general.,topic_1,0.8696527478862139
137,"The components of viewing angle, graph type, and placement of the comparison bars were more emphasized in the presentation. I think that these were not emphasized earlier to help reduce bias or cause any of the results to be skewed.",topic_1,1.0
138,I think the contents of the kit were talked about more in the presentation because it is a lot easier to explain when people can look at a physical break down on the slide. I think it is because it was it was easier to dive deeper with the graphic rather than trying to explain in words.,topic_1,6.06538247545978e-309
139,"The results were definitely a component that shone in the reflection, but would be impossible to see in the abstract, I think it is because those components are not a part of the abstract.",topic_1,0.08704765486531955
140,In the presentation they talked about all of the different combinations they had accouted for. In the abstract they didn't discuss this nearly as much. They also talked about specific log formulas in the presentation.,topic_1,0.10515864273457715
141,the presentation emphazied visual examples and detailed explanations of graph types and study design that were less prominent in the abstract. This is likely because visual aids help engage the audience and clarify complex concepts a=more effectively during a live presentation.,topic_1,3.293092026117446e-309
142,"In the presentation the reasoning behind each graph was emphasized. To prevent a biased result the graphs were not emphasized before the experiment, only after to explain the reasoning behind the experiment.",topic_1,1.0
143,"The presentation likely emphasized visuals, real-world implications, and key findings more than the abstract did. It may have included charts, graphics, or anecdotes to make the content more engaging and easier to follow for a broader audience. In contrast, the abstract focused more on methods, results, and technical details to give a concise, scholarly overview.",topic_1,3.09043794861821e-309
144,"In the presentation, I like how he went over exactly how they made the study before walking us through what we were learning. I realized that calculating percent error was the goal rather than a categorical answer. I learned that they want the judged vs. true percent.",topic_1,4.929792980449646e-309
145,"One component emphasized in the presentation was the idea that 3D graphs are more difficult for people to read. I think this point wasn’t intentionally highlighted at the start of the experiment, possibly so participants wouldn’t go into it with a bias against 3D graphs. That approach helped keep my perspective neutral while participating.",topic_1,0.9213119050315092
146,"The project aims to find out if 3D printed bar charts help people make more accurate comparisons than 2D or digital 3D charts, extending earlier research on how we perceive data in graphs. To make the project’s purpose clearer, the abstract should more directly state its main research question, why this comparison matters, and who could benefit from the findings.",topic_1,1.0
147,"I noticed more of an emphasis on what the experimental process looked like, from the participants perspective included in the presentation. I feel like in a scientific abstract it's hard to go super in detail and provide pictures of the data collection website and the type of graphs students were looking at. It makes more sense for the presentation to casually include those in to show how the experiment worked overall.",topic_1,0.3143368152691444
148,Some components  that were emphasized in the presentation was the different effects and the specific results that where shown within the study and how the data was not statistically significant . while in the abstract the original study and bar graphs where showed.,topic_1,0.1324866721131908
149,"The first thing that was emphasized was the reasoning behind having 3d printed graphs, 2d graphs, and 3d graphs on a 2d screen and how it can lead to distortion of values. Also, the calculations of the results and how they used it to determine their analysis.",topic_1,1.0
150,"The presentation emphasized the real-world applications and implications of the findings more than the abstract did. It also gave more attention to visual data (graphs, charts) and participant feedback, likely to keep the audience engaged and to make complex results more accessible. This makes sense because presentations are often designed for a broader audience, while abstracts are more technical and concise.",topic_1,3.079461664082774e-309
151,The components emphasized in the presentation but not the abstract were more of the background information. We got to see a lot of how the researchers thought and actually listen to one of them.,topic_1,4.224169289665575e-309
152,I think the different graphs (2D and 3D) were more well explained and broken down in this presentation. Im not sure exactly why but maybe it is because at this point we have already done the experiment so our observations and gained knowledge now can't change or effect the answers and observations we gave during our participation in the study.,topic_1,0.8490295191852736
153,The fact that this experiment was designed to replicate Cleveland and McGill was mentioned in the presentation but not in the abstract. Another aspect that was not mentioned in the abstract but emphasized in the presentation is that the experiment is being used for experiential learning for the students at UNL. I think these details were left out to prevent participants from responding differently or looking up data beforehand.,topic_1,0.14814345754903052
154,"The presentation emphasized the rationale behind the study and explained the data visually, which the abstract didn't do. This was likely done to help the audience follow the logic and significance of the findings more effectively during a live explanation.",topic_1,0.12761873617507336
155,"The presentation emphasized the results of the experiment more so than the abstract did. This includes graphs and images that represent the experiment. I believe this is because the abstract was written prior to the completion of the experiment, whereas the presentation is a somewhat final observation.",topic_1,0.14904486613723028
156,There were more visual representations in the video than there was in the abstract which helped me understand the experiment better. I think there were more photos in the video because it is just generally more common for a video.,topic_1,0.1342989519719346
157,"Who was actually taking part in the experiment. I didn't here mention of who was actually doing the experiment, only that it could be used for teaching purposes in Stats classes.",topic_1,0.07534465301133716
158,I feel as though I understood the presentation better because there were visualizations. The abstract was a bit confused to collect all of the information from.,topic_1,0.14764978352504005
159,Does having a graph in a 3d environment help more than a graph in 2d. I believe in some aspects it can help and in some aspects it could ruin.,topic_1,0.9190191995906704
160,They highlighted some things like the data and parts of the experiment. I think that they did this so that we can better understand what they did.,topic_1,4.09940911063288e-309
161,There were more pictures of the graphs and how perspective changes the data. I think this is because it is easier to explain what is going on in the graphs when speaking than it is when writing.,topic_1,1.0
162,"I think some things that were emphasized in this presentation that weren't emphasized in the abstract are the potential errors or problems within the experiment as well as the actual ""math"" or statistic information within the experiment. I also think that in the presentation they included much more about the aspect that some of the participants in the experiment were students of statistics versus those who were not.",topic_1,0.13071454291143444
163,"During the presentation the different types of graphs that we are looking at is emphasized, while it wasn't emphasized in the abstract. I believe that the reason for this is because it is easier for someone to explain on a video, rather than on paper. On a video or in person presentation people can explain specific parts of graphics, which may be harder to accomplish, while trying to maintain the brevity of the abstract article.",topic_1,1.0
164,"The presentation describes how the results were gathered and interpreted. In an abstract, you do not usually describe your methods or outcomes.",topic_1,0.11660729520001549
165,"I think that how this study relates to real world topics was more emphasized in the presentation. I got the basic understanding of the experiment in the abstract, but in the presentation it talked more about what provoked this experiment and how it can be used to increase the understanding of graphs in relation to the corporate world. This is probably because it is easier to show this idea with pictures rather than with words.",topic_1,1.0
166,i dont really remember the abstract but i dont remember all of the equations and explanation of some of the data. I think this is because it is easier to explain these things on video rather than words.,topic_1,0.06984204511549874
167,"The presentation emphasized visuals and clear communication more than the abstract did. That’s probably because the presentation was meant for an audience, so it needed to be more engaging and easier to understand, while the abstract was more focused on explaining the details and analysis.",topic_1,0.09084853859308338
168,The presentation talked about the linear graphs and the abstract did not. The abstract covered more of the main parts of the study where as the presentation covered everything.,topic_1,1.0
169,The in-depth information about the future of the project. Also talking about the viewing angle of the graphs when changed from 3d to mapped onto 2D.,topic_1,1.0
170,"The presentation really touched on the abstract, but the presentation got you to engage with what was being done in the presentation it was more focused on the visual aspect and simplified explanations, and he touched on the things and it was very easy to understand and it could also help somebody that may have not read the report the abstract really focused on the tactical and more depth details of the experiment and how it was designed this different exist because in the abstract, it's meant for an academic audience who expects the experiment to be very precise and very in-depth the presentation really focused on communicating the ideas quickly to an audience",topic_1,0.1387483686324012
171,"The presentation focused more on the actual results and what they meant, while the abstract mostly explained what the study was about. I think this happened because the presentation had more time to go into detail and show graphs or examples.",topic_1,0.13710144612248581
172,"Some things that were emphasize in the presentation that the abstract didn't was giving more information on how the models fit into the results in more detail compared to the abstract. They also talked about wanting to expand the project in the abstract, but in the presentation they already talked about the future expansions, which is most likely why there was more results discussed.",topic_1,0.11757984324840592
173,"In the presentation, he talked about how none of the results were statistically significant, but that could have been because of the small number of participants. The abstract talked a lot about the previous study and the results that came from that. I think this is because it is easier to explain unexpected results in a presentation than the abstract.",topic_1,0.08488785848791124
174,"I did not know that when converting 3D to 2D online the data or graphing can become distorted, this could skew results. Viewing angle can make a big difference because some information can get lost. Though, the viewing angle is not that much of a bid deal when viewers can interact with the converted image.",topic_1,0.8591402308646269
175,"I believe there was more emphasis on the post study reflection than I expected. The presentation component showed a deeper value of the participants reflection pieces, that the abstract didn't show quite as much interest.",topic_1,0.11340428316648161
176,"In the presentation, the speaker placed more emphasis on the statistical model and interpretation of the results than in the abstract. For example, the model slide shown in the video elaborated on the variables used and the data analysis methods, which were not explained in depth in the abstract. The presentation also emphasized the practical significance and potential applications of the findings, while the abstract focused more on the background, hypothesis, and experimental design. I believe this difference exists because the abstract is intended to provide a concise overview, while the presentation is intended to explain and interpret the findings to a wider audience, including students who may not be familiar with statistical analysis. The presentation can provide visual support and real-time explanations, making it a better medium for discussing complex methods and interpretations.",topic_1,0.13256985292329196
177,"The information was emphasized more in the presentation. This is the case because instead of having to read everything, the presentation highlights the important data on the slides and the speaker gives you more insight into the information.",topic_1,0.10974048977188998
178,The components that were emphasized in the presentation that weren't emphasized in the abstract was the different ratios. I think that was so we did not go about the experiment differently. I think it was a good idea since we got and examined different looks of 2D and 3D graphs it gave everyone their own experience.,topic_1,0.754738826970498
179,"The background information was limited, likely to prevent participants from knowing too much beforehand and skewing the results. This approach helps maintain the integrity and accuracy of the findings.",topic_1,0.13363542234433215
180,"I feel like the possibility of the viewing angle had not been discussed much at all, other than using the term 3-D. I think because it could have been difficult for people to understand without pictures to make it make more sense.",topic_1,0.7672821028843215
181,The objective of the experiment. I think it was because the results would be better from a blind perspective.,topic_1,0.08328986502555971
182,"In the presentation it used visuals and real world findings, when the abstract is more words. More of an analysis. The visuals and summaries from the presentation make it easier to understand. I think this is so we can think between the two.",topic_1,0.06903023425739531
183,The presentation graphed the results of the study in a easily comprehensible way. The presentation emphasized it wanted to use this study as experiential learning for stat 218 UNL students.,topic_1,0.09403848509166605
184,What was emphasized in this presentation was the position along the top of the bar charts. There goal was to replicate those bars on a linear scale.,topic_1,1.0
185,The graphs were emphasized in the presentation that were not in the abstract. As well as photos of the 3D and 2D models. We did not see these in the abstract. I think this is because the abstract wanted us to reflect more but not see the whole picture. Another thing emphasized was the future experiments that would occur to answer the research question and we did not see this in the abstract because it wanted us to come up with our own ideas of things that might be worth testing.,topic_1,0.7128080616372189
186,"The presentation emphasized visuals and audience engagement, which were not included in the abstract. This is likely because presentations are meant to be more accessible, especially for viewers who may not have a research background.",topic_1,3.14033268766954e-309
187,"It was really emphasized why 3D graphs are not always a better option in the presentation. It explained that when a 3D graph gets put on to a 2D surface, the results can become distorted and hard to understand. This was only touched on briefly in the abstract.",topic_1,1.0
188,The components that were emphasized in the presentation that weren't emphasized in the abstract were visual examples and key takeaways like the errors in judging graphs. I think this is because the presentation was used to explain the main points clearly and effectively.,topic_1,4.56550100134189e-309
189,I think it focused more on the problems that were being tested. From the abstract I did not understand that the 3-D graphs were distorted when being looked at on a 2-D screen. This made more sense after watching the presentation.,topic_1,1.0
190,"When explaining that they modeled their design after Cleveland and McGill, I felt that was better explained in the video. They also provided more visuals to the video to better understand what was to be expected. I think it's easier to provide visuals in a presentation than a paper without overcluttering it which is understandable.",topic_1,0.11587305286962397
191,The main information that was emphasized in the abstract was the difference in understanding of the 2D and 3D graphs that was done in a previous experiment. The main information that was said in the presentation and not the abstract was the point of view for 3D graphs. It specifically mentioned how changing the point of view for the same 3D graph can distort the data.,topic_1,0.692666164302997
192,"The visual aids were emphasized in this study, alongside all of the interactive audience engagement in this abstract. All of the bar graphs shown i this video are very concise, but also allow the audience to visually illustrate the information being presented. Abstracts like this bring forward a lot of details that are limited to only the key aspects being shown in the research.",topic_1,3.10548307087282e-309
193,"It emphasized the visual and interactive aspects such as 3D printed models and participants engagment with them which were only briefly mentioned in the abstract. This makes sense because presentations are typically more visual and allow for real-time explanation and demonstration. On the other hand, the abstract focused more on statistical results and research goals. Abstracts are meant to be concise summaries geared toward readers seeing key finds quickly. The presentation highlighted the practical implications while the abstract prioritized precision.",topic_1,0.02641302029236227
194,"The actual methods were much better defined in the presentation, along with the purpose to help people learn, while emphasizing the role of students in the overall research outcomes.",topic_1,0.13909793018350808
195,The presentation emphasized science and statistics behind 2D and 3D environments and how perception can affect data. The abstract just detailed the basic question of interest and other parts of the study where this one went specific into the methods of the study.,topic_1,0.7349015375615499
196,"The components that were emphasized in the presentation were the details of the 3D graphs and how the study was designed. There was a lot of critical thinking which went into the design, but the design in itself is flawed. The 3D graphs are not good representations of data and deceive the viewers.",topic_1,0.9280939195463164
197,The results of the study were more greatly emphasized in the presentation compared to the abstract. This is likely because the results of the study were not yet available at the time of the abstract's publication.,topic_1,0.10925457627993125
198,I think that some components that where emphasized in the presentation that were not in the abstract is the background of this project and where it came from.  Another thing was that the presentation went into more detail about the differences between the 2-D graphs and the 3-D graphs and which one tested better.,topic_1,1.0
199,"Emphasizing interaction, images, and practical application of the results—qualities not extensively addressed in the abstract—the presentation It was more palatable for a general audience since it featured well defined graphics, participant insights, and lessons learned. This is probably because abstracts are more formal and data-oriented for academic readers while presentations are supposed to show results fast and easily.",topic_1,3.045346383216182e-309
200,"The presentation emphasized visual examples, participant reactions, and practical implications more than the abstract did. This is likely because presentations aim to engage an audience and make the findings more relatable.",topic_1,3.0902607417696e-309
201,Components like detailed examples and visual aids were emphasized in the presentation for better engagement and understanding.,topic_1,0.025621722299625376
202,I think the components that were emphasized in the presentation that weren't emphasized in the abstract  are things such as the study of the design including the rations and the different combinations of such. I think this is because it would have been very confusing to include a lot of that data within the abstract and cause more struggle and confusion to the participants.,topic_1,4.054148816188183e-309
203,"In the presentation, it emphasized visual examples of 3D graphs and how people misinterpreted them, which wasn’t as detailed in the abstract. This was likely because the presentation needed to engage the audience and make the concept easier to understand through visuals, while the abstract focused more on summarizing the data and results.",topic_1,0.6666213026283467
204,The presentation focused more on charts and what the results looked like. I think that’s because visuals help people understand faster than just reading.,topic_1,0.10911762737288963
205,the presentation is just watched I seen a lot of examples and viuals to help me understand the results.,topic_1,0.09731129581199205
206,"A couple of things that were mentioned in the presentation were how this study can be used and what they can do with the results and stuff in that area. Compared to the abstract, which was looking at the results and the viewing in that area. When a person tells you something in an engaging conversation with eye contact in some cases, you will articulate this information in a better way.",topic_1,0.1392518281943566
207,The abstract explained the uses for the information from the experiment while the presentation talked more about the set-up of the experiment and how it changed. I think this is because the paper was used more to promote the experiment while the presentation just explained it to a different audience that cared more about how it was carried out.,topic_1,0.1443298405312161
208,"3-D graphs are not the best way to convey size, since the data can become distorted depending on how it is viewed or saved. 3-D vs 2-D graphs were compared in the video as compared to the article that did not discuss this comparison, as I can remember.",topic_1,0.8612900180498414
209,"The presentation revealed the step by step process, detailing the statistical reasoning rather than just the lone formula in the abstract. This may be a convenient answer on my end but since it is an ""extended abstract"" rather than an article included in perhaps a scholarly journal, it summarizes the whole process. If it was an article, the abstract would just be the background while the detailed statistic testing and reasoning, alongside all the conceptual information provided, would be discussed in the body.",topic_1,0.09415635186266402
210,The ratio and positioning of the bars we were asked to observe were emphasized more in the video. This might be because the video was less formal and could cover topics that were of more interest to the experimenter.,topic_1,0.1457088673257934
211,In the abstract there wasn’t much emphasis on the color coding of the figures. Maybe it actually wasn’t that important.,topic_1,0.645015542722472
212,I think that the presentation emphasized the results more. I think this is because the abstract was only meant to introduce the study and not give all the information.,topic_1,0.13353988946937378
213,The components that we tried to emphasize in the presentation were the different variations of non-probability sampling. This was done through us talking about it rather than the different visuals we put up.,topic_1,0.13712036477134953
214,"The methods to which the graphs and experiment were made. I found it interesting that there was a formula used to find the values in the graphs, which I'd imagine helps keep the study consistent. I think this was done to not muddy up the testing with unnecessary information.",topic_1,1.0
215,"-In the presentation we saw more elements of the bar graphs themselves, specifically the study of Cleveland and McGill which was used as an example to replicate. In addition, this helped us gain more knowledge on the types of bar graphs, the ratios utilized, and why 2D and 3D graphs were equally targeted in each randomized and customized kit. Therefore, we also were able to see the results from the study, showcasing areas of gap but also the pattern found from questions of which bar was smaller and the 'size' of the bar.",topic_1,1.0
216,The presentation displayed visual data and statistical analysis as its main  focus instead of the abstract which concentrated on methodology and objectives. The presentation format enables researchers to use slides  and interactive elements which help explain complex data and findings in an engaging way that audiences find easier to understand.,topic_1,0.00976545033382389
217,"The presentation emphasized the results of the study, perhaps to sum up the findings. The presentation also talked more about the application of the experiment. Since the results were known at that point, the uses of it could be discussed. The abstract focused more on the methods so other researchers could replicate it in the future.",topic_1,0.12399425017805639
218,"3d printed graphs, real life graphs vs 2d screen graphs can look different making it hard to count.",topic_1,0.9154639617969925
219,In the presentation is talked about what was in each kit in more detail. I think this is because they could show a better visual presentation on the slide,topic_1,6.045340487498653e-309
220,I think that the presentation focused on the limitations of 3D graphs. This was integral to the study design and gave me more context as to why the study used certain models and methods.,topic_1,1.0
221,"I feel like none of the components were necessarily emphasizes when I watched the video & compared it to the abstract. The abstract might've shortened or simplified some points made in the presentation. This could be to make the information more digestible to the readers / participates. I guess in the presentation pictures & diagrams where shown, while in the abstract there were mainly words. So in the presentation, it's easier to understand the conceptual ideas that the presenters were trying to get across.",topic_1,4.662749512261707e-309
222,"Something that was emphaisized in the presentation that was not emphasized in the Abstract was the fact that it was shown that novice participants of studies tended to have more accurate results when reading 2D graphs as opposed to 3D graphs.  I think that this piece of information was left out of the Abstract because it was something that was deemed as not crucial to the understanding of this particular study, but rather was something that was just deemed as background information that would have a better place in the presentation as a whole rather than the Abstract.",topic_1,0.7408367730470405
223,"Within the video, the researcher explained that the main purpose was the understand if there was a difference for perception when comparing the two types of bar charts. The 3D chart and the 2D digitial chart showed differences, in the ability of the participant, to identify the correct differences in height, when comparing data within those graphs. I would assume that the researchers did not tell us this information, so that our answers would not be swayed, and therefore the data would have less confounding variables.",topic_1,1.0
224,"More details on the history and specific factors that affect perception, such as viewing angle. There were also many more visuals in the presentation, which allowed us to see exactly what they were talking about.",topic_1,0.16236170455611862
225,"I felt that in the video, it was better explained how this experiment was used to replicate the Cleveland and McGill experiment. It was also better explained that future work is necessary moving forward to gain better generalized and potentially more significant results using Stats 218 students to participate in the study.",topic_1,0.10387446868923132
226,"The presentation emphasized visual components and vocal explanations, making the content more engaging and understandable for the audience. Unlike the abstract, which concentrated on presenting major concepts in a compact fashion, the presentation included additional depth, examples, and interactivity. This distinction most likely occurs because presentations are intended to actively impart concepts to a live audience, whereas abstracts are prepared for rapid reference.",topic_1,0.029633435280126304
227,"The presentation focused more on the actual graphs than the abstract did. In the presentation, information on what the graphs were like and how they were perceived was more prominent than in the abstracts. I think this is because it might have been harder to explain in writing than by explaining with words.",topic_1,1.0
228,"While both the abstract and presentation touched on replicating the study, methods, etc., however I think the abstract focused on that a little more. On the other hand, the presentation felt more personal because we were being told why the study mattered and were given some history on 3D bar graphs. The difference among the two likely because an abstract is meant to be more detailed and formal, whereas a presentation is supposed to engage the audience.",topic_1,0.10744630672592702
229,"The results and findings were talked about and emphasized more in the presentation. They were also talked about in the abstract, but not nearly as much. I think being able to talk and describe the study is easier than emphasizing the results in the abstract.",topic_1,0.14717503317288105
230,"In the presentation it was emphasized that there were 42 different treatment combinations, but this was not emphasized in the abstract. I think this is due to its relavance and being able to go more in depth in the presentation.",topic_1,0.11413491648706049
231,"The presentation emphasized real-world relevance and potential applications, such as accessibility for visually impaired users and use in education. These points were not highlighted in the abstract, likely because presentations aim to engage an audience, while abstracts are meant to summarize methodology and findings for academic readers.",topic_1,3.177192131031966e-309
232,"The presentation emphasized the structure of the experiment and the specific combination of data points more than the abstract did. This likely happened because the presentation was designed to clarify the overall purpose and design of the study for a broader audience, while the abstract focused more on summarizing findings and implications in a concise, academic format.",topic_1,0.11317383297434354
233,"The presentation emphasized the actual results and participant performance across the different chart types, which wasn’t covered in the abstract. It also highlighted unexpected findings and practical applications, like how 3D printed charts could be helpful for education or accessibility. This focus likely came later because the abstract was written before the data was analyzed, while the presentation could reflect on what the study actually revealed.",topic_1,0.7064989729024188
234,I find that the presentation highlighted how the study was performed step by step. I think that it was emphasized in the presentation because it would be easier to understand in a video than it would be in writing.,topic_1,5.240588726074593e-309
235,"The presentation placed more emphasis on the visual and practical aspects of the 3D model, such as design choices, how the model functions, and the process behind building it. These details were shown using images or demonstrations, which helped make the content more engaging and easier to understand for the audience. In contrast, the abstract focused more on summarizing the purpose, goals, and broader implications of the project in a concise and academic way. I think this difference exists because presentations are meant to capture attention and communicate ideas clearly in a short amount of time, while abstracts are written to inform readers about the core ideas and value of the project in a formal context.",topic_1,0.14270258757857407
236,"Well for starters, the problems that can occur with 3-D graphs wasn't emphasized in the abstract merely that people think 2-D graphs are more accurate. I think that's because the focus wasn't on the problems with 3-D printing but how useful they are. If they prove to be useful- the problems don't really matter all that much. Also the abstract didn't really go into the details of the results which I'm actually not to sure of why they wouldn't.",topic_1,0.7528019938223384
237,It gave us through graphs and answers and the varieties they recieved from the test takers. It discussed the ratios a lot better than the abstract did also.,topic_1,0.10900530659147867
238,The part of the presentation that wasn't in the abstract or emphasized was the future work and how they talk about future visualizations and how this experiment might be changed in the future with different technologies.,topic_1,0.6933483251087533
239,I think the presentation did a great job of emphasizing the final results such as the differences in performances among graph types. While the abstract provided information about the beginning phases of the study.,topic_1,1.0
240,"The background with the problems of 3D graphics on a 2D surface and how that impacts interpretation and data extraction. Also, the presentation gives more information regarding the experimental design and future work of the experiment, while the abstract gives a slightly detailed summary. I think that these components were emphasized more in the presentation than the abstract, because abstracts must cover all components of the experiment in the most concise way possible. The presentation gave a well-rounded backstory of important information in the experimental design.",topic_1,0.693835870263091
241,The presentation emphasized the real-world design implications of using 3D printed charts more than abstract did. This was likely to help the audience connect the research to practical uses and make it more engaging and relatable,topic_1,1.0
242,"The background was discussed in much greater detail in the presentation. The abstract we read, gave us information on the background, and explained limitations, but the presentation gave us more insight into problems, issues, and concerns, with 3D graphics. I do think that the background was not emphasized as much because it is not extremely relevant to the experiment, because it gave us the basic background that was needed for us to understand the experiment. The abstract also gave us a few details about the conclusion of the experiment, but the experiment gave us specific details into how they plan to use this conclusion in the future.",topic_1,0.6806947670215612
243,I was unaware that the questions being asked in the initial part of this experiment that we were asked to participate in were regarding an experiment that had to do with interpreting only visual data. From the way those questions were worded I was expecting this experiment to regard the difference between a scientist's and a member of the general public's ability to interpret the results of numerical data such as p-values and chi-squared analyses.,topic_1,0.0910423974583135
244,I felt the overall idea of a 3d graph was talked about in much more detail and allowed for better understanding. It is hard to describe a 3d graph in an abstract. That is why it doesn't go in as much detail.,topic_1,0.7899986219223929
245,The presentation discussed the outcomes and their significance in greater detail. I assume the abstract would not include these details so as not to influence the audience and to avoid any initial bias.,topic_1,0.08522596089573158
246,"I think different things like values, and user error could have caused the information to get lost. Just because it is using 3D graph and there can be user error.",topic_1,0.8381092255921767
247,The presentation really focused in on telling the story and what all was done to connect to the study methods. They also used a lot of charts and graphs and other visual aids. They most likely did this to make it more engaging  and easier to understand for the audience.,topic_1,5.50295283811367e-309
248,The kits given to participants and their components were much clearer to me. This is probably because of the pictures.,topic_1,5.853565375360185e-309
249,"The components that were emphasized in the presentation but not the abstract were just how big of a difference their study is from the original. In the presentation they explained the original study and the different combinations possible, but this was not really touched on in the abstract as it only stated what was being provided to their participants. Additionally, there are just more details about the study, methods, and materials in the presentation that are not in the abstract. I think this is because the abstract is meant to be a short synopsis of the information, while the presentation is most likely meant to give a bigger overview of what was occurring in the study.",topic_1,0.10157131709662286
250,"What data was collected and why it was collected was more emphasized in the presentation that the abstract. More information about the results of the experiment were also emphasized. This is probably so the participants have a better understand of the experiment. The presentation is more of a conclusion to the whole experiment, where the abstract is only a broad explanation.",topic_1,0.13731046625830914
251,It gave more details about how the experiment actually works and how it's conducted. The presentation was made to be that way so that the general public could understand it better.,topic_1,3.99320725973314e-309
252,"The fact that the results for the 2D graphs were more accurate than the 3D graphs because they were a lot easier to read because ehe viewing angle can be distorted. I think that this is not mentioned a lot because there were options to take it online or in person, and that can change the results of the experiment. The way you view the graphs on a computer versus in person is very different.",topic_1,0.8291749165631287
253,He went into more of an indepth of why they used 3D graphics and how alot of studies show that 3D graphics aren't the best way to display your data. He also discussed the main problems with using 3D graphics like them not being as accurate as 2D graphics.,topic_1,0.9224256918301937
254,"The actual purpose of the study, which is to look for discrepancies in the ratios between 2d and 3d bars. This is probably because the abstract went into much more detail on the math involved.",topic_1,1.0
255,"In the presentation there was a more in depth look at different graphs and results. For example, there was an elaborated graph on the different true ratios in the study.",topic_1,0.7527649948173285
256,"I think the purpose of the extended abstract was to be straight to the point and informative of the experiment itself. The presentation goes a lot more in depth when defining the purpose of the experiment, the methods, the results, and when giving examples and references.  One thing I noticed that was not in the abstract were the three assumptions that had to be used when attempting to replicate the experiment. I also didn't see results of the study in the abstract.",topic_1,0.13095584492048004
257,The difference in users (novice vs people that are familiar with reading graphs) in perception of the different graphs more emphasized in the video. Different components of the audience in general were more addressed in the presentation.,topic_1,1.0
258,I think the background of why 3D models and 2D models affect perception was a lot more thorough in the presentation in the bar graph. That could also be because I am a very visual learned so seeing multiple graphs was helpful for me while listening to the explanation. I think the abstract was also based on more technical results which is why.,topic_1,0.7869937394380185
259,"The abstract focuses on high-level motivation and methods, while the presentation provided more details on the design considerations around minimizing distortion and precisely replicating prior work. There were also 15 treatment conditions per participant, which is a key experimental design detail not mentioned in the abstract. 

I assume this is due to the nature of an abstract and its purpose; it's a shorter introduction to any given study/results, doesn't include visuals, and shouldn't include results when trying to get the study published.",topic_1,0.09156185538947072
260,"The components that were emphasized were the difference between the 2-D and 3-D graphs and how much smaller the bar is. While the abstract gave more emphasis on the way the graphs were manipulated. I think that it is this way, so the participant isn't paying attention to the angle of view and the distance between bars.",topic_1,0.8156522403815001
261,"One of the biggest differences between the presentation and the abstract was the inclusion of the results. The presentation went in depth into the results and how the data was analyzed. The purpose is to give a brief summary of the study and act as an ""introduction"" to the presentation therefore, the results were not included. Also, I feel like the presentation went in more depth into the Cleveland and McGill experiment for similar reasons. The presentation allows for a more in depth analysis into the study whereas the abstract is a brief summary.",topic_1,0.13729792551519285
262,"I believe that one emphasized components in the presentation was the ability to use the data to help understand how to teach the next generation better. In the abstract, I liked the implications of helping the visually impaired.",topic_1,1.0
263,"In the presentation there was a visualization of each kit that was not in the abstract, they also included many more equations in regard to the math that was involved from the study. I think this is easier to talk about than it is to write about, and are able to explain it more efficiently. Also, in an abstract, there is only a limited amount of information people want to put in there in order to not give all of the study information in the abstract itself.",topic_1,4.24002304498188e-309
264,"The presentation emphasizes more on why the graphs are bad and most importantly, how the study is carried out. For example, what methods are being used? While the abstract simply answers why they're doing this study and the study's importance.",topic_1,1.0
265,The components emphasized in the presentation were how the researchers were going to use the information from the study. This was probably not emphasized in the abstract because they wanted the results to be as natural as possible and didn't want participants knowing more about the study.,topic_1,0.11068162895610074
266,The presentation emphasized the questionnaire and how it was set up to solve a certain research question. The abstract gave us a more detailed explanation about the overall experiment and how graphs set created for the questionnaire. The abstract goes into the detail about the whole experiment while the presentation focused mostly on the questionnaire.,topic_1,0.14205666689114982
267,"A lot more about the original study was emphasized in the video. I think the purpose of an abstract is to provide a short, but conclusive summary about the study, and at that point, just referencing what the study was based off of was keeping it short and simple for participants.",topic_1,0.12315640450575548
268,Components in the presentation not in the abstract include the stats departments participation and their predicted responses for true ratios. I think that is because the sample size was small and it was more used as a test run.,topic_1,0.6784220237159284
269,there were tons of visuals in the presentation and i think this is because the abstract is more limited with space and so it is important to put as much information is that space as possible without using many visuals.,topic_1,0.06510584062182756
270,The thing that I noticed that was most emphasized was different views of a 3D graph. When he talking about it it was nice to hear that they can be viewed in different ways depending on how you look at them. Another thing that stood out to me was UNL ran it through two models to see if they found different results.,topic_1,1.0
271,They emphasized the physical components of the study. In the presentation he talked about the differences and similarities between the studies they based off of and the actual study performed. He also showed and explained what type of kits were presented to the participants and why. The results and predicted results were also presented in the video. I think this is because the presentation was created after the abstract and the study was performed so they have more data.,topic_1,5.18039766642918e-309
272,Some components that were emphasized in the presentation that were not emphasized in the abstract would be that the 2D graphs are a lot easier to compare compared to the 3D images. I think this is because ones mind can be very overwhelmed looking at the 3D images.,topic_1,0.9223176900463516
273,"I think that in the presentation the ""background on 3D graphics"" was emphasized more compared to the abstract. I think it is heavily emphasized in the presentation because it is likely easier to analyze present results with possible 3D graph limitations. In the abstract the researchers talk about limitations that can occur within the study, but more on limitations that needed to be corrected from the Cleveland and McGill study.",topic_1,0.6715348155841587
274,The 3D and 2D length were emphasized in the presentation. It was also in the abstract but the abstract focused on more than just the length between the circle and triangle.,topic_1,0.6851417629564072
275,That the graphs aren't the best way to go about this experiment. The graphs could be hard to read and understand. I thi,topic_1,1.0
276,"I think the design of the graphs themselves as well as the reasoning of the experiment were covered in more detail in the presentation than the abstract. This may be because the presentation is an explanation of the study for people who've taken it, while the abstract focuses on other scientists.",topic_1,0.8491726061592333
277,"The results of the study were focused in the video rather than the abstract. They found that there was no statistical difference between the 3-dimension projections versus the 2-dimension. They also found that participants underestimated their guesses more when looking at 3D. In the video, they focused on the future of the study as well.",topic_1,0.7442757652590729
278,The difference between the ratios and whether the graphs were adjacent or separated. I think this is because it is a deeper question than the original research question. It is another variable rather than the answer to our research question.,topic_1,1.0
279,I think the design and background was more emphasized in the presentation.,topic_1,0.19385784126673405
280,The components that were emphasized in this presentation were the experiment as a whole within this presentation. We got more background information in the presentation than in the abstract.,topic_1,3.92005515080726e-309
281,"I feel like components like replicating weren't emphasized. I say this because there was no real focus. After doing it, it was hard for me to understand.",topic_1,0.11920309527009201
282,Components emphasized in the presentation were the purpose of the study and what was being experimented on. This was likely not emphasized in the abstract to avoid any bias or sway of decisions during the participation process.,topic_1,3.851846515420027e-309
283,One of the things that was talked about was that the graphs were randomly assigned in order and from there they followed kind of an order. This was probably the case because they wanted an accurate version of the data,topic_1,1.0
284,The future of the study/work at hand was emphasized more in the presentation because it's more timely. The abstract focused on what was going on in the study rather than the future.,topic_1,0.13019788933660828
285,A component of the presentation that wasn't emphasized in the abstract is participants were underestimating the true ratio between the larger and smaller graph. I think that this was not emphasized in the abstract because there were no results or conclusion sections. I feel that the abstract had more contents to it but was not provided to us.,topic_1,1.0
286,"The presentation gave a background on 3-D graphics, I like how it included the background and went over things such as the development of graphics in Microsoft excel. The presentation went over the results of the study and how those results can be interpreted and used for students experiential learning.",topic_1,1.0
287,"Presentations emphasize visual aids, verbal explanations, audience engagement, key takeaways, and contextualization. This emphasis is to make the research more engaging and understandable for a live audience, whereas abstracts provide a concise written summary.",topic_1,3.06393318204069e-309
288,The abstract did not have as much detail about the study as a whole. I think that was mainly because abstracts are generally used as small details about results instead of the experiement altogether.,topic_1,0.08746060461854228
289,"The presentation talked alot about the fact that there wasn't as much of a difference between the dimensional graphs when it came to the observations. At least not as much of a difference as was expected when they developed the experiment. I always think that the abstract is just that - an abstract writing about the facts. They are always hard for me to understand, so I liked the video presentation. It made it easier for me to understand the results as well and the idea behind the research from the beginning.",topic_1,0.871753203563217
290,"Some components emphasized in the presentation and not the abstract was the process of how the graphs are randomized and chosen for the experimenters. This could be because iti is easier to show the graphs via presentation. They also emphaszied the importance of the future reseacrch. The abstract slightly touched this topic however the presentation discussed it in a little more detail, and how they plan on continuing it to get more results. I think this was because the experimenter can talk more about it throughout the presentation rather than the abstract because you can tell the passion that the experimenter has about continuing the experiment, and he can explain why as well which is hard to do through the abstract.",topic_1,0.7887893119097925
291,I think all components were emphasized.,topic_1,0.11606060163087631
292,The presentation emphasized the actual experiment more than what the presentation did. I think they did it this way since it fits better into the excepted format of scientific formats.,topic_1,4.094802499267984e-309
293,Specific underlying factors.  I think the presentation didn’t have some of these because it would have been a lot of information for a presentation.  Also note that this is important because some of these factors could play a role in the study.,topic_1,0.11989838792327993
294,"It emphasized communication skills, such as making the message understandable to the audience, better engagement, and better delivery, which were not obvious to the abstract. This difference exists because presentations are designed to convey information effectively to others and make it overall better to look at.",topic_1,0.047906093046359316
295,Physical touch.,topic_1,0.06807298366539452
296,The presentation put a lot of emphasis on the results where there were different ways people see graphs. This is probably because it's important to present the results clearly for everyone to follow along and makes sure the key points stick with the audience.,topic_1,1.0
297,The true distortion of 3D printed graphs on presenting data and how they can be misleading. The reason why I think is because the 3D graphs also encode information and help people that are visually impaired to help conceptualize graph information.,topic_1,0.9443439121908899
298,The results in words and graphical data were emphasized in the presentation and not the abstract because the study was not concluded. Subjects were still taking part in the study so the results were not able to be included in the abstract while this presentation was made after the study was concluded.,topic_1,0.11719093483441148
299,"The  entire history of the papers and research they were expanding on. This is because it is harder for listers to pull up these paper as they do not really have hyperlinks to these experiments. 

They also went into more detail in the presentation because did not have a limit on time like they did on the size of the abstract. 

 

They also went into the results which were not touched at all in the abstract.",topic_1,0.15621709202399786
300,It emphasized the conclusion. It also discussed how the study will aid in the experiential learning of students in STATS218. It also went into detail about the process of the study.,topic_1,0.09301180550959369
301,The presentation mention that the paper didn't not mention how the other 8 graph were generated and the value that they use weren't  also giving. So they had to estimate on those values. I think it interesting that didn't mention that. It could be because the variable can change and does not equal or give them the same value if experimented again.,topic_1,1.0
302,"Some components that were further emphasized in the presentmation was the results of the study, as the abstract gave a more broad view of the experiment, and how it was going to be conducted. While the abstract focuses on the methodology, results, and conclusions, the presentations often emphasize the broader impact and specific findings. I think it is that way because the presentation of this study emphasizes aspects like engagement(through examples), visual clarity (through charts), and the broader implications (what the study concluded in the end, and how this would be implemented in the future at UNL) of the study, while the abstract paper focused on providing a concise, technical summary that includes details of the methods, results, and statistical significance",topic_1,0.12844610314727792
303,The component of the exact amount of different combinations of types of charts. This could be because it didn't need to be emphasized in the abstract in order to explain how the experiment would go.,topic_1,4.118969312203615e-309
304,I think it was interesting that they used so much of the paper to figure ratios out but focused much more on the randomization and how people would actually react. It was emphasized in the presentation as much more exact and thought about every small variable which I didn't see as much in the article (but that also could just be the language was more difficult for me to understand.),topic_1,0.10978565872773695
305,"The main component that was emphasized in the presentation was presenting the models given and visualizing the pictures. This was not emphasized in the abstract because, the abstract was providing the study methods used from the experimenters and explaining how they were applied.",topic_1,4.054625384926326e-309
306,"The presentation emphasized neutrality on all of the models, making participants not feel more or less confident about their approximations on any of the graphs. The abstract examined the existing evidence. This is to reduce bias in participants expectations for the experiment, as it may influence their response.",topic_1,1.0
307,Some components that were emphasized in the presentation were the purpose and how the information was used from the graphs. The abstract didn't quite explain how the data correlated with the graphs. The presentation did a better job of establishing a purpose and relationship.,topic_1,1.0
308,One component that was emphasized in the presentation was the 3D bar graphs. This probably wasn't emphasized in the abstract because the abstract was unable to use 3D bar graphs.,topic_1,0.6657973729823335
309,"The process and method of giving the surveys were more detailed in the presentation. I felt like I better understood the 3D models and why they were doing the study because of the pictures on slides. In an abstract you can't add lots of pictures, but due to the visual nature of the project pictures are very helpful.",topic_1,1.0
310,"Components that were emphasized in the abstract was more focused on the general design of the study and the methods used to conduct this study. In contrast, the presentation focuses on the specific formulas used to determine how the perceptions of 2D charts and 3D charts differ which in turn are used in order to tell if these values are statically significant. I think the presentation focuses more on these components because they are easier to understand when they are being explained in video rather than it just being written on a piece of paper.",topic_1,0.7018553444948712
311,I think that the execution of the experiment and the study that the experiment was based on was more emphasized in this presentation. I think this is because the presentation is more for students of the stats class that participated to understand the experiment and why it was being done.,topic_1,0.05793170757113214
312,"To answer this question, I need to know the specific content of both the presentation and the abstract. Without this information, I can't accurately determine which components were emphasized differently or speculate on the reasons for such emphasis.",topic_1,4.423452910766606e-309
313,the future work,topic_1,0.6768312823257389
314,"In my opinion, the study regarding Cleveland and McGill was not emphasized in the abstract compared to the presentation. Both talk about a fair share amount regarding Cleveland and McGill, but again, I believe the presentation was more clear and concise in how the data was presented, which allowed it to go more in-depth than the abstract itself.",topic_1,0.1658283503571356
315,It was emphasized more that this was a repetition of a previous study on a smaller scale. This was emphasized more in the presentation because the abstract focused on the results and the data.,topic_1,0.1243785444466486
316,The components that were emphasized more in the presentation were were the differences between the 2D and 3D graphs. The reason I believe this is as it helps explain the differences of the two more.,topic_1,0.9106014473895219
317,The components emphasized in the presentation that were not emphasized in the abstract from what I remember is the reasoning why. I think it is because the abstract has to be scientific while the presentation keeps you focused.,topic_1,4.30916563347031e-309
318,I think the presentation went into more detail for the experiments and emphasized the odds ratio and standard error. It was also able to show more graphs from the data going more into depth than the abstracts. I think this is because the abstracts are meant to be more brief containing less of the results.,topic_1,0.1713111220908336
319,I would say,topic_1,0.14745249612360764
320,There weren't any graphs presented in the abstract like there were in the presentation. for example: the predicted responses for true ratios. i think this is because it can be hard to get your point across when there are so many lines and numbers when presenting it on paper and it is easier to be able to describe it in person.,topic_1,0.7464026005049691
321,"The presentation gave more detail into how it was done and the background of the study, as it was based on a different one.",topic_1,0.13254352471594297
322,"I think they emphasized more on how they got the different graphs, like how they were made, the reasoning behind the differences in heights, and why they chose to present the graphs in the way they did. I think they did as in the abstract you can just barely touch into that, there's no real reason to dive totally into it and explain all of those details.",topic_1,1.0
323,The presentation emphasized visual aspects of the graphs more than the abstract did.,topic_1,0.8903794444789173
324,"During the presentation, the more basic reasoning behind the decisions made in the study were discussed. This is most likely because it is a person talking rather than a formal paper. Also, the presentation was able to show how the experiment was conducted with the slide show.",topic_1,0.12988202067420057
325,I don't think that the abstract said much about how bar graphs aren't as helpful because I honestly did not understand the abstract as much as I did the presentation. I think that this is soley because I am more of a listening learner and also more of a visual one.,topic_1,1.0
326,"In the presentation, emphasis was placed on visual aids, storytelling techniques, and interactive elements to engage the audience and convey the project's essence vividly. These aspects were not as prominent in the abstract, which focused more on summarizing key findings and contributions in a concise written format. This difference likely stems from the presentation's goal of effectively communicating the project's narrative in a dynamic and memorable way, catering to a live audience's attention and understanding.",topic_1,3.08054796024678e-309
327,"The abstract focuses more on a generalized view, and the presentation is much more specific.  The presentation is easier to go into depth because he is talking over the slides instead of us just reading about the experiment.",topic_1,0.1409191198449808
328,The findings were not clearly stated in the abstract. This was likely because the researchers' wanted participants to take in the information without bias and perhaps draw their own hypothesis/conclusions before knowing the true outcome of the study.,topic_1,0.10145388887606922
329,"I would say the importance in the presentation that was not identifies in the abstract could possibly be the effect of colors on how the bars are perceived not only the 3d imaging, from what I remember at least.",topic_1,0.7138848471582246
330,"The reason these components receive more emphasis in the presentation than in the abstract is primarily due to the differences in format and purpose. Abstracts are concise summaries designed to provide an overview of the research, whereas presentations offer a more dynamic platform for conveying detailed information, engaging the audience, and facilitating dialogue. Therefore, presenters leverage the presentation format to provide a richer and more interactive experience that complements the information presented in the abstract.",topic_1,3.048441144796153e-309
331,"In the presentation, there was an emphasis on engaging the audience, using visual aids effectively, and responding to feedback. This should have been explicitly emphasized in the abstract. This is because the presentation format allows for direct interaction with the audience participating. Also, the presentation allows us to address any uncertainties we have raised, which delves into a deeper understanding of this research and its implications.",topic_1,3.101222584339446e-309
332,"The presentation likely accentuated the utilization of visual representations, such as charts or graphs, to elucidate pivotal concepts with enhanced clarity, surpassing the abstract's capacity. Verbal elucidation and live engagement with the audience were similarly underscored in the presentation, yet remained absent from the abstract's confines. This emphasis underscores the imperative to directly involve the audience and furnish a more dynamic and interactive discourse during the presentation, juxtaposed with the static disposition of the written abstract.",topic_1,3.21284311664892e-309
333,"The presentation emphasized the difference between 2D, 3D physical, and 3D digital graph models while I’m sure that the experiment had something to do with gender and being able to guess the proportion of scale in percentages.",topic_1,0.8131576246026567
334,"They spoke a lot more about the Cleveland and McGill study, and also how they replicated it. I think it would have made the abstract too overwhelming, and it made more sense to discuss it in the presentation pf results.",topic_1,0.0712151131771226
335,"In the presentation, they emphasized the results and how some people's answers could have skewed the data. I think that the abstract was to explain what the experiment is, and the presentation gave the results.",topic_1,0.11388520752759808
336,"The components emphasized in the presentation were the ways in which the different graph variations differed from one another by showing the results from the experiment. While the abstract also touched on this, the presentation went more into depth on these differences. I think the presentation was set up in this way because we completed the experiment in this way, and also because we had more of an understanding of the basic components for the experiment by the time we completed the presentation assignment.",topic_1,0.791024527129437
337,The results were emphasized in the presentation and a in depth of what they mean. They also described future planes.,topic_1,0.6840531752365273
338,"The models and results. I don't think these were emphasized in the abstract because the abstract was giving us information on why they wanted to conduct the experiment and how the experiment was completed, so if someone else wanted to participate they could. The presentation goes over the behind the scenes and how the effects of using a 2D graph versus a 3D graph.",topic_1,0.7543624589830047
339,I don't think what it was used for was really explained in the abstract and the background knowledge. I don't think it is because the abstract really just focused on how the study was designed and carried out.,topic_1,0.15779139852977755
340,the results and future work were repeated. i believe this happens because they are two important pieces.,topic_1,0.1265442130868735
341,I think that the background information on the 3-D objects was very helpful. It made the reason for the study much easier to understand.,topic_1,1.0
342,The thing that was emphasized in the presentation was that they were following another study's experimental design. I think this is because they wanted to say that in the presentation but it did not matter in the abstract.,topic_1,0.13238052192807584
343,"In the presentation it is said how they lessened the amount of treatment combinations to accommodate the busy student. I think they did that because it is not necessarily important to the abstract, but when asked about it they need to be able to back up why.",topic_1,0.10957752024445522
344,The presentation emphasized the experimental learning aspect more than the abstract. This is likely because it was not yet thought of or not an important part to include since the abstract was for the experimental learning aspect.,topic_1,0.11457729502161977
345,It has been quite a while since we read the abstract so it’s difficult to say. I think the conclusion was emphasized more.,topic_1,0.1409201601219187
346,"The graphs and data charts that explained the findings of the experiment were emphasized in the presentation and not in the abstract. I believe this is because it is just simply not needed for an abstract, just saying that there was not much correlation is enough and having complicated data would actually make things more confusing mixed in with the other things being explained.",topic_1,0.9148655956161742
347,"I didn't really understand the reasoning behind the experiment when we were doing it, so now I have a little more context on where it came from. I also learned the difference in why we are doing it.",topic_1,4.011922636481663e-309
348,"Not many conclusions were drawn in the abstract, but many conclusions were discussed in the presentation. This could be because the abstract was completed before the experimental data was analyzed.",topic_1,3.230375538039926e-309
349,I think a big thing that was emphasized on the presentation was the background. I think this was emphasized so we could get a better understanding on the purpose of this project and how it came about.,topic_1,0.28800789354669687
350,The results were more emphasized in the presentation. I think this is because the results come at the end.,topic_1,0.14995059920030498
351,background information was emphasized more during the presentation than in the abstract. this was probably done because of the fact that you can go into more detail about background information in a presentation than in an abstract.,topic_1,0.07421200185908604
352,I think the components that were emphasized in the presentation was what the data showed and how the researchers came to that conclusion. I think this is because in the abstract everything is more brief because it is just a slight overview whereas the presentation can be more detailed and further analysis can be talked about.,topic_1,4.31793070211079e-309
353,The components that were emphasized in the presentation that weren't emphasized in the abstract were the different equations that were used from the data to conclude weather the hypothesis was answered or not. This also helped to explain if the experiment collected valid data.,topic_1,4.166903707433663e-309
354,We don't need to worried about some trouble when we using 3D objects to solve problems.,topic_1,0.7272411558343412
355,one aspect that I thought was massively made in the presentation is that a point was made that there are both benefits to 2d and 3d graphs and how we interpret them.,topic_1,1.0
356,The presentation made the purpose of the study and what it aimed to do in challenging the results of studies that had shown that 3D modes of data presentation are ineffective much more clear. It is important to obscure some of this information at the outset in order to prevent introducing bias into the minds of participants. The abstract serves to present the information participants need in order to play a role in the study in the most neutral fashion as to not introduce extra variables to the study that would confound the results it produces.,topic_1,0.8257887631369504
357,I would say give more explanation of the research at the beginning of the experience. It helps people focus on what they should mention.,topic_1,0.10816099481244193
358,"The origin of the experiment and paper. Because Tyler was referencing the paper and he made the experiment. Also another component that was emphasized only in the presentation was the results, because they were from a current experiment and it might have messed with our perception of the experiment before even starting it.",topic_1,3.99732601962196e-309
359,"The results of the experiment were emphasized more in the presentation than in the abstract. This is because the purpose of the abstract is to describe the experiment design, while the presentation's purpose is to lay out the entire experiment; hypothesis, methods, results, etc.",topic_1,0.13238679644503032
360,I feel the presentation did a better job at communicating what the findings which were significant to the researchers were. I believe this is because the paper focused more on the goals of the study and the presentation focused more on the study results.,topic_1,5.04863255886539e-309
361,The background on 3d objects was more emphasized along with replicating the Cleveland and McGill study. I think this was done to show how the UNL study was different from Cleveland's.,topic_1,0.6575301185239422
362,"The presentation focused just on the comparison of the two heights. If we knew there was an underlying study about 3d vs. 2d., then there would likely be bias.",topic_1,0.7426460514380014
363,"Like I said in the question above, I think that the presentation had a lot more focus on the results. The graphs provided in the presentation gave a good way to see what the study found.",topic_1,5.268398531356334e-309
364,The components that weren't too emphasized were the equations and math side of the experiment. We were just told to go along with each question and do our best. I think this occurred because they didn't want us to overthink anything and give them our most raw/ best results.,topic_1,4.37948658494752e-309
365,"The presentation aims to enhance understanding and retention through dynamic communication, while the abstract delivers essential information succinctly.",topic_1,3.08729988540346e-309
366,"There were many components in the presentation that emphasized the information about the bar graphs, that differed from the abstract. I think this is because in the presentation they talked much more in depth about the graphs and why they are they way they are.",topic_1,1.0
367,"How the experiment was setup, because they do not want that to worry us and ruin the data.",topic_1,0.0775768983712239
368,The presentation emphasized how the researchers were surprised that the results did not agree with their hypothesis. I think it was due to the formality of an extended abstract report. Researchers don't usually inform audiences of their feelings around the conclusion.,topic_1,3.139691774416386e-309
369,"Again, I don't recall having completed any ""abstract"" assignment.",topic_1,4.13549392765161e-309
370,The predicted response times for true ratio seemed to be emphasized more in the presentation. I am not sure why.,topic_1,0.6864203039350899
371,"I'm not sure. This focused on 2-D vs 3-D graphs, as did the abstract study. I thought we would be more accurate with a 3-D model in our hands, but the simpler 2-D got better results.",topic_1,0.8205114405001013
372,The purpose of the experiment and future testing. It could've made the data gathered become biased and would've affected the findings of the testing/experiment.,topic_1,0.08154712372120879
373,It explained how they ran into the issue of having 42 treatment combinations and how they were able to make it more manageable by having each subject receive 5 of the 7. I think it was mentioned in the video because they explained the study more in-depth.,topic_1,0.10426838681507154
374,The background is a major component that was given to us in this video. I think it is so that we cannot be persuaded on how things are evaluated within this experiment.,topic_1,0.5822217475734749
375,The reason on how this experiment came to be from excel adding 3d graphs to their software and it being harder to read and not looking as exact as its 2d counterpart. I think this wasn't explained because they wanted us to best observe the graph height based on what we compared the bar to.,topic_1,1.0
376,"I found it interesting that 3D scatter plots were shown in the presentation as a demonstration of what 3D graphics could look like, but not in the abstract. I believe this is because can not effectively organize information in a way that will reach the reader as intended by the presenter.",topic_1,0.6954595358104941
377,"In the presentation, visual elements such as graphs, charts, and images are often emphasized more than in the abstract. This is because presentations aim to engage the audience visually and convey key points quickly and effectively. Visual aids help to illustrate complex concepts and data, making them easier to understand and remember.",topic_1,3.30244473649352e-309
378,"that how many subjects were given visualizations, were if the bars were separated or if they were together. because if the ones were together they might be different in eye size.",topic_1,1.0
379,"The comparisons that were being made, and the detailed intention of the project. This admission could mean that students would not be biased toward certain graphs, and would answer the questions in a way that best reflected their true impression of the ratios.",topic_1,1.0
380,"This presentation includes more in depth information on the study design, the materials, and how data was collected. This is most likely because an abstract is supposed to be brief, and the information in the abstract was expanded on in the presentation.",topic_1,0.13819304705854202
381,They emphasized the importance of the study and how it will be beneficial to the course in the future. I think they did this because nobody wants to participate in a study that has no importance or significance.,topic_1,0.09218592711792133
382,The components that were emphasized that I noticed was the set up of the experiment. The presenter described very well about the design and why everything was done and the place is was set up in.,topic_1,0.047882558442225415
383,They mentioned that their goals was to closely replicate Cleveland and McGill and the values indicated on the paper. This is because it were not stated in the abstract.,topic_1,0.07753896569989809
384,I feel what was emphasized in the presentation were the 3D models and how exactly this study came to mind. The emphasis on the 3D graphs was very present in the presentation and I feel that it helped me understand more than the abstract.,topic_1,1.0
385,"In the presentation, the background of 3D graphics was mentioned, and in the abstract it was not. I think this was the case because it is a lot easier to show how the data of a 3D graph can be distorted through a visual representation.",topic_1,0.6725667627370904
386,The presentation emphasized the study design and the importance of carrying out this study design. I think that this is because the goal of the presentation was to explain how the experiment was designed and set up so that people could get a better understanding of it.,topic_1,0.09456374025000075
387,I think the results were more emphasized in the presentation than the abstract. I also think they talked more about why the results varied in the presentation.,topic_1,0.12069383534032485
388,The presentation emphasized the difference between the two 3D graphs and why both of those were used in the study. I think it's because the researchers did not want to let the participants know what exactly they were measuring for.,topic_1,0.8407758222848011
389,"I felt like the design of the study was much more emphasized in the presentation that it was in the abstract. I'm not entirely sure why, but I assume that it was because the abstract didn't have the room to go into it.",topic_1,0.10134610220769491
390,I feel like the presentation was more straight forward and easier to understand the visuals because he explained them during the presentation as he was showing them. I think this is the case because it's easier to emphasize visuals by talking about them rather than writing about them in an abstract.,topic_1,0.14095161897132655
391,"In the presentation, there was more emphasis on visual aids such as charts, graphs, and images to illustrate key points and findings. Additionally, the presenter provided more detailed explanations of the methodology and results compared to what was presented in the abstract. This emphasis on visuals and detailed explanations in the presentation likely aimed to engage the audience and provide a clearer understanding of the study's complexities and implications.",topic_1,3.06601084796679e-309
392,Details. This whole experiment is much more intricate than the abstract.,topic_1,3.92030037298158e-309
393,"I would not conclude that the presentation and abstract differed that much, but it was a good introduction with a little history about Microsoft developing bar graphs because it gave a clue about what if the deal is in generations rather than graphs themselves. Also, it talked more about how they got the results.",topic_1,1.0
394,"In the presentation, emphasis was likely placed on visually engaging content, effective verbal communication, and audience interaction, which may not have been as prominent in the abstract. This emphasis is likely due to the different mediums and objectives of the presentation compared to the abstract. Presentations aim to communicate key findings in a dynamic and accessible manner, often incorporating visuals and storytelling techniques to engage the audience, while abstracts prioritize succinctly summarizing the research for readers who may not have time to delve into detailed explanations.",topic_1,3.0684048646158e-309
395,"The presentation emphasized design choices, explaining the rationale behind methodological decisions. Also discussed limitations and other aspects in way more depth.",topic_1,0.11296112120069253
396,"Try to focus on objective and menthon to learned about the emphasized to abstract. Also, I think that learning from methon is better than learning from the abstract.",topic_1,4.176042876604213e-309
397,"That this experiment was used as experiential learning for students. 

Viewing angle was another component I don't remember learning about in the abstract.",topic_1,0.07098929251086415
398,"One component that was emphasized in the presentation that wasn't emphasized in the abstract was the reasons why 3D digital graphs aren't always the best because of the distortion of the image. Another component that was more emphasized was the Cleveland and McGill studies, which provided a basis for this study. I think these components were not as heavily emphasized because it had less to do with the reasons behind the study and what they were hoping to discover through the study.",topic_1,0.6810144761568497
399,Something that was emphasized in the presentation that wasn't emphasized in the abstract was the background information on 3d graphics. I think this is because they are trying to show there reasoning behind why they did this experiment.,topic_1,0.7144694996130881
400,"One of the components that was being emphasized in the presentation that was not in the abstract was the results. While the abstract had the methods, study design, future research and implications; the presentation showed the results of the experiment.",topic_1,0.0703144484874286
401,"The components that were emphasized were visuals, verbal explanation, engagement and interaction. Presentations aim to not only convey information but also to captivate and persuade the audience, making use of various techniques to achieve this goal.",topic_1,0.03870343464806052
402,"Presentations offer an opportunity to engage the audience more and provide a better look at the research compared to abstracts, which typically are focused on summarizing the key points.",topic_1,3.05997071790575e-309
403,I think they emphasized more why the study was being done. They also emphasized more of the results. I think this may be because they didn't want the results given out to change the way people respond to questions in previous parts of this experiment.,topic_1,0.06525220594757455
0,2d and 3d bar graphs because they were trying to see which way was easier to have an accurate response.,topic_2,2.204756370333046e-309
1,I think the presentation emphasized more of the reasons why they brought the study to UNL classes. I think the abstract was supposed to be more about how the study was conducted to be informational.,topic_2,0.17784314807361332
2,The component that was emphasized to me was the calculations they did with the 3D graphs. They showed the results for each individual graph.,topic_2,0.04531232357741187
3,"I think one thing I noticed that was different between the abstract and presentation was that I had more of a visual representation of the study in the presentation than the abstract. Obviously, presentations are digital, so it is easier to put in pictures, but I thought that the visuals of the bar graphs and other diagrams helped me understand more about what the study was really about.",topic_2,0.08220320960709111
4,They talked about the replication of the experiment a lot more. The abstract doesn’t need to concern how close another experiment is to it considering it’s a brief overview of the paper as a whole.,topic_2,3.37966268870173e-309
5,The components that were emphasized in the presentation that weren't emphasized in the abstract were the background of the 3D graphics and Cleveland and McGill. I think that the purpose of this experiment was to have us going in blind. I think this is because it might ruin the experiment if we knew what and why we were measuring and placing the 3D graphics in the experiment.,topic_2,0.1197779334942076
6,"One thing that I think was more emphasized in the presentation was the study design, and how the treatment combinations were set up. I think this is because for this specific experiment, there were originally 42 treatment combinations, which would not have been ideal for the subjects.",topic_2,0.09826261959031617
7,How they really wanted to replicate Clevland and McGill's study in their study. I think this was emphazied more in the presentation because as they were explaining the steps they took in this process they wanted to relate it back to how Clevland and McGill's study went and compare the two results.,topic_2,4.89627586265724e-309
8,The presentation gave a solid background on what 3D graphics are compared to the abstract. It also gave a greater overview of what the experiment purpose was and how it was performed. I think that they gave a greater 3D background to show the accuracy of the experiment and how it was evaluated.,topic_2,0.10805261440574178
9,The results were because the presentation went into more depth and gave different ways to get better results. They also included a portion of experiential learning in the presentation meanwhile the abstract was straight to the point about all of the parts of information provided.,topic_2,0.11421969297106187
10,"The presentation definitely mentioned more of the specifics to the project; i.e. how it came to be, what the purpose was, background information, etc. I think this was because if it was mentioned in the participation, the student would just skip over it because it's boring information.",topic_2,5.350755176269615e-309
11,"I think more of the information behind studies as a whole, rather than our study in specific. You just get a lot more details about study designing.",topic_2,0.1659629438810987
12,The reasoning behind the study was emphasized more in the presentation than in the abstract. This is because the abstract is more formal write-up and the presentation was an opportunity to share what the researchers couldn't in the abstract.,topic_2,0.12197310585271977
13,One of the things emphasized was the types of graphs. The presentation provided more through understanding what the bars meant and how they are perceived.,topic_2,0.05812466424345832
14,The thought process behind the experiment. It is easier to understand without the formalities of the abstract.,topic_2,4.06394440966941e-309
15,The presentation emphasized visual aids that provided a more tangible demonstrations of the outcomes. It helped focus on more engaging the audience through demonstrations which might not be effective within the abstract.,topic_2,1.0
16,"I feel like the study design and how they are replicating Cleveland and McGill study is described in a lot more detail. I think this is because when writing an abstract, you just give a brief summary of the study and when writing the study design you usually keep it clear and simple so readers can understand it. I think the video gives more insight into the background of how this study was conducted and he is explaining more in-depth how these were created and how they are facilitating this study.",topic_2,0.08159700600390526
17,the presentation started with a quick explanation of what the graphs were and how they are used. The abstract started with the goal of the experiment and went right into the methods section. Maybe it is because the author of the abstract already expected participants to know what 2d and 3d graphs are and have a little background in them.,topic_2,0.049248682385964186
18,"In the presentation, the results and data were properly presented in graphs and tables. In the abstract, the data was not shown just talked about. The experiments being replicated were explained better in the presentation. I understood the process of the Cleveland and McGill experiment during the presentation compared to the abstract. I also understood aspects that were being taken and implemented on the UNL students.",topic_2,0.14229847970533693
19,The components that were emphasized in the presentation was the characteristics of the study and the numbers that went all behind the study of the blocks.,topic_2,0.07580458243882165
20,"I think some of the components explaining the more mathamatical side of this study were really doven into, we got multiple new formulas that were used to explain the results. Other than that the results of the experiment were certianly more explained in this presentation. The final thing that I think was emphasized was why certian things may be happening in the results during the study, it explained some of the physcology. I think it was just easier to do so in a video where someone could explain what was going on, especially since this is the last of the post study assignments.",topic_2,0.11627960434989958
21,Some of the components that were emphasized within the presentation but not within the abstract would have to be coordinated with the predicted responses that were touched on the the presentation but not the abstract. That may have been because they felt that it was easier visually portray the group within the video instead of the abstract.,topic_2,0.06491850718401784
22,"Some things that were in the presentation and not in the abstract were the shiny app,  model, and results. I think this is because it is easier to talk about these things in a presentation then in an extended abstract. It would of made the abstract too long as well.",topic_2,0.13906511684569464
23,Some components that were emphasized in the presentation that weren't emphasized in the abstract was the background information on 3D graphs they probably didn't include this in the abstract because it wasn't really relevant information and it would make the abstract longer. They included some problems that 3D graphs have and how we should use them. It was probably easier or more relevant to put all the information in the presentation because they were explaining it to an audience and informing them what they were doing.,topic_2,0.11697397351714353
24,The background of the experiment and the way the study was created and set up were components that were emphasized more in the presentation. I think this is because the abstract was supposed to be more straight to the point whereas the presentation was more detailed.,topic_2,0.09602568150869965
25,"I think the background information on the 3D graphs and the full layout of study was not stressed nearly as much as it was in the presentation. The presentation explained more about how the shapes can look distorted making them less accurate. However, they can be very useful for other purposes. Viewing angle of the shapes to me was not emphasized in the abstract compared to how it was in the presentation. As well, the research questions being explicitly stated in the presentation was helpful. Also, just the detail and reasoning to how to study was set up.",topic_2,3.06961098711279e-309
26,"The presentation emphasized exactly what the research at the University of Nebraska was for rather than focusing on the research done by others in the past. Additionally, the presentation also focused on the results from the study with faculty members. They probably included the results in the final presentation to let us know what they learned from the experiment, and to prevent subjects from being biased while taking the experiment.",topic_2,0.07396278425738964
27,"The math behind the study, I think this is because the presentation is newer. So the study went more in-depth and focused more on math. The presentation showed the results of some of the testing and how some people over guessed/under.",topic_2,0.08447410983259253
28,In presentations emphasis may be placed on visual aids for student interaction. It wasn't emphasized in the student aid. The teacher wasn't allowed to help the student because it is just the student that needs to complete the survey because they don't know the answer.,topic_2,0.8627627482722475
29,The presentation emphasized the five different types of graphs and the point of studying them more. It also emphasized the purpose of the kits and how they were being observed in the study. The presentation also explained the Shiny app and how it was used. I think they emphasized this because it was a huge part of the study and how it was completed.,topic_2,2.82115355723339e-309
30,"In the presentation, it emphasized what the study was, and the scale at which they conducted it for unl students. It also mentioned how this applies to the STATS 218 class, and how it will be used in the future to continue collecting results.",topic_2,0.17527306138038387
31,Components that were emphasized in the presentation were the results and statistics of the study. In the abstract the components that were emphasized was more so the reasoning for the study.,topic_2,4.55967567266015e-309
32,That when a 3D graphic is presented in a 2D way it can be distorted. Other than that I am not really sure.,topic_2,2.5093774089828e-309
33,"In the presentation, it connected much more to the plan for the STAT 218 class, and talked about the plan/parts students like myself would go through. It was also much more simple talking about the history of how different graphs have been favored. This is probably because the abstract needs to remain more scientific and factual, while the presentation could be more informal and specific to students in this class.",topic_2,2.57398202054655e-309
34,The results weren’t in the abstract because they hadn’t analyzed the data yet. They also didn’t explain their exact process because an abstract is supposed to be a brief overview. They also didn’t say their future plans for the project because they might not have come up with them yet.,topic_2,3.34560008574434e-309
35,some components that weren't emphasized in the abstract were the different angels that 3D graphs provided compared to the one view for 2D. Since we can view 3D in many perspectives our opinions could be distorted. Where 2D we can only view it one way so analyzing the data would stay consistent,topic_2,0.048660684907787896
36,"I'd say the why of the experiment. Why we/the designer wanted to pursue this information versus just the purpose of the assignment, as seen in the presentation. Learning more about the experiment has been interesting, I had never thought of a lot of the information prior.",topic_2,4.294115489216603e-309
37,"The components emphasized why we were comparing the digital 2D graphs to both digital 3D graphs and tangible 3D graphs. I didn't really understand the point of evaluating digital 3D graphs, but the presentation mentioned how 3D graphs in excel are something that is used to show data sometimes.",topic_2,2.435628161106994e-309
38,"The presentation went more into detail about other studies and clarified the study design and purpose more clearly than the abstract. The presentation also went into the correct and incorrect options, and how the study was conducted better than the abstract, and or in a more understandable way.",topic_2,0.23110724437814426
39,"The results of the study, as well as the predicted results, were much more emphasized in the presentation than the abstract. The abstract doesn't contain the results. MI doost likely so that it doesn't spoil the experiment for anyone that wants to try something similar for themselves.",topic_2,3.41727964721954e-309
40,"Honestly not sure what was more emphasized because the presentation talks about background, overview of the experiment, results which was also in the abstract so maybe the shiny app or future results but if I can remember correctly the abstract also talked about future results.",topic_2,0.15257300784546773
41,"Something emphasized in the presentation and not in the abstract was there was not any difference in the 2D and 3D, which was what I thought was going to happen.",topic_2,0.10543585667919798
42,it was really emphasized that each subject gave consent. It also really emphasized that re saw the same graphs many times.,topic_2,2.40461048290159e-309
43,I feel that a component that was emphasized in the presentation was the problems with 3D graphs and how to get around the graphs and how they compare to 2D charts.,topic_2,2.51407238512057e-309
44,What really stuck out to me was when they said that 3D information made 2D and vice versa can distort information. I think they didn't bring this up because it could skew how one would think about the data being presented.,topic_2,2.77565084459783e-309
45,The results of the experiment were more emphasized in the presentation. This could be a result of the abstract being written prior to it.,topic_2,0.1012084052229758
46,"The presentation was a little easier to understand. It might be because I tend to not like reading, especially when it comes to math, but having it laid out in a video form and follow through each slide was much easier for me to do so. I don't remember much of the abstract, but I feel like the presi. or presenter did a good job of emphasizing that they had to make assumptions because McGill and Cleveland's weren't exactly going to be replicated and such.",topic_2,4.69709445971032e-309
47,The results of the study were more emphasized in the presentation than the abstract. This could be because at the time the abstract was written they didn't have sufficient results. Getting to observe the graphs of results in the presentation was helpful so I think it would have been supportive to mention any form of results in the abstract.,topic_2,0.04990896908023786
48,The reason that there was less information in the abstract is because they didn't want their participants to know exactly what they were studying so they can't sway the results. The video also has more results than the abstract.,topic_2,0.07679467503509087
49,"The presentation emphasized the results of the study and how 2D graphs ended up being the preferred graph type for people during the study, whereas the abstract was more about the study set-up. This is probably because the presentation was more about the results and the ""why"" of the study whereas the abstract wasn't.",topic_2,0.02468880555824678
50,I thought the procedure was much more detailed in the video. I think this was done because it was much easier to explain the procedure because of the utilization of the examples used in the experiment to show the participant scales.,topic_2,0.07770326840614881
51,"I felt like the components of why they actually were doing the study were focused on more. I also feel like they told us more of how it exactly was going to work and who the test subjects would be more in the presentation, this could be due to just that the presentation was an easier way to provide this information rather than in the abstracts.",topic_2,5.0286693343671e-309
52,Some components were the amount of the treatment combinations. The subjects are too busy to have 42 different graphs to work on. They downsized the treatment to 15 treatment combinations.,topic_2,2.561063618634235e-309
53,The results of the mini experiment where more emphasized in the presentation than in the abstract as well as how students would be learning and benefiting from the experiment. I think they left the results out of the abstract because they were results from a convenience sample of people that might not reflect the general population and how we would learn from our reflections was irrelevant to the experiment itself.,topic_2,0.13485280395983493
54,"The presentation emphasized visual aids, interactive elements, and engaging with the audience to make the content accessible and memorable. The abstract aimed to summarize the main findings briefly, focusing on being clear and concise without using visual aids or interactive features.",topic_2,1.0
55,"The components that were emphasized in the presentation were the difference in results from the different studies that we participated in. I believe this is to give us information back on the experiment that we were a part of. As well, it described how each experiment had different outcomes for different tests.",topic_2,4.4838803675863e-309
56,It went into more detail. It's probably different because it's the researcher talking about it versus reading about it.,topic_2,0.18916620158487085
57,"I cannot recall anything that wasn't emphasized in the abstract. I feel like they are comparable other than the history of 3D graphs, I feel there was more in the abstract.",topic_2,0.09899752422275983
58,"All the logs and ratios that were supposed to into it. I don't know how much I was able to do with this, but I had no clue that that was even a factor. Also I didn't know we could turn the graphs on our computer to see the different angles.",topic_2,0.050362686975774056
59,"In the presentation, they emphasized the results of previous studies more than they did in the abstract. They also talked more about the pros and cons of using 3-D graphs. The difference between the predicted and actual results was mentioned in the presentation more than in the abstract. I think that the things that were more prevalent in the presentation were things that were easier to demonstrate in a presentation with an explantation rather than in a written text.",topic_2,0.08050668659012183
60,The presentation went into more detail on the specific concepts of the study as well as the results. The abstract was more about the procedure and purpose.,topic_2,0.23751191345513908
61,One component that was more emphasized was how they had to make assumptions before they had to make the comparisons. I also feel like they explained more of the process and also the results of the graphs and how it came to be. I think this is because its easier to explain things when you face to face with someone verses just typing it out. They were fully bale to explain everything and the process and they could do that using any amount of time they want and not have to squish it into an abstract.,topic_2,4.566934798921094e-309
62,"I think the talking about the distortion of data when changing a 2D graph to a 3D graph. I remember when I was doing the experiment, when it was saying that these two graphs match (2D and 3D) I thought these don't look the most similar. And after reading the abstract and listening to the presentation I was correct.",topic_2,0.09722128672922671
63,How the study was randomized and what the experiment was testing. This was possibly done to reduce bias in the participants.,topic_2,0.0926257298323276
64,"With lots of information, it may overwhelm the study subjects.",topic_2,0.1504523517649053
65,"In the presentation, they talked about the results of the studies more than they did in the abstract. They talked more about the 3-D graphs, also. The presentation is easier to represent with an explanation than in the abstract.",topic_2,0.07376177264051083
66,The components that were emphasized in the presentation were why they were doing this experiment and who they based this experiment off of.,topic_2,4.255098212469726e-309
67,"In the presentation, I believe that the actual math portion of the experiment was more emphasized. While the abstract did discuss the math components minimally, the presentation went into a lot more detail and explained the results of the experiments with more of the formulas and graphs that were utilized.",topic_2,0.13252274893366256
68,"It went more into detail with more visuals on how they are impactful to the study. In the abstract, there were not as many visuals included as in the presentation.",topic_2,0.20372704941055364
69,"The presentation focused some on what they would be doing with this experiment, using it for STAT 218 classes at UNL, but the abstract didn't cover it. I think it isn't important to cover what the experiment will be used for in a learning environment, and it would be more important for the abstract to cover how the experiment was conducted and what the results could conclude.",topic_2,0.1388035513347639
70,The components that were emphasized in the presentation that weren't emphasized in the extended abstract was the statistical significance of the data and how the participants saw the ratios vs the actual ratios. I think this occurred because the abstract was more focused on the background information and the reason for the study than the actual results.,topic_2,0.08303949053111838
71,"The abstract didn't relay the results of the experiment I participated in, but gave me information on what the goal of the project is. The presentation focused more on the math behind the project, which was likely given to allow for a better grasp of the data the study produced.",topic_2,0.05743149130912698
72,This presentation emphasized results and statistical significance of the study. The abstract didn't mentioned the results of the study. This could be for many reasons. I think it is probably because of the restrictions of what can go into an abstract.,topic_2,0.050429721252469153
73,The background of the 3D graphics was majorly emphasized in the abstract video and was not in the presentation. I expect this is to reveal more information on why they chose this date formation and to develop an understanding of the study as a whole. The research question themselves were also not as emphasized in the presentation for these same reasons.,topic_2,0.10490731659392602
74,"I didn't realize that some of the background information was on the benefits and misleading uses of a 3D bar graph. I thought it was just about how close a person could guess with that the data looked like with the 3D models. I think we were kept in the dark about this because it isn't something that we cognitively think about when we take in formation. Found that to be really intriguing. 

 

I also didn't realize that an app would also take part in the experiment.",topic_2,2.809616563745933e-309
75,"The presentation gave a background on 3D versus 2D graphs, which showed why the study is relevant. This is probably due to the more open nature of the presentation, while an abstract is meant to describe the experiment itself without background information.",topic_2,0.07948107808627158
76,The abstract goes into more depth about how the graphics were made and why there was limitations on them. I think this was because its not that important to explain in the video but made more sense to put into the abstract.,topic_2,0.09383795826349972
77,Components of the pres was the main difference in the results I think its so that it wouldnt influence the people taking the expieriment,topic_2,0.1211857160955491
78,The video went into more depth about the background than the abstract. I think this is because they really wanted to make sure we understood where it came from and why. The abstract also talks about this but I just thought tit was less.,topic_2,0.08935163102114126
79,"The abstract gave us more information about the study itself, the presentation gave us more detailed information about the reason behind the study.",topic_2,0.2362424609684726
80,"The abstract had more information about the initial experiment. Assuming it follows the general outline of scientific papers, the abstract is supposed to be a brief overview of what is covered in the paper, not be a full summary.",topic_2,0.06688233392254142
81,Showing how the experiment worked in depth. The guy in the presentation explained more about this.,topic_2,4.09647632914236e-309
82,They did not show how the bars were designed and that they were randomly generated. They also did not give us the answers as it may have effected the way that we looked at them and it could have changed our answers.,topic_2,2.091558521622765e-309
83,"Some of the components that were emphasized that weren't in the abstract was the model slide, I think that it wasn't emphasized because we never used any of the equations given and how to use it.",topic_2,4.23242777268697e-309
84,"I noticed that the setup for the experiment was emphasized more in the presentation than in the abstract, as well as the use of the Shiny App. I think that it is due to the ability to explain better over presentation than just through words.",topic_2,0.13244888359000387
85,"I feel like just the results were better visualized to me just because I was also able to see both sides of it, and I was able to see pictures and graphs from the results of different students.",topic_2,4.61623665302544e-309
86,I feel like the graph distribution and reasons for the different types of graphs was explained more in the presentation than in the abstract. I feel like the abstract was more of an informative piece about the results of the study. While the presentation was more of an explanation of the study and why it was set up in a certain way.,topic_2,2.56572130961886e-309
87,I would say there was a lot more information about the study in the presentation. This could be because he could explain it more when talking rather than writing,topic_2,5.769518267480095e-309
88,I think that the components about the height were not emphasized. I think this was because they wanted to get clear data and not give away the purpose of the study.,topic_2,2.11777734282417e-309
89,"To be completely frank, before this presentation I did not understand the difference between Cleveland and Mcgill and that the whole point was Replicating them. Both the graphs show a linear progression.",topic_2,2.399270757865317e-309
90,The difference from McGills study made more sense watching the video then reading the whole extended abstract. The abstract section itself did not have enough information for me to understand what was truly being tested but the presentation made it more clear. I think the video had more space to explain everything in detail such as the participants being UNL students in stats course doing experiential learning.,topic_2,0.09267010311348411
91,"I learned more about the actual procedure in the presentation. One idea that could explain why this was for visual purposes, as it is easier to follow along when you can see something.",topic_2,4.521920217397486e-309
92,The predicted responses were emphasized more in the presentation than in the abstract. I'm guessing that the abstract wouldn't have had the new predicated responses due to the experiment also being conducted in 2023.,topic_2,3.250789587617846e-309
93,"Some components that were emphasized in the presentation that were not emphasized in the abstract were that in the abstract there was no mention of the program, Shiny App, used to ask paritcipants their perceptions in the experiment whereas in the presentation, the researcher highlighted the utilization of this tool as a vital component of the study.",topic_2,0.13422915994259493
94,I would say like facts that made it easier to understand. One example was at the 1/3 of the video. The man went into detail about the graphs that Cleveland and McGill used.,topic_2,0.22077221802225205
95,The differences between 2D and 3D are explained more throughout the presentation. This is the main topic of the experiment and with out the explanation of the two and how they differ and it wouldn't allow the researchers to base their conclusions off of,topic_2,0.10492573656036142
96,"The biggest part of the presentation that wasn't in the abstract were the initial results of the first set of data. I would guess this is because the results did not show any significant results, so the researchers are waiting for more data before trying to make any claims in the abstract about conclusions.",topic_2,3.34978498488022e-309
97,"The point in the presentation more emphasized on the results of each or the different bars, compared to the abstract which explained why the bars looked the ways they did. I think that the presentation was more to show the results of the project.",topic_2,2.09061264849395e-309
98,Components that were emphasized in the presentation that wasn't emphasized in the abstract were the experiment they were basing it off of as well as study design of the experiment we participated in. I had a better understanding of the experiment our experiment was based off of and how they designed the study.,topic_2,0.050275351591391855
99,"The results were not heavily emphasized in the abstract. This is probably because the abstract is meant to provide a more general overview of the experiment, rather than a detailed explanation.",topic_2,3.37730516367634e-309
100,How the app worked within the study. The presentation also helped clarify how the graphs work. This was because the abstract seemed to focus on why the study happened and the video better explained how it actually worked.,topic_2,5.062484886781046e-309
101,all the ratios and I think it is because they wanted to see how the volunteers categorized each bar based on height,topic_2,2.128221264494506e-309
102,There was alot more information about why they were doing the experiment. I think that its because if you are reading the abstract you already know about the experiment whereas you would show someone the video that is learning about the project for the first time.,topic_2,0.12274060837228969
103,"Unlike the abstract, the presentation emphasizes on detailed explanation of the experiment like background of the bar graphs. Also, it informs the procedures in simpler ways.",topic_2,0.02513352223459543
104,"Even though both the presentation and the abstract both use the shiny app and have the kits available to the participants, I feel that the presentation gave a more in depth explanation of the results and what they were looking for and how to use it to achieve a result. The abstract did not go as in depth as the presentation did. we got showed p-values and standard errors in the presentation. abstract we were not given that info.",topic_2,0.1476775802542236
105,"From what i remember I do not believe the ratio was talked about in the abstract like it was in the presentation. The photo showing what was in each, helped give a visual to what was talked about, which as a visual learner I found this super helpful.",topic_2,0.09407089982736268
106,"Replicating clevlin and mcgill, I think this is becasus that doesn't need to be talked about in the abstract. The abstract should only include all your data and personal experiments.",topic_2,3.3906865828526e-309
107,"The real evidence and more explanation about this research were provided during this video. Things such as the design of the study, information on background knowledge (more in-depth), and how their study differed from the one in the past. I think that they did this so it is more manageable, study different results using different methods, and try to make the subjects to think in different ways.",topic_2,0.1155630207065666
108,"The goal of graphical elements, types and lengths of the different graphs, the equation the bar graphs used. Each subject received 5 out of 7 of the unique ratios and each subject got 15 total ratios. The model equation they use takes a look at the judge ratio from the participant and the actual ratio (the same log ratio as Cleveland McGill). I think the reason they were emphasized in the video and not the presentation is because the abstract was kept short, with the main, important reasons being stated. The presentation we watched had more time to speak in depth and show visuals, giving the listeners a better understanding.",topic_2,0.07606056884951445
109,"I have no idea. To be honest, it felt like there actually was nothing emphasized from the way he presented because the entire thing was pretty monotone and flat. There was no way to tell if there was a particularly important or vital section.",topic_2,5.760067796936974e-309
110,This presentation emphasized the experience of challenges of judging depth in 3D graphs more than the abstract did. Highlighting how the physical materials were created and how the 3D printed charts were used during the experiment. I think that this was done to make the presentation more relatable; making the audience become more engaged.,topic_2,2.51895054205572e-309
111,"The exact math used and how the study came to be. I think this was because the presentation was a lot more in depth than the abstract, and was more personally talking about how the study worked than writing it up scientifically.",topic_2,0.17516484689962347
112,"The presentation did a better job of showing visuals and examples of what certain graphs looked like. Maybe it was easier to show these images in the presentation, and it was probably easier to explain when talking in the presentation compared to writing the abstract.",topic_2,2.62211700691174e-309
113,"The instructions and goals of the experiment as it pertains to the respondents were more clearly stated in the oral presentation. The nature of the oral presentation and the ""lax"" nature of speaking the instructions allows for a little bit more clarity, albeit less detail, for respondents and can make data digestion a lot more possible than in the extended abstract.",topic_2,0.14960039472767928
114,The presentation talked more about how the study could be used in real life. The abstract mostly explained how the experiment was done. I think the presentation focused on the bigger picture to make it more interesting and easier for people to connect with. It helped show why the study is important.,topic_2,0.155870626777683
115,The results were highly emphasized in the presentation much more than the abstract. The abstract did mention the results but not as in depth. I think this is because its easier to explain the results by looking at graphs rather than explaining them.,topic_2,0.09843578159052964
116,"Detailed results, visualization of the data and the interpretation of the results. I think they were emphasized because the audience needs a comprehensive understanding of the study's outcome and significance.",topic_2,0.16325846376325065
117,One component that was emphasized in the presentation that wasn't emphasized in the abstract was the equations. I believe this would be to help us understand how the equation is used and the components of the equations.,topic_2,0.05736767106553363
118,"the breakdown of how many graphs each subject got to divide up the total number of graphs of all types, and ratios.",topic_2,2.416688486704434e-309
119,The components that were emphasized in the presentation and not in the abstract were the components of the experiment and how the experiment was carried out step by step. This was probably so there could be more background information about other experiments similar in the abstract and they could save the methodology for a different portion.,topic_2,4.027870659940873e-309
120,The predicted responses were emphasized more in the presentation than in the abstract. I'm guessing that the abstract wouldn't have had the new predicated responses due to the experiment also being conducted in 2023.,topic_2,0.010817716277806134
121,"To be completely frank, before this presentation I did not understand the difference between Cleveland and Mcgill and that the whole point was Replicating them. Both the graphs show a linear progression.",topic_2,2.382577989174747e-309
122,"The point in the presentation more emphasized on the results of each or the different bars, compared to the abstract which explained why the bars looked the ways they did. I think that the presentation was more to show the results of the project.",topic_2,2.092711444234336e-309
123,"I learned more about the actual procedure in the presentation. One idea that could explain why this was for visual purposes, as it is easier to follow along when you can see something.",topic_2,4.49744715367877e-309
124,"The biggest part of the presentation that wasn't in the abstract were the initial results of the first set of data. I would guess this is because the results did not show any significant results, so the researchers are waiting for more data before trying to make any claims in the abstract about conclusions.",topic_2,3.381820020992626e-309
125,I would say like facts that made it easier to understand. One example was at the 1/3 of the video. The man went into detail about the graphs that Cleveland and McGill used.,topic_2,0.22082588233693287
126,I think that the components about the height were not emphasized. I think this was because they wanted to get clear data and not give away the purpose of the study.,topic_2,2.101302495542747e-309
127,"Some components that were emphasized in the presentation that were not emphasized in the abstract were that in the abstract there was no mention of the program, Shiny App, used to ask paritcipants their perceptions in the experiment whereas in the presentation, the researcher highlighted the utilization of this tool as a vital component of the study.",topic_2,0.1341412508775771
128,I would say there was a lot more information about the study in the presentation. This could be because he could explain it more when talking rather than writing,topic_2,5.691769218563634e-309
129,"I feel like just the results were better visualized to me just because I was also able to see both sides of it, and I was able to see pictures and graphs from the results of different students.",topic_2,4.628864734009284e-309
130,I feel like the graph distribution and reasons for the different types of graphs was explained more in the presentation than in the abstract. I feel like the abstract was more of an informative piece about the results of the study. While the presentation was more of an explanation of the study and why it was set up in a certain way.,topic_2,2.579271718314383e-309
131,The difference from McGills study made more sense watching the video then reading the whole extended abstract. The abstract section itself did not have enough information for me to understand what was truly being tested but the presentation made it more clear. I think the video had more space to explain everything in detail such as the participants being UNL students in stats course doing experiential learning.,topic_2,0.08836818284213029
132,The differences between 2D and 3D are explained more throughout the presentation. This is the main topic of the experiment and with out the explanation of the two and how they differ and it wouldn't allow the researchers to base their conclusions off of,topic_2,0.104643990424633
133,"The presentation touched on the role that STAT 218 students would play in this experiment more so, which makes sense that not all the details for that would be included in a research paper. The video also better explained how the researchers chose the equations they used. This also makes sense due to the fact that it would probably be easier to elaborate on in video/spoken vs. in a paper.",topic_2,0.11193069902650842
134,"THe reason why the graph were better physical. Also, they started to talk about the size and angel. Also the width. This is important to learn more about the study.",topic_2,2.48950517552163e-309
135,"Taking a look at the log error, emphasizing consent and identifying the student were emphasized in the presentation more than the abstract. I think it’s because the presentation allowed us a more in depth approach to the models used and analyzing the participant responses more closely.",topic_2,0.17747425173715894
136,The 3D graphs can look different from the angle that you look at them and that is the problem with the 3D graphs. I think this is the reason just with 3D graphs in general.,topic_2,0.05066329847269615
137,"The components of viewing angle, graph type, and placement of the comparison bars were more emphasized in the presentation. I think that these were not emphasized earlier to help reduce bias or cause any of the results to be skewed.",topic_2,2.63050605282552e-309
138,I think the contents of the kit were talked about more in the presentation because it is a lot easier to explain when people can look at a physical break down on the slide. I think it is because it was it was easier to dive deeper with the graphic rather than trying to explain in words.,topic_2,5.122732089508663e-309
139,"The results were definitely a component that shone in the reflection, but would be impossible to see in the abstract, I think it is because those components are not a part of the abstract.",topic_2,0.08258578358390209
140,In the presentation they talked about all of the different combinations they had accouted for. In the abstract they didn't discuss this nearly as much. They also talked about specific log formulas in the presentation.,topic_2,0.09361616893531105
141,the presentation emphazied visual examples and detailed explanations of graph types and study design that were less prominent in the abstract. This is likely because visual aids help engage the audience and clarify complex concepts a=more effectively during a live presentation.,topic_2,1.0
142,"In the presentation the reasoning behind each graph was emphasized. To prevent a biased result the graphs were not emphasized before the experiment, only after to explain the reasoning behind the experiment.",topic_2,2.49522153504314e-309
143,"The presentation likely emphasized visuals, real-world implications, and key findings more than the abstract did. It may have included charts, graphics, or anecdotes to make the content more engaging and easier to follow for a broader audience. In contrast, the abstract focused more on methods, results, and technical details to give a concise, scholarly overview.",topic_2,1.0
144,"In the presentation, I like how he went over exactly how they made the study before walking us through what we were learning. I realized that calculating percent error was the goal rather than a categorical answer. I learned that they want the judged vs. true percent.",topic_2,4.934741492355115e-309
145,"One component emphasized in the presentation was the idea that 3D graphs are more difficult for people to read. I think this point wasn’t intentionally highlighted at the start of the experiment, possibly so participants wouldn’t go into it with a bias against 3D graphs. That approach helped keep my perspective neutral while participating.",topic_2,0.030501710981853825
146,"The project aims to find out if 3D printed bar charts help people make more accurate comparisons than 2D or digital 3D charts, extending earlier research on how we perceive data in graphs. To make the project’s purpose clearer, the abstract should more directly state its main research question, why this comparison matters, and who could benefit from the findings.",topic_2,2.379873242413906e-309
147,"I noticed more of an emphasis on what the experimental process looked like, from the participants perspective included in the presentation. I feel like in a scientific abstract it's hard to go super in detail and provide pictures of the data collection website and the type of graphs students were looking at. It makes more sense for the presentation to casually include those in to show how the experiment worked overall.",topic_2,0.09244587842869718
148,Some components  that were emphasized in the presentation was the different effects and the specific results that where shown within the study and how the data was not statistically significant . while in the abstract the original study and bar graphs where showed.,topic_2,0.22475401891236638
149,"The first thing that was emphasized was the reasoning behind having 3d printed graphs, 2d graphs, and 3d graphs on a 2d screen and how it can lead to distortion of values. Also, the calculations of the results and how they used it to determine their analysis.",topic_2,2.497175355040196e-309
150,"The presentation emphasized the real-world applications and implications of the findings more than the abstract did. It also gave more attention to visual data (graphs, charts) and participant feedback, likely to keep the audience engaged and to make complex results more accessible. This makes sense because presentations are often designed for a broader audience, while abstracts are more technical and concise.",topic_2,1.0
151,The components emphasized in the presentation but not the abstract were more of the background information. We got to see a lot of how the researchers thought and actually listen to one of them.,topic_2,4.18910550437445e-309
152,I think the different graphs (2D and 3D) were more well explained and broken down in this presentation. Im not sure exactly why but maybe it is because at this point we have already done the experiment so our observations and gained knowledge now can't change or effect the answers and observations we gave during our participation in the study.,topic_2,0.05475416728037064
153,The fact that this experiment was designed to replicate Cleveland and McGill was mentioned in the presentation but not in the abstract. Another aspect that was not mentioned in the abstract but emphasized in the presentation is that the experiment is being used for experiential learning for the students at UNL. I think these details were left out to prevent participants from responding differently or looking up data beforehand.,topic_2,0.13686579944278185
154,"The presentation emphasized the rationale behind the study and explained the data visually, which the abstract didn't do. This was likely done to help the audience follow the logic and significance of the findings more effectively during a live explanation.",topic_2,0.15259370555172516
155,"The presentation emphasized the results of the experiment more so than the abstract did. This includes graphs and images that represent the experiment. I believe this is because the abstract was written prior to the completion of the experiment, whereas the presentation is a somewhat final observation.",topic_2,0.1206780556028392
156,There were more visual representations in the video than there was in the abstract which helped me understand the experiment better. I think there were more photos in the video because it is just generally more common for a video.,topic_2,0.09482966250064996
157,"Who was actually taking part in the experiment. I didn't here mention of who was actually doing the experiment, only that it could be used for teaching purposes in Stats classes.",topic_2,0.07641910491901081
158,I feel as though I understood the presentation better because there were visualizations. The abstract was a bit confused to collect all of the information from.,topic_2,0.09745314367927481
159,Does having a graph in a 3d environment help more than a graph in 2d. I believe in some aspects it can help and in some aspects it could ruin.,topic_2,0.03223011730150986
160,They highlighted some things like the data and parts of the experiment. I think that they did this so that we can better understand what they did.,topic_2,3.9381771548333e-309
161,There were more pictures of the graphs and how perspective changes the data. I think this is because it is easier to explain what is going on in the graphs when speaking than it is when writing.,topic_2,2.5020545745173e-309
162,"I think some things that were emphasized in this presentation that weren't emphasized in the abstract are the potential errors or problems within the experiment as well as the actual ""math"" or statistic information within the experiment. I also think that in the presentation they included much more about the aspect that some of the participants in the experiment were students of statistics versus those who were not.",topic_2,0.10448204466997843
163,"During the presentation the different types of graphs that we are looking at is emphasized, while it wasn't emphasized in the abstract. I believe that the reason for this is because it is easier for someone to explain on a video, rather than on paper. On a video or in person presentation people can explain specific parts of graphics, which may be harder to accomplish, while trying to maintain the brevity of the abstract article.",topic_2,2.676939324857654e-309
164,"The presentation describes how the results were gathered and interpreted. In an abstract, you do not usually describe your methods or outcomes.",topic_2,0.10456663121339645
165,"I think that how this study relates to real world topics was more emphasized in the presentation. I got the basic understanding of the experiment in the abstract, but in the presentation it talked more about what provoked this experiment and how it can be used to increase the understanding of graphs in relation to the corporate world. This is probably because it is easier to show this idea with pictures rather than with words.",topic_2,2.561283248236034e-309
166,i dont really remember the abstract but i dont remember all of the equations and explanation of some of the data. I think this is because it is easier to explain these things on video rather than words.,topic_2,0.06649519431070801
167,"The presentation emphasized visuals and clear communication more than the abstract did. That’s probably because the presentation was meant for an audience, so it needed to be more engaging and easier to understand, while the abstract was more focused on explaining the details and analysis.",topic_2,0.07349802943165813
168,The presentation talked about the linear graphs and the abstract did not. The abstract covered more of the main parts of the study where as the presentation covered everything.,topic_2,2.617172625096827e-309
169,The in-depth information about the future of the project. Also talking about the viewing angle of the graphs when changed from 3d to mapped onto 2D.,topic_2,2.512593674595116e-309
170,"The presentation really touched on the abstract, but the presentation got you to engage with what was being done in the presentation it was more focused on the visual aspect and simplified explanations, and he touched on the things and it was very easy to understand and it could also help somebody that may have not read the report the abstract really focused on the tactical and more depth details of the experiment and how it was designed this different exist because in the abstract, it's meant for an academic audience who expects the experiment to be very precise and very in-depth the presentation really focused on communicating the ideas quickly to an audience",topic_2,0.11311183258308127
171,"The presentation focused more on the actual results and what they meant, while the abstract mostly explained what the study was about. I think this happened because the presentation had more time to go into detail and show graphs or examples.",topic_2,0.13106987090984945
172,"Some things that were emphasize in the presentation that the abstract didn't was giving more information on how the models fit into the results in more detail compared to the abstract. They also talked about wanting to expand the project in the abstract, but in the presentation they already talked about the future expansions, which is most likely why there was more results discussed.",topic_2,0.10293418425059517
173,"In the presentation, he talked about how none of the results were statistically significant, but that could have been because of the small number of participants. The abstract talked a lot about the previous study and the results that came from that. I think this is because it is easier to explain unexpected results in a presentation than the abstract.",topic_2,0.08814966075072134
174,"I did not know that when converting 3D to 2D online the data or graphing can become distorted, this could skew results. Viewing angle can make a big difference because some information can get lost. Though, the viewing angle is not that much of a bid deal when viewers can interact with the converted image.",topic_2,0.054850441161501035
175,"I believe there was more emphasis on the post study reflection than I expected. The presentation component showed a deeper value of the participants reflection pieces, that the abstract didn't show quite as much interest.",topic_2,0.12087539428444262
176,"In the presentation, the speaker placed more emphasis on the statistical model and interpretation of the results than in the abstract. For example, the model slide shown in the video elaborated on the variables used and the data analysis methods, which were not explained in depth in the abstract. The presentation also emphasized the practical significance and potential applications of the findings, while the abstract focused more on the background, hypothesis, and experimental design. I believe this difference exists because the abstract is intended to provide a concise overview, while the presentation is intended to explain and interpret the findings to a wider audience, including students who may not be familiar with statistical analysis. The presentation can provide visual support and real-time explanations, making it a better medium for discussing complex methods and interpretations.",topic_2,0.17303835944533433
177,"The information was emphasized more in the presentation. This is the case because instead of having to read everything, the presentation highlights the important data on the slides and the speaker gives you more insight into the information.",topic_2,0.1715312990348711
178,The components that were emphasized in the presentation that weren't emphasized in the abstract was the different ratios. I think that was so we did not go about the experiment differently. I think it was a good idea since we got and examined different looks of 2D and 3D graphs it gave everyone their own experience.,topic_2,0.091648269676054
179,"The background information was limited, likely to prevent participants from knowing too much beforehand and skewing the results. This approach helps maintain the integrity and accuracy of the findings.",topic_2,0.16015908166381657
180,"I feel like the possibility of the viewing angle had not been discussed much at all, other than using the term 3-D. I think because it could have been difficult for people to understand without pictures to make it make more sense.",topic_2,0.09032105643398088
181,The objective of the experiment. I think it was because the results would be better from a blind perspective.,topic_2,0.08701771075205768
182,"In the presentation it used visuals and real world findings, when the abstract is more words. More of an analysis. The visuals and summaries from the presentation make it easier to understand. I think this is so we can think between the two.",topic_2,0.05846394590584138
183,The presentation graphed the results of the study in a easily comprehensible way. The presentation emphasized it wanted to use this study as experiential learning for stat 218 UNL students.,topic_2,0.19253257278161412
184,What was emphasized in this presentation was the position along the top of the bar charts. There goal was to replicate those bars on a linear scale.,topic_2,2.091944351791496e-309
185,The graphs were emphasized in the presentation that were not in the abstract. As well as photos of the 3D and 2D models. We did not see these in the abstract. I think this is because the abstract wanted us to reflect more but not see the whole picture. Another thing emphasized was the future experiments that would occur to answer the research question and we did not see this in the abstract because it wanted us to come up with our own ideas of things that might be worth testing.,topic_2,0.10504476865384023
186,"The presentation emphasized visuals and audience engagement, which were not included in the abstract. This is likely because presentations are meant to be more accessible, especially for viewers who may not have a research background.",topic_2,1.0
187,"It was really emphasized why 3D graphs are not always a better option in the presentation. It explained that when a 3D graph gets put on to a 2D surface, the results can become distorted and hard to understand. This was only touched on briefly in the abstract.",topic_2,2.499996994299527e-309
188,The components that were emphasized in the presentation that weren't emphasized in the abstract were visual examples and key takeaways like the errors in judging graphs. I think this is because the presentation was used to explain the main points clearly and effectively.,topic_2,3.86142300296525e-309
189,I think it focused more on the problems that were being tested. From the abstract I did not understand that the 3-D graphs were distorted when being looked at on a 2-D screen. This made more sense after watching the presentation.,topic_2,2.873347922643127e-309
190,"When explaining that they modeled their design after Cleveland and McGill, I felt that was better explained in the video. They also provided more visuals to the video to better understand what was to be expected. I think it's easier to provide visuals in a presentation than a paper without overcluttering it which is understandable.",topic_2,0.09069890416656544
191,The main information that was emphasized in the abstract was the difference in understanding of the 2D and 3D graphs that was done in a previous experiment. The main information that was said in the presentation and not the abstract was the point of view for 3D graphs. It specifically mentioned how changing the point of view for the same 3D graph can distort the data.,topic_2,0.11587269309904992
192,"The visual aids were emphasized in this study, alongside all of the interactive audience engagement in this abstract. All of the bar graphs shown i this video are very concise, but also allow the audience to visually illustrate the information being presented. Abstracts like this bring forward a lot of details that are limited to only the key aspects being shown in the research.",topic_2,1.0
193,"It emphasized the visual and interactive aspects such as 3D printed models and participants engagment with them which were only briefly mentioned in the abstract. This makes sense because presentations are typically more visual and allow for real-time explanation and demonstration. On the other hand, the abstract focused more on statistical results and research goals. Abstracts are meant to be concise summaries geared toward readers seeing key finds quickly. The presentation highlighted the practical implications while the abstract prioritized precision.",topic_2,0.7602266943242977
194,"The actual methods were much better defined in the presentation, along with the purpose to help people learn, while emphasizing the role of students in the overall research outcomes.",topic_2,0.2504647904390805
195,The presentation emphasized science and statistics behind 2D and 3D environments and how perception can affect data. The abstract just detailed the basic question of interest and other parts of the study where this one went specific into the methods of the study.,topic_2,0.10365852807233959
196,"The components that were emphasized in the presentation were the details of the 3D graphs and how the study was designed. There was a lot of critical thinking which went into the design, but the design in itself is flawed. The 3D graphs are not good representations of data and deceive the viewers.",topic_2,0.027328415329220715
197,The results of the study were more greatly emphasized in the presentation compared to the abstract. This is likely because the results of the study were not yet available at the time of the abstract's publication.,topic_2,0.1454873113871999
198,I think that some components that where emphasized in the presentation that were not in the abstract is the background of this project and where it came from.  Another thing was that the presentation went into more detail about the differences between the 2-D graphs and the 3-D graphs and which one tested better.,topic_2,2.904839240930723e-309
199,"Emphasizing interaction, images, and practical application of the results—qualities not extensively addressed in the abstract—the presentation It was more palatable for a general audience since it featured well defined graphics, participant insights, and lessons learned. This is probably because abstracts are more formal and data-oriented for academic readers while presentations are supposed to show results fast and easily.",topic_2,1.0
200,"The presentation emphasized visual examples, participant reactions, and practical implications more than the abstract did. This is likely because presentations aim to engage an audience and make the findings more relatable.",topic_2,1.0
201,Components like detailed examples and visual aids were emphasized in the presentation for better engagement and understanding.,topic_2,0.8727244933026721
202,I think the components that were emphasized in the presentation that weren't emphasized in the abstract  are things such as the study of the design including the rations and the different combinations of such. I think this is because it would have been very confusing to include a lot of that data within the abstract and cause more struggle and confusion to the participants.,topic_2,3.950485395790386e-309
203,"In the presentation, it emphasized visual examples of 3D graphs and how people misinterpreted them, which wasn’t as detailed in the abstract. This was likely because the presentation needed to engage the audience and make the concept easier to understand through visuals, while the abstract focused more on summarizing the data and results.",topic_2,0.12746231997587448
204,The presentation focused more on charts and what the results looked like. I think that’s because visuals help people understand faster than just reading.,topic_2,0.08036072942164939
205,the presentation is just watched I seen a lot of examples and viuals to help me understand the results.,topic_2,0.09093244462224104
206,"A couple of things that were mentioned in the presentation were how this study can be used and what they can do with the results and stuff in that area. Compared to the abstract, which was looking at the results and the viewing in that area. When a person tells you something in an engaging conversation with eye contact in some cases, you will articulate this information in a better way.",topic_2,0.19283210576236404
207,The abstract explained the uses for the information from the experiment while the presentation talked more about the set-up of the experiment and how it changed. I think this is because the paper was used more to promote the experiment while the presentation just explained it to a different audience that cared more about how it was carried out.,topic_2,0.11896764774401873
208,"3-D graphs are not the best way to convey size, since the data can become distorted depending on how it is viewed or saved. 3-D vs 2-D graphs were compared in the video as compared to the article that did not discuss this comparison, as I can remember.",topic_2,0.05348509492440272
209,"The presentation revealed the step by step process, detailing the statistical reasoning rather than just the lone formula in the abstract. This may be a convenient answer on my end but since it is an ""extended abstract"" rather than an article included in perhaps a scholarly journal, it summarizes the whole process. If it was an article, the abstract would just be the background while the detailed statistic testing and reasoning, alongside all the conceptual information provided, would be discussed in the body.",topic_2,0.08981743345659575
210,The ratio and positioning of the bars we were asked to observe were emphasized more in the video. This might be because the video was less formal and could cover topics that were of more interest to the experimenter.,topic_2,0.096248560379167
211,In the abstract there wasn’t much emphasis on the color coding of the figures. Maybe it actually wasn’t that important.,topic_2,0.13049818403514293
212,I think that the presentation emphasized the results more. I think this is because the abstract was only meant to introduce the study and not give all the information.,topic_2,0.14216732302237725
213,The components that we tried to emphasize in the presentation were the different variations of non-probability sampling. This was done through us talking about it rather than the different visuals we put up.,topic_2,0.10555632458691197
214,"The methods to which the graphs and experiment were made. I found it interesting that there was a formula used to find the values in the graphs, which I'd imagine helps keep the study consistent. I think this was done to not muddy up the testing with unnecessary information.",topic_2,2.46173460228231e-309
215,"-In the presentation we saw more elements of the bar graphs themselves, specifically the study of Cleveland and McGill which was used as an example to replicate. In addition, this helped us gain more knowledge on the types of bar graphs, the ratios utilized, and why 2D and 3D graphs were equally targeted in each randomized and customized kit. Therefore, we also were able to see the results from the study, showcasing areas of gap but also the pattern found from questions of which bar was smaller and the 'size' of the bar.",topic_2,2.103986717173457e-309
216,The presentation displayed visual data and statistical analysis as its main  focus instead of the abstract which concentrated on methodology and objectives. The presentation format enables researchers to use slides  and interactive elements which help explain complex data and findings in an engaging way that audiences find easier to understand.,topic_2,0.9164320622973655
217,"The presentation emphasized the results of the study, perhaps to sum up the findings. The presentation also talked more about the application of the experiment. Since the results were known at that point, the uses of it could be discussed. The abstract focused more on the methods so other researchers could replicate it in the future.",topic_2,0.14155927786665315
218,"3d printed graphs, real life graphs vs 2d screen graphs can look different making it hard to count.",topic_2,0.032985872307787864
219,In the presentation is talked about what was in each kit in more detail. I think this is because they could show a better visual presentation on the slide,topic_2,5.212728595936327e-309
220,I think that the presentation focused on the limitations of 3D graphs. This was integral to the study design and gave me more context as to why the study used certain models and methods.,topic_2,2.814215815588335e-309
221,"I feel like none of the components were necessarily emphasizes when I watched the video & compared it to the abstract. The abstract might've shortened or simplified some points made in the presentation. This could be to make the information more digestible to the readers / participates. I guess in the presentation pictures & diagrams where shown, while in the abstract there were mainly words. So in the presentation, it's easier to understand the conceptual ideas that the presenters were trying to get across.",topic_2,3.92758402544666e-309
222,"Something that was emphaisized in the presentation that was not emphasized in the Abstract was the fact that it was shown that novice participants of studies tended to have more accurate results when reading 2D graphs as opposed to 3D graphs.  I think that this piece of information was left out of the Abstract because it was something that was deemed as not crucial to the understanding of this particular study, but rather was something that was just deemed as background information that would have a better place in the presentation as a whole rather than the Abstract.",topic_2,0.09635877228155058
223,"Within the video, the researcher explained that the main purpose was the understand if there was a difference for perception when comparing the two types of bar charts. The 3D chart and the 2D digitial chart showed differences, in the ability of the participant, to identify the correct differences in height, when comparing data within those graphs. I would assume that the researchers did not tell us this information, so that our answers would not be swayed, and therefore the data would have less confounding variables.",topic_2,2.18127975360479e-309
224,"More details on the history and specific factors that affect perception, such as viewing angle. There were also many more visuals in the presentation, which allowed us to see exactly what they were talking about.",topic_2,0.22831293938510286
225,"I felt that in the video, it was better explained how this experiment was used to replicate the Cleveland and McGill experiment. It was also better explained that future work is necessary moving forward to gain better generalized and potentially more significant results using Stats 218 students to participate in the study.",topic_2,0.0883455883386387
226,"The presentation emphasized visual components and vocal explanations, making the content more engaging and understandable for the audience. Unlike the abstract, which concentrated on presenting major concepts in a compact fashion, the presentation included additional depth, examples, and interactivity. This distinction most likely occurs because presentations are intended to actively impart concepts to a live audience, whereas abstracts are prepared for rapid reference.",topic_2,0.7805780597051171
227,"The presentation focused more on the actual graphs than the abstract did. In the presentation, information on what the graphs were like and how they were perceived was more prominent than in the abstracts. I think this is because it might have been harder to explain in writing than by explaining with words.",topic_2,2.625190568390827e-309
228,"While both the abstract and presentation touched on replicating the study, methods, etc., however I think the abstract focused on that a little more. On the other hand, the presentation felt more personal because we were being told why the study mattered and were given some history on 3D bar graphs. The difference among the two likely because an abstract is meant to be more detailed and formal, whereas a presentation is supposed to engage the audience.",topic_2,0.08850022737659628
229,"The results and findings were talked about and emphasized more in the presentation. They were also talked about in the abstract, but not nearly as much. I think being able to talk and describe the study is easier than emphasizing the results in the abstract.",topic_2,0.1479830484038047
230,"In the presentation it was emphasized that there were 42 different treatment combinations, but this was not emphasized in the abstract. I think this is due to its relavance and being able to go more in depth in the presentation.",topic_2,0.12313992806763846
231,"The presentation emphasized real-world relevance and potential applications, such as accessibility for visually impaired users and use in education. These points were not highlighted in the abstract, likely because presentations aim to engage an audience, while abstracts are meant to summarize methodology and findings for academic readers.",topic_2,1.0
232,"The presentation emphasized the structure of the experiment and the specific combination of data points more than the abstract did. This likely happened because the presentation was designed to clarify the overall purpose and design of the study for a broader audience, while the abstract focused more on summarizing findings and implications in a concise, academic format.",topic_2,0.16779281246289182
233,"The presentation emphasized the actual results and participant performance across the different chart types, which wasn’t covered in the abstract. It also highlighted unexpected findings and practical applications, like how 3D printed charts could be helpful for education or accessibility. This focus likely came later because the abstract was written before the data was analyzed, while the presentation could reflect on what the study actually revealed.",topic_2,0.11077499524754483
234,I find that the presentation highlighted how the study was performed step by step. I think that it was emphasized in the presentation because it would be easier to understand in a video than it would be in writing.,topic_2,4.885180122750873e-309
235,"The presentation placed more emphasis on the visual and practical aspects of the 3D model, such as design choices, how the model functions, and the process behind building it. These details were shown using images or demonstrations, which helped make the content more engaging and easier to understand for the audience. In contrast, the abstract focused more on summarizing the purpose, goals, and broader implications of the project in a concise and academic way. I think this difference exists because presentations are meant to capture attention and communicate ideas clearly in a short amount of time, while abstracts are written to inform readers about the core ideas and value of the project in a formal context.",topic_2,0.10488407212546016
236,"Well for starters, the problems that can occur with 3-D graphs wasn't emphasized in the abstract merely that people think 2-D graphs are more accurate. I think that's because the focus wasn't on the problems with 3-D printing but how useful they are. If they prove to be useful- the problems don't really matter all that much. Also the abstract didn't really go into the details of the results which I'm actually not to sure of why they wouldn't.",topic_2,0.09405940589411232
237,It gave us through graphs and answers and the varieties they recieved from the test takers. It discussed the ratios a lot better than the abstract did also.,topic_2,0.09526679478507986
238,The part of the presentation that wasn't in the abstract or emphasized was the future work and how they talk about future visualizations and how this experiment might be changed in the future with different technologies.,topic_2,0.10113109466206487
239,I think the presentation did a great job of emphasizing the final results such as the differences in performances among graph types. While the abstract provided information about the beginning phases of the study.,topic_2,2.689958429038575e-309
240,"The background with the problems of 3D graphics on a 2D surface and how that impacts interpretation and data extraction. Also, the presentation gives more information regarding the experimental design and future work of the experiment, while the abstract gives a slightly detailed summary. I think that these components were emphasized more in the presentation than the abstract, because abstracts must cover all components of the experiment in the most concise way possible. The presentation gave a well-rounded backstory of important information in the experimental design.",topic_2,0.11518037790567569
241,The presentation emphasized the real-world design implications of using 3D printed charts more than abstract did. This was likely to help the audience connect the research to practical uses and make it more engaging and relatable,topic_2,2.388990377697623e-309
242,"The background was discussed in much greater detail in the presentation. The abstract we read, gave us information on the background, and explained limitations, but the presentation gave us more insight into problems, issues, and concerns, with 3D graphics. I do think that the background was not emphasized as much because it is not extremely relevant to the experiment, because it gave us the basic background that was needed for us to understand the experiment. The abstract also gave us a few details about the conclusion of the experiment, but the experiment gave us specific details into how they plan to use this conclusion in the future.",topic_2,0.11896572739156497
243,I was unaware that the questions being asked in the initial part of this experiment that we were asked to participate in were regarding an experiment that had to do with interpreting only visual data. From the way those questions were worded I was expecting this experiment to regard the difference between a scientist's and a member of the general public's ability to interpret the results of numerical data such as p-values and chi-squared analyses.,topic_2,0.07633469001051392
244,I felt the overall idea of a 3d graph was talked about in much more detail and allowed for better understanding. It is hard to describe a 3d graph in an abstract. That is why it doesn't go in as much detail.,topic_2,0.07989186501734329
245,The presentation discussed the outcomes and their significance in greater detail. I assume the abstract would not include these details so as not to influence the audience and to avoid any initial bias.,topic_2,0.09987320793046935
246,"I think different things like values, and user error could have caused the information to get lost. Just because it is using 3D graph and there can be user error.",topic_2,0.06192787957255315
247,The presentation really focused in on telling the story and what all was done to connect to the study methods. They also used a lot of charts and graphs and other visual aids. They most likely did this to make it more engaging  and easier to understand for the audience.,topic_2,5.28400820752626e-309
248,The kits given to participants and their components were much clearer to me. This is probably because of the pictures.,topic_2,5.01648445739848e-309
249,"The components that were emphasized in the presentation but not the abstract were just how big of a difference their study is from the original. In the presentation they explained the original study and the different combinations possible, but this was not really touched on in the abstract as it only stated what was being provided to their participants. Additionally, there are just more details about the study, methods, and materials in the presentation that are not in the abstract. I think this is because the abstract is meant to be a short synopsis of the information, while the presentation is most likely meant to give a bigger overview of what was occurring in the study.",topic_2,0.1053434366101124
250,"What data was collected and why it was collected was more emphasized in the presentation that the abstract. More information about the results of the experiment were also emphasized. This is probably so the participants have a better understand of the experiment. The presentation is more of a conclusion to the whole experiment, where the abstract is only a broad explanation.",topic_2,0.12097008869844554
251,It gave more details about how the experiment actually works and how it's conducted. The presentation was made to be that way so that the general public could understand it better.,topic_2,3.94619137817374e-309
252,"The fact that the results for the 2D graphs were more accurate than the 3D graphs because they were a lot easier to read because ehe viewing angle can be distorted. I think that this is not mentioned a lot because there were options to take it online or in person, and that can change the results of the experiment. The way you view the graphs on a computer versus in person is very different.",topic_2,0.061687990265808276
253,He went into more of an indepth of why they used 3D graphics and how alot of studies show that 3D graphics aren't the best way to display your data. He also discussed the main problems with using 3D graphics like them not being as accurate as 2D graphics.,topic_2,0.029929909741093153
254,"The actual purpose of the study, which is to look for discrepancies in the ratios between 2d and 3d bars. This is probably because the abstract went into much more detail on the math involved.",topic_2,2.155320801497343e-309
255,"In the presentation there was a more in depth look at different graphs and results. For example, there was an elaborated graph on the different true ratios in the study.",topic_2,0.07598863297406129
256,"I think the purpose of the extended abstract was to be straight to the point and informative of the experiment itself. The presentation goes a lot more in depth when defining the purpose of the experiment, the methods, the results, and when giving examples and references.  One thing I noticed that was not in the abstract were the three assumptions that had to be used when attempting to replicate the experiment. I also didn't see results of the study in the abstract.",topic_2,0.11816489165655965
257,The difference in users (novice vs people that are familiar with reading graphs) in perception of the different graphs more emphasized in the video. Different components of the audience in general were more addressed in the presentation.,topic_2,2.665036658056953e-309
258,I think the background of why 3D models and 2D models affect perception was a lot more thorough in the presentation in the bar graph. That could also be because I am a very visual learned so seeing multiple graphs was helpful for me while listening to the explanation. I think the abstract was also based on more technical results which is why.,topic_2,0.07985341986643552
259,"The abstract focuses on high-level motivation and methods, while the presentation provided more details on the design considerations around minimizing distortion and precisely replicating prior work. There were also 15 treatment conditions per participant, which is a key experimental design detail not mentioned in the abstract. 

I assume this is due to the nature of an abstract and its purpose; it's a shorter introduction to any given study/results, doesn't include visuals, and shouldn't include results when trying to get the study published.",topic_2,0.09200458201534617
260,"The components that were emphasized were the difference between the 2-D and 3-D graphs and how much smaller the bar is. While the abstract gave more emphasis on the way the graphs were manipulated. I think that it is this way, so the participant isn't paying attention to the angle of view and the distance between bars.",topic_2,0.06993612152220285
261,"One of the biggest differences between the presentation and the abstract was the inclusion of the results. The presentation went in depth into the results and how the data was analyzed. The purpose is to give a brief summary of the study and act as an ""introduction"" to the presentation therefore, the results were not included. Also, I feel like the presentation went in more depth into the Cleveland and McGill experiment for similar reasons. The presentation allows for a more in depth analysis into the study whereas the abstract is a brief summary.",topic_2,0.12133618339353684
262,"I believe that one emphasized components in the presentation was the ability to use the data to help understand how to teach the next generation better. In the abstract, I liked the implications of helping the visually impaired.",topic_2,3.305316017932835e-309
263,"In the presentation there was a visualization of each kit that was not in the abstract, they also included many more equations in regard to the math that was involved from the study. I think this is easier to talk about than it is to write about, and are able to explain it more efficiently. Also, in an abstract, there is only a limited amount of information people want to put in there in order to not give all of the study information in the abstract itself.",topic_2,3.920585923157087e-309
264,"The presentation emphasizes more on why the graphs are bad and most importantly, how the study is carried out. For example, what methods are being used? While the abstract simply answers why they're doing this study and the study's importance.",topic_2,2.586516436198924e-309
265,The components emphasized in the presentation were how the researchers were going to use the information from the study. This was probably not emphasized in the abstract because they wanted the results to be as natural as possible and didn't want participants knowing more about the study.,topic_2,0.1342471334914356
266,The presentation emphasized the questionnaire and how it was set up to solve a certain research question. The abstract gave us a more detailed explanation about the overall experiment and how graphs set created for the questionnaire. The abstract goes into the detail about the whole experiment while the presentation focused mostly on the questionnaire.,topic_2,0.17703253468097596
267,"A lot more about the original study was emphasized in the video. I think the purpose of an abstract is to provide a short, but conclusive summary about the study, and at that point, just referencing what the study was based off of was keeping it short and simple for participants.",topic_2,0.1470999920258367
268,Components in the presentation not in the abstract include the stats departments participation and their predicted responses for true ratios. I think that is because the sample size was small and it was more used as a test run.,topic_2,0.09740860348123395
269,there were tons of visuals in the presentation and i think this is because the abstract is more limited with space and so it is important to put as much information is that space as possible without using many visuals.,topic_2,0.05327337551430755
270,The thing that I noticed that was most emphasized was different views of a 3D graph. When he talking about it it was nice to hear that they can be viewed in different ways depending on how you look at them. Another thing that stood out to me was UNL ran it through two models to see if they found different results.,topic_2,2.793819937953707e-309
271,They emphasized the physical components of the study. In the presentation he talked about the differences and similarities between the studies they based off of and the actual study performed. He also showed and explained what type of kits were presented to the participants and why. The results and predicted results were also presented in the video. I think this is because the presentation was created after the abstract and the study was performed so they have more data.,topic_2,4.9653741283641e-309
272,Some components that were emphasized in the presentation that were not emphasized in the abstract would be that the 2D graphs are a lot easier to compare compared to the 3D images. I think this is because ones mind can be very overwhelmed looking at the 3D images.,topic_2,0.030274854466420906
273,"I think that in the presentation the ""background on 3D graphics"" was emphasized more compared to the abstract. I think it is heavily emphasized in the presentation because it is likely easier to analyze present results with possible 3D graph limitations. In the abstract the researchers talk about limitations that can occur within the study, but more on limitations that needed to be corrected from the Cleveland and McGill study.",topic_2,0.1257759746007423
274,The 3D and 2D length were emphasized in the presentation. It was also in the abstract but the abstract focused on more than just the length between the circle and triangle.,topic_2,0.12007895168644978
275,That the graphs aren't the best way to go about this experiment. The graphs could be hard to read and understand. I thi,topic_2,2.515311777796204e-309
276,"I think the design of the graphs themselves as well as the reasoning of the experiment were covered in more detail in the presentation than the abstract. This may be because the presentation is an explanation of the study for people who've taken it, while the abstract focuses on other scientists.",topic_2,0.05094761375155589
277,"The results of the study were focused in the video rather than the abstract. They found that there was no statistical difference between the 3-dimension projections versus the 2-dimension. They also found that participants underestimated their guesses more when looking at 3D. In the video, they focused on the future of the study as well.",topic_2,0.10024212744008812
278,The difference between the ratios and whether the graphs were adjacent or separated. I think this is because it is a deeper question than the original research question. It is another variable rather than the answer to our research question.,topic_2,2.437564255616273e-309
279,I think the design and background was more emphasized in the presentation.,topic_2,0.09269356325736604
280,The components that were emphasized in this presentation were the experiment as a whole within this presentation. We got more background information in the presentation than in the abstract.,topic_2,4.095961618148067e-309
281,"I feel like components like replicating weren't emphasized. I say this because there was no real focus. After doing it, it was hard for me to understand.",topic_2,0.10624846455309805
282,Components emphasized in the presentation were the purpose of the study and what was being experimented on. This was likely not emphasized in the abstract to avoid any bias or sway of decisions during the participation process.,topic_2,4.721461447966376e-309
283,One of the things that was talked about was that the graphs were randomly assigned in order and from there they followed kind of an order. This was probably the case because they wanted an accurate version of the data,topic_2,2.393887748617363e-309
284,The future of the study/work at hand was emphasized more in the presentation because it's more timely. The abstract focused on what was going on in the study rather than the future.,topic_2,0.145978913990369
285,A component of the presentation that wasn't emphasized in the abstract is participants were underestimating the true ratio between the larger and smaller graph. I think that this was not emphasized in the abstract because there were no results or conclusion sections. I feel that the abstract had more contents to it but was not provided to us.,topic_2,2.648257682867143e-309
286,"The presentation gave a background on 3-D graphics, I like how it included the background and went over things such as the development of graphics in Microsoft excel. The presentation went over the results of the study and how those results can be interpreted and used for students experiential learning.",topic_2,3.253248069610393e-309
287,"Presentations emphasize visual aids, verbal explanations, audience engagement, key takeaways, and contextualization. This emphasis is to make the research more engaging and understandable for a live audience, whereas abstracts provide a concise written summary.",topic_2,1.0
288,The abstract did not have as much detail about the study as a whole. I think that was mainly because abstracts are generally used as small details about results instead of the experiement altogether.,topic_2,0.10142311341600405
289,"The presentation talked alot about the fact that there wasn't as much of a difference between the dimensional graphs when it came to the observations. At least not as much of a difference as was expected when they developed the experiment. I always think that the abstract is just that - an abstract writing about the facts. They are always hard for me to understand, so I liked the video presentation. It made it easier for me to understand the results as well and the idea behind the research from the beginning.",topic_2,0.045274836765159386
290,"Some components emphasized in the presentation and not the abstract was the process of how the graphs are randomized and chosen for the experimenters. This could be because iti is easier to show the graphs via presentation. They also emphaszied the importance of the future reseacrch. The abstract slightly touched this topic however the presentation discussed it in a little more detail, and how they plan on continuing it to get more results. I think this was because the experimenter can talk more about it throughout the presentation rather than the abstract because you can tell the passion that the experimenter has about continuing the experiment, and he can explain why as well which is hard to do through the abstract.",topic_2,0.06706602887100288
291,I think all components were emphasized.,topic_2,0.10344482268389064
292,The presentation emphasized the actual experiment more than what the presentation did. I think they did it this way since it fits better into the excepted format of scientific formats.,topic_2,3.912993236516595e-309
293,Specific underlying factors.  I think the presentation didn’t have some of these because it would have been a lot of information for a presentation.  Also note that this is important because some of these factors could play a role in the study.,topic_2,0.1579662298725929
294,"It emphasized communication skills, such as making the message understandable to the audience, better engagement, and better delivery, which were not obvious to the abstract. This difference exists because presentations are designed to convey information effectively to others and make it overall better to look at.",topic_2,0.7300653690044866
295,Physical touch.,topic_2,0.07092342048891598
296,The presentation put a lot of emphasis on the results where there were different ways people see graphs. This is probably because it's important to present the results clearly for everyone to follow along and makes sure the key points stick with the audience.,topic_2,2.683031909111683e-309
297,The true distortion of 3D printed graphs on presenting data and how they can be misleading. The reason why I think is because the 3D graphs also encode information and help people that are visually impaired to help conceptualize graph information.,topic_2,0.021846306590275602
298,The results in words and graphical data were emphasized in the presentation and not the abstract because the study was not concluded. Subjects were still taking part in the study so the results were not able to be included in the abstract while this presentation was made after the study was concluded.,topic_2,0.16300610915560748
299,"The  entire history of the papers and research they were expanding on. This is because it is harder for listers to pull up these paper as they do not really have hyperlinks to these experiments. 

They also went into more detail in the presentation because did not have a limit on time like they did on the size of the abstract. 

 

They also went into the results which were not touched at all in the abstract.",topic_2,0.17805459395746412
300,It emphasized the conclusion. It also discussed how the study will aid in the experiential learning of students in STATS218. It also went into detail about the process of the study.,topic_2,0.17575436075382805
301,The presentation mention that the paper didn't not mention how the other 8 graph were generated and the value that they use weren't  also giving. So they had to estimate on those values. I think it interesting that didn't mention that. It could be because the variable can change and does not equal or give them the same value if experimented again.,topic_2,2.412436531971147e-309
302,"Some components that were further emphasized in the presentmation was the results of the study, as the abstract gave a more broad view of the experiment, and how it was going to be conducted. While the abstract focuses on the methodology, results, and conclusions, the presentations often emphasize the broader impact and specific findings. I think it is that way because the presentation of this study emphasizes aspects like engagement(through examples), visual clarity (through charts), and the broader implications (what the study concluded in the end, and how this would be implemented in the future at UNL) of the study, while the abstract paper focused on providing a concise, technical summary that includes details of the methods, results, and statistical significance",topic_2,0.15836648547098392
303,The component of the exact amount of different combinations of types of charts. This could be because it didn't need to be emphasized in the abstract in order to explain how the experiment would go.,topic_2,4.077587282180743e-309
304,I think it was interesting that they used so much of the paper to figure ratios out but focused much more on the randomization and how people would actually react. It was emphasized in the presentation as much more exact and thought about every small variable which I didn't see as much in the article (but that also could just be the language was more difficult for me to understand.),topic_2,0.10338980493922639
305,"The main component that was emphasized in the presentation was presenting the models given and visualizing the pictures. This was not emphasized in the abstract because, the abstract was providing the study methods used from the experimenters and explaining how they were applied.",topic_2,4.392700554777863e-309
306,"The presentation emphasized neutrality on all of the models, making participants not feel more or less confident about their approximations on any of the graphs. The abstract examined the existing evidence. This is to reduce bias in participants expectations for the experiment, as it may influence their response.",topic_2,2.507876809890816e-309
307,Some components that were emphasized in the presentation were the purpose and how the information was used from the graphs. The abstract didn't quite explain how the data correlated with the graphs. The presentation did a better job of establishing a purpose and relationship.,topic_2,2.68691410173429e-309
308,One component that was emphasized in the presentation was the 3D bar graphs. This probably wasn't emphasized in the abstract because the abstract was unable to use 3D bar graphs.,topic_2,0.12518781110354787
309,"The process and method of giving the surveys were more detailed in the presentation. I felt like I better understood the 3D models and why they were doing the study because of the pictures on slides. In an abstract you can't add lots of pictures, but due to the visual nature of the project pictures are very helpful.",topic_2,3.29644345050844e-309
310,"Components that were emphasized in the abstract was more focused on the general design of the study and the methods used to conduct this study. In contrast, the presentation focuses on the specific formulas used to determine how the perceptions of 2D charts and 3D charts differ which in turn are used in order to tell if these values are statically significant. I think the presentation focuses more on these components because they are easier to understand when they are being explained in video rather than it just being written on a piece of paper.",topic_2,0.11259417150861765
311,I think that the execution of the experiment and the study that the experiment was based on was more emphasized in this presentation. I think this is because the presentation is more for students of the stats class that participated to understand the experiment and why it was being done.,topic_2,0.0523128596774857
312,"To answer this question, I need to know the specific content of both the presentation and the abstract. Without this information, I can't accurately determine which components were emphasized differently or speculate on the reasons for such emphasis.",topic_2,3.92407480742795e-309
313,the future work,topic_2,0.10140339271369114
314,"In my opinion, the study regarding Cleveland and McGill was not emphasized in the abstract compared to the presentation. Both talk about a fair share amount regarding Cleveland and McGill, but again, I believe the presentation was more clear and concise in how the data was presented, which allowed it to go more in-depth than the abstract itself.",topic_2,0.17845314212547994
315,It was emphasized more that this was a repetition of a previous study on a smaller scale. This was emphasized more in the presentation because the abstract focused on the results and the data.,topic_2,0.19002279174619383
316,The components that were emphasized more in the presentation were were the differences between the 2D and 3D graphs. The reason I believe this is as it helps explain the differences of the two more.,topic_2,0.034717315994816166
317,The components emphasized in the presentation that were not emphasized in the abstract from what I remember is the reasoning why. I think it is because the abstract has to be scientific while the presentation keeps you focused.,topic_2,3.83877536947171e-309
318,I think the presentation went into more detail for the experiments and emphasized the odds ratio and standard error. It was also able to show more graphs from the data going more into depth than the abstracts. I think this is because the abstracts are meant to be more brief containing less of the results.,topic_2,0.15162476495969354
319,I would say,topic_2,0.1164910931799974
320,There weren't any graphs presented in the abstract like there were in the presentation. for example: the predicted responses for true ratios. i think this is because it can be hard to get your point across when there are so many lines and numbers when presenting it on paper and it is easier to be able to describe it in person.,topic_2,0.07903561176398684
321,"The presentation gave more detail into how it was done and the background of the study, as it was based on a different one.",topic_2,0.21218286518631396
322,"I think they emphasized more on how they got the different graphs, like how they were made, the reasoning behind the differences in heights, and why they chose to present the graphs in the way they did. I think they did as in the abstract you can just barely touch into that, there's no real reason to dive totally into it and explain all of those details.",topic_2,2.434911558235455e-309
323,The presentation emphasized visual aspects of the graphs more than the abstract did.,topic_2,0.03748787701726175
324,"During the presentation, the more basic reasoning behind the decisions made in the study were discussed. This is most likely because it is a person talking rather than a formal paper. Also, the presentation was able to show how the experiment was conducted with the slide show.",topic_2,0.14108899856303944
325,I don't think that the abstract said much about how bar graphs aren't as helpful because I honestly did not understand the abstract as much as I did the presentation. I think that this is soley because I am more of a listening learner and also more of a visual one.,topic_2,2.11201746452218e-309
326,"In the presentation, emphasis was placed on visual aids, storytelling techniques, and interactive elements to engage the audience and convey the project's essence vividly. These aspects were not as prominent in the abstract, which focused more on summarizing key findings and contributions in a concise written format. This difference likely stems from the presentation's goal of effectively communicating the project's narrative in a dynamic and memorable way, catering to a live audience's attention and understanding.",topic_2,1.0
327,"The abstract focuses more on a generalized view, and the presentation is much more specific.  The presentation is easier to go into depth because he is talking over the slides instead of us just reading about the experiment.",topic_2,0.1173159273967152
328,The findings were not clearly stated in the abstract. This was likely because the researchers' wanted participants to take in the information without bias and perhaps draw their own hypothesis/conclusions before knowing the true outcome of the study.,topic_2,0.12841089329267522
329,"I would say the importance in the presentation that was not identifies in the abstract could possibly be the effect of colors on how the bars are perceived not only the 3d imaging, from what I remember at least.",topic_2,0.10645026888772854
330,"The reason these components receive more emphasis in the presentation than in the abstract is primarily due to the differences in format and purpose. Abstracts are concise summaries designed to provide an overview of the research, whereas presentations offer a more dynamic platform for conveying detailed information, engaging the audience, and facilitating dialogue. Therefore, presenters leverage the presentation format to provide a richer and more interactive experience that complements the information presented in the abstract.",topic_2,1.0
331,"In the presentation, there was an emphasis on engaging the audience, using visual aids effectively, and responding to feedback. This should have been explicitly emphasized in the abstract. This is because the presentation format allows for direct interaction with the audience participating. Also, the presentation allows us to address any uncertainties we have raised, which delves into a deeper understanding of this research and its implications.",topic_2,1.0
332,"The presentation likely accentuated the utilization of visual representations, such as charts or graphs, to elucidate pivotal concepts with enhanced clarity, surpassing the abstract's capacity. Verbal elucidation and live engagement with the audience were similarly underscored in the presentation, yet remained absent from the abstract's confines. This emphasis underscores the imperative to directly involve the audience and furnish a more dynamic and interactive discourse during the presentation, juxtaposed with the static disposition of the written abstract.",topic_2,1.0
333,"The presentation emphasized the difference between 2D, 3D physical, and 3D digital graph models while I’m sure that the experiment had something to do with gender and being able to guess the proportion of scale in percentages.",topic_2,0.06823087100796785
334,"They spoke a lot more about the Cleveland and McGill study, and also how they replicated it. I think it would have made the abstract too overwhelming, and it made more sense to discuss it in the presentation pf results.",topic_2,0.07301287504436285
335,"In the presentation, they emphasized the results and how some people's answers could have skewed the data. I think that the abstract was to explain what the experiment is, and the presentation gave the results.",topic_2,0.1024083243336403
336,"The components emphasized in the presentation were the ways in which the different graph variations differed from one another by showing the results from the experiment. While the abstract also touched on this, the presentation went more into depth on these differences. I think the presentation was set up in this way because we completed the experiment in this way, and also because we had more of an understanding of the basic components for the experiment by the time we completed the presentation assignment.",topic_2,0.07013244210725428
337,The results were emphasized in the presentation and a in depth of what they mean. They also described future planes.,topic_2,0.1028583145610342
338,"The models and results. I don't think these were emphasized in the abstract because the abstract was giving us information on why they wanted to conduct the experiment and how the experiment was completed, so if someone else wanted to participate they could. The presentation goes over the behind the scenes and how the effects of using a 2D graph versus a 3D graph.",topic_2,0.08998200067773615
339,I don't think what it was used for was really explained in the abstract and the background knowledge. I don't think it is because the abstract really just focused on how the study was designed and carried out.,topic_2,0.1665614840671976
340,the results and future work were repeated. i believe this happens because they are two important pieces.,topic_2,0.12706180857589225
341,I think that the background information on the 3-D objects was very helpful. It made the reason for the study much easier to understand.,topic_2,2.97739008436833e-309
342,The thing that was emphasized in the presentation was that they were following another study's experimental design. I think this is because they wanted to say that in the presentation but it did not matter in the abstract.,topic_2,0.13545459446316216
343,"In the presentation it is said how they lessened the amount of treatment combinations to accommodate the busy student. I think they did that because it is not necessarily important to the abstract, but when asked about it they need to be able to back up why.",topic_2,0.11858327469067097
344,The presentation emphasized the experimental learning aspect more than the abstract. This is likely because it was not yet thought of or not an important part to include since the abstract was for the experimental learning aspect.,topic_2,0.10366829072675056
345,It has been quite a while since we read the abstract so it’s difficult to say. I think the conclusion was emphasized more.,topic_2,0.14599916148183018
346,"The graphs and data charts that explained the findings of the experiment were emphasized in the presentation and not in the abstract. I believe this is because it is just simply not needed for an abstract, just saying that there was not much correlation is enough and having complicated data would actually make things more confusing mixed in with the other things being explained.",topic_2,0.029177414683034177
347,"I didn't really understand the reasoning behind the experiment when we were doing it, so now I have a little more context on where it came from. I also learned the difference in why we are doing it.",topic_2,3.977140697055197e-309
348,"Not many conclusions were drawn in the abstract, but many conclusions were discussed in the presentation. This could be because the abstract was completed before the experimental data was analyzed.",topic_2,3.506937541559307e-309
349,I think a big thing that was emphasized on the presentation was the background. I think this was emphasized so we could get a better understanding on the purpose of this project and how it came about.,topic_2,0.11097881576363479
350,The results were more emphasized in the presentation. I think this is because the results come at the end.,topic_2,0.1333836023798956
351,background information was emphasized more during the presentation than in the abstract. this was probably done because of the fact that you can go into more detail about background information in a presentation than in an abstract.,topic_2,0.07249641752517014
352,I think the components that were emphasized in the presentation was what the data showed and how the researchers came to that conclusion. I think this is because in the abstract everything is more brief because it is just a slight overview whereas the presentation can be more detailed and further analysis can be talked about.,topic_2,4.09278068854334e-309
353,The components that were emphasized in the presentation that weren't emphasized in the abstract were the different equations that were used from the data to conclude weather the hypothesis was answered or not. This also helped to explain if the experiment collected valid data.,topic_2,4.14179142273093e-309
354,We don't need to worried about some trouble when we using 3D objects to solve problems.,topic_2,0.1074353122751544
355,one aspect that I thought was massively made in the presentation is that a point was made that there are both benefits to 2d and 3d graphs and how we interpret them.,topic_2,2.534902003558244e-309
356,The presentation made the purpose of the study and what it aimed to do in challenging the results of studies that had shown that 3D modes of data presentation are ineffective much more clear. It is important to obscure some of this information at the outset in order to prevent introducing bias into the minds of participants. The abstract serves to present the information participants need in order to play a role in the study in the most neutral fashion as to not introduce extra variables to the study that would confound the results it produces.,topic_2,0.06572059052326425
357,I would say give more explanation of the research at the beginning of the experience. It helps people focus on what they should mention.,topic_2,0.14583718700913104
358,"The origin of the experiment and paper. Because Tyler was referencing the paper and he made the experiment. Also another component that was emphasized only in the presentation was the results, because they were from a current experiment and it might have messed with our perception of the experiment before even starting it.",topic_2,4.037422475404956e-309
359,"The results of the experiment were emphasized more in the presentation than in the abstract. This is because the purpose of the abstract is to describe the experiment design, while the presentation's purpose is to lay out the entire experiment; hypothesis, methods, results, etc.",topic_2,0.12172634882592699
360,I feel the presentation did a better job at communicating what the findings which were significant to the researchers were. I believe this is because the paper focused more on the goals of the study and the presentation focused more on the study results.,topic_2,5.167867903523783e-309
361,The background on 3d objects was more emphasized along with replicating the Cleveland and McGill study. I think this was done to show how the UNL study was different from Cleveland's.,topic_2,0.12647687333713784
362,"The presentation focused just on the comparison of the two heights. If we knew there was an underlying study about 3d vs. 2d., then there would likely be bias.",topic_2,0.10059725349564878
363,"Like I said in the question above, I think that the presentation had a lot more focus on the results. The graphs provided in the presentation gave a good way to see what the study found.",topic_2,4.96686015071405e-309
364,The components that weren't too emphasized were the equations and math side of the experiment. We were just told to go along with each question and do our best. I think this occurred because they didn't want us to overthink anything and give them our most raw/ best results.,topic_2,4.272507617986377e-309
365,"The presentation aims to enhance understanding and retention through dynamic communication, while the abstract delivers essential information succinctly.",topic_2,1.0
366,"There were many components in the presentation that emphasized the information about the bar graphs, that differed from the abstract. I think this is because in the presentation they talked much more in depth about the graphs and why they are they way they are.",topic_2,2.11303868061679e-309
367,"How the experiment was setup, because they do not want that to worry us and ruin the data.",topic_2,0.07993798146982674
368,The presentation emphasized how the researchers were surprised that the results did not agree with their hypothesis. I think it was due to the formality of an extended abstract report. Researchers don't usually inform audiences of their feelings around the conclusion.,topic_2,3.36944514520564e-309
369,"Again, I don't recall having completed any ""abstract"" assignment.",topic_2,3.664748191926623e-309
370,The predicted response times for true ratio seemed to be emphasized more in the presentation. I am not sure why.,topic_2,0.09488338322052312
371,"I'm not sure. This focused on 2-D vs 3-D graphs, as did the abstract study. I thought we would be more accurate with a 3-D model in our hands, but the simpler 2-D got better results.",topic_2,0.06807457412224487
372,The purpose of the experiment and future testing. It could've made the data gathered become biased and would've affected the findings of the testing/experiment.,topic_2,0.08524558985451755
373,It explained how they ran into the issue of having 42 treatment combinations and how they were able to make it more manageable by having each subject receive 5 of the 7. I think it was mentioned in the video because they explained the study more in-depth.,topic_2,0.1099921460972316
374,The background is a major component that was given to us in this video. I think it is so that we cannot be persuaded on how things are evaluated within this experiment.,topic_2,0.14488320923589648
375,The reason on how this experiment came to be from excel adding 3d graphs to their software and it being harder to read and not looking as exact as its 2d counterpart. I think this wasn't explained because they wanted us to best observe the graph height based on what we compared the bar to.,topic_2,2.18534846294529e-309
376,"I found it interesting that 3D scatter plots were shown in the presentation as a demonstration of what 3D graphics could look like, but not in the abstract. I believe this is because can not effectively organize information in a way that will reach the reader as intended by the presenter.",topic_2,0.11479935278809507
377,"In the presentation, visual elements such as graphs, charts, and images are often emphasized more than in the abstract. This is because presentations aim to engage the audience visually and convey key points quickly and effectively. Visual aids help to illustrate complex concepts and data, making them easier to understand and remember.",topic_2,1.0
378,"that how many subjects were given visualizations, were if the bars were separated or if they were together. because if the ones were together they might be different in eye size.",topic_2,2.16417499945378e-309
379,"The comparisons that were being made, and the detailed intention of the project. This admission could mean that students would not be biased toward certain graphs, and would answer the questions in a way that best reflected their true impression of the ratios.",topic_2,2.427442082751343e-309
380,"This presentation includes more in depth information on the study design, the materials, and how data was collected. This is most likely because an abstract is supposed to be brief, and the information in the abstract was expanded on in the presentation.",topic_2,0.21913891579802203
381,They emphasized the importance of the study and how it will be beneficial to the course in the future. I think they did this because nobody wants to participate in a study that has no importance or significance.,topic_2,0.10032176013381545
382,The components that were emphasized that I noticed was the set up of the experiment. The presenter described very well about the design and why everything was done and the place is was set up in.,topic_2,0.049394143401830924
383,They mentioned that their goals was to closely replicate Cleveland and McGill and the values indicated on the paper. This is because it were not stated in the abstract.,topic_2,0.06804963825214837
384,I feel what was emphasized in the presentation were the 3D models and how exactly this study came to mind. The emphasis on the 3D graphs was very present in the presentation and I feel that it helped me understand more than the abstract.,topic_2,3.1985103206051e-309
385,"In the presentation, the background of 3D graphics was mentioned, and in the abstract it was not. I think this was the case because it is a lot easier to show how the data of a 3D graph can be distorted through a visual representation.",topic_2,0.12416063828171156
386,The presentation emphasized the study design and the importance of carrying out this study design. I think that this is because the goal of the presentation was to explain how the experiment was designed and set up so that people could get a better understanding of it.,topic_2,0.10717939758910623
387,I think the results were more emphasized in the presentation than the abstract. I also think they talked more about why the results varied in the presentation.,topic_2,0.10986783850134306
388,The presentation emphasized the difference between the two 3D graphs and why both of those were used in the study. I think it's because the researchers did not want to let the participants know what exactly they were measuring for.,topic_2,0.059913980761607144
389,"I felt like the design of the study was much more emphasized in the presentation that it was in the abstract. I'm not entirely sure why, but I assume that it was because the abstract didn't have the room to go into it.",topic_2,0.09632667458040832
390,I feel like the presentation was more straight forward and easier to understand the visuals because he explained them during the presentation as he was showing them. I think this is the case because it's easier to emphasize visuals by talking about them rather than writing about them in an abstract.,topic_2,0.10247171322810444
391,"In the presentation, there was more emphasis on visual aids such as charts, graphs, and images to illustrate key points and findings. Additionally, the presenter provided more detailed explanations of the methodology and results compared to what was presented in the abstract. This emphasis on visuals and detailed explanations in the presentation likely aimed to engage the audience and provide a clearer understanding of the study's complexities and implications.",topic_2,1.0
392,Details. This whole experiment is much more intricate than the abstract.,topic_2,4.13137186556516e-309
393,"I would not conclude that the presentation and abstract differed that much, but it was a good introduction with a little history about Microsoft developing bar graphs because it gave a clue about what if the deal is in generations rather than graphs themselves. Also, it talked more about how they got the results.",topic_2,2.11798327481773e-309
394,"In the presentation, emphasis was likely placed on visually engaging content, effective verbal communication, and audience interaction, which may not have been as prominent in the abstract. This emphasis is likely due to the different mediums and objectives of the presentation compared to the abstract. Presentations aim to communicate key findings in a dynamic and accessible manner, often incorporating visuals and storytelling techniques to engage the audience, while abstracts prioritize succinctly summarizing the research for readers who may not have time to delve into detailed explanations.",topic_2,1.0
395,"The presentation emphasized design choices, explaining the rationale behind methodological decisions. Also discussed limitations and other aspects in way more depth.",topic_2,0.13599481256938004
396,"Try to focus on objective and menthon to learned about the emphasized to abstract. Also, I think that learning from methon is better than learning from the abstract.",topic_2,3.65276693975388e-309
397,"That this experiment was used as experiential learning for students. 

Viewing angle was another component I don't remember learning about in the abstract.",topic_2,0.06285770594038986
398,"One component that was emphasized in the presentation that wasn't emphasized in the abstract was the reasons why 3D digital graphs aren't always the best because of the distortion of the image. Another component that was more emphasized was the Cleveland and McGill studies, which provided a basis for this study. I think these components were not as heavily emphasized because it had less to do with the reasons behind the study and what they were hoping to discover through the study.",topic_2,0.11824802781870217
399,Something that was emphasized in the presentation that wasn't emphasized in the abstract was the background information on 3d graphics. I think this is because they are trying to show there reasoning behind why they did this experiment.,topic_2,0.10659533312274432
400,"One of the components that was being emphasized in the presentation that was not in the abstract was the results. While the abstract had the methods, study design, future research and implications; the presentation showed the results of the experiment.",topic_2,0.07701625909376551
401,"The components that were emphasized were visuals, verbal explanation, engagement and interaction. Presentations aim to not only convey information but also to captivate and persuade the audience, making use of various techniques to achieve this goal.",topic_2,0.6179656602244253
402,"Presentations offer an opportunity to engage the audience more and provide a better look at the research compared to abstracts, which typically are focused on summarizing the key points.",topic_2,1.0
403,I think they emphasized more why the study was being done. They also emphasized more of the results. I think this may be because they didn't want the results given out to change the way people respond to questions in previous parts of this experiment.,topic_2,0.06749150111096949
